round,steps,score,coins,invalid_actions,waited,crates,good_bombs,useless_bombs,suicidal_bombs,reward_sum,epsilon,mean_loss,buffer
1,15,0,0,0,8,0,0,1,0,-11.65,0.9994,0.0,15
2,79,0,0,0,30,1,1,0,0,-11.33,0.9987,0.0,94
3,85,0,0,0,34,3,1,0,0,-11.6,0.9981,0.0,179
4,44,0,0,0,17,2,1,0,0,-9.48,0.9975,0.0,223
5,17,0,0,0,4,2,1,0,0,-7.89,0.9968,0.0,240
6,72,0,0,0,29,2,1,0,0,-12.09,0.9962,0.0,312
7,7,0,0,0,4,1,1,0,0,-10.04,0.9956,0.0,319
8,12,0,0,0,7,1,1,0,0,-9.74,0.9949,0.0,331
9,27,0,0,0,7,1,1,0,0,-10.59,0.9943,0.0,358
10,61,0,0,0,24,2,1,0,0,-11.62,0.9937,0.0,419
11,23,0,0,0,6,3,1,0,0,-7.61,0.993,0.0,442
12,51,0,0,0,14,1,1,0,0,-10.87,0.9924,0.0,493
13,14,0,0,0,7,1,1,0,0,-9.78,0.9918,0.0,507
14,11,0,0,0,2,1,1,0,0,-8.57,0.9911,0.0,518
15,6,0,0,0,4,2,1,0,0,-9.52,0.9905,0.0,524
16,31,0,0,0,12,1,1,0,0,-10.37,0.9899,0.0,555
17,120,0,0,0,37,3,2,1,0,-9.55,0.9892,0.0,675
18,137,0,0,0,41,4,3,0,0,-9.19,0.9886,0.0,812
19,58,0,0,0,22,5,2,1,0,-6.96,0.988,0.0,870
20,17,0,0,0,7,3,1,0,0,-9.39,0.9873,0.0,887
21,27,0,0,0,10,2,1,0,0,-10.24,0.9867,0.0,914
22,66,0,0,0,22,4,1,0,0,-10.12,0.9861,0.0,980
23,18,0,0,0,7,0,0,1,0,-11.61,0.9854,0.0,998
24,14,0,0,0,7,2,1,0,0,-9.83,0.9848,0.0,1012
25,17,0,0,0,11,2,1,0,0,-10.09,0.9842,0.0,1029
26,25,0,0,0,11,1,1,0,0,-10.65,0.9835,0.0,1054
27,14,0,0,0,3,1,1,0,0,-9.58,0.9829,0.0,1068
28,69,0,0,0,27,1,1,1,0,-12.08,0.9823,0.0,1137
29,44,0,0,0,17,0,0,1,0,-12.08,0.9816,0.0,1181
30,49,0,0,0,17,5,1,0,0,-9.53,0.981,0.0,1230
31,10,0,0,0,1,0,0,1,0,-11.15,0.9804,0.0,1240
32,28,0,0,0,16,3,1,0,0,-10.06,0.9797,0.0,1268
33,18,0,0,0,1,3,1,0,0,-8.01,0.9791,0.0,1286
34,121,0,0,0,29,1,1,1,0,-13.07,0.9785,0.0,1407
35,49,0,0,0,18,1,1,0,0,-11.48,0.9778,0.0,1456
36,95,0,0,0,30,2,1,0,0,-12.6,0.9772,0.0,1551
37,45,0,0,0,14,1,1,0,0,-9.55,0.9766,0.0,1596
38,172,0,0,0,57,1,1,0,0,-14.94,0.9759,0.0,1768
39,9,0,0,0,2,2,1,0,0,-7.73,0.9753,0.0,1777
40,16,0,0,0,5,1,1,0,0,-8.82,0.9747,0.0,1793
41,18,0,0,0,5,1,1,0,0,-8.86,0.974,0.0,1811
42,17,0,0,0,6,3,1,0,0,-8.79,0.9734,0.0,1828
43,47,0,0,0,10,2,1,0,0,-8.44,0.9728,0.0,1875
44,16,0,0,0,2,4,2,0,0,-5.47,0.9721,0.0,1891
45,65,0,0,0,22,4,1,0,0,-10.6,0.9715,0.0,1956
46,38,0,0,0,21,2,2,0,0,-10.16,0.9709,0.0,1994
47,44,0,0,0,12,2,1,0,0,-10.18,0.9702,0.19574,2038
48,19,0,0,0,5,0,0,1,0,-11.03,0.9696,0.24408,2057
49,10,0,0,0,3,4,1,0,0,-7.45,0.969,0.2862,2067
50,10,0,0,0,5,0,0,1,0,-11.8,0.9683,0.2862,2077
51,13,0,0,0,6,0,0,1,0,-11.51,0.9677,0.31287,2090
52,11,0,0,0,3,1,1,0,0,-9.52,0.9671,0.33267,2101
53,32,0,0,0,15,4,1,0,0,-9.04,0.9664,0.31721,2133
54,29,0,0,0,10,2,1,0,0,-9.23,0.9658,0.28886,2162
55,38,0,0,0,16,3,2,0,0,-7.56,0.9652,0.273,2200
56,16,0,0,0,4,2,1,0,0,-8.57,0.9645,0.27035,2216
57,15,0,0,0,6,1,1,1,0,-9.65,0.9639,0.2576,2231
58,15,0,0,0,5,2,1,0,0,-9.75,0.9633,0.26543,2246
59,10,0,0,0,1,2,1,0,0,-7.7,0.9626,0.25444,2256
60,19,0,0,0,6,1,1,0,0,-8.53,0.962,0.25587,2275
61,93,0,0,0,34,3,2,0,0,-10.46,0.9614,0.25651,2368
62,26,0,0,0,14,3,1,0,0,-8.37,0.9607,0.25498,2394
63,70,0,0,0,31,1,1,0,0,-12.65,0.9601,0.2444,2464
64,8,0,0,0,3,2,1,0,0,-7.76,0.9595,0.2444,2472
65,32,0,0,0,12,2,1,0,0,-9.34,0.9588,0.24289,2504
66,9,0,0,0,6,5,1,0,0,-7.68,0.9582,0.24082,2513
67,9,0,0,0,5,1,1,0,0,-9.58,0.9576,0.24082,2522
68,23,0,0,0,6,1,1,0,0,-9.01,0.9569,0.23647,2545
69,9,0,0,0,4,2,1,0,0,-8.48,0.9563,0.23647,2554
70,10,0,0,0,7,2,1,0,0,-9.2,0.9557,0.23398,2564
71,21,0,0,0,4,1,1,0,0,-10.32,0.955,0.23954,2585
72,7,0,0,0,4,1,1,0,0,-8.94,0.9544,0.23887,2592
73,34,0,0,0,14,1,1,1,0,-10.03,0.9538,0.23886,2626
74,10,0,0,0,3,1,1,0,0,-10.05,0.9531,0.23886,2636
75,13,0,0,0,5,3,1,0,0,-8.16,0.9525,0.23784,2649
76,12,0,0,0,6,2,1,0,0,-9.74,0.9519,0.23765,2661
77,31,0,0,0,8,2,1,0,0,-8.47,0.9512,0.23798,2692
78,10,0,0,0,0,0,0,1,0,-10.5,0.9506,0.23798,2702
79,33,0,0,0,11,2,1,0,0,-10.31,0.95,0.2453,2735
80,60,0,0,0,22,3,1,0,0,-11.0,0.9493,0.24874,2795
81,10,0,0,0,6,2,1,0,0,-9.7,0.9487,0.24572,2805
82,68,0,0,0,35,2,1,0,0,-11.81,0.9481,0.25512,2873
83,46,0,0,0,19,1,1,0,0,-10.12,0.9474,0.25437,2919
84,21,0,0,0,7,2,1,0,0,-9.97,0.9468,0.25709,2940
85,16,0,0,0,3,1,1,0,0,-8.22,0.9462,0.25874,2956
86,12,0,0,0,5,1,1,0,0,-8.74,0.9455,0.25928,2968
87,29,0,0,0,11,2,1,1,0,-9.83,0.9449,0.25871,2997
88,6,0,0,0,0,0,0,1,0,-10.42,0.9443,0.25871,3003
89,17,0,0,0,6,0,0,1,0,-10.39,0.9436,0.25878,3020
90,10,0,0,0,6,2,1,0,0,-9.7,0.943,0.25718,3030
91,5,0,0,0,1,0,0,1,0,-11.55,0.9424,0.25718,3035
92,15,0,0,0,7,1,1,0,0,-9.15,0.9417,0.25766,3050
93,22,0,0,0,11,3,1,0,0,-9.14,0.9411,0.25659,3072
94,32,0,0,0,8,2,1,1,0,-8.44,0.9405,0.25853,3104
95,5,0,0,0,2,0,0,1,0,-11.6,0.9398,0.25853,3109
96,38,0,0,0,15,2,1,0,0,-9.26,0.9392,0.25818,3147
97,13,0,0,0,2,1,1,0,0,-9.56,0.9386,0.26007,3160
98,7,0,0,0,1,3,1,0,0,-7.79,0.9379,0.26007,3167
99,31,0,0,0,11,2,2,0,0,-8.27,0.9373,0.25995,3198
100,5,0,0,0,3,1,1,0,0,-9.4,0.9367,0.25901,3203
101,9,0,0,0,4,2,1,0,0,-8.13,0.936,0.25901,3212
102,12,0,0,0,5,1,1,0,0,-8.74,0.9354,0.25836,3224
103,9,0,0,0,4,1,1,0,0,-8.63,0.9348,0.25867,3233
104,48,0,0,0,10,3,1,2,0,-9.76,0.9341,0.26017,3281
105,68,0,0,0,31,1,1,0,0,-11.56,0.9335,0.26513,3349
106,22,0,0,0,11,0,0,1,0,-12.49,0.9329,0.26792,3371
107,12,0,0,0,3,1,1,0,0,-8.64,0.9322,0.27113,3383
108,16,0,0,0,7,3,1,0,0,-7.52,0.9316,0.27293,3399
109,29,0,0,0,12,1,1,1,0,-9.18,0.931,0.27224,3428
110,19,0,0,0,8,1,1,0,0,-9.38,0.9303,0.27371,3447
111,8,0,0,0,3,1,1,0,0,-8.96,0.9297,0.27371,3455
112,5,0,0,0,3,0,0,1,0,-11.65,0.9291,0.27429,3460
113,7,0,0,0,1,0,0,1,0,-11.64,0.9284,0.27429,3467
114,23,0,0,0,8,1,1,0,0,-9.36,0.9278,0.27313,3490
115,13,0,0,0,6,0,0,1,0,-11.51,0.9272,0.27313,3503
116,21,0,0,0,12,1,1,0,0,-10.17,0.9265,0.27392,3524
117,48,0,0,0,17,1,1,0,0,-10.06,0.9259,0.27535,3572
118,15,0,0,0,5,2,1,0,0,-9.75,0.9253,0.27693,3587
119,6,0,0,0,1,2,1,0,0,-7.37,0.9246,0.27693,3593
120,6,0,0,0,3,1,1,0,0,-9.42,0.924,0.27693,3599
121,48,0,0,0,17,2,1,0,0,-8.76,0.9234,0.27791,3647
122,85,0,0,0,26,1,1,3,0,-11.6,0.9227,0.27877,3732
123,9,0,0,0,4,1,1,0,0,-8.63,0.9221,0.27877,3741
124,14,0,0,0,5,1,1,0,0,-10.23,0.9215,0.27814,3755
125,55,0,0,0,21,2,1,1,0,-11.0,0.9208,0.27917,3810
126,18,0,0,0,6,2,1,0,0,-9.36,0.9202,0.27961,3828
127,21,0,0,0,7,3,1,0,0,-9.47,0.9196,0.27858,3849
128,28,0,0,0,11,1,1,0,0,-9.76,0.9189,0.2807,3877
129,15,0,0,0,7,2,1,0,0,-9.3,0.9183,0.281,3892
130,18,0,0,0,6,1,1,1,0,-9.71,0.9177,0.28145,3910
131,24,0,0,0,7,1,1,0,0,-9.08,0.917,0.28194,3934
132,7,0,0,0,2,1,1,0,0,-8.79,0.9164,0.28148,3941
133,16,0,0,0,9,2,1,0,0,-8.52,0.9158,0.2813,3957
134,27,0,0,0,10,1,1,0,0,-8.99,0.9151,0.27996,3984
135,51,0,0,0,18,3,2,0,0,-9.37,0.9145,0.28075,4035
136,20,0,0,0,3,1,1,0,0,-8.55,0.9139,0.28026,4055
137,27,0,0,0,8,1,1,0,0,-9.19,0.9132,0.27883,4082
138,17,0,0,0,5,2,2,0,0,-8.54,0.9126,0.27871,4099
139,26,0,0,0,8,0,0,2,0,-12.32,0.912,0.2789,4125
140,41,0,0,0,14,1,1,0,0,-10.17,0.9113,0.27893,4166
141,18,0,0,0,2,1,1,1,0,-8.86,0.9107,0.27902,4184
142,37,0,0,0,16,3,1,0,0,-9.69,0.9101,0.27664,4221
143,6,0,0,0,1,0,0,1,0,-11.62,0.9094,0.27652,4227
144,13,0,0,0,6,2,1,0,0,-9.76,0.9088,0.2765,4240
145,9,0,0,0,2,1,1,0,0,-9.93,0.9082,0.2765,4249
146,7,0,0,0,2,1,1,0,0,-9.94,0.9075,0.27597,4256
147,28,0,0,0,12,2,2,0,0,-8.71,0.9069,0.27693,4284
148,10,0,0,0,5,2,1,0,0,-7.8,0.9063,0.27569,4294
149,8,0,0,0,4,2,1,0,0,-9.01,0.9056,0.27569,4302
150,19,0,0,0,6,1,1,0,0,-8.78,0.905,0.27569,4321
151,7,0,0,0,2,1,1,0,0,-8.09,0.9044,0.27569,4328
152,5,0,0,0,3,1,1,0,0,-9.4,0.9037,0.27569,4333
153,12,0,0,0,4,2,1,0,0,-9.64,0.9031,0.2751,4345
154,17,0,0,0,6,1,1,0,0,-9.79,0.9025,0.27595,4362
155,36,0,0,0,12,0,0,2,0,-10.92,0.9018,0.2774,4398
156,42,0,0,0,8,3,2,0,0,-5.79,0.9012,0.27872,4440
157,36,0,0,0,15,3,1,0,0,-8.32,0.9006,0.28031,4476
158,8,0,0,0,5,2,1,0,0,-9.06,0.8999,0.28021,4484
159,10,0,0,0,5,1,1,0,0,-8.65,0.8993,0.28021,4494
160,18,0,0,0,6,1,1,1,0,-8.56,0.8987,0.27953,4512
161,11,0,0,0,4,1,1,0,0,-9.02,0.898,0.27953,4523
162,45,0,0,0,18,6,2,1,0,-7.65,0.8974,0.28021,4568
163,37,0,0,0,10,7,3,0,0,-2.84,0.8968,0.28171,4605
164,86,1,1,0,29,6,3,2,0,-3.92,0.8961,0.28159,4691
165,9,0,0,0,3,1,1,0,0,-9.48,0.8955,0.28159,4700
166,16,0,0,0,7,2,1,0,0,-8.82,0.8949,0.28148,4716
167,10,0,0,0,3,1,1,0,0,-8.6,0.8942,0.28211,4726
168,44,0,0,0,9,6,3,0,0,-3.73,0.8936,0.28179,4770
169,31,0,0,0,7,4,2,0,0,-6.32,0.893,0.28086,4801
170,37,0,0,0,11,1,1,0,0,-10.99,0.8923,0.2817,4838
171,14,0,0,0,3,0,0,1,0,-11.93,0.8917,0.28314,4852
172,10,0,0,0,5,0,0,1,0,-11.95,0.8911,0.28314,4862
173,29,0,0,0,13,3,2,0,0,-7.08,0.8904,0.28353,4891
174,40,0,0,0,6,0,0,3,0,-10.4,0.8898,0.28305,4931
175,6,0,0,0,1,2,1,0,0,-8.12,0.8892,0.28305,4937
176,6,0,0,0,4,2,1,0,0,-9.02,0.8885,0.28305,4943
177,25,0,0,0,9,2,1,0,0,-10.1,0.8879,0.28092,4968
178,21,0,0,0,7,0,0,2,0,-10.87,0.8873,0.28066,4989
179,5,0,0,0,3,1,1,0,0,-9.95,0.8866,0.28048,4994
180,26,0,0,0,8,5,2,0,0,-5.27,0.886,0.28023,5020
181,28,0,0,0,10,1,1,1,0,-10.26,0.8854,0.28053,5048
182,7,0,0,0,0,2,1,0,0,-7.59,0.8847,0.28053,5055
183,22,0,0,0,11,2,1,0,0,-9.59,0.8841,0.28147,5077
184,8,0,0,0,4,2,1,0,0,-9.06,0.8835,0.28147,5085
185,6,0,0,0,3,3,1,0,0,-8.42,0.8828,0.28234,5091
186,8,0,0,0,1,1,1,0,0,-7.91,0.8822,0.28234,5099
187,8,0,0,0,3,1,1,0,0,-9.46,0.8816,0.28231,5107
188,31,0,0,0,6,3,2,0,0,-6.62,0.8809,0.28407,5138
189,27,0,0,0,6,1,1,0,0,-9.49,0.8803,0.28346,5165
190,6,0,0,0,1,1,1,0,0,-7.87,0.8797,0.28296,5171
191,14,0,0,0,6,1,1,1,0,-8.38,0.879,0.28263,5185
192,14,0,0,0,3,0,0,1,0,-11.38,0.8784,0.28263,5199
193,9,0,0,0,4,2,1,0,0,-8.13,0.8778,0.28161,5208
194,6,0,0,0,4,2,1,0,0,-8.97,0.8771,0.28161,5214
195,45,1,1,0,18,2,2,0,0,-7.6,0.8765,0.28154,5259
196,12,0,0,0,5,1,1,0,0,-8.74,0.8759,0.28192,5271
197,15,0,0,0,6,2,1,0,0,-8.05,0.8752,0.28193,5286
198,6,0,0,0,1,2,1,0,0,-7.92,0.8746,0.28193,5292
199,9,0,0,0,2,0,0,1,0,-10.63,0.874,0.28252,5301
200,21,0,0,0,12,2,1,0,0,-9.17,0.8733,0.28222,5322
201,19,0,0,0,7,2,2,0,0,-6.68,0.8727,0.28252,5341
202,7,0,0,0,4,3,1,0,0,-8.49,0.8721,0.28269,5348
203,30,0,0,0,11,2,1,0,0,-9.3,0.8714,0.28191,5378
204,31,0,0,0,10,4,2,1,0,-6.67,0.8708,0.2826,5409
205,16,0,0,0,6,2,1,0,0,-9.32,0.8702,0.28304,5425
206,13,0,0,0,2,1,1,0,0,-8.96,0.8695,0.28304,5438
207,26,0,0,0,10,3,2,0,0,-6.87,0.8689,0.28177,5464
208,6,0,0,0,3,0,0,1,0,-11.12,0.8683,0.28177,5470
209,41,0,0,0,9,2,2,0,0,-7.12,0.8676,0.28206,5511
210,14,0,0,0,3,1,1,0,0,-10.13,0.867,0.28208,5525
211,5,0,0,0,0,2,1,0,0,-8.2,0.8664,0.28208,5530
212,14,0,0,0,5,1,1,0,0,-8.28,0.8657,0.28281,5544
213,7,0,0,0,1,1,1,0,0,-8.79,0.8651,0.28281,5551
214,29,0,0,0,10,2,1,0,0,-9.73,0.8645,0.28199,5580
215,19,0,0,0,3,3,2,0,0,-5.93,0.8638,0.28231,5599
216,6,0,0,0,3,1,1,0,0,-8.87,0.8632,0.28258,5605
217,6,0,0,0,0,1,1,0,0,-9.77,0.8626,0.28258,5611
218,9,0,0,0,5,2,1,0,0,-9.13,0.8619,0.28199,5620
219,23,0,0,0,9,1,1,0,0,-10.56,0.8613,0.2822,5643
220,33,0,0,0,9,2,1,0,0,-10.21,0.8607,0.28328,5676
221,7,0,0,0,2,1,1,0,0,-9.39,0.86,0.28285,5683
222,5,0,0,0,3,2,1,0,0,-8.95,0.8594,0.28285,5688
223,20,0,0,0,5,1,1,0,0,-8.75,0.8588,0.28357,5708
224,44,0,0,0,17,1,1,0,0,-9.98,0.8581,0.28508,5752
225,10,0,0,0,4,2,1,0,0,-9.6,0.8575,0.28468,5762
226,5,0,0,0,3,1,1,0,0,-9.95,0.8569,0.28468,5767
227,7,0,0,0,3,2,1,0,0,-8.99,0.8562,0.28468,5774
228,10,0,0,0,3,0,0,1,0,-10.05,0.8556,0.28532,5784
229,8,0,0,0,4,3,1,0,0,-9.01,0.855,0.28539,5792
230,7,0,0,0,2,1,1,0,0,-8.89,0.8543,0.28539,5799
231,11,0,0,0,3,2,1,0,0,-7.97,0.8537,0.28453,5810
232,7,0,0,0,2,2,1,0,0,-7.69,0.8531,0.28453,5817
233,5,0,0,0,2,2,1,0,0,-8.35,0.8524,0.28453,5822
234,5,0,0,0,3,2,1,0,0,-9.45,0.8518,0.28497,5827
235,10,0,0,0,3,1,1,0,0,-10.05,0.8512,0.28497,5837
236,9,0,0,0,4,3,1,0,0,-8.53,0.8505,0.28454,5846
237,8,0,0,0,1,1,1,0,0,-8.06,0.8499,0.28454,5854
238,23,0,0,0,10,2,1,0,0,-10.16,0.8493,0.28318,5877
239,12,0,0,0,3,3,1,0,0,-6.99,0.8486,0.2835,5889
240,16,0,0,0,5,0,0,1,0,-10.62,0.848,0.28428,5905
241,10,0,0,0,0,0,0,1,0,-10.5,0.8474,0.28428,5915
242,11,0,0,0,2,4,1,0,0,-6.52,0.8467,0.28427,5926
243,8,0,0,0,4,3,1,0,0,-8.06,0.8461,0.28427,5934
244,9,0,0,0,4,1,1,0,0,-9.48,0.8455,0.28455,5943
245,33,1,1,0,9,7,3,0,0,-2.16,0.8448,0.28448,5976
246,18,0,0,0,10,3,2,0,0,-7.91,0.8442,0.28474,5994
247,17,0,0,0,9,3,1,0,0,-9.49,0.8436,0.28514,6011
248,6,0,0,0,1,1,1,0,0,-8.62,0.8429,0.28488,6017
249,11,0,0,0,4,0,0,1,0,-10.47,0.8423,0.28488,6028
250,11,0,0,0,5,3,1,0,0,-8.62,0.8417,0.28423,6039
251,6,0,0,0,2,0,0,1,0,-11.72,0.841,0.28423,6045
252,14,0,0,0,3,1,1,0,0,-8.28,0.8404,0.28555,6059
253,6,0,0,0,1,1,1,0,0,-8.42,0.8398,0.28614,6065
254,6,0,0,0,4,1,1,0,0,-9.52,0.8391,0.28614,6071
255,5,0,0,0,3,2,1,0,0,-8.95,0.8385,0.28614,6076
256,23,0,0,0,8,3,2,1,0,-8.36,0.8379,0.28665,6099
257,16,0,0,0,8,3,2,0,0,-8.17,0.8372,0.2875,6115
258,6,0,0,0,3,2,1,0,0,-8.92,0.8366,0.2875,6121
259,7,0,0,0,0,1,1,0,0,-8.74,0.836,0.2875,6128
260,13,0,0,0,6,1,1,1,0,-10.31,0.8353,0.2875,6141
261,5,0,0,0,1,1,1,0,0,-9.85,0.8347,0.28709,6146
262,6,0,0,0,1,2,1,0,0,-7.77,0.8341,0.28709,6152
263,14,0,0,0,5,2,1,0,0,-8.63,0.8334,0.28682,6166
264,26,0,0,0,10,3,2,0,0,-7.77,0.8328,0.28666,6192
265,9,0,0,0,2,2,1,0,0,-9.48,0.8322,0.28666,6201
266,7,0,0,0,1,1,1,0,0,-8.79,0.8315,0.28801,6208
267,5,0,0,0,3,0,0,1,0,-11.7,0.8309,0.28801,6213
268,10,0,0,0,3,0,0,1,0,-11.75,0.8303,0.28801,6223
269,11,0,0,0,5,1,1,0,0,-10.17,0.8296,0.28878,6234
270,16,0,0,0,4,2,1,1,0,-8.12,0.829,0.28849,6250
271,18,0,0,0,8,4,2,0,0,-7.31,0.8284,0.28926,6268
272,6,0,0,0,3,1,1,0,0,-8.92,0.8277,0.28933,6274
273,16,0,0,0,8,2,2,0,0,-8.02,0.8271,0.28972,6290
274,6,0,0,0,1,1,1,0,0,-8.42,0.8265,0.28972,6296
275,8,0,0,0,3,0,0,1,0,-10.36,0.8258,0.28913,6304
276,35,0,0,0,12,2,2,0,0,-8.85,0.8252,0.28982,6339
277,22,0,0,0,7,2,1,1,0,-9.04,0.8246,0.28996,6361
278,39,1,1,0,13,7,2,1,0,-4.58,0.8239,0.28989,6400
279,5,0,0,0,3,3,1,0,0,-8.95,0.8233,0.28989,6405
280,6,0,0,0,1,1,1,0,0,-8.02,0.8227,0.28989,6411
281,10,0,0,0,3,1,1,0,0,-8.6,0.822,0.29052,6421
282,20,0,0,0,6,3,2,0,0,-6.8,0.8214,0.29,6441
283,7,0,0,0,3,2,1,0,0,-9.49,0.8208,0.29021,6448
284,9,0,0,0,5,2,1,0,0,-9.13,0.8201,0.29021,6457
285,6,0,0,0,4,1,1,0,0,-10.02,0.8195,0.29021,6463
286,5,0,0,0,0,0,0,1,0,-10.45,0.8189,0.28999,6468
287,9,0,0,0,3,1,1,0,0,-8.93,0.8182,0.28999,6477
288,25,1,1,0,8,5,2,1,0,-4.05,0.8176,0.29029,6502
289,10,0,0,0,1,1,1,0,0,-9.35,0.817,0.29024,6512
290,5,0,0,0,0,1,1,0,0,-7.3,0.8163,0.29024,6517
291,6,0,0,0,3,3,1,0,0,-8.42,0.8157,0.29024,6523
292,9,0,0,0,3,1,1,0,0,-10.03,0.8151,0.29025,6532
293,17,0,0,0,3,1,1,0,0,-10.14,0.8144,0.29012,6549
294,35,0,0,0,11,7,2,1,0,-5.9,0.8138,0.29013,6584
295,7,0,0,0,2,1,1,0,0,-8.09,0.8132,0.29013,6591
296,7,0,0,0,2,0,0,1,0,-11.19,0.8125,0.2903,6598
297,6,0,0,0,2,1,1,0,0,-9.37,0.8119,0.2903,6604
298,5,0,0,0,3,2,1,0,0,-9.45,0.8113,0.29045,6609
299,5,0,0,0,2,2,1,0,0,-8.3,0.8106,0.29045,6614
300,16,0,0,0,5,2,1,1,0,-8.77,0.81,0.29054,6630
301,10,0,0,0,3,2,1,0,0,-9.0,0.8094,0.2901,6640
302,6,0,0,0,1,2,1,0,0,-7.92,0.8087,0.2901,6646
303,16,0,0,0,8,4,2,0,0,-7.17,0.8081,0.28974,6662
304,17,0,0,0,3,5,2,0,0,-5.34,0.8075,0.28987,6679
305,5,0,0,0,2,0,0,1,0,-11.65,0.8068,0.28987,6684
306,5,0,0,0,1,1,1,0,0,-8.75,0.8062,0.28983,6689
307,22,0,0,0,9,3,2,0,0,-7.94,0.8056,0.28979,6711
308,11,0,0,0,4,1,1,0,0,-8.92,0.8049,0.28964,6722
309,12,0,0,0,1,3,1,0,0,-6.99,0.8043,0.28964,6734
310,31,0,0,0,10,4,2,0,0,-7.17,0.8037,0.28997,6765
311,5,0,0,0,3,1,1,0,0,-9.95,0.803,0.29003,6770
312,15,0,0,0,5,1,1,1,0,-8.3,0.8024,0.28999,6785
313,5,0,0,0,3,0,0,1,0,-11.15,0.8018,0.28999,6790
314,5,0,0,0,3,1,1,0,0,-9.95,0.8011,0.28999,6795
315,7,0,0,0,4,2,1,0,0,-9.54,0.8005,0.28963,6802
316,17,0,0,0,8,2,1,0,0,-8.49,0.7999,0.28935,6819
317,14,0,0,0,3,2,1,0,0,-7.78,0.7992,0.28923,6833
318,6,0,0,0,3,1,1,0,0,-9.42,0.7986,0.28923,6839
319,30,0,0,0,11,2,2,0,0,-8.95,0.798,0.2895,6869
320,9,0,0,0,2,2,1,0,0,-6.98,0.7973,0.2895,6878
321,5,0,0,0,2,2,1,0,0,-8.85,0.7967,0.29017,6883
322,7,0,0,0,2,0,0,1,0,-11.19,0.7961,0.29017,6890
323,6,0,0,0,3,0,0,1,0,-11.22,0.7954,0.29043,6896
324,6,0,0,0,2,1,1,0,0,-9.42,0.7948,0.29043,6902
325,11,0,0,0,4,2,1,0,0,-9.07,0.7942,0.29057,6913
326,18,0,0,0,7,1,1,0,0,-8.06,0.7935,0.29008,6931
327,10,0,0,0,3,1,1,0,0,-8.2,0.7929,0.29008,6941
328,5,0,0,0,3,1,1,0,0,-9.95,0.7923,0.28977,6946
329,10,0,0,0,4,1,1,0,0,-9.55,0.7916,0.28977,6956
330,12,0,0,0,3,4,2,0,0,-5.74,0.791,0.28982,6968
331,18,0,0,0,4,5,2,0,0,-6.06,0.7904,0.28928,6986
332,23,0,0,0,3,4,2,0,0,-4.76,0.7897,0.28933,7009
333,15,0,0,0,9,3,2,0,0,-7.7,0.7891,0.2892,7024
334,12,0,0,0,3,0,0,1,0,-10.39,0.7885,0.2892,7036
335,18,0,0,0,4,2,2,0,0,-7.71,0.7878,0.28914,7054
336,19,0,0,0,8,6,2,0,0,-5.68,0.7872,0.28918,7073
337,5,0,0,0,3,1,1,0,0,-9.95,0.7866,0.28918,7078
338,9,0,0,0,2,1,1,0,0,-8.13,0.7859,0.28918,7087
339,5,0,0,0,3,3,1,0,0,-8.45,0.7853,0.28932,7092
340,24,0,0,0,6,2,2,0,0,-7.63,0.7847,0.28913,7116
341,5,0,0,0,0,2,1,0,0,-8.2,0.784,0.28922,7121
342,18,0,0,0,6,3,2,0,0,-5.36,0.7834,0.28869,7139
343,7,0,0,0,2,1,1,0,0,-9.34,0.7828,0.28869,7146
344,13,0,0,0,7,1,1,0,0,-10.31,0.7821,0.2888,7159
345,20,0,0,0,10,2,2,0,0,-7.3,0.7815,0.28912,7179
346,6,0,0,0,1,2,1,0,0,-7.92,0.7809,0.2891,7185
347,13,0,0,0,5,2,1,0,0,-9.21,0.7802,0.2891,7198
348,22,0,0,0,4,1,1,0,0,-10.24,0.7796,0.28879,7220
349,12,0,0,0,3,2,1,0,0,-7.59,0.779,0.28922,7232
350,19,0,0,0,5,3,1,0,0,-7.23,0.7783,0.28911,7251
351,7,0,0,0,3,3,1,0,0,-7.99,0.7777,0.28911,7258
352,26,0,0,0,10,6,3,0,0,-4.17,0.7771,0.28935,7284
353,8,0,0,0,2,0,0,1,0,-11.76,0.7764,0.28935,7292
354,17,0,0,0,5,3,2,0,0,-6.49,0.7758,0.2898,7309
355,8,0,0,0,3,2,1,0,0,-8.46,0.7752,0.28973,7317
356,8,0,0,0,3,1,1,0,0,-8.96,0.7745,0.28973,7325
357,8,0,0,0,1,0,0,1,0,-11.16,0.7739,0.28959,7333
358,5,0,0,0,3,2,1,0,0,-9.45,0.7733,0.28959,7338
359,5,0,0,0,1,1,1,0,0,-8.75,0.7726,0.28959,7343
360,8,0,0,0,2,1,1,0,0,-8.86,0.772,0.28984,7351
361,19,0,0,0,5,1,1,1,0,-9.43,0.7714,0.28976,7370
362,16,0,0,0,4,1,1,0,0,-10.22,0.7707,0.28976,7386
363,41,0,0,0,17,4,3,0,0,-6.87,0.7701,0.29018,7427
364,14,0,0,0,5,3,1,1,0,-9.28,0.7695,0.29056,7441
365,15,0,0,0,7,4,2,0,0,-6.95,0.7688,0.29032,7456
366,9,0,0,0,4,1,1,0,0,-10.08,0.7682,0.29032,7465
367,15,0,0,0,4,1,1,0,0,-8.45,0.7676,0.2906,7480
368,25,0,0,0,9,1,1,1,0,-9.2,0.7669,0.2905,7505
369,8,0,0,0,3,0,0,1,0,-9.96,0.7663,0.2905,7513
370,8,0,0,0,3,2,1,0,0,-8.06,0.7657,0.29058,7521
371,11,0,0,0,5,0,0,1,0,-11.97,0.765,0.29058,7532
372,5,0,0,0,3,0,0,1,0,-11.7,0.7644,0.29076,7537
373,7,0,0,0,0,2,1,0,0,-6.59,0.7638,0.29076,7544
374,15,0,0,0,6,1,1,0,0,-10.3,0.7631,0.29129,7559
375,37,0,0,0,15,2,2,0,0,-7.94,0.7625,0.2913,7596
376,6,0,0,0,2,1,1,0,0,-9.92,0.7619,0.29123,7602
377,8,0,0,0,4,1,1,0,0,-10.06,0.7612,0.29123,7610
378,15,0,0,0,4,2,1,0,0,-8.6,0.7606,0.29135,7625
379,5,0,0,0,2,0,0,1,0,-11.6,0.76,0.29135,7630
380,10,0,0,0,3,0,0,1,0,-10.0,0.7593,0.29118,7640
381,6,0,0,0,2,1,1,0,0,-8.82,0.7587,0.29118,7646
382,25,0,0,0,8,1,1,1,0,-9.95,0.7581,0.29124,7671
383,31,0,0,0,7,5,3,1,0,-5.42,0.7574,0.29133,7702
384,9,0,0,0,4,2,1,0,0,-8.53,0.7568,0.29133,7711
385,13,0,0,0,1,2,1,1,0,-7.71,0.7562,0.2912,7724
386,5,0,0,0,3,2,1,0,0,-8.95,0.7555,0.29098,7729
387,5,0,0,0,2,1,1,0,0,-9.35,0.7549,0.29098,7734
388,6,0,0,0,1,0,0,1,0,-10.22,0.7543,0.29098,7740
389,9,0,0,0,4,2,1,0,0,-8.13,0.7536,0.29137,7749
390,6,0,0,0,3,1,1,0,0,-9.47,0.753,0.29137,7755
391,13,0,0,0,3,1,1,0,0,-10.11,0.7524,0.29117,7768
392,13,0,0,0,7,1,1,0,0,-10.31,0.7517,0.29097,7781
393,9,0,0,0,4,1,1,0,0,-8.23,0.7511,0.29097,7790
394,8,0,0,0,5,2,1,0,0,-9.06,0.7505,0.29103,7798
395,5,0,0,0,0,0,0,1,0,-10.45,0.7498,0.29103,7803
396,15,0,0,0,8,2,1,0,0,-8.85,0.7492,0.29092,7818
397,7,0,0,0,2,2,1,0,0,-9.44,0.7486,0.29125,7825
398,6,0,0,0,4,2,1,0,0,-9.52,0.7479,0.29125,7831
399,5,0,0,0,3,2,1,0,0,-8.95,0.7473,0.29125,7836
400,9,0,0,0,2,1,1,0,0,-8.13,0.7467,0.29091,7845
401,5,0,0,0,3,1,1,0,0,-9.95,0.746,0.29091,7850
402,8,0,0,0,3,2,1,0,0,-7.66,0.7454,0.29106,7858
403,11,0,0,0,0,3,1,0,0,-8.42,0.7448,0.29106,7869
404,6,0,0,0,3,1,1,0,0,-9.97,0.7441,0.29119,7875
405,8,0,0,0,3,0,0,1,0,-11.81,0.7435,0.29119,7883
406,12,0,0,0,1,1,1,1,0,-9.89,0.7429,0.29138,7895
407,7,0,0,0,3,2,1,0,0,-8.39,0.7422,0.29138,7902
408,14,0,0,0,3,1,1,0,0,-8.68,0.7416,0.2911,7916
409,19,0,0,0,6,2,1,0,0,-7.93,0.741,0.29121,7935
410,6,0,0,0,1,1,1,0,0,-9.82,0.7403,0.29178,7941
411,9,0,0,0,6,2,1,0,0,-9.68,0.7397,0.29178,7950
412,7,0,0,0,2,2,1,0,0,-8.89,0.7391,0.29162,7957
413,10,0,0,0,3,0,0,1,0,-11.25,0.7384,0.29162,7967
414,5,0,0,0,3,2,1,0,0,-9.45,0.7378,0.29209,7972
415,6,0,0,0,4,1,1,0,0,-10.02,0.7372,0.29209,7978
416,15,0,0,0,6,2,2,0,0,-7.45,0.7365,0.29201,7993
417,13,0,0,0,4,2,1,0,0,-8.06,0.7359,0.29175,8006
418,5,0,0,0,0,1,1,0,0,-8.7,0.7353,0.29175,8011
419,6,0,0,0,1,2,1,0,0,-6.87,0.7346,0.29181,8017
420,21,0,0,0,8,5,2,0,0,-6.12,0.734,0.29137,8038
421,34,0,0,0,6,3,2,2,0,-7.58,0.7334,0.29119,8072
422,6,0,0,0,1,1,1,0,0,-8.02,0.7327,0.29119,8078
423,5,0,0,0,3,1,1,0,0,-9.95,0.7321,0.29131,8083
424,19,0,0,0,11,3,2,0,0,-8.78,0.7315,0.29119,8102
425,5,0,0,0,2,3,1,0,0,-7.3,0.7308,0.29119,8107
426,7,0,0,0,3,2,1,0,0,-9.49,0.7302,0.29096,8114
427,15,0,0,0,4,1,1,1,0,-10.1,0.7296,0.29097,8129
428,8,0,0,0,3,1,1,0,0,-8.56,0.7289,0.29097,8137
429,15,0,0,0,3,3,2,0,0,-4.9,0.7283,0.29086,8152
430,10,0,0,0,1,0,0,1,0,-9.7,0.7277,0.29114,8162
431,9,0,0,0,2,1,1,0,0,-8.13,0.727,0.29114,8171
432,15,0,0,0,5,5,2,0,0,-5.8,0.7264,0.29091,8186
433,5,0,0,0,3,1,1,0,0,-9.95,0.7258,0.29091,8191
434,11,0,0,0,4,1,1,0,0,-10.12,0.7251,0.29081,8202
435,6,0,0,0,4,2,1,0,0,-9.52,0.7245,0.29055,8208
436,5,0,0,0,3,2,1,0,0,-8.4,0.7239,0.29055,8213
437,7,0,0,0,2,1,1,0,0,-8.49,0.7232,0.29055,8220
438,23,0,0,0,8,6,2,0,0,-6.66,0.7226,0.29048,8243
439,5,0,0,0,1,0,0,1,0,-11.6,0.722,0.29048,8248
440,22,0,0,0,6,1,1,0,0,-10.44,0.7213,0.29028,8270
441,23,0,0,0,7,9,3,0,0,-1.91,0.7207,0.28978,8293
442,22,0,0,0,7,2,2,1,0,-7.34,0.7201,0.28973,8315
443,5,0,0,0,3,2,1,0,0,-8.9,0.7194,0.28954,8320
444,9,0,0,0,5,3,1,0,0,-8.13,0.7188,0.28954,8329
445,9,0,0,0,2,1,1,0,0,-8.33,0.7182,0.28971,8338
446,9,0,0,0,2,1,1,0,0,-8.08,0.7175,0.28971,8347
447,20,0,0,0,6,2,2,1,0,-8.2,0.7169,0.28924,8367
448,6,0,0,0,1,0,0,1,0,-10.57,0.7163,0.28927,8373
449,17,0,0,0,5,2,1,1,0,-8.39,0.7156,0.28928,8390
450,10,0,0,0,3,0,0,1,0,-11.85,0.715,0.28895,8400
451,20,0,0,0,7,1,1,0,0,-9.9,0.7144,0.28907,8420
452,5,0,0,0,1,1,1,0,0,-8.25,0.7137,0.28907,8425
453,14,0,0,0,4,1,1,1,0,-8.53,0.7131,0.28877,8439
454,7,0,0,0,2,4,1,0,0,-7.89,0.7125,0.28877,8446
455,7,0,0,0,1,0,0,1,0,-10.44,0.7118,0.28883,8453
456,33,0,0,0,13,5,3,1,0,-6.56,0.7112,0.28865,8486
457,5,0,0,0,1,1,1,0,0,-8.25,0.7106,0.28865,8491
458,8,0,0,0,2,1,1,0,0,-8.86,0.7099,0.28856,8499
459,9,0,0,0,4,2,1,0,0,-8.53,0.7093,0.28856,8508
460,39,0,0,0,13,1,1,2,0,-10.13,0.7087,0.28822,8547
461,26,0,0,0,9,2,1,1,0,-9.67,0.708,0.28806,8573
462,44,1,1,0,16,5,4,1,0,-3.23,0.7074,0.2878,8617
463,15,0,0,0,5,1,1,1,0,-9.9,0.7068,0.28755,8632
464,5,0,0,0,1,0,0,1,0,-10.45,0.7061,0.28755,8637
465,5,0,0,0,1,0,0,1,0,-11.6,0.7055,0.28767,8642
466,26,0,0,0,8,4,2,1,0,-7.17,0.7049,0.28765,8668
467,14,0,0,0,7,2,2,0,0,-7.18,0.7042,0.28783,8682
468,5,0,0,0,3,1,1,0,0,-9.95,0.7036,0.28783,8687
469,13,0,0,0,4,1,1,1,0,-9.91,0.703,0.28772,8700
470,14,0,0,0,4,2,2,0,0,-7.63,0.7023,0.28739,8714
471,13,0,0,0,6,2,1,0,0,-8.21,0.7017,0.28718,8727
472,14,0,0,0,6,3,2,0,0,-7.08,0.7011,0.28674,8741
473,5,0,0,0,1,0,0,1,0,-10.5,0.7004,0.28674,8746
474,16,0,0,0,3,3,1,0,0,-7.92,0.6998,0.28657,8762
475,39,1,1,0,10,4,3,2,0,-2.23,0.6992,0.28643,8801
476,13,0,0,0,5,3,2,0,0,-7.16,0.6985,0.28643,8814
477,6,0,0,0,1,1,1,0,0,-9.82,0.6979,0.2866,8820
478,14,0,0,0,5,3,2,0,0,-7.28,0.6973,0.28657,8834
479,7,0,0,0,5,1,1,0,0,-10.09,0.6966,0.28657,8841
480,11,0,0,0,5,0,0,1,0,-11.92,0.696,0.2864,8852
481,13,0,0,0,6,3,2,0,0,-8.01,0.6954,0.28639,8865
482,8,0,0,0,3,0,0,1,0,-10.36,0.6947,0.28639,8873
483,8,0,0,0,2,1,1,0,0,-9.91,0.6941,0.28631,8881
484,20,0,0,0,8,1,1,1,0,-9.0,0.6935,0.28607,8901
485,13,0,0,0,5,1,1,1,0,-7.76,0.6928,0.28591,8914
486,19,0,0,0,7,2,2,0,0,-7.08,0.6922,0.2858,8933
487,6,0,0,0,3,2,1,0,0,-8.92,0.6916,0.2858,8939
488,25,0,0,0,11,3,2,0,0,-7.55,0.6909,0.28565,8964
489,18,0,0,0,7,4,2,0,0,-7.66,0.6903,0.2852,8982
490,5,0,0,0,3,3,1,0,0,-8.45,0.6897,0.2852,8987
491,5,0,0,0,0,0,0,1,0,-10.45,0.689,0.28482,8992
492,11,0,0,0,5,2,1,0,0,-9.67,0.6884,0.28482,9003
493,21,0,0,0,5,6,2,0,0,-3.87,0.6878,0.28486,9024
494,11,0,0,0,5,2,1,0,0,-8.52,0.6871,0.28486,9035
495,5,0,0,0,1,0,0,1,0,-10.45,0.6865,0.285,9040
496,5,0,0,0,3,2,1,0,0,-8.95,0.6859,0.285,9045
497,5,0,0,0,1,1,1,0,0,-9.85,0.6852,0.285,9050
498,9,0,0,0,6,2,1,0,0,-9.13,0.6846,0.28515,9059
499,36,0,0,0,10,9,3,1,0,-0.52,0.684,0.28502,9095
500,14,0,0,0,5,2,2,0,0,-7.93,0.6833,0.28489,9109
501,8,0,0,0,4,1,1,0,0,-10.06,0.6827,0.28489,9117
502,6,0,0,0,3,2,1,0,0,-8.42,0.6821,0.2851,9123
503,5,0,0,0,3,1,1,0,0,-9.95,0.6814,0.2851,9128
504,5,0,0,0,3,1,1,0,0,-9.95,0.6808,0.2851,9133
505,16,0,0,0,6,2,2,0,0,-6.22,0.6802,0.28477,9149
506,22,0,0,0,9,3,2,0,0,-8.04,0.6795,0.28444,9171
507,21,0,0,0,10,2,2,0,0,-8.77,0.6789,0.28461,9192
508,5,0,0,0,3,1,1,0,0,-9.95,0.6783,0.28461,9197
509,13,0,0,0,3,2,1,1,0,-7.91,0.6776,0.28436,9210
510,5,0,0,0,3,1,1,0,0,-9.95,0.677,0.28436,9215
511,13,0,0,0,2,1,1,0,0,-8.51,0.6764,0.28442,9228
512,6,0,0,0,3,0,0,1,0,-11.67,0.6757,0.28448,9234
513,5,0,0,0,1,1,1,0,0,-8.75,0.6751,0.28448,9239
514,5,0,0,0,1,0,0,1,0,-10.5,0.6745,0.28448,9244
515,13,0,0,0,4,3,2,0,0,-7.21,0.6738,0.28469,9257
516,5,0,0,0,3,1,1,0,0,-9.95,0.6732,0.28469,9262
517,5,0,0,0,3,2,1,0,0,-9.45,0.6726,0.28466,9267
518,7,0,0,0,0,1,1,0,0,-8.09,0.6719,0.28466,9274
519,6,0,0,0,3,2,1,0,0,-9.47,0.6713,0.28441,9280
520,5,0,0,0,0,2,1,0,0,-7.3,0.6707,0.28441,9285
521,6,0,0,0,4,1,1,0,0,-10.02,0.67,0.28441,9291
522,17,0,0,0,3,2,2,0,0,-6.44,0.6694,0.28446,9308
523,5,0,0,0,3,0,0,1,0,-11.15,0.6688,0.28436,9313
524,20,0,0,0,9,2,2,0,0,-8.7,0.6681,0.28457,9333
525,5,0,0,0,2,2,1,0,0,-8.35,0.6675,0.28457,9338
526,8,0,0,0,3,1,1,0,0,-8.16,0.6669,0.2847,9346
527,9,0,0,0,2,1,1,0,0,-8.13,0.6662,0.2847,9355
528,14,0,0,0,6,3,2,0,0,-8.43,0.6656,0.28459,9369
529,20,0,0,0,5,7,3,0,0,-3.3,0.665,0.28411,9389
530,6,0,0,0,1,0,0,1,0,-11.67,0.6643,0.2841,9395
531,6,0,0,0,4,2,1,0,0,-9.52,0.6637,0.2841,9401
532,5,0,0,0,1,0,0,1,0,-10.5,0.6631,0.2841,9406
533,11,0,0,0,2,1,1,0,0,-8.07,0.6624,0.28403,9417
534,13,0,0,0,6,4,2,0,0,-6.56,0.6618,0.28377,9430
535,30,0,0,0,9,5,3,1,0,-5.15,0.6612,0.28375,9460
536,13,0,0,0,1,2,2,0,0,-7.21,0.6605,0.28405,9473
537,18,0,0,0,8,5,1,0,0,-7.41,0.6599,0.28391,9491
538,7,0,0,0,2,2,1,0,0,-8.89,0.6593,0.28391,9498
539,6,0,0,0,3,0,0,1,0,-11.72,0.6586,0.28382,9504
540,8,0,0,0,3,2,1,0,0,-7.96,0.658,0.28382,9512
541,7,0,0,0,3,3,1,0,0,-8.99,0.6574,0.28382,9519
542,14,0,0,0,4,6,2,0,0,-3.03,0.6567,0.28364,9533
543,7,0,0,0,3,3,1,0,0,-7.94,0.6561,0.2836,9540
544,5,0,0,0,3,3,1,0,0,-8.45,0.6555,0.2836,9545
545,8,0,0,0,3,0,0,1,0,-11.71,0.6548,0.28356,9553
546,26,0,0,0,6,2,2,1,0,-8.02,0.6542,0.28331,9579
547,13,0,0,0,3,0,0,2,0,-10.21,0.6536,0.28317,9592
548,5,0,0,0,2,1,1,0,0,-9.35,0.6529,0.28317,9597
549,16,0,0,0,4,2,1,1,0,-8.27,0.6523,0.2831,9613
550,5,0,0,0,2,0,0,1,0,-11.1,0.6517,0.28327,9618
551,14,0,0,0,7,2,2,0,0,-8.98,0.651,0.2833,9632
552,60,0,0,0,14,8,4,3,0,-2.8,0.6504,0.28289,9692
553,5,0,0,0,3,3,1,0,0,-8.95,0.6498,0.28274,9697
554,10,0,0,0,6,2,1,0,0,-9.7,0.6491,0.28274,9707
555,5,0,0,0,2,0,0,1,0,-11.1,0.6485,0.28247,9712
556,6,0,0,0,1,0,0,1,0,-9.82,0.6479,0.28247,9718
557,5,0,0,0,2,0,0,1,0,-10.55,0.6472,0.28247,9723
558,20,0,0,0,8,3,2,1,0,-8.45,0.6466,0.2823,9743
559,5,0,0,0,0,3,1,0,0,-5.8,0.646,0.28214,9748
560,8,0,0,0,4,1,1,0,0,-10.06,0.6453,0.28214,9756
561,6,0,0,0,3,2,1,0,0,-8.92,0.6447,0.28209,9762
562,14,0,0,0,5,3,2,0,0,-7.33,0.6441,0.2821,9776
563,7,0,0,0,2,0,0,1,0,-10.49,0.6434,0.2821,9783
564,10,0,0,0,4,1,1,0,0,-9.55,0.6428,0.28221,9793
565,5,0,0,0,3,2,1,0,0,-9.45,0.6422,0.28221,9798
566,9,0,0,0,4,0,0,1,0,-11.33,0.6415,0.28221,9807
567,12,0,0,0,5,1,1,0,0,-10.19,0.6409,0.2822,9819
568,5,0,0,0,2,1,1,0,0,-8.3,0.6403,0.28187,9824
569,6,0,0,0,3,1,1,0,0,-9.42,0.6396,0.28187,9830
570,5,0,0,0,1,0,0,1,0,-10.5,0.639,0.28187,9835
571,48,0,0,0,9,6,4,1,0,-2.06,0.6384,0.28203,9883
572,5,0,0,0,2,1,1,0,0,-9.9,0.6377,0.28181,9888
573,22,0,0,0,11,3,2,0,0,-7.24,0.6371,0.28176,9910
574,9,0,0,0,1,2,1,0,0,-7.78,0.6365,0.28176,9919
575,7,0,0,0,0,2,1,0,0,-8.24,0.6358,0.28173,9926
576,6,0,0,0,1,1,1,0,0,-7.37,0.6352,0.28173,9932
577,10,0,0,0,4,4,1,0,0,-7.1,0.6346,0.28165,9942
578,32,0,0,0,10,5,3,0,0,-5.64,0.6339,0.28127,9974
579,7,0,0,0,4,0,0,1,0,-11.79,0.6333,0.28127,9981
580,8,0,0,0,4,5,1,0,0,-7.51,0.6327,0.2811,9989
581,7,0,0,0,2,1,1,0,0,-8.49,0.632,0.2811,9996
582,5,0,0,0,3,1,1,0,0,-9.95,0.6314,0.28121,10001
583,7,0,0,0,4,1,1,0,0,-9.49,0.6308,0.28121,10008
584,17,0,0,0,5,2,2,0,0,-6.94,0.6301,0.28143,10025
585,33,0,0,0,11,6,4,0,0,-3.61,0.6295,0.28148,10058
586,5,0,0,0,1,0,0,1,0,-11.55,0.6289,0.28148,10063
587,9,0,0,0,4,1,1,0,0,-9.03,0.6282,0.28103,10072
588,5,0,0,0,3,0,0,1,0,-11.65,0.6276,0.28103,10077
589,5,0,0,0,1,2,1,0,0,-8.25,0.627,0.2809,10082
590,7,0,0,0,3,3,1,0,0,-8.44,0.6263,0.2809,10089
591,6,0,0,0,3,1,1,0,0,-9.42,0.6257,0.2809,10095
592,8,0,0,0,4,3,1,0,0,-9.01,0.6251,0.28032,10103
593,7,0,0,0,0,0,0,1,0,-10.44,0.6244,0.28032,10110
594,53,0,0,0,12,4,4,2,0,-6.31,0.6238,0.28027,10163
595,13,0,0,0,4,4,2,0,0,-7.26,0.6232,0.28052,10176
596,5,0,0,0,3,1,1,0,0,-9.95,0.6225,0.28052,10181
597,5,0,0,0,3,2,1,0,0,-9.45,0.6219,0.28052,10186
598,7,0,0,0,1,0,0,1,0,-11.04,0.6213,0.28043,10193
599,6,0,0,0,4,3,1,0,0,-9.02,0.6206,0.28043,10199
600,5,0,0,0,3,1,1,0,0,-9.45,0.62,0.28043,10204
601,6,0,0,0,1,1,1,0,0,-8.42,0.6194,0.2807,10210
602,5,0,0,0,2,1,1,0,0,-9.9,0.6187,0.2807,10215
603,5,0,0,0,3,1,1,0,0,-9.95,0.6181,0.2807,10220
604,5,0,0,0,3,1,1,0,0,-9.95,0.6175,0.28096,10225
605,12,0,0,0,6,2,1,0,0,-9.74,0.6168,0.28096,10237
606,6,0,0,0,4,2,1,0,0,-9.02,0.6162,0.28062,10243
607,16,0,0,0,5,3,2,0,0,-7.22,0.6156,0.28104,10259
608,15,0,0,0,8,1,1,1,0,-9.55,0.6149,0.2808,10274
609,5,0,0,0,3,1,1,0,0,-9.95,0.6143,0.2808,10279
610,8,0,0,0,3,1,1,0,0,-10.01,0.6137,0.2808,10287
611,27,0,0,0,9,3,3,0,0,-5.89,0.613,0.28085,10314
612,5,0,0,0,0,1,1,0,0,-7.8,0.6124,0.28085,10319
613,8,0,0,0,1,3,1,0,0,-6.91,0.6118,0.28085,10327
614,9,0,0,0,5,4,1,0,0,-8.63,0.6111,0.28131,10336
615,16,0,0,0,3,2,2,0,0,-6.02,0.6105,0.28116,10352
616,15,0,0,0,5,2,1,1,0,-7.85,0.6099,0.28116,10367
617,22,0,0,0,13,3,2,0,0,-7.64,0.6092,0.28052,10389
618,6,0,0,0,1,2,1,0,0,-7.02,0.6086,0.28052,10395
619,9,0,0,0,1,2,1,0,0,-7.83,0.608,0.28058,10404
620,21,0,0,0,7,1,1,1,0,-9.97,0.6073,0.28106,10425
621,5,0,0,0,1,2,1,0,0,-8.25,0.6067,0.28106,10430
622,35,0,0,0,10,4,3,2,0,-4.7,0.6061,0.28129,10465
623,17,0,0,0,3,1,1,1,0,-9.94,0.6054,0.28123,10482
624,24,0,0,0,7,1,1,2,0,-9.43,0.6048,0.28125,10506
625,13,0,0,0,6,4,2,0,0,-6.86,0.6042,0.2813,10519
626,5,0,0,0,3,1,1,0,0,-9.95,0.6035,0.2813,10524
627,5,0,0,0,3,1,1,0,0,-9.95,0.6029,0.28103,10529
628,8,0,0,0,3,2,1,0,0,-7.56,0.6023,0.28103,10537
629,15,0,0,0,3,2,1,1,0,-9.15,0.6016,0.28123,10552
630,32,1,1,0,12,5,3,1,0,-4.69,0.601,0.28083,10584
631,5,0,0,0,1,0,0,1,0,-11.55,0.6004,0.28083,10589
632,7,0,0,0,0,2,1,0,0,-7.49,0.5997,0.2807,10596
633,5,0,0,0,1,0,0,1,0,-10.5,0.5991,0.2807,10601
634,27,0,0,0,3,9,4,0,0,0.01,0.5985,0.28048,10628
635,11,0,0,0,2,1,1,0,0,-9.52,0.5978,0.28048,10639
636,5,0,0,0,0,2,1,0,0,-7.3,0.5972,0.28064,10644
637,5,0,0,0,2,2,1,0,0,-7.8,0.5966,0.28064,10649
638,15,0,0,0,8,2,2,0,0,-7.95,0.5959,0.28047,10664
639,6,0,0,0,3,0,0,1,0,-11.72,0.5953,0.28047,10670
640,22,0,0,0,9,1,1,2,0,-9.89,0.5947,0.28045,10692
641,18,0,0,0,8,1,1,1,0,-8.21,0.594,0.28015,10710
642,5,0,0,0,0,1,1,0,0,-7.3,0.5934,0.28015,10715
643,16,0,0,0,5,2,1,0,0,-7.42,0.5928,0.27973,10731
644,5,0,0,0,0,1,1,0,0,-8.7,0.5921,0.27983,10736
645,8,0,0,0,3,4,1,0,0,-6.96,0.5915,0.27983,10744
646,31,0,0,0,6,5,3,1,0,-4.62,0.5909,0.2795,10775
647,6,0,0,0,1,1,1,0,0,-7.87,0.5902,0.2795,10781
648,15,0,0,0,8,2,2,0,0,-8.15,0.5896,0.27925,10796
649,6,0,0,0,4,2,1,0,0,-9.52,0.589,0.27969,10802
650,14,0,0,0,0,1,1,1,0,-8.63,0.5883,0.27948,10816
651,21,0,0,0,5,2,1,1,0,-8.97,0.5877,0.27928,10837
652,15,0,0,0,4,1,1,1,0,-8.25,0.5871,0.27836,10852
653,13,0,0,0,3,2,2,0,0,-8.36,0.5864,0.27811,10865
654,5,0,0,0,3,2,1,0,0,-8.95,0.5858,0.27811,10870
655,9,0,0,0,2,2,1,0,0,-8.03,0.5852,0.27811,10879
656,27,0,0,0,3,2,2,2,0,-6.69,0.5845,0.27823,10906
657,29,0,0,0,7,2,2,1,0,-6.78,0.5839,0.27754,10935
658,53,1,1,0,15,8,4,2,0,-0.21,0.5833,0.27757,10988
659,8,0,0,0,1,2,1,0,0,-7.41,0.5826,0.27742,10996
660,15,0,0,0,7,2,1,0,0,-9.85,0.582,0.27711,11011
661,8,0,0,0,1,2,1,0,0,-7.96,0.5814,0.27711,11019
662,7,0,0,0,2,1,1,0,0,-8.49,0.5807,0.27737,11026
663,21,0,0,0,4,1,1,0,0,-8.47,0.5801,0.27726,11047
664,15,0,0,0,5,0,0,2,0,-10.65,0.5795,0.27733,11062
665,5,0,0,0,3,3,1,0,0,-8.45,0.5788,0.27733,11067
666,23,0,0,0,6,3,2,1,0,-6.56,0.5782,0.27716,11090
667,5,0,0,0,2,1,1,0,0,-9.9,0.5776,0.27716,11095
668,6,0,0,0,3,1,1,0,0,-9.97,0.5769,0.27716,11101
669,5,0,0,0,0,0,0,1,0,-9.5,0.5763,0.27653,11106
670,5,0,0,0,1,1,1,0,0,-8.75,0.5757,0.27653,11111
671,7,0,0,0,2,1,1,0,0,-8.89,0.575,0.27653,11118
672,23,0,0,0,7,3,2,1,0,-6.96,0.5744,0.27657,11141
673,11,0,0,0,4,1,1,0,0,-8.27,0.5738,0.27629,11152
674,18,0,0,0,4,4,2,0,0,-4.11,0.5731,0.27575,11170
675,6,0,0,0,1,1,1,0,0,-8.42,0.5725,0.27575,11176
676,22,0,0,0,5,3,3,0,0,-4.59,0.5719,0.27606,11198
677,7,0,0,0,2,1,1,0,0,-8.64,0.5712,0.27603,11205
678,7,0,0,0,3,1,1,0,0,-9.44,0.5706,0.27603,11212
679,5,0,0,0,3,1,1,0,0,-9.4,0.57,0.27597,11217
680,7,0,0,0,2,1,1,0,0,-8.49,0.5693,0.27597,11224
681,23,0,0,0,5,2,2,1,0,-6.76,0.5687,0.27589,11247
682,7,0,0,0,2,1,1,0,0,-8.49,0.5681,0.27522,11254
683,13,0,0,0,3,3,2,0,0,-5.61,0.5674,0.27527,11267
684,5,0,0,0,2,0,0,1,0,-11.65,0.5668,0.27527,11272
685,20,0,0,0,6,3,2,1,0,-8.1,0.5662,0.27556,11292
686,36,0,0,0,10,4,3,1,0,-3.62,0.5655,0.27511,11328
687,8,0,0,0,2,1,1,0,0,-9.96,0.5649,0.27511,11336
688,15,0,0,0,5,3,2,0,0,-7.45,0.5643,0.27453,11351
689,15,0,0,0,3,2,1,1,0,-8.9,0.5636,0.27407,11366
690,25,0,0,0,6,3,2,1,0,-5.9,0.563,0.27351,11391
691,6,0,0,0,3,1,1,0,0,-8.87,0.5624,0.27296,11397
692,42,0,0,0,19,5,3,1,0,-4.54,0.5617,0.27305,11439
693,6,0,0,0,2,1,1,0,0,-8.82,0.5611,0.27257,11445
694,5,0,0,0,1,1,1,0,0,-8.75,0.5605,0.27257,11450
695,7,0,0,0,1,1,1,0,0,-8.74,0.5598,0.27239,11457
696,8,0,0,0,5,1,1,0,0,-10.11,0.5592,0.27239,11465
697,7,0,0,0,5,2,1,0,0,-9.59,0.5586,0.27212,11472
698,5,0,0,0,1,2,1,0,0,-8.8,0.5579,0.27212,11477
699,7,0,0,0,2,0,0,1,0,-11.69,0.5573,0.27212,11484
700,6,0,0,0,3,1,1,0,0,-9.97,0.5567,0.27223,11490
701,7,0,0,0,2,3,1,0,0,-7.89,0.556,0.27223,11497
702,15,0,0,0,3,3,2,0,0,-5.1,0.5554,0.27177,11512
703,8,0,0,0,0,1,1,0,0,-9.86,0.5548,0.27163,11520
704,18,1,1,0,2,3,2,0,0,-4.46,0.5541,0.27173,11538
705,13,0,0,0,5,3,2,0,0,-6.21,0.5535,0.27173,11551
706,5,0,0,0,3,2,1,0,0,-9.45,0.5529,0.27145,11556
707,16,0,0,0,2,2,2,0,0,-6.02,0.5522,0.27093,11572
708,17,0,0,0,7,2,1,1,0,-8.39,0.5516,0.27055,11589
709,5,0,0,0,3,3,1,0,0,-8.45,0.551,0.27055,11594
710,13,0,0,0,5,2,2,0,0,-7.91,0.5503,0.27044,11607
711,28,0,0,0,8,3,3,1,0,-5.96,0.5497,0.2699,11635
712,31,0,0,0,11,3,2,2,0,-7.12,0.5491,0.26969,11666
713,7,0,0,0,2,0,0,1,0,-10.29,0.5484,0.26969,11673
714,11,0,0,0,2,4,1,0,0,-7.47,0.5478,0.26982,11684
715,33,0,0,0,11,6,4,0,0,-2.16,0.5472,0.26888,11717
716,5,0,0,0,1,0,0,1,0,-11.6,0.5465,0.26888,11722
717,14,0,0,0,3,1,1,1,0,-9.08,0.5459,0.26886,11736
718,8,0,0,0,3,1,1,0,0,-8.16,0.5453,0.26888,11744
719,5,0,0,0,3,1,1,0,0,-9.95,0.5446,0.26888,11749
720,12,0,0,0,5,2,2,0,0,-8.29,0.544,0.26894,11761
721,20,0,0,0,7,3,2,1,0,-7.15,0.5434,0.26858,11781
722,7,0,0,0,3,2,1,0,0,-8.99,0.5427,0.26858,11788
723,7,0,0,0,0,1,1,0,0,-7.99,0.5421,0.26867,11795
724,55,0,0,0,18,11,6,1,0,2.25,0.5415,0.26826,11850
725,5,0,0,0,2,1,1,0,0,-9.35,0.5408,0.26826,11855
726,8,0,0,0,1,1,1,0,0,-8.66,0.5402,0.26773,11863
727,6,0,0,0,0,1,1,0,0,-8.22,0.5396,0.26773,11869
728,21,0,0,0,6,2,2,1,0,-7.37,0.5389,0.2675,11890
729,13,0,0,0,5,2,2,0,0,-8.06,0.5383,0.2675,11903
730,5,0,0,0,0,2,1,0,0,-8.2,0.5377,0.26725,11908
731,14,0,0,0,2,2,1,1,0,-6.98,0.537,0.26689,11922
732,13,0,0,0,4,1,1,1,0,-9.76,0.5364,0.26689,11935
733,14,0,0,0,3,4,2,0,0,-5.88,0.5358,0.26708,11949
734,8,0,0,0,3,1,1,0,0,-10.01,0.5351,0.26686,11957
735,13,0,0,0,4,3,1,0,0,-6.71,0.5345,0.26728,11970
736,14,1,1,0,4,2,2,0,0,-6.23,0.5339,0.26749,11984
737,6,0,0,0,1,1,1,0,0,-8.02,0.5332,0.26749,11990
738,7,0,0,0,1,0,0,1,0,-11.64,0.5326,0.26749,11997
739,7,0,0,0,3,4,1,0,0,-8.49,0.532,0.26756,12004
740,15,0,0,0,5,4,2,0,0,-5.25,0.5313,0.26748,12019
741,6,0,0,0,3,2,1,0,0,-8.92,0.5307,0.26748,12025
742,5,0,0,0,1,0,0,1,0,-11.0,0.5301,0.26748,12030
743,33,1,1,0,7,3,2,2,0,-6.36,0.5294,0.26681,12063
744,14,0,0,0,3,1,1,0,0,-9.58,0.5288,0.26705,12077
745,31,0,0,0,7,4,2,2,0,-4.67,0.5282,0.26691,12108
746,5,0,0,0,2,0,0,1,0,-10.5,0.5275,0.26667,12113
747,7,0,0,0,0,0,0,1,0,-9.84,0.5269,0.26667,12120
748,5,0,0,0,0,0,0,1,0,-10.95,0.5263,0.26667,12125
749,9,0,0,0,2,2,1,0,0,-7.63,0.5256,0.26671,12134
750,8,0,0,0,1,1,1,0,0,-8.66,0.525,0.26671,12142
751,8,0,0,0,5,1,1,0,0,-10.11,0.5244,0.26668,12150
752,19,0,0,0,5,2,1,1,0,-7.48,0.5237,0.2662,12169
753,15,0,0,0,6,6,2,0,0,-6.15,0.5231,0.26595,12184
754,9,0,0,0,2,1,1,0,0,-8.23,0.5225,0.2665,12193
755,8,0,0,0,3,0,0,1,0,-10.76,0.5218,0.2665,12201
756,8,0,0,0,4,1,1,0,0,-10.06,0.5212,0.26665,12209
757,14,0,0,0,5,2,2,0,0,-7.38,0.5206,0.26665,12223
758,5,0,0,0,2,0,0,1,0,-11.65,0.5199,0.26667,12228
759,5,0,0,0,3,2,1,0,0,-8.95,0.5193,0.26667,12233
760,14,0,0,0,6,3,2,0,0,-8.03,0.5187,0.26649,12247
761,15,0,0,0,6,1,1,1,0,-10.05,0.518,0.26644,12262
762,14,0,0,0,5,2,1,1,0,-9.73,0.5174,0.26587,12276
763,6,0,0,0,1,1,1,0,0,-8.62,0.5168,0.26587,12282
764,14,0,0,0,6,4,2,0,0,-5.88,0.5161,0.26635,12296
765,7,0,0,0,2,2,1,0,0,-8.94,0.5155,0.26635,12303
766,5,0,0,0,3,2,1,0,0,-9.45,0.5149,0.26604,12308
767,13,0,0,0,3,3,2,0,0,-6.36,0.5142,0.2663,12321
768,6,0,0,0,1,2,1,0,0,-7.77,0.5136,0.2663,12327
769,22,0,0,0,5,3,2,1,0,-4.24,0.513,0.26649,12349
770,5,0,0,0,3,2,1,0,0,-9.45,0.5123,0.26605,12354
771,21,0,0,0,8,3,3,0,0,-5.42,0.5117,0.26561,12375
772,14,0,0,0,3,3,1,0,0,-8.03,0.5111,0.2651,12389
773,5,0,0,0,0,0,0,1,0,-9.5,0.5104,0.2651,12394
774,6,0,0,0,3,1,1,0,0,-9.42,0.5098,0.26467,12400
775,5,0,0,0,0,0,0,1,0,-10.45,0.5092,0.26467,12405
776,35,0,0,0,7,5,3,1,0,-3.3,0.5085,0.26445,12440
777,5,0,0,0,1,0,0,1,0,-11.6,0.5079,0.26445,12445
778,9,0,0,0,1,1,1,0,0,-8.63,0.5073,0.26399,12454
779,6,0,0,0,1,2,1,0,0,-8.12,0.5066,0.26399,12460
780,7,0,0,0,1,2,1,0,0,-7.79,0.506,0.26356,12467
781,34,0,0,0,9,4,3,0,0,-3.53,0.5054,0.26343,12501
782,12,0,0,0,0,4,1,1,0,-5.24,0.5047,0.26342,12513
783,6,0,0,0,3,1,1,0,0,-9.42,0.5041,0.26342,12519
784,6,0,0,0,3,1,1,0,0,-9.47,0.5035,0.26342,12525
785,47,0,0,0,15,5,2,4,0,-5.64,0.5028,0.26288,12572
786,16,0,0,0,5,3,2,0,0,-7.62,0.5022,0.26256,12588
787,5,0,0,0,3,2,1,0,0,-9.45,0.5016,0.26206,12593
788,13,0,0,0,4,4,2,0,0,-4.76,0.5009,0.26206,12606
789,5,0,0,0,2,1,1,0,0,-9.35,0.5003,0.26167,12611
790,6,0,0,0,1,1,1,0,0,-9.82,0.4997,0.26167,12617
791,5,0,0,0,2,1,1,0,0,-9.35,0.499,0.26167,12622
792,5,0,0,0,0,1,1,0,0,-8.7,0.4984,0.26147,12627
793,5,0,0,0,1,2,1,0,0,-9.35,0.4978,0.26147,12632
794,5,0,0,0,3,3,1,0,0,-8.95,0.4971,0.26147,12637
795,6,0,0,0,3,1,1,0,0,-9.42,0.4965,0.2613,12643
796,6,0,0,0,3,1,1,0,0,-9.42,0.4959,0.2613,12649
797,12,0,0,0,3,3,2,0,0,-7.29,0.4952,0.2612,12661
798,13,0,0,0,1,0,0,2,0,-10.26,0.4946,0.26113,12674
799,5,0,0,0,3,1,1,0,0,-9.95,0.494,0.26113,12679
800,13,0,0,0,6,0,0,1,0,-11.96,0.4933,0.26104,12692
801,7,0,0,0,3,2,1,0,0,-9.49,0.4927,0.26104,12699
802,6,0,0,0,1,1,1,0,0,-8.02,0.4921,0.26114,12705
803,6,0,0,0,1,1,1,0,0,-8.42,0.4914,0.26114,12711
804,5,0,0,0,1,0,0,1,0,-10.45,0.4908,0.26114,12716
805,5,0,0,0,3,0,0,1,0,-11.65,0.4902,0.2608,12721
806,5,0,0,0,3,1,1,0,0,-9.4,0.4895,0.2608,12726
807,78,0,0,0,20,11,6,3,0,1.54,0.4889,0.26029,12804
808,56,0,0,0,18,8,4,3,0,-1.52,0.4883,0.25908,12860
809,5,0,0,0,2,0,0,1,0,-11.65,0.4876,0.25854,12865
810,5,0,0,0,2,0,0,1,0,-10.5,0.487,0.25854,12870
811,5,0,0,0,3,1,1,0,0,-9.95,0.4864,0.25854,12875
812,7,0,0,0,2,1,1,0,0,-8.49,0.4857,0.2584,12882
813,5,0,0,0,2,2,1,0,0,-9.4,0.4851,0.2584,12887
814,7,0,0,0,3,3,1,0,0,-7.94,0.4845,0.2584,12894
815,21,1,1,0,9,4,2,1,0,-5.97,0.4838,0.25809,12915
816,7,0,0,0,2,1,1,0,0,-8.09,0.4832,0.25809,12922
817,18,0,0,0,2,5,2,0,0,-4.51,0.4826,0.25788,12940
818,5,0,0,0,1,0,0,1,0,-11.6,0.4819,0.25795,12945
819,13,0,0,0,4,2,2,0,0,-6.96,0.4813,0.25795,12958
820,12,0,0,0,5,3,2,0,0,-7.39,0.4807,0.25814,12970
821,7,0,0,0,2,2,1,0,0,-7.89,0.48,0.25808,12977
822,15,0,0,0,4,8,2,0,0,-3.4,0.4794,0.25784,12992
823,7,0,0,0,3,4,1,0,0,-7.99,0.4788,0.25784,12999
824,17,0,0,0,4,4,2,0,0,-6.84,0.4781,0.25769,13016
825,14,0,0,0,4,0,0,2,0,-10.13,0.4775,0.25744,13030
826,24,0,0,0,6,3,2,1,0,-7.58,0.4769,0.25695,13054
827,38,0,0,0,9,3,2,3,0,-5.86,0.4762,0.25578,13092
828,13,0,0,0,3,6,2,0,0,-3.81,0.4756,0.25572,13105
829,5,0,0,0,3,2,1,0,0,-8.95,0.475,0.25572,13110
830,32,0,0,0,4,5,3,1,0,-3.64,0.4743,0.25469,13142
831,21,0,0,0,4,2,1,2,0,-7.77,0.4737,0.25497,13163
832,5,0,0,0,2,1,1,0,0,-9.35,0.4731,0.25532,13168
833,5,0,0,0,1,1,1,0,0,-8.75,0.4724,0.25532,13173
834,7,0,0,0,2,1,1,0,0,-8.09,0.4718,0.25532,13180
835,7,0,0,0,0,0,0,1,0,-9.94,0.4712,0.25522,13187
836,5,0,0,0,2,0,0,1,0,-11.05,0.4705,0.25522,13192
837,14,0,0,0,7,5,2,0,0,-6.58,0.4699,0.25554,13206
838,15,0,0,0,2,3,2,0,0,-5.85,0.4693,0.25527,13221
839,13,0,0,0,2,2,2,0,0,-6.96,0.4686,0.2549,13234
840,5,0,0,0,2,2,1,0,0,-8.3,0.468,0.2549,13239
841,21,1,1,0,5,4,2,1,0,-4.87,0.4674,0.25478,13260
842,12,1,1,0,2,5,2,0,0,-2.64,0.4667,0.25465,13272
843,8,0,0,0,1,2,1,0,0,-7.56,0.4661,0.25437,13280
844,6,0,0,0,3,2,1,0,0,-9.47,0.4655,0.25437,13286
845,6,0,0,0,4,1,1,0,0,-10.02,0.4648,0.25437,13292
846,5,0,0,0,1,1,1,0,0,-8.75,0.4642,0.25414,13297
847,5,0,0,0,3,2,1,0,0,-8.95,0.4636,0.25414,13302
848,15,0,0,0,3,3,2,0,0,-7.5,0.4629,0.25395,13317
849,5,0,0,0,3,1,1,0,0,-9.45,0.4623,0.25395,13322
850,14,0,0,0,4,5,2,0,0,-4.03,0.4617,0.25353,13336
851,13,0,0,0,0,3,1,1,0,-7.36,0.461,0.25333,13349
852,8,0,0,0,2,0,0,1,0,-10.61,0.4604,0.25333,13357
853,27,0,0,0,1,5,3,1,0,-3.34,0.4598,0.2532,13384
854,6,0,0,0,1,0,0,1,0,-9.97,0.4591,0.2532,13390
855,13,0,0,0,4,5,2,0,0,-6.01,0.4585,0.25308,13403
856,8,0,0,0,4,2,1,0,0,-9.56,0.4579,0.25246,13411
857,14,0,0,0,7,3,2,0,0,-7.53,0.4572,0.25218,13425
858,6,0,0,0,3,2,1,0,0,-8.92,0.4566,0.25218,13431
859,5,0,0,0,0,0,0,1,0,-10.45,0.456,0.25218,13436
860,7,0,0,0,5,0,0,1,0,-11.84,0.4553,0.25238,13443
861,14,0,0,0,3,2,2,0,0,-6.38,0.4547,0.25226,13457
862,6,0,0,0,2,1,1,0,0,-9.92,0.4541,0.25226,13463
863,5,0,0,0,3,2,1,0,0,-9.45,0.4534,0.25226,13468
864,15,0,0,0,3,2,1,1,0,-8.95,0.4528,0.25259,13483
865,21,0,0,0,4,3,2,1,0,-6.12,0.4522,0.25163,13504
866,7,0,0,0,2,0,0,1,0,-10.29,0.4515,0.25163,13511
867,6,0,0,0,1,1,1,0,0,-8.02,0.4509,0.25163,13517
868,6,0,0,0,1,0,0,1,0,-11.62,0.4503,0.25152,13523
869,6,0,0,0,1,1,1,0,0,-7.87,0.4496,0.25152,13529
870,5,0,0,0,2,1,1,0,0,-8.3,0.449,0.25152,13534
871,5,0,0,0,3,3,1,0,0,-8.95,0.4484,0.25113,13539
872,23,0,0,0,4,2,1,2,0,-7.81,0.4477,0.25126,13562
873,18,0,0,0,6,1,1,1,0,-8.56,0.4471,0.25111,13580
874,22,0,0,0,1,4,2,1,0,-4.79,0.4465,0.25051,13602
875,5,0,0,0,2,1,1,0,0,-9.35,0.4458,0.25051,13607
876,17,0,0,0,5,4,2,0,0,-4.89,0.4452,0.25045,13624
877,16,0,0,0,4,4,2,0,0,-5.22,0.4446,0.25017,13640
878,5,0,0,0,3,3,1,0,0,-8.95,0.4439,0.25017,13645
879,6,0,0,0,1,1,1,0,0,-7.87,0.4433,0.25019,13651
880,9,0,0,0,2,1,1,0,0,-8.48,0.4427,0.25019,13660
881,5,0,0,0,0,2,1,0,0,-7.7,0.442,0.24931,13665
882,5,0,0,0,0,1,1,0,0,-7.8,0.4414,0.24931,13670
883,6,0,0,0,1,2,1,0,0,-7.77,0.4408,0.24931,13676
884,12,0,0,0,2,2,2,0,0,-5.89,0.4401,0.24943,13688
885,5,0,0,0,1,0,0,1,0,-11.6,0.4395,0.24943,13693
886,5,0,0,0,0,0,0,1,0,-10.4,0.4389,0.24908,13698
887,6,0,0,0,1,1,1,0,0,-8.42,0.4382,0.24908,13704
888,15,0,0,0,2,3,2,0,0,-6.85,0.4376,0.24864,13719
889,13,0,0,0,3,2,1,1,0,-7.81,0.437,0.24821,13732
890,7,0,0,0,3,1,1,0,0,-9.94,0.4363,0.24821,13739
891,5,0,0,0,3,2,1,0,0,-8.4,0.4357,0.24771,13744
892,5,0,0,0,2,1,1,0,0,-9.9,0.4351,0.24771,13749
893,6,0,0,0,1,1,1,0,0,-8.42,0.4344,0.24771,13755
894,30,0,0,0,5,4,3,1,0,-5.25,0.4338,0.24703,13785
895,17,0,0,0,3,3,2,0,0,-6.04,0.4332,0.24672,13802
896,14,0,0,0,2,1,1,1,0,-8.13,0.4325,0.24699,13816
897,5,0,0,0,1,2,1,0,0,-8.85,0.4319,0.24699,13821
898,30,0,0,0,6,6,4,0,0,-2.3,0.4313,0.24662,13851
899,6,0,0,0,4,2,1,0,0,-9.02,0.4306,0.24697,13857
900,13,0,0,0,6,2,2,0,0,-7.61,0.43,0.24697,13870
901,5,0,0,0,1,3,1,0,0,-7.25,0.4294,0.24739,13875
902,13,1,1,0,3,5,2,0,0,-3.86,0.4287,0.24701,13888
903,5,0,0,0,1,1,1,0,0,-9.3,0.4281,0.24701,13893
904,5,0,0,0,3,1,1,0,0,-9.95,0.4275,0.24701,13898
905,20,0,0,0,6,8,3,0,0,-2.3,0.4268,0.2465,13918
906,5,0,0,0,1,0,0,1,0,-10.5,0.4262,0.24646,13923
907,13,0,0,0,3,1,1,1,0,-9.11,0.4256,0.24612,13936
908,8,0,0,0,4,2,1,0,0,-9.56,0.4249,0.24612,13944
909,5,0,0,0,2,2,1,0,0,-9.4,0.4243,0.24612,13949
910,7,0,0,0,2,2,1,0,0,-7.09,0.4237,0.2459,13956
911,5,0,0,0,2,1,1,0,0,-9.35,0.423,0.2459,13961
912,13,0,0,0,3,2,2,0,0,-6.91,0.4224,0.24592,13974
913,6,0,0,0,1,2,1,0,0,-7.42,0.4218,0.24592,13980
914,5,0,0,0,1,1,1,0,0,-8.75,0.4211,0.24549,13985
915,6,0,0,0,1,0,0,1,0,-9.52,0.4205,0.24549,13991
916,5,0,0,0,0,1,1,0,0,-8.7,0.4199,0.24549,13996
917,9,0,0,0,2,1,1,0,0,-7.63,0.4192,0.24508,14005
918,13,0,0,0,2,1,1,1,0,-9.71,0.4186,0.24505,14018
919,15,0,0,0,8,2,1,1,0,-9.05,0.418,0.24545,14033
920,21,0,0,0,4,6,3,0,0,-3.67,0.4173,0.24443,14054
921,6,0,0,0,3,1,1,0,0,-9.97,0.4167,0.24443,14060
922,28,1,1,0,5,9,4,0,0,0.24,0.4161,0.24347,14088
923,21,0,0,0,4,5,3,0,0,-3.57,0.4154,0.24324,14109
924,5,0,0,0,0,1,1,0,0,-7.8,0.4148,0.24262,14114
925,5,0,0,0,3,2,1,0,0,-9.45,0.4142,0.24262,14119
926,5,0,0,0,0,1,1,0,0,-8.7,0.4135,0.24262,14124
927,8,0,0,0,1,2,1,0,0,-7.66,0.4129,0.24239,14132
928,5,0,0,0,3,1,1,0,0,-9.45,0.4123,0.24239,14137
929,35,0,0,0,9,5,4,1,0,-3.4,0.4116,0.24228,14172
930,74,0,0,0,13,7,4,6,0,-0.88,0.411,0.24044,14246
931,19,0,0,0,2,5,2,1,0,-2.53,0.4104,0.23968,14265
932,13,0,0,0,5,4,2,0,0,-6.51,0.4097,0.23964,14278
933,5,0,0,0,3,1,1,0,0,-9.95,0.4091,0.23964,14283
934,6,0,0,0,1,1,1,0,0,-8.42,0.4085,0.2391,14289
935,6,0,0,0,1,1,1,0,0,-8.02,0.4078,0.2391,14295
936,6,0,0,0,0,0,0,1,0,-11.07,0.4072,0.2391,14301
937,7,0,0,0,2,1,1,0,0,-8.09,0.4066,0.23936,14308
938,19,0,0,0,7,6,3,0,0,-4.38,0.4059,0.23866,14327
939,5,0,0,0,0,0,0,1,0,-10.45,0.4053,0.23866,14332
940,27,0,0,0,7,5,2,2,0,-5.94,0.4047,0.23817,14359
941,28,0,0,0,7,6,3,1,0,-4.46,0.404,0.23768,14387
942,5,0,0,0,3,1,1,0,0,-9.45,0.4034,0.23768,14392
943,6,0,0,0,2,1,1,0,0,-9.87,0.4028,0.23768,14398
944,12,0,0,0,2,2,1,1,0,-7.99,0.4021,0.2372,14410
945,7,0,0,0,2,3,1,0,0,-6.99,0.4015,0.23671,14417
946,21,0,0,0,4,1,1,2,0,-7.62,0.4009,0.23688,14438
947,12,0,0,0,5,6,2,0,0,-5.74,0.4002,0.2365,14450
948,5,0,0,0,2,0,0,1,0,-11.05,0.3996,0.2365,14455
949,5,0,0,0,2,1,1,0,0,-9.35,0.399,0.2365,14460
950,16,0,0,0,2,3,2,0,0,-7.32,0.3983,0.23649,14476
951,5,0,0,0,2,2,1,0,0,-9.4,0.3977,0.23615,14481
952,18,0,0,0,7,4,2,0,0,-6.26,0.3971,0.23601,14499
953,14,0,0,0,7,5,2,0,0,-5.68,0.3964,0.23584,14513
954,35,0,0,0,6,3,2,3,0,-6.55,0.3958,0.23543,14548
955,6,0,0,0,1,1,1,0,0,-8.77,0.3952,0.23543,14554
956,28,0,0,0,4,8,4,0,0,0.49,0.3945,0.23494,14582
957,5,0,0,0,3,1,1,0,0,-9.95,0.3939,0.23494,14587
958,6,0,0,0,4,1,1,0,0,-10.02,0.3933,0.23473,14593
959,22,0,0,0,3,2,2,1,0,-5.59,0.3926,0.23436,14615
960,20,0,0,0,8,6,3,0,0,-4.8,0.392,0.23416,14635
961,68,2,2,0,20,15,7,2,0,8.54,0.3914,0.23394,14703
962,13,0,0,0,1,2,1,1,0,-7.76,0.3907,0.234,14716
963,12,0,0,0,4,3,2,0,0,-6.24,0.3901,0.23374,14728
964,14,0,0,0,2,1,1,1,0,-7.88,0.3895,0.2334,14742
965,34,0,0,0,6,4,2,3,0,-5.98,0.3888,0.23247,14776
966,5,0,0,0,3,1,1,0,0,-9.95,0.3882,0.23247,14781
967,5,0,0,0,1,1,1,0,0,-9.85,0.3876,0.23243,14786
968,41,0,0,0,8,5,3,2,0,-3.62,0.3869,0.23241,14827
969,12,0,0,0,2,2,1,1,0,-9.34,0.3863,0.23232,14839
970,5,0,0,0,1,1,1,0,0,-9.85,0.3857,0.23232,14844
971,27,0,0,0,4,1,1,3,0,-8.94,0.385,0.23177,14871
972,14,0,0,0,3,2,1,1,0,-7.78,0.3844,0.23106,14885
973,5,0,0,0,3,1,1,0,0,-9.95,0.3838,0.23106,14890
974,5,0,0,0,3,2,1,0,0,-9.45,0.3831,0.23106,14895
975,57,0,0,0,14,2,2,5,0,-6.19,0.3825,0.23025,14952
976,5,0,0,0,3,3,1,0,0,-8.45,0.3819,0.23025,14957
977,15,0,0,0,2,4,2,0,0,-5.3,0.3812,0.22997,14972
978,6,0,0,0,3,1,1,0,0,-9.97,0.3806,0.23003,14978
979,6,0,0,0,1,0,0,1,0,-9.82,0.38,0.23003,14984
980,5,0,0,0,3,2,1,0,0,-9.45,0.3793,0.23003,14989
981,5,0,0,0,2,2,1,0,0,-9.4,0.3787,0.22964,14994
982,13,0,0,0,5,4,2,0,0,-6.76,0.3781,0.22964,15007
983,5,0,0,0,1,0,0,1,0,-11.55,0.3774,0.22961,15012
984,6,0,0,0,3,1,1,0,0,-9.97,0.3768,0.22961,15018
985,7,0,0,0,2,3,1,0,0,-6.99,0.3762,0.2297,15025
986,6,0,0,0,3,2,1,0,0,-8.92,0.3755,0.2297,15031
987,9,0,0,0,2,2,1,0,0,-7.48,0.3749,0.22927,15040
988,8,0,0,0,3,3,1,0,0,-7.96,0.3743,0.22927,15048
989,7,0,0,0,2,1,1,0,0,-8.09,0.3736,0.22927,15055
990,5,0,0,0,2,1,1,0,0,-9.9,0.373,0.22925,15060
991,13,0,0,0,5,4,2,0,0,-7.86,0.3724,0.22895,15073
992,16,0,0,0,4,3,2,0,0,-5.57,0.3717,0.22868,15089
993,13,0,0,0,5,3,2,0,0,-5.46,0.3711,0.22868,15102
994,6,0,0,0,2,2,1,0,0,-8.92,0.3705,0.22846,15108
995,6,0,0,0,1,0,0,1,0,-9.57,0.3698,0.22846,15114
996,39,1,1,0,8,5,3,2,0,-2.03,0.3692,0.22805,15153
997,8,0,0,0,4,4,1,0,0,-8.06,0.3686,0.22805,15161
998,6,0,0,0,3,0,0,1,0,-11.17,0.3679,0.22805,15167
999,15,0,0,0,6,2,2,0,0,-8.55,0.3673,0.22759,15182
1000,5,0,0,0,1,0,0,1,0,-10.45,0.3667,0.22737,15187
1001,5,0,0,0,3,1,1,0,0,-9.95,0.366,0.22737,15192
1002,7,0,0,0,2,2,1,0,0,-7.09,0.3654,0.22737,15199
1003,7,0,0,0,2,1,1,0,0,-8.49,0.3648,0.22736,15206
1004,5,0,0,0,3,1,1,0,0,-9.95,0.3641,0.22736,15211
1005,5,0,0,0,0,1,1,0,0,-8.7,0.3635,0.22702,15216
1006,12,0,0,0,5,4,2,0,0,-6.89,0.3629,0.22702,15228
1007,5,0,0,0,3,1,1,0,0,-9.95,0.3622,0.22639,15233
1008,7,0,0,0,4,2,1,0,0,-9.54,0.3616,0.22639,15240
1009,6,0,0,0,1,2,1,0,0,-7.52,0.361,0.22639,15246
1010,5,0,0,0,3,1,1,0,0,-9.95,0.3603,0.2263,15251
1011,7,0,0,0,4,1,1,0,0,-10.04,0.3597,0.2263,15258
1012,5,0,0,0,0,2,1,0,0,-7.3,0.3591,0.2263,15263
1013,14,0,0,0,5,3,2,0,0,-7.83,0.3584,0.22571,15277
1014,20,0,0,0,7,10,3,0,0,-1.35,0.3578,0.22516,15297
1015,6,0,0,0,1,1,1,0,0,-9.32,0.3572,0.22516,15303
1016,100,1,1,0,18,13,7,6,0,6.75,0.3565,0.22338,15403
1017,13,0,0,0,4,3,2,0,0,-7.36,0.3559,0.2227,15416
1018,15,0,0,0,5,1,1,1,0,-7.95,0.3553,0.22258,15431
1019,12,0,0,0,4,3,1,1,0,-6.19,0.3546,0.22203,15443
1020,6,0,0,0,1,0,0,1,0,-9.82,0.354,0.22203,15449
1021,18,0,0,0,10,3,2,0,0,-6.76,0.3534,0.22201,15467
1022,15,1,1,0,3,2,2,0,0,-5.25,0.3527,0.22145,15482
1023,7,0,0,0,0,0,0,1,0,-9.69,0.3521,0.22122,15489
1024,5,0,0,0,3,2,1,0,0,-9.45,0.3515,0.22122,15494
1025,36,0,0,0,10,5,4,1,0,-1.97,0.3508,0.22065,15530
1026,13,0,0,0,6,1,1,1,0,-9.16,0.3502,0.22023,15543
1027,5,0,0,0,3,1,1,0,0,-9.95,0.3496,0.22023,15548
1028,7,0,0,0,4,1,1,0,0,-10.04,0.3489,0.2196,15555
1029,5,0,0,0,0,0,0,1,0,-9.55,0.3483,0.2196,15560
1030,12,1,1,0,2,2,2,0,0,-5.54,0.3477,0.2194,15572
1031,5,0,0,0,3,2,1,0,0,-9.45,0.347,0.2194,15577
1032,5,0,0,0,3,1,1,0,0,-9.95,0.3464,0.2194,15582
1033,6,0,0,0,1,0,0,1,0,-9.62,0.3458,0.21912,15588
1034,14,0,0,0,5,3,2,0,0,-7.68,0.3451,0.21896,15602
1035,39,0,0,0,6,8,4,1,0,0.27,0.3445,0.21864,15641
1036,15,0,0,0,3,1,1,1,0,-8.45,0.3439,0.21812,15656
1037,13,0,0,0,6,3,2,0,0,-7.11,0.3432,0.21785,15669
1038,6,0,0,0,1,2,1,0,0,-7.37,0.3426,0.21785,15675
1039,8,0,0,0,5,0,0,1,0,-11.26,0.342,0.21767,15683
1040,9,0,0,0,4,2,1,0,0,-7.73,0.3413,0.21767,15692
1041,21,0,0,0,5,4,2,1,0,-5.67,0.3407,0.21726,15713
1042,9,0,0,0,4,2,1,0,0,-7.73,0.3401,0.21726,15722
1043,6,0,0,0,4,2,1,0,0,-9.52,0.3394,0.21737,15728
1044,21,0,0,0,4,2,2,1,0,-6.37,0.3388,0.21682,15749
1045,12,0,0,0,5,5,2,0,0,-6.79,0.3382,0.21661,15761
1046,5,0,0,0,0,1,1,0,0,-7.8,0.3375,0.21661,15766
1047,6,0,0,0,3,1,1,0,0,-9.97,0.3369,0.21661,15772
1048,28,0,0,0,10,1,1,3,0,-9.21,0.3363,0.21628,15800
1049,36,0,0,0,7,8,3,2,0,-1.47,0.3356,0.21548,15836
1050,15,0,0,0,4,2,2,0,0,-8.15,0.335,0.21526,15851
1051,5,0,0,0,1,0,0,1,0,-11.6,0.3344,0.2149,15856
1052,5,0,0,0,1,0,0,1,0,-10.5,0.3337,0.2149,15861
1053,14,0,0,0,4,5,2,0,0,-4.78,0.3331,0.21464,15875
1054,6,0,0,0,3,1,1,0,0,-9.97,0.3325,0.21464,15881
1055,20,0,0,0,8,3,2,1,0,-7.2,0.3318,0.21438,15901
1056,5,0,0,0,0,1,1,0,0,-8.7,0.3312,0.21424,15906
1057,5,0,0,0,3,1,1,0,0,-9.95,0.3306,0.21424,15911
1058,13,0,0,0,3,3,2,0,0,-7.31,0.3299,0.21385,15924
1059,20,0,0,0,5,3,3,0,0,-4.85,0.3293,0.21312,15944
1060,5,0,0,0,3,2,1,0,0,-9.45,0.3287,0.21312,15949
1061,5,0,0,0,2,2,1,0,0,-9.4,0.328,0.21291,15954
1062,6,0,0,0,4,0,0,1,0,-11.17,0.3274,0.21291,15960
1063,5,0,0,0,3,2,1,0,0,-8.95,0.3268,0.21291,15965
1064,5,0,0,0,1,2,1,0,0,-9.35,0.3261,0.21246,15970
1065,5,0,0,0,2,0,0,1,0,-10.5,0.3255,0.21246,15975
1066,13,0,0,0,1,3,2,0,0,-5.26,0.3249,0.21225,15988
1067,6,0,0,0,3,1,1,0,0,-9.97,0.3242,0.21225,15994
1068,5,0,0,0,3,2,1,0,0,-9.45,0.3236,0.21225,15999
1069,5,0,0,0,2,1,1,0,0,-8.85,0.323,0.21211,16004
1070,5,0,0,0,2,1,1,0,0,-8.8,0.3223,0.21211,16009
1071,5,0,0,0,3,3,1,0,0,-8.45,0.3217,0.21211,16014
1072,5,0,0,0,2,2,1,0,0,-8.3,0.3211,0.2118,16019
1073,23,0,0,0,11,1,1,1,0,-9.81,0.3204,0.21172,16042
1074,5,0,0,0,1,0,0,1,0,-11.6,0.3198,0.21172,16047
1075,6,0,0,0,3,1,1,0,0,-9.97,0.3192,0.21166,16053
1076,6,0,0,0,3,1,1,0,0,-9.97,0.3185,0.21166,16059
1077,5,0,0,0,3,1,1,0,0,-9.95,0.3179,0.21135,16064
1078,19,0,0,0,4,8,3,0,0,-1.08,0.3173,0.21095,16083
1079,5,0,0,0,2,1,1,0,0,-9.9,0.3166,0.21095,16088
1080,30,0,0,0,12,3,2,2,0,-8.05,0.316,0.21049,16118
1081,5,0,0,0,3,1,1,0,0,-9.4,0.3154,0.21049,16123
1082,6,0,0,0,3,1,1,0,0,-9.97,0.3147,0.21036,16129
1083,5,0,0,0,1,2,1,0,0,-8.85,0.3141,0.21036,16134
1084,6,0,0,0,1,1,1,0,0,-7.87,0.3135,0.21036,16140
1085,38,0,0,0,5,4,3,2,0,-2.51,0.3128,0.20979,16178
1086,20,0,0,0,8,8,3,0,0,-2.5,0.3122,0.20966,16198
1087,71,0,0,0,19,6,5,5,0,-0.27,0.3116,0.2094,16269
1088,5,0,0,0,1,1,1,0,0,-8.75,0.3109,0.20921,16274
1089,5,0,0,0,0,0,0,1,0,-10.4,0.3103,0.20921,16279
1090,69,1,1,0,15,14,6,3,0,4.57,0.3097,0.20853,16348
1091,22,0,0,0,6,3,3,0,0,-4.99,0.309,0.20851,16370
1092,64,1,1,0,11,9,5,4,0,3.52,0.3084,0.20818,16434
1093,15,0,0,0,5,3,2,0,0,-6.0,0.3078,0.20785,16449
1094,38,0,0,0,3,8,3,2,0,-0.36,0.3071,0.20759,16487
1095,6,0,0,0,4,1,1,0,0,-9.52,0.3065,0.20759,16493
1096,6,0,0,0,1,0,0,1,0,-9.57,0.3059,0.20739,16499
1097,13,0,0,0,3,2,2,0,0,-5.96,0.3052,0.20716,16512
1098,34,0,0,0,7,2,2,3,0,-5.78,0.3046,0.20694,16546
1099,5,0,0,0,3,1,1,0,0,-9.95,0.304,0.20694,16551
1100,78,2,2,0,12,5,4,6,0,2.54,0.3033,0.20622,16629
1101,5,0,0,0,1,1,1,0,0,-9.85,0.3027,0.20622,16634
1102,33,0,0,0,6,4,3,2,0,-3.91,0.3021,0.20559,16667
1103,6,0,0,0,1,0,0,1,0,-9.82,0.3014,0.20519,16673
1104,5,0,0,0,3,1,1,0,0,-9.95,0.3008,0.20519,16678
1105,21,0,0,0,3,5,3,0,0,-4.42,0.3002,0.20492,16699
1106,68,1,1,0,15,5,3,6,0,-1.46,0.2995,0.20458,16767
1107,6,0,0,0,1,0,0,1,0,-9.82,0.2989,0.2045,16773
1108,19,0,0,0,5,6,3,0,0,-3.08,0.2983,0.20421,16792
1109,5,0,0,0,3,1,1,0,0,-9.45,0.2976,0.20421,16797
1110,7,0,0,0,2,1,1,0,0,-8.09,0.297,0.20404,16804
1111,12,0,0,0,5,4,2,0,0,-6.39,0.2964,0.20364,16816
1112,23,0,0,0,7,1,1,2,0,-9.81,0.2957,0.20345,16839
1113,5,0,0,0,0,0,0,1,0,-10.3,0.2951,0.20345,16844
1114,5,0,0,0,0,2,1,0,0,-7.7,0.2945,0.2034,16849
1115,34,1,1,0,3,4,4,1,0,-0.08,0.2938,0.20285,16883
1116,33,0,0,0,5,4,2,3,0,-4.21,0.2932,0.20244,16916
1117,13,0,0,0,6,2,2,0,0,-8.11,0.2926,0.20224,16929
1118,28,0,0,0,7,6,4,0,0,-2.11,0.2919,0.20192,16957
1119,5,0,0,0,3,1,1,0,0,-9.95,0.2913,0.20186,16962
1120,12,0,0,0,2,2,1,1,0,-7.39,0.2907,0.20186,16974
1121,20,0,0,0,8,4,3,0,0,-5.55,0.29,0.20207,16994
1122,20,0,0,0,5,4,3,0,0,-4.85,0.2894,0.20224,17014
1123,16,0,0,0,5,3,2,0,0,-7.12,0.2888,0.20178,17030
1124,5,0,0,0,3,3,1,0,0,-8.95,0.2881,0.20178,17035
1125,6,0,0,0,2,1,1,0,0,-9.87,0.2875,0.20142,17041
1126,29,0,0,0,8,3,2,2,0,-7.23,0.2869,0.2012,17070
1127,14,0,0,0,1,3,2,0,0,-7.48,0.2862,0.20101,17084
1128,9,0,0,0,2,2,1,0,0,-7.13,0.2856,0.20096,17093
1129,117,0,0,0,13,6,5,11,0,2.01,0.285,0.20033,17210
1130,34,0,0,0,4,5,3,2,0,-2.93,0.2843,0.1998,17244
1131,5,0,0,0,3,1,1,0,0,-9.95,0.2837,0.19925,17249
1132,5,0,0,0,0,1,1,0,0,-8.7,0.2831,0.19925,17254
1133,12,0,0,0,2,4,2,0,0,-3.74,0.2824,0.19899,17266
1134,84,1,1,0,14,12,5,6,0,6.82,0.2818,0.19755,17350
1135,5,0,0,0,3,2,1,0,0,-9.45,0.2812,0.19755,17355
1136,39,0,0,0,8,4,2,3,0,-4.83,0.2805,0.19718,17394
1137,33,0,0,0,6,5,4,1,0,-0.66,0.2799,0.19705,17427
1138,5,0,0,0,1,1,1,0,0,-9.85,0.2793,0.19705,17432
1139,5,0,0,0,3,3,1,0,0,-8.45,0.2786,0.19705,17437
1140,5,0,0,0,3,1,1,0,0,-9.45,0.278,0.19671,17442
1141,19,0,0,0,9,2,2,1,0,-8.23,0.2774,0.19642,17461
1142,7,0,0,0,0,1,1,0,0,-9.34,0.2767,0.19642,17468
1143,6,0,0,0,3,1,1,0,0,-9.97,0.2761,0.19598,17474
1144,37,0,0,0,11,4,3,2,0,-4.64,0.2755,0.19557,17511
1145,41,0,0,0,8,6,4,2,0,-1.37,0.2748,0.19498,17552
1146,19,0,0,0,4,3,2,1,0,-5.83,0.2742,0.195,17571
1147,17,0,0,0,8,2,2,0,0,-8.29,0.2736,0.19477,17588
1148,8,0,0,0,3,1,1,0,0,-8.46,0.2729,0.19477,17596
1149,36,0,0,0,5,2,1,4,0,-6.52,0.2723,0.19383,17632
1150,5,0,0,0,0,0,0,1,0,-11.0,0.2717,0.19383,17637
1151,44,1,1,0,6,9,5,1,0,3.77,0.271,0.19332,17681
1152,8,0,0,0,1,1,1,0,0,-8.06,0.2704,0.19332,17689
1153,19,0,0,0,4,7,3,0,0,-2.98,0.2698,0.19324,17708
1154,39,0,0,0,4,6,3,2,0,-1.03,0.2691,0.19295,17747
1155,5,0,0,0,2,1,1,0,0,-8.8,0.2685,0.19295,17752
1156,6,0,0,0,1,2,1,0,0,-7.52,0.2679,0.19295,17758
1157,5,0,0,0,3,1,1,0,0,-9.95,0.2672,0.19271,17763
1158,21,0,0,0,4,3,2,1,0,-6.87,0.2666,0.19231,17784
1159,72,0,0,0,19,6,5,5,0,-1.04,0.266,0.19112,17856
1160,5,0,0,0,3,3,1,0,0,-8.95,0.2653,0.19112,17861
1161,42,0,0,0,15,8,5,1,0,-1.09,0.2647,0.19045,17903
1162,7,0,0,0,2,0,0,1,0,-9.89,0.2641,0.19036,17910
1163,5,0,0,0,3,2,1,0,0,-9.45,0.2634,0.19036,17915
1164,5,0,0,0,1,1,1,0,0,-8.8,0.2628,0.19012,17920
1165,14,0,0,0,4,5,2,0,0,-5.28,0.2622,0.19012,17934
1166,14,0,0,0,5,2,2,0,0,-8.08,0.2615,0.19002,17948
1167,20,0,0,0,4,4,3,0,0,-4.4,0.2609,0.18985,17968
1168,27,0,0,0,10,8,4,0,0,-1.89,0.2603,0.18979,17995
1169,67,0,0,0,16,10,7,2,0,4.11,0.2596,0.1927,18062
1170,6,0,0,0,1,1,1,0,0,-8.02,0.259,0.19348,18068
1171,5,0,0,0,3,2,1,0,0,-9.45,0.2584,0.19348,18073
1172,6,0,0,0,4,3,1,0,0,-9.02,0.2577,0.19348,18079
1173,7,0,0,0,2,3,1,0,0,-7.09,0.2571,0.19361,18086
1174,5,0,0,0,3,1,1,0,0,-9.95,0.2565,0.19361,18091
1175,5,0,0,0,0,2,1,0,0,-8.2,0.2558,0.19433,18096
1176,5,0,0,0,3,1,1,0,0,-9.95,0.2552,0.19433,18101
1177,6,0,0,0,4,1,1,0,0,-10.02,0.2546,0.19433,18107
1178,35,0,0,0,11,10,5,0,0,0.15,0.2539,0.19576,18142
1179,16,0,0,0,4,2,1,1,0,-9.37,0.2533,0.19666,18158
1180,13,0,0,0,3,2,2,0,0,-6.86,0.2527,0.19699,18171
1181,5,0,0,0,3,1,1,0,0,-9.45,0.252,0.19781,18176
1182,77,1,1,0,12,9,5,5,0,2.26,0.2514,0.19971,18253
1183,20,0,0,0,6,3,2,1,0,-6.25,0.2508,0.20075,18273
1184,20,0,0,0,1,4,2,1,0,-6.75,0.2501,0.20113,18293
1185,7,0,0,0,4,2,1,0,0,-9.54,0.2495,0.20113,18300
1186,5,0,0,0,3,2,1,0,0,-8.95,0.2489,0.20193,18305
1187,6,0,0,0,1,0,0,1,0,-9.57,0.2482,0.20193,18311
1188,13,0,0,0,1,2,2,0,0,-6.46,0.2476,0.20226,18324
1189,41,0,0,0,4,5,4,2,0,-1.27,0.247,0.20305,18365
1190,5,0,0,0,1,2,1,0,0,-7.75,0.2463,0.20361,18370
1191,5,0,0,0,3,2,1,0,0,-8.95,0.2457,0.20361,18375
1192,12,0,0,0,5,4,2,0,0,-6.39,0.2451,0.20472,18387
1193,7,0,0,0,0,2,1,0,0,-7.59,0.2444,0.20472,18394
1194,21,0,0,0,4,1,1,2,0,-8.42,0.2438,0.20517,18415
1195,12,0,0,0,5,2,2,0,0,-7.89,0.2432,0.20545,18427
1196,5,0,0,0,3,1,1,0,0,-9.45,0.2425,0.20595,18432
1197,34,1,1,0,10,3,2,3,0,-6.03,0.2419,0.20648,18466
1198,19,0,0,0,5,6,3,0,0,-4.38,0.2413,0.20693,18485
1199,21,0,0,0,2,2,2,1,0,-6.32,0.2406,0.20727,18506
1200,13,0,0,0,3,3,2,0,0,-5.31,0.24,0.20805,18519
1201,5,0,0,0,3,2,1,0,0,-9.45,0.2394,0.20805,18524
1202,5,0,0,0,1,1,1,0,0,-9.85,0.2387,0.2086,18529
1203,12,0,0,0,3,4,2,0,0,-6.14,0.2381,0.2086,18541
1204,13,0,0,0,6,1,1,1,0,-9.91,0.2375,0.20928,18554
1205,5,0,0,0,3,1,1,0,0,-9.95,0.2368,0.20928,18559
1206,5,0,0,0,1,0,0,1,0,-11.6,0.2362,0.20941,18564
1207,41,1,1,0,10,11,5,1,0,3.28,0.2356,0.21135,18605
1208,5,0,0,0,3,2,1,0,0,-9.45,0.2349,0.21225,18610
1209,5,0,0,0,1,1,1,0,0,-9.35,0.2343,0.21225,18615
1210,6,0,0,0,4,1,1,0,0,-9.52,0.2337,0.21225,18621
1211,20,0,0,0,3,3,2,1,0,-5.95,0.233,0.21345,18641
1212,5,0,0,0,3,2,1,0,0,-9.45,0.2324,0.21345,18646
1213,47,1,1,0,7,8,4,3,0,1.51,0.2318,0.21452,18693
1214,6,0,0,0,1,3,1,0,0,-6.52,0.2311,0.21452,18699
1215,12,1,1,0,3,3,2,0,0,-5.79,0.2305,0.21506,18711
1216,5,0,0,0,0,0,0,1,0,-10.45,0.2299,0.21506,18716
1217,6,0,0,0,1,1,1,0,0,-9.87,0.2292,0.21584,18722
1218,7,0,0,0,2,2,1,0,0,-7.99,0.2286,0.21584,18729
1219,29,2,2,0,10,7,4,0,0,0.32,0.228,0.21703,18758
1220,5,0,0,0,0,2,1,0,0,-8.2,0.2273,0.21703,18763
1221,5,0,0,0,2,0,0,1,0,-11.1,0.2267,0.21747,18768
1222,6,0,0,0,1,2,1,0,0,-7.02,0.2261,0.21747,18774
1223,21,0,0,0,4,3,3,0,0,-4.12,0.2254,0.21793,18795
1224,12,0,0,0,2,1,1,1,0,-8.99,0.2248,0.2183,18807
1225,55,0,0,0,12,17,8,0,0,10.1,0.2242,0.22045,18862
1226,19,0,0,0,2,4,2,1,0,-3.38,0.2235,0.22149,18881
1227,5,0,0,0,1,1,1,0,0,-8.75,0.2229,0.22149,18886
1228,27,0,0,0,8,6,3,1,0,-4.29,0.2223,0.22253,18913
1229,62,0,0,0,13,7,4,5,0,-0.79,0.2216,0.22391,18975
1230,5,0,0,0,1,1,1,0,0,-9.85,0.221,0.22419,18980
1231,42,0,0,0,11,16,4,2,0,3.11,0.2204,0.22597,19022
1232,8,0,0,0,1,1,1,0,0,-8.66,0.2197,0.22635,19030
1233,5,0,0,0,0,1,1,0,0,-8.2,0.2191,0.22635,19035
1234,6,0,0,0,1,1,1,0,0,-8.02,0.2185,0.2267,19041
1235,12,0,0,0,5,5,2,0,0,-6.39,0.2178,0.2267,19053
1236,5,0,0,0,1,0,0,1,0,-11.6,0.2172,0.22688,19058
1237,5,0,0,0,3,1,1,0,0,-9.95,0.2166,0.22688,19063
1238,12,0,0,0,2,1,1,1,0,-7.34,0.2159,0.22724,19075
1239,33,0,0,0,10,6,3,2,0,-2.96,0.2153,0.22835,19108
1240,6,0,0,0,3,1,1,0,0,-9.47,0.2147,0.22835,19114
1241,13,0,0,0,2,4,2,0,0,-6.21,0.214,0.22883,19127
1242,20,1,1,0,3,3,3,0,0,-2.2,0.2134,0.22899,19147
1243,5,0,0,0,3,2,1,0,0,-9.45,0.2128,0.2292,19152
1244,5,0,0,0,1,0,0,1,0,-11.6,0.2121,0.2292,19157
1245,20,0,0,0,4,6,3,0,0,-3.95,0.2115,0.2294,19177
1246,258,3,3,0,50,9,7,28,0,11.74,0.2109,0.23515,19435
1247,5,0,0,0,1,2,1,0,0,-8.25,0.2102,0.23613,19440
1248,42,1,1,0,7,11,6,0,0,5.11,0.2096,0.23708,19482
1249,5,0,0,0,1,1,1,0,0,-9.3,0.209,0.23708,19487
1250,13,0,0,0,6,4,2,0,0,-6.11,0.2083,0.23758,19500
1251,6,0,0,0,4,1,1,0,0,-10.02,0.2077,0.23766,19506
1252,14,0,0,0,2,0,0,2,0,-9.73,0.2071,0.23825,19520
1253,13,0,0,0,6,2,2,0,0,-8.11,0.2064,0.23825,19533
1254,5,0,0,0,3,1,1,0,0,-9.95,0.2058,0.23855,19538
1255,43,0,0,0,4,1,1,5,0,-7.76,0.2052,0.23934,19581
1256,5,0,0,0,2,2,1,0,0,-7.8,0.2045,0.23971,19586
1257,6,0,0,0,1,1,1,0,0,-8.27,0.2039,0.23971,19592
1258,29,0,0,0,11,1,1,3,0,-7.08,0.2033,0.2404,19621
1259,6,0,0,0,3,1,1,0,0,-9.47,0.2026,0.2404,19627
1260,6,0,0,0,3,1,1,0,0,-9.47,0.202,0.24074,19633
1261,14,0,0,0,4,2,1,1,0,-7.23,0.2014,0.24074,19647
1262,6,0,0,0,1,1,1,0,0,-7.87,0.2007,0.24141,19653
1263,15,0,0,0,4,7,2,0,0,-3.85,0.2001,0.24176,19668
1264,20,0,0,0,4,3,2,1,0,-6.55,0.1995,0.2425,19688
1265,5,0,0,0,3,2,1,0,0,-9.45,0.1988,0.2425,19693
1266,32,0,0,0,7,5,4,0,0,-3.04,0.1982,0.24304,19725
1267,7,0,0,0,1,1,1,0,0,-7.74,0.1976,0.24334,19732
1268,12,0,0,0,0,2,2,0,0,-5.64,0.1969,0.24363,19744
1269,5,0,0,0,0,1,1,0,0,-9.8,0.1963,0.24363,19749
1270,13,0,0,0,6,2,2,0,0,-8.11,0.1957,0.24367,19762
1271,101,1,1,0,14,21,10,4,0,15.88,0.195,0.24581,19863
1272,87,0,0,0,17,5,3,9,0,-1.74,0.1944,0.24671,19950
1273,5,0,0,0,3,2,1,0,0,-8.95,0.1938,0.24701,19955
1274,123,0,0,0,16,15,10,7,0,13.79,0.1931,0.24851,20078
1275,5,0,0,0,3,2,1,0,0,-9.45,0.1925,0.24869,20083
1276,29,0,0,0,10,6,3,1,0,-3.23,0.1919,0.24966,20112
1277,19,0,0,0,3,4,2,1,0,-4.33,0.1912,0.24992,20131
1278,6,0,0,0,3,1,1,0,0,-9.97,0.1906,0.24992,20137
1279,6,0,0,0,1,0,0,1,0,-9.62,0.19,0.24992,20143
1280,12,0,0,0,2,2,2,0,0,-6.54,0.1893,0.25002,20155
1281,13,0,0,0,3,5,2,0,0,-4.21,0.1887,0.25029,20168
1282,5,0,0,0,3,1,1,0,0,-9.95,0.1881,0.25029,20173
1283,20,0,0,0,8,5,3,0,0,-5.45,0.1874,0.25084,20193
1284,12,0,0,0,4,1,1,1,0,-8.94,0.1868,0.25084,20205
1285,166,1,1,0,43,11,5,18,0,4.78,0.1862,0.25394,20371
1286,6,0,0,0,3,1,1,0,0,-9.97,0.1855,0.25394,20377
1287,48,1,1,0,6,10,7,0,0,6.49,0.1849,0.25497,20425
1288,5,0,0,0,3,2,1,0,0,-9.45,0.1843,0.25497,20430
1289,5,0,0,0,0,1,1,0,0,-7.8,0.1836,0.25538,20435
1290,259,0,0,0,23,25,11,22,0,22.37,0.183,0.26308,20694
1291,52,0,0,0,4,4,3,1,0,-5.64,0.1824,0.264,20746
1292,5,0,0,0,3,1,1,0,0,-9.95,0.1817,0.264,20751
1293,14,0,0,0,2,3,2,0,0,-5.68,0.1811,0.26436,20765
1294,55,1,1,0,11,7,3,0,0,-3.0,0.1805,0.26575,20820
1295,34,0,0,0,8,3,3,2,0,-5.83,0.1798,0.26632,20854
1296,72,0,0,0,67,1,1,0,0,-14.49,0.1792,0.26816,20926
1297,12,0,0,0,2,0,0,2,0,-11.14,0.1786,0.26868,20938
1298,5,0,0,0,1,2,1,0,0,-8.25,0.1779,0.26868,20943
1299,14,0,0,0,2,4,2,0,0,-4.93,0.1773,0.2691,20957
1300,46,0,0,0,17,6,3,2,0,-3.67,0.1767,0.27029,21003
1301,19,0,0,0,3,7,3,0,0,-2.03,0.176,0.27072,21022
1302,42,0,0,0,6,6,4,2,0,-1.59,0.1754,0.27161,21064
1303,38,1,1,0,19,4,2,1,0,-4.11,0.1748,0.27226,21102
1304,13,0,0,0,4,4,1,1,0,-8.31,0.1741,0.27237,21115
1305,5,0,0,0,0,3,1,0,0,-6.8,0.1735,0.27258,21120
1306,20,0,0,0,3,4,2,1,0,-5.0,0.1729,0.27325,21140
1307,19,1,1,0,2,6,3,0,0,-0.98,0.1722,0.27329,21159
1308,19,0,0,0,4,3,2,1,0,-7.38,0.1716,0.27318,21178
1309,5,0,0,0,3,1,1,0,0,-9.95,0.171,0.27318,21183
1310,19,0,0,0,7,7,3,0,0,-3.33,0.1703,0.27343,21202
1311,12,0,0,0,5,4,2,0,0,-6.89,0.1697,0.27343,21214
1312,19,0,0,0,14,1,1,0,0,-8.93,0.1691,0.27442,21233
1313,104,0,0,0,26,24,10,3,0,18.32,0.1684,0.27589,21337
1314,22,0,0,0,3,5,3,0,0,-4.34,0.1678,0.2761,21359
1315,153,0,0,0,79,5,4,6,0,-4.86,0.1672,0.27955,21512
1316,5,0,0,0,2,1,1,0,0,-9.9,0.1665,0.27955,21517
1317,20,2,2,0,6,4,3,0,0,-2.15,0.1659,0.28014,21537
1318,5,0,0,0,2,0,0,1,0,-11.6,0.1653,0.28014,21542
1319,33,0,0,0,10,8,3,2,0,-2.26,0.1646,0.281,21575
1320,26,1,1,0,1,3,2,2,0,-5.27,0.164,0.28121,21601
1321,157,0,0,0,33,14,8,14,0,9.91,0.1634,0.28447,21758
1322,18,0,0,0,10,4,2,0,0,-6.76,0.1627,0.28512,21776
1323,62,0,0,0,11,13,8,1,0,10.01,0.1621,0.28669,21838
1324,27,0,0,0,20,4,2,0,0,-8.09,0.1615,0.28666,21865
1325,63,1,1,0,17,17,9,0,0,12.79,0.1608,0.28751,21928
1326,21,1,1,0,2,4,2,1,0,-3.32,0.1602,0.28755,21949
1327,5,0,0,0,3,2,1,0,0,-9.45,0.1596,0.28768,21954
1328,64,0,0,0,22,10,6,1,0,2.17,0.1589,0.28904,22018
1329,66,0,0,0,45,4,2,1,0,-7.47,0.1583,0.29065,22084
1330,5,0,0,0,1,1,1,0,0,-9.85,0.1577,0.29065,22089
1331,17,0,0,0,14,2,1,0,0,-10.24,0.157,0.29102,22106
1332,93,0,0,0,22,11,6,5,0,2.49,0.1564,0.29244,22199
1333,13,0,0,0,3,3,2,0,0,-7.46,0.1558,0.29276,22212
1334,12,0,0,0,5,3,1,1,0,-8.64,0.1551,0.29281,22224
1335,13,0,0,0,6,3,2,0,0,-6.96,0.1545,0.29281,22237
1336,20,0,0,0,4,5,2,1,0,-5.45,0.1539,0.29346,22257
1337,5,0,0,0,3,2,1,0,0,-9.45,0.1532,0.29346,22262
1338,40,0,0,0,7,3,2,4,0,-6.2,0.1526,0.29401,22302
1339,6,0,0,0,1,1,1,0,0,-7.87,0.152,0.29432,22308
1340,5,0,0,0,1,1,1,0,0,-9.35,0.1513,0.29432,22313
1341,26,0,0,0,6,7,4,0,0,-1.42,0.1507,0.29484,22339
1342,127,1,1,0,40,32,13,2,0,28.26,0.1501,0.29766,22466
1343,5,0,0,0,0,0,0,1,0,-11.55,0.1494,0.29766,22471
1344,19,1,1,0,3,4,2,0,0,-5.03,0.1488,0.29805,22490
1345,14,0,0,0,0,5,2,0,0,-5.48,0.1482,0.29813,22504
1346,80,0,0,0,8,4,4,7,0,-0.9,0.1475,0.30009,22584
1347,54,0,0,0,8,2,1,6,0,-7.33,0.1469,0.30082,22638
1348,54,1,1,0,34,6,3,1,0,-2.83,0.1463,0.30246,22692
1349,39,1,1,0,17,5,3,2,0,-3.68,0.1456,0.30298,22731
1350,19,0,0,0,7,6,3,0,0,-3.83,0.145,0.30361,22750
1351,33,0,0,0,7,11,5,0,0,1.74,0.1444,0.30431,22783
1352,15,0,0,0,5,2,1,1,0,-9.4,0.1437,0.30444,22798
1353,5,0,0,0,3,2,1,0,0,-9.45,0.1431,0.30464,22803
1354,19,0,0,0,5,5,3,0,0,-4.28,0.1425,0.30457,22822
1355,19,0,0,0,4,4,2,1,0,-5.88,0.1418,0.3049,22841
1356,20,0,0,0,2,2,2,1,0,-7.25,0.1412,0.30509,22861
1357,21,0,0,0,9,8,3,0,0,-3.87,0.1406,0.30608,22882
1358,5,0,0,0,1,1,1,0,0,-9.85,0.1399,0.30608,22887
1359,5,0,0,0,3,1,1,0,0,-9.95,0.1393,0.30608,22892
1360,5,0,0,0,3,2,1,0,0,-9.45,0.1387,0.3065,22897
1361,80,2,2,0,40,8,6,2,0,3.95,0.138,0.3084,22977
1362,35,0,0,0,25,3,1,1,0,-9.8,0.1374,0.30916,23012
1363,42,0,0,0,16,7,4,0,0,-1.79,0.1368,0.31021,23054
1364,12,0,0,0,0,5,2,0,0,-5.49,0.1361,0.31048,23066
1365,53,0,0,0,34,6,3,0,0,-4.41,0.1355,0.31129,23119
1366,5,0,0,0,3,2,1,0,0,-9.45,0.1349,0.31176,23124
1367,41,0,0,0,7,10,5,1,0,3.58,0.1342,0.31245,23165
1368,5,0,0,0,0,2,1,0,0,-7.3,0.1336,0.31275,23170
1369,20,0,0,0,1,4,2,1,0,-4.25,0.133,0.31327,23190
1370,47,1,1,0,13,13,7,0,0,8.21,0.1323,0.31464,23237
1371,5,0,0,0,3,2,1,0,0,-9.45,0.1317,0.31464,23242
1372,5,0,0,0,3,1,1,0,0,-9.95,0.1311,0.31464,23247
1373,98,1,1,0,37,16,8,4,0,10.29,0.1304,0.31785,23345
1374,13,0,0,0,6,4,2,0,0,-6.96,0.1298,0.31785,23358
1375,21,0,0,0,9,6,3,0,0,-5.57,0.1292,0.31868,23379
1376,6,0,0,0,0,1,1,0,0,-9.32,0.1285,0.31868,23385
1377,5,0,0,0,3,3,1,0,0,-8.95,0.1279,0.31868,23390
1378,19,0,0,0,6,1,1,2,0,-9.28,0.1273,0.31966,23409
1379,150,3,3,0,24,23,9,12,0,22.4,0.1266,0.32247,23559
1380,26,0,0,0,4,3,3,1,0,-3.32,0.126,0.32307,23585
1381,220,0,0,0,64,8,5,16,0,2.25,0.1254,0.32725,23805
1382,63,0,0,0,42,7,3,1,0,-4.46,0.1247,0.32862,23868
1383,5,0,0,0,3,2,1,0,0,-8.95,0.1241,0.32878,23873
1384,6,0,0,0,3,1,1,0,0,-9.97,0.1235,0.32878,23879
1385,45,0,0,0,15,8,6,0,0,2.7,0.1228,0.32983,23924
1386,5,0,0,0,0,1,1,0,0,-7.8,0.1222,0.32983,23929
1387,6,0,0,0,1,1,1,0,0,-8.02,0.1216,0.32983,23935
1388,5,0,0,0,2,1,1,0,0,-9.9,0.1209,0.33007,23940
1389,40,0,0,0,17,5,2,2,0,-5.75,0.1203,0.33068,23980
1390,12,0,0,0,5,3,2,0,0,-7.39,0.1197,0.33085,23992
1391,12,0,0,0,4,1,1,1,0,-9.54,0.119,0.33132,24004
1392,33,0,0,0,5,6,4,1,0,-1.71,0.1184,0.33218,24037
1393,40,0,0,0,2,4,3,3,0,-4.4,0.1178,0.33272,24077
1394,5,0,0,0,0,1,1,0,0,-8.15,0.1171,0.33319,24082
1395,5,0,0,0,3,1,1,0,0,-9.95,0.1165,0.33319,24087
1396,174,0,0,0,104,5,4,7,0,-7.08,0.1159,0.33715,24261
1397,7,0,0,0,2,1,1,0,0,-8.49,0.1152,0.33715,24268
1398,28,0,0,0,19,2,1,1,0,-10.01,0.1146,0.33777,24296
1399,20,1,1,0,5,2,2,1,0,-4.2,0.114,0.33787,24316
1400,28,0,0,0,5,6,2,2,0,-5.36,0.1133,0.3384,24344
1401,329,4,4,0,62,34,17,26,0,43.82,0.1127,0.34406,24673
1402,26,2,2,0,7,6,3,1,0,-0.47,0.1121,0.34438,24699
1403,12,0,0,0,3,2,1,1,0,-8.44,0.1114,0.34463,24711
1404,77,0,0,0,46,6,4,1,0,-3.79,0.1108,0.34602,24788
1405,5,0,0,0,3,2,1,0,0,-8.95,0.1102,0.34602,24793
1406,19,0,0,0,5,7,3,0,0,-2.93,0.1095,0.34597,24812
1407,5,0,0,0,1,1,1,0,0,-9.85,0.1089,0.34608,24817
1408,52,0,0,0,23,9,4,1,0,0.51,0.1083,0.34715,24869
1409,59,1,1,0,10,12,6,1,0,7.62,0.1076,0.34845,24928
1410,61,1,1,0,13,14,6,3,0,6.98,0.107,0.34911,24989
1411,66,0,0,0,11,12,6,3,0,5.93,0.1064,0.35004,25055
1412,35,0,0,0,9,10,3,2,0,-1.45,0.1057,0.35049,25090
1413,71,0,0,0,25,13,5,3,0,4.18,0.1051,0.35115,25161
1414,5,0,0,0,3,2,1,0,0,-9.45,0.1045,0.35115,25166
1415,19,0,0,0,5,5,2,1,0,-5.48,0.1038,0.35168,25185
1416,6,0,0,0,1,1,1,0,0,-8.62,0.1032,0.35168,25191
1417,63,1,1,0,14,5,3,6,0,0.04,0.1026,0.35292,25254
1418,32,0,0,0,9,5,4,0,0,-3.54,0.1019,0.35346,25286
1419,5,0,0,0,1,1,1,0,0,-9.85,0.1013,0.35346,25291
1420,14,0,0,0,2,3,2,0,0,-5.68,0.1007,0.35396,25305
1421,5,0,0,0,3,1,1,0,0,-9.95,0.1,0.35396,25310
1422,30,1,1,0,9,8,4,0,0,0.0,0.0994,0.35489,25340
1423,97,2,2,0,23,24,11,0,0,21.16,0.0988,0.35669,25437
1424,5,0,0,0,3,2,1,0,0,-9.45,0.0981,0.35706,25442
1425,40,0,0,0,8,5,3,2,0,-4.85,0.0975,0.35743,25482
1426,133,0,0,0,94,11,5,1,0,-3.51,0.0969,0.35942,25615
1427,6,0,0,0,1,2,1,0,0,-7.37,0.0962,0.35968,25621
1428,47,1,1,0,12,10,5,2,0,4.91,0.0956,0.3608,25668
1429,50,0,0,0,17,13,6,0,0,3.65,0.095,0.36225,25718
1430,55,0,0,0,7,9,6,2,0,4.95,0.0943,0.36337,25773
1431,5,0,0,0,1,0,0,1,0,-10.5,0.0937,0.36381,25778
1432,19,0,0,0,5,3,3,0,0,-6.13,0.0931,0.36403,25797
1433,64,0,0,0,52,4,2,0,0,-7.93,0.0924,0.36558,25861
1434,47,0,0,0,5,7,5,2,0,-0.14,0.0918,0.36631,25908
1435,23,0,0,0,0,6,3,0,0,-1.56,0.0912,0.36668,25931
1436,12,0,0,0,5,2,1,1,0,-9.14,0.0905,0.36668,25943
1437,20,0,0,0,4,4,3,0,0,-4.1,0.0899,0.36694,25963
1438,5,0,0,0,0,0,0,1,0,-9.55,0.0893,0.36737,25968
1439,36,0,0,0,5,6,4,1,0,0.03,0.0886,0.367,26004
1440,5,0,0,0,3,2,1,0,0,-9.45,0.088,0.367,26009
1441,5,0,0,0,3,3,1,0,0,-8.45,0.0874,0.367,26014
1442,58,0,0,0,13,14,7,1,0,7.89,0.0867,0.36434,26072
1443,314,2,2,0,47,32,16,27,0,40.82,0.0861,0.35555,26386
1444,14,0,0,0,1,2,2,0,0,-5.98,0.0855,0.35509,26400
1445,20,0,0,0,8,4,3,0,0,-4.4,0.0848,0.35472,26420
1446,35,0,0,0,7,5,4,1,0,-3.55,0.0842,0.35443,26455
1447,33,0,0,0,9,5,3,1,0,-4.01,0.0836,0.35338,26488
1448,69,0,0,0,10,13,5,5,0,3.77,0.0829,0.35179,26557
1449,5,0,0,0,0,0,0,1,0,-11.55,0.0823,0.35162,26562
1450,5,0,0,0,3,1,1,0,0,-9.95,0.0817,0.35162,26567
1451,5,0,0,0,3,1,1,0,0,-9.45,0.081,0.35162,26572
1452,6,0,0,0,3,1,1,0,0,-9.97,0.0804,0.35114,26578
1453,33,0,0,0,9,9,5,0,0,-0.41,0.0798,0.34961,26611
1454,19,0,0,0,5,8,3,0,0,-2.63,0.0791,0.34893,26630
1455,12,0,0,0,4,3,1,1,0,-8.04,0.0785,0.34855,26642
1456,38,0,0,0,16,8,4,0,0,0.14,0.0779,0.34811,26680
1457,21,0,0,0,6,7,3,0,0,-1.87,0.0772,0.34848,26701
1458,5,0,0,0,1,0,0,1,0,-11.6,0.0766,0.34798,26706
1459,20,0,0,0,5,4,3,0,0,-3.25,0.076,0.34734,26726
1460,5,0,0,0,1,0,0,1,0,-11.6,0.0753,0.34734,26731
1461,5,0,0,0,1,1,1,0,0,-9.85,0.0747,0.34682,26736
1462,5,0,0,0,3,1,1,0,0,-9.95,0.0741,0.34682,26741
1463,12,0,0,0,5,4,2,0,0,-6.89,0.0734,0.3464,26753
1464,120,4,4,0,30,38,14,1,0,33.95,0.0728,0.34399,26873
1465,26,0,0,0,3,5,2,2,0,-5.07,0.0722,0.34275,26899
1466,351,1,1,0,54,26,15,30,0,36.53,0.0715,0.3367,27250
1467,19,1,1,0,2,6,3,0,0,-0.08,0.0709,0.33674,27269
1468,75,0,0,0,51,5,3,1,0,-6.2,0.0703,0.33494,27344
1469,5,0,0,0,3,1,1,0,0,-9.95,0.0696,0.33494,27349
1470,40,0,0,0,7,7,3,3,0,-2.9,0.069,0.33434,27389
1471,27,2,2,0,6,7,3,1,0,0.41,0.0684,0.33405,27416
1472,56,0,0,0,8,10,4,4,0,1.63,0.0677,0.33141,27472
1473,28,0,0,0,9,8,4,0,0,-1.86,0.0671,0.33136,27500
1474,35,0,0,0,4,7,3,2,0,-1.1,0.0665,0.33121,27535
1475,26,0,0,0,9,7,3,1,0,-3.22,0.0658,0.3306,27561
1476,5,0,0,0,3,1,1,0,0,-9.95,0.0652,0.3306,27566
1477,183,0,0,0,37,10,5,16,0,4.24,0.0646,0.32866,27749
1478,256,1,1,0,43,23,14,22,0,31.03,0.0639,0.32592,28005
1479,14,1,1,0,4,4,2,0,0,-3.93,0.0633,0.32575,28019
1480,68,0,0,0,18,4,4,6,0,-0.46,0.0627,0.32554,28087
1481,240,1,1,0,39,9,6,27,0,13.1,0.062,0.32258,28327
1482,5,0,0,0,0,2,1,0,0,-8.8,0.0614,0.32258,28332
1483,34,0,0,0,10,6,3,2,0,-4.13,0.0608,0.32212,28366
1484,5,0,0,0,1,1,1,0,0,-9.85,0.0601,0.32192,28371
1485,26,0,0,0,4,2,1,3,0,-6.77,0.0595,0.32182,28397
1486,277,2,2,0,100,23,15,12,0,26.81,0.0589,0.31576,28674
1487,191,2,2,0,35,24,13,8,0,25.68,0.0582,0.3133,28865
1488,5,0,0,0,3,2,1,0,0,-8.95,0.0576,0.3133,28870
1489,113,1,1,0,18,23,11,5,0,21.34,0.057,0.3118,28983
1490,5,0,0,0,3,2,1,0,0,-9.45,0.0563,0.3118,28988
1491,28,1,1,0,7,8,4,0,0,-0.06,0.0557,0.31172,29016
1492,35,0,0,0,10,7,5,0,0,-1.25,0.0551,0.31149,29051
1493,110,0,0,0,11,20,11,4,0,20.7,0.0544,0.30996,29161
1494,12,0,0,0,3,2,1,1,0,-8.54,0.0538,0.30979,29173
1495,313,1,1,0,152,19,10,13,0,11.19,0.0532,0.30629,29486
1496,13,0,0,0,4,6,2,0,0,-6.01,0.0525,0.30606,29499
1497,54,0,0,0,5,12,5,2,0,3.77,0.0519,0.30555,29553
1498,12,0,0,0,3,3,2,0,0,-7.14,0.0513,0.30555,29565
1499,13,1,1,0,4,3,2,0,0,-3.86,0.0506,0.30538,29578
1500,140,1,1,0,28,16,7,1,0,9.4,0.05,0.30402,29718
1501,62,1,1,0,14,14,7,2,0,8.21,0.05,0.30334,29780
1502,86,2,2,0,22,12,7,5,0,11.63,0.05,0.30197,29866
1503,401,3,3,0,114,19,12,16,0,27.43,0.05,0.29811,30266
1504,76,0,0,0,16,25,10,1,0,16.18,0.05,0.29709,30342
1505,27,0,0,0,5,11,4,0,0,1.91,0.05,0.2966,30369
1506,353,0,0,0,67,19,8,31,0,15.49,0.05,0.29292,30722
1507,134,3,3,0,19,22,10,9,0,24.17,0.05,0.29197,30856
1508,5,0,0,0,3,2,1,0,0,-9.45,0.05,0.29197,30861
1509,180,1,1,0,116,11,5,5,0,-1.35,0.05,0.28921,31041
1510,5,0,0,0,3,2,1,0,0,-8.95,0.05,0.28921,31046
1511,191,0,0,0,139,11,6,2,0,-4.17,0.05,0.28743,31237
1512,5,0,0,0,0,1,1,0,0,-8.7,0.05,0.28743,31242
1513,47,0,0,0,13,6,5,2,0,-0.74,0.05,0.28631,31289
1514,279,3,3,0,36,23,10,27,0,26.12,0.05,0.28241,31568
1515,188,1,1,0,131,16,6,2,0,0.49,0.05,0.28126,31756
1516,19,0,0,0,3,4,3,0,0,-5.28,0.05,0.28115,31775
1517,146,0,0,0,25,11,7,14,0,8.33,0.05,0.27948,31921
1518,12,0,0,0,1,2,2,0,0,-7.14,0.05,0.27948,31933
1519,401,3,3,0,169,27,12,9,0,24.28,0.05,0.27593,32333
1520,13,0,0,0,3,5,2,0,0,-3.81,0.05,0.27593,32346
1521,54,1,1,0,11,11,6,2,0,6.17,0.05,0.27555,32400
1522,35,0,0,0,6,9,4,1,0,-0.25,0.05,0.27535,32435
1523,287,1,1,0,104,15,11,14,0,14.71,0.05,0.27323,32722
1524,401,2,2,0,113,25,15,27,0,38.88,0.05,0.27188,33122
1525,122,0,0,0,6,3,3,0,0,-6.84,0.05,0.27089,33244
1526,20,0,0,0,6,7,3,0,0,-3.3,0.05,0.27044,33264
1527,5,0,0,0,3,3,1,0,0,-8.95,0.05,0.27044,33269
1528,20,0,0,0,5,3,3,0,0,-5.75,0.05,0.27069,33289
1529,6,0,0,0,1,1,1,0,0,-9.87,0.05,0.27069,33295
1530,19,0,0,0,4,3,2,1,0,-7.33,0.05,0.27,33314
1531,5,0,0,0,0,1,1,0,0,-9.8,0.05,0.27,33319
1532,5,0,0,0,3,1,1,0,0,-9.95,0.05,0.27,33324
1533,5,0,0,0,3,1,1,0,0,-9.95,0.05,0.26979,33329
1534,20,1,1,0,5,4,3,0,0,-1.4,0.05,0.26961,33349
1535,26,0,0,0,9,8,3,1,0,-2.02,0.05,0.26953,33375
1536,69,0,0,0,12,9,5,4,0,2.17,0.05,0.26877,33444
1537,183,1,1,0,125,7,5,4,0,-5.56,0.05,0.26817,33627
1538,5,0,0,0,3,1,1,0,0,-9.95,0.05,0.26831,33632
1539,42,1,1,0,7,7,4,1,0,0.01,0.05,0.26775,33674
1540,12,0,0,0,0,3,2,0,0,-5.54,0.05,0.26746,33686
1541,12,0,0,0,3,6,2,0,0,-5.29,0.05,0.26719,33698
1542,21,0,0,0,3,7,3,0,0,-3.67,0.05,0.26689,33719
1543,28,0,0,0,5,7,4,0,0,-2.91,0.05,0.26678,33747
1544,138,1,1,0,23,28,11,8,0,26.99,0.05,0.26611,33885
1545,5,0,0,0,1,2,1,0,0,-8.85,0.05,0.26609,33890
1546,113,2,2,0,27,19,11,4,0,18.24,0.05,0.2659,34003
1547,5,0,0,0,1,1,1,0,0,-9.85,0.05,0.2659,34008
1548,5,0,0,0,3,1,1,0,0,-9.95,0.05,0.2659,34013
1549,176,0,0,0,32,22,10,14,0,21.18,0.05,0.26872,34189
1550,401,1,1,0,29,22,11,14,0,28.18,0.05,0.27234,34589
1551,62,2,2,0,13,18,8,1,0,15.01,0.05,0.2729,34651
1552,70,0,0,0,22,4,3,7,0,-2.2,0.05,0.27256,34721
1553,33,2,2,0,11,11,5,0,0,4.64,0.05,0.2725,34754
1554,5,0,0,0,0,2,1,0,0,-6.8,0.05,0.2725,34759
1555,401,2,2,0,91,22,11,5,0,22.38,0.05,0.27435,35159
1556,167,2,2,0,26,16,10,11,0,17.36,0.05,0.27418,35326
1557,5,0,0,0,3,2,1,0,0,-9.45,0.05,0.27386,35331
1558,5,0,0,0,3,3,1,0,0,-8.95,0.05,0.27386,35336
1559,100,1,1,0,23,5,4,9,0,-0.3,0.05,0.27419,35436
1560,5,0,0,0,2,0,0,1,0,-11.65,0.05,0.27431,35441
1561,237,1,1,0,43,19,13,16,0,21.96,0.05,0.27531,35678
1562,258,4,4,0,32,25,15,16,0,34.19,0.05,0.27544,35936
1563,117,3,3,0,21,19,10,6,0,18.51,0.05,0.27546,36053
1564,401,0,0,0,77,19,11,27,0,28.28,0.05,0.27801,36453
1565,401,0,0,0,26,16,13,16,0,26.58,0.05,0.27942,36853
1566,150,1,1,0,102,7,5,4,0,-3.65,0.05,0.27967,37003
1567,401,0,0,0,128,7,3,16,0,1.08,0.05,0.282,37403
1568,26,0,0,0,7,8,3,1,0,-2.37,0.05,0.28244,37429
1569,28,0,0,0,5,8,3,1,0,-2.91,0.05,0.28259,37457
1570,100,1,1,0,73,7,3,3,0,-5.65,0.05,0.282,37557
1571,56,0,0,0,8,6,3,5,0,-0.82,0.05,0.28124,37613
1572,13,0,0,0,3,3,2,0,0,-5.31,0.05,0.28147,37626
1573,19,0,0,0,2,4,2,1,0,-4.43,0.05,0.28146,37645
1574,170,2,2,0,23,11,8,8,0,10.55,0.05,0.28327,37815
1575,87,2,2,0,13,7,7,5,0,7.06,0.05,0.28446,37902
1576,19,0,0,0,7,3,3,0,0,-5.98,0.05,0.2848,37921
1577,5,0,0,0,0,0,0,1,0,-11.55,0.05,0.2848,37926
1578,34,0,0,0,9,2,2,3,0,-5.38,0.05,0.28522,37960
1579,401,1,1,0,20,13,8,12,0,16.98,0.05,0.28747,38360
1580,5,0,0,0,0,3,1,0,0,-6.8,0.05,0.28747,38365
1581,12,0,0,0,5,4,2,0,0,-6.39,0.05,0.28726,38377
1582,353,1,1,0,30,14,8,25,0,12.74,0.05,0.28749,38730
1583,5,0,0,0,0,0,0,1,0,-11.55,0.05,0.28749,38735
1584,40,0,0,0,10,9,4,2,0,1.7,0.05,0.2874,38775
1585,40,1,1,0,10,12,5,1,0,6.55,0.05,0.28726,38815
1586,401,1,1,0,41,18,10,14,0,22.88,0.05,0.28875,39215
1587,206,2,2,0,90,13,7,7,0,5.33,0.05,0.28935,39421
1588,401,1,1,0,168,9,4,18,0,3.68,0.05,0.29192,39821
1589,240,0,0,0,148,6,5,10,0,-7.25,0.05,0.29128,40061
1590,401,0,0,0,234,15,9,12,0,8.43,0.05,0.29115,40461
1591,12,0,0,0,5,5,2,0,0,-5.89,0.05,0.29113,40473
1592,401,0,0,0,290,8,4,6,0,-8.77,0.05,0.29252,40873
1593,401,4,4,0,72,38,26,15,0,62.78,0.05,0.292,41273
1594,29,0,0,0,11,2,1,3,0,-7.88,0.05,0.29184,41302
1595,12,0,0,0,3,3,2,0,0,-5.69,0.05,0.2918,41314
1596,281,1,1,0,91,13,8,23,0,7.53,0.05,0.29293,41595
1597,154,1,1,0,76,24,11,1,0,18.27,0.05,0.29328,41749
1598,136,1,1,0,27,14,9,10,0,14.73,0.05,0.29248,41885
1599,128,0,0,0,21,10,7,8,0,6.69,0.05,0.29229,42013
1600,401,0,0,0,34,11,7,11,0,11.58,0.05,0.28446,42413
1601,47,1,1,0,5,10,5,2,0,4.01,0.05,0.28375,42460
1602,12,0,0,0,5,4,2,0,0,-6.89,0.05,0.28387,42472
1603,5,0,0,0,1,1,1,0,0,-9.85,0.05,0.28387,42477
1604,401,1,1,0,54,10,9,19,0,17.33,0.05,0.27981,42877
1605,5,0,0,0,0,0,0,1,0,-11.55,0.05,0.27967,42882
1606,401,0,0,0,334,16,7,3,0,-2.87,0.05,0.27743,43282
1607,263,1,1,0,58,18,10,11,0,13.14,0.05,0.27684,43545
1608,401,5,5,0,115,22,13,16,0,30.53,0.05,0.27314,43945
1609,390,1,1,0,135,26,14,21,0,19.0,0.05,0.26897,44335
1610,79,1,1,0,6,7,4,7,0,0.92,0.05,0.26903,44414
1611,5,0,0,0,3,2,1,0,0,-9.45,0.05,0.26912,44419
1612,401,3,3,0,136,21,13,30,0,33.23,0.05,0.26546,44819
1613,373,3,3,0,89,20,10,7,0,11.79,0.05,0.26341,45192
1614,401,0,0,0,61,8,5,2,0,1.88,0.05,0.2612,45592
1615,36,1,1,0,9,5,4,1,0,0.23,0.05,0.26129,45628
1616,245,1,1,0,56,16,10,13,0,14.3,0.05,0.25758,45873
1617,401,0,0,0,109,18,11,15,0,19.43,0.05,0.25333,46273
1618,236,0,0,0,50,7,4,18,0,-0.02,0.05,0.2514,46509
1619,401,3,3,0,113,28,19,13,0,41.63,0.05,0.24984,46909
1620,5,0,0,0,3,1,1,0,0,-9.95,0.05,0.24964,46914
1621,204,0,0,0,36,9,6,7,0,-1.28,0.05,0.24844,47118
1622,287,2,2,0,144,18,13,8,0,13.51,0.05,0.24681,47405
1623,118,0,0,0,29,4,2,15,0,-2.26,0.05,0.24643,47523
1624,5,0,0,0,1,0,0,1,0,-11.6,0.05,0.24643,47528
1625,61,0,0,0,14,10,7,2,0,5.43,0.05,0.24526,47589
1626,213,3,3,0,21,11,8,3,0,8.34,0.05,0.24366,47802
1627,36,0,0,0,12,9,5,0,0,-0.02,0.05,0.24327,47838
1628,306,2,2,0,55,10,8,21,0,6.28,0.05,0.24234,48144
1629,401,2,2,0,37,20,8,24,0,26.28,0.05,0.24041,48544
1630,401,3,3,0,25,28,15,18,0,38.43,0.05,0.23685,48944
1631,94,0,0,0,31,9,4,2,0,-2.98,0.05,0.23625,49038
1632,58,1,1,0,11,9,7,0,0,5.04,0.05,0.23615,49096
1633,401,2,2,0,76,21,17,33,0,42.73,0.05,0.23437,49496
1634,15,0,0,0,2,2,2,0,0,-5.7,0.05,0.23419,49511
1635,401,1,1,0,28,17,13,19,0,29.83,0.05,0.2316,49911
1636,227,0,0,0,75,22,10,14,0,14.36,0.05,0.23184,50000
1637,401,2,2,0,298,15,7,7,0,1.83,0.05,0.23338,50000
1638,33,1,1,0,6,6,2,3,0,-1.51,0.05,0.23362,50000
1639,152,1,1,0,17,22,13,9,0,23.96,0.05,0.23408,50000
1640,5,0,0,0,1,0,0,1,0,-10.5,0.05,0.23408,50000
1641,12,0,0,0,3,3,2,0,0,-6.19,0.05,0.23411,50000
1642,401,0,0,0,117,15,11,26,0,18.53,0.05,0.23614,50000
1643,5,0,0,0,1,0,0,1,0,-11.6,0.05,0.23614,50000
1644,401,5,5,0,122,30,21,19,0,50.93,0.05,0.23825,50000
1645,401,3,3,0,148,27,15,16,0,34.43,0.05,0.24078,50000
1646,41,1,1,0,8,8,5,1,0,1.68,0.05,0.24138,50000
1647,26,0,0,0,7,2,2,2,0,-5.97,0.05,0.24158,50000
1648,6,0,0,0,1,1,1,0,0,-7.87,0.05,0.24221,50000
1649,267,3,3,0,39,22,13,23,0,32.86,0.05,0.24397,50000
1650,282,2,2,0,46,24,17,19,0,34.56,0.05,0.24492,50000
1651,41,0,0,0,12,4,4,2,0,-2.97,0.05,0.24552,50000
1652,75,0,0,0,51,7,4,0,0,-2.7,0.05,0.24624,50000
1653,26,0,0,0,1,8,4,0,0,-0.67,0.05,0.24629,50000
1654,56,0,0,0,12,7,3,5,0,-3.72,0.05,0.24688,50000
1655,401,1,1,0,16,10,8,13,0,17.98,0.05,0.24798,50000
1656,5,0,0,0,1,0,0,1,0,-11.6,0.05,0.24788,50000
1657,5,0,0,0,2,1,1,0,0,-9.4,0.05,0.24788,50000
1658,217,2,2,0,15,20,12,17,0,24.86,0.05,0.2485,50000
1659,401,3,3,0,111,27,12,24,0,34.28,0.05,0.25111,50000
1660,269,2,2,0,37,22,11,5,0,18.17,0.05,0.2526,50000
1661,20,0,0,0,9,7,3,0,0,-4.25,0.05,0.25289,50000
1662,222,3,3,0,26,20,13,15,0,28.96,0.05,0.25486,50000
1663,161,0,0,0,97,10,8,2,0,2.13,0.05,0.25519,50000
1664,40,0,0,0,6,5,3,3,0,-2.55,0.05,0.25574,50000
1665,401,3,3,0,149,14,10,6,0,16.73,0.05,0.25526,50000
1666,6,0,0,0,1,3,1,0,0,-7.02,0.05,0.25526,50000
1667,130,1,1,0,62,17,9,3,0,9.85,0.05,0.25592,50000
1668,89,2,2,0,17,13,8,4,0,10.27,0.05,0.25649,50000
1669,99,1,1,0,10,14,8,1,0,10.72,0.05,0.25711,50000
1670,161,0,0,0,79,26,14,4,0,22.23,0.05,0.2589,50000
1671,69,1,1,0,7,15,7,3,0,10.52,0.05,0.25931,50000
1672,214,2,2,0,42,27,14,14,0,32.22,0.05,0.2597,50000
1673,401,0,0,0,34,20,11,29,0,31.68,0.05,0.26261,50000
1674,401,3,3,0,180,19,8,34,0,22.88,0.05,0.26609,50000
1675,73,0,0,0,49,6,3,1,0,-6.41,0.05,0.26708,50000
1676,42,2,2,0,6,6,5,1,0,3.66,0.05,0.26735,50000
1677,68,2,2,0,16,12,7,3,0,7.54,0.05,0.26826,50000
1678,5,0,0,0,3,1,1,0,0,-9.95,0.05,0.26816,50000
1679,12,0,0,0,2,4,2,0,0,-5.14,0.05,0.26844,50000
1680,401,0,0,0,51,22,11,26,0,31.63,0.05,0.27138,50000
1681,5,0,0,0,3,1,1,0,0,-9.95,0.05,0.27138,50000
1682,20,0,0,0,6,4,3,0,0,-5.3,0.05,0.27117,50000
1683,127,2,2,0,16,21,14,4,0,25.36,0.05,0.27153,50000
1684,5,0,0,0,0,1,1,0,0,-9.8,0.05,0.27153,50000
1685,217,3,3,0,73,16,9,3,0,9.01,0.05,0.27248,50000
1686,401,2,2,0,26,22,12,23,0,32.43,0.05,0.2734,50000
1687,84,1,1,0,18,13,8,0,0,8.87,0.05,0.27357,50000
1688,5,0,0,0,1,1,1,0,0,-8.75,0.05,0.27357,50000
1689,401,1,1,0,27,14,8,17,0,20.63,0.05,0.27293,50000
1690,21,0,0,0,4,2,2,1,0,-5.77,0.05,0.27245,50000
1691,401,2,2,0,33,19,16,8,0,33.43,0.05,0.2684,50000
1692,5,0,0,0,0,1,1,0,0,-8.7,0.05,0.2684,50000
1693,44,0,0,0,3,7,4,1,0,-0.73,0.05,0.26822,50000
1694,68,1,1,0,10,12,7,2,0,5.64,0.05,0.2681,50000
1695,104,1,1,0,21,14,9,6,0,13.02,0.05,0.26693,50000
1696,27,0,0,0,10,6,4,0,0,-3.14,0.05,0.26688,50000
1697,13,0,0,0,4,3,2,0,0,-7.51,0.05,0.26683,50000
1698,401,4,4,0,43,28,16,21,0,47.73,0.05,0.26418,50000
1699,12,0,0,0,2,1,1,1,0,-7.69,0.05,0.26398,50000
1700,248,1,1,0,143,19,9,3,0,4.09,0.05,0.26114,50000
1701,5,0,0,0,1,0,0,1,0,-11.6,0.05,0.26098,50000
1702,141,0,0,0,13,19,8,12,0,14.58,0.05,0.26004,50000
1703,179,3,3,0,24,18,12,13,0,23.22,0.05,0.25825,50000
1704,102,1,1,0,19,20,8,5,0,14.51,0.05,0.25593,50000
1705,93,1,1,0,2,13,8,1,0,9.94,0.05,0.2552,50000
1706,401,2,2,0,32,12,10,18,0,22.93,0.05,0.25244,50000
1707,34,1,1,0,7,7,5,0,0,0.92,0.05,0.25196,50000
1708,22,0,0,0,1,4,3,0,0,-2.99,0.05,0.25186,50000
1709,303,2,2,0,207,22,11,5,0,10.79,0.05,0.24935,50000
1710,401,3,3,0,18,18,11,14,0,28.33,0.05,0.24612,50000
1711,72,1,1,0,57,3,3,0,0,-6.04,0.05,0.24481,50000
1712,94,2,2,0,20,19,9,3,0,16.62,0.05,0.24306,50000
1713,5,0,0,0,1,2,1,0,0,-9.35,0.05,0.24306,50000
1714,53,0,0,0,12,10,7,0,0,5.74,0.05,0.24284,50000
1715,13,0,0,0,5,3,2,0,0,-7.56,0.05,0.24278,50000
1716,401,1,1,0,30,20,15,9,0,30.68,0.05,0.23952,50000
1717,401,4,4,0,36,27,12,4,0,34.33,0.05,0.23675,50000
1718,401,3,3,0,55,39,19,13,0,51.78,0.05,0.23239,50000
1719,110,0,0,0,11,8,6,9,0,4.4,0.05,0.23226,50000
1720,26,0,0,0,7,2,1,3,0,-7.57,0.05,0.23185,50000
1721,401,1,1,0,9,13,9,1,0,16.08,0.05,0.2265,50000
1722,34,0,0,0,9,4,4,1,0,-1.43,0.05,0.22629,50000
1723,100,0,0,0,7,15,7,4,0,8.55,0.05,0.22529,50000
1724,230,4,4,0,107,25,15,6,0,29.6,0.05,0.22324,50000
1725,34,0,0,0,10,5,5,0,0,-2.38,0.05,0.22283,50000
1726,251,6,6,0,44,26,19,10,0,42.48,0.05,0.21941,50000
1727,5,0,0,0,3,2,1,0,0,-8.4,0.05,0.21941,50000
1728,6,0,0,0,0,1,1,0,0,-7.67,0.05,0.21925,50000
1729,55,0,0,0,6,10,5,2,0,3.2,0.05,0.21888,50000
1730,113,2,2,0,22,33,14,2,0,31.69,0.05,0.21777,50000
1731,13,0,0,0,6,3,2,0,0,-7.11,0.05,0.21758,50000
1732,401,4,4,0,47,22,15,12,0,37.73,0.05,0.2132,50000
1733,5,0,0,0,3,2,1,0,0,-8.95,0.05,0.2132,50000
1734,121,4,4,0,16,19,10,7,0,21.23,0.05,0.21121,50000
1735,350,2,2,0,31,27,15,3,0,26.65,0.05,0.2067,50000
1736,27,1,1,0,5,4,3,1,0,-3.54,0.05,0.20677,50000
1737,401,3,3,0,39,26,17,14,0,42.98,0.05,0.20293,50000
1738,113,1,1,0,42,19,7,2,0,9.09,0.05,0.2017,50000
1739,401,5,5,0,42,24,11,20,0,36.13,0.05,0.19916,50000
1740,57,0,0,0,26,11,4,1,0,0.36,0.05,0.199,50000
1741,401,2,2,0,42,23,11,18,0,29.88,0.05,0.19653,50000
1742,6,0,0,0,1,3,1,0,0,-6.52,0.05,0.19667,50000
1743,5,0,0,0,1,1,1,0,0,-9.35,0.05,0.19667,50000
1744,273,4,4,0,112,26,15,4,0,25.24,0.05,0.19379,50000
1745,271,5,5,0,35,42,26,10,0,57.98,0.05,0.19097,50000
1746,401,1,1,0,16,19,10,23,0,29.98,0.05,0.18691,50000
1747,401,1,1,0,23,24,14,15,0,34.83,0.05,0.18295,50000
1748,401,0,0,0,22,19,10,2,0,18.68,0.05,0.18155,50000
1749,91,0,0,0,15,15,8,2,0,10.73,0.05,0.1809,50000
1750,401,3,3,0,92,23,16,17,0,35.48,0.05,0.17571,50000
1751,93,3,3,0,11,18,11,1,0,21.74,0.05,0.17537,50000
1752,27,1,1,0,10,8,4,0,0,-0.39,0.05,0.17535,50000
1753,27,0,0,0,3,5,3,1,0,-2.59,0.05,0.17553,50000
1754,5,0,0,0,4,2,1,0,0,-9.5,0.05,0.17553,50000
1755,61,0,0,0,12,16,7,2,0,8.48,0.05,0.17522,50000
1756,6,0,0,0,1,1,1,0,0,-8.02,0.05,0.17522,50000
1757,296,2,2,0,68,38,19,9,0,39.03,0.05,0.17065,50000
1758,87,1,1,0,11,13,8,3,0,9.66,0.05,0.17051,50000
1759,89,1,1,0,12,16,7,6,0,12.32,0.05,0.16974,50000
1760,274,5,5,0,39,24,16,19,0,37.07,0.05,0.16728,50000
1761,5,0,0,0,0,1,1,0,0,-7.8,0.05,0.16728,50000
1762,195,0,0,0,68,16,8,8,0,9.3,0.05,0.16499,50000
1763,394,2,2,0,184,34,20,13,0,32.22,0.05,0.16134,50000
1764,401,2,2,0,89,29,16,7,0,34.43,0.05,0.15656,50000
1765,176,0,0,0,101,20,9,2,0,7.68,0.05,0.15602,50000
1766,186,1,1,0,63,21,13,4,0,19.23,0.05,0.15462,50000
1767,401,3,3,0,26,25,15,30,0,44.63,0.05,0.15043,50000
1768,200,0,0,0,17,18,13,8,0,18.8,0.05,0.14857,50000
1769,16,1,1,0,6,4,2,0,0,-5.17,0.05,0.14845,50000
1770,21,0,0,0,5,4,3,0,0,-4.47,0.05,0.14815,50000
1771,401,1,1,0,213,26,13,16,0,24.28,0.05,0.1443,50000
1772,5,0,0,0,1,1,1,0,0,-8.8,0.05,0.14407,50000
1773,401,1,1,0,26,27,13,7,0,31.43,0.05,0.14085,50000
1774,19,1,1,0,5,8,3,0,0,-2.13,0.05,0.14065,50000
1775,140,1,1,0,25,23,13,6,0,22.7,0.05,0.13896,50000
1776,401,1,1,0,148,21,8,4,0,12.53,0.05,0.13617,50000
1777,34,0,0,0,6,7,4,1,0,-2.48,0.05,0.13586,50000
1778,5,0,0,0,1,1,1,0,0,-9.85,0.05,0.13586,50000
1779,69,0,0,0,10,18,9,1,0,11.82,0.05,0.13474,50000
1780,16,0,0,0,5,3,2,0,0,-6.97,0.05,0.13441,50000
1781,56,0,0,0,41,4,2,0,0,-8.57,0.05,0.13427,50000
1782,78,2,2,0,7,16,8,2,0,12.34,0.05,0.13389,50000
1783,32,0,0,0,28,0,0,1,0,-13.49,0.05,0.13339,50000
1784,17,0,0,0,10,0,0,1,0,-12.24,0.05,0.1333,50000
1785,126,0,0,0,28,28,14,4,0,27.23,0.05,0.13267,50000
1786,401,3,3,0,37,38,22,12,0,57.43,0.05,0.13,50000
1787,29,0,0,0,7,5,4,0,0,-0.88,0.05,0.12958,50000
1788,130,0,0,0,11,13,6,12,0,4.9,0.05,0.12894,50000
1789,401,3,3,0,152,32,16,1,0,32.33,0.05,0.12457,50000
1790,189,3,3,0,37,39,15,11,0,39.02,0.05,0.12258,50000
1791,49,1,1,0,4,13,7,0,0,10.32,0.05,0.12265,50000
1792,22,0,0,0,8,4,2,1,0,-6.89,0.05,0.12229,50000
1793,5,0,0,0,3,2,1,0,0,-9.45,0.05,0.12229,50000
1794,5,0,0,0,3,1,1,0,0,-9.95,0.05,0.12207,50000
1795,401,2,2,0,22,25,17,6,0,35.83,0.05,0.11925,50000
1796,61,2,2,0,6,12,8,1,0,10.48,0.05,0.11918,50000
1797,24,0,0,0,15,3,2,0,0,-8.28,0.05,0.11928,50000
1798,401,1,1,0,28,25,17,6,0,35.93,0.05,0.1183,50000
1799,58,0,0,0,8,15,6,1,0,4.64,0.05,0.11806,50000
1800,104,1,1,0,39,14,8,2,0,7.02,0.05,0.11744,50000
1801,5,0,0,0,3,1,1,0,0,-9.95,0.05,0.11744,50000
1802,29,0,0,0,7,6,4,0,0,-0.88,0.05,0.11706,50000
1803,41,0,0,0,6,8,6,0,0,1.68,0.05,0.1168,50000
1804,53,0,0,0,5,8,6,1,0,4.44,0.05,0.11623,50000
1805,5,0,0,0,3,3,1,0,0,-8.95,0.05,0.11623,50000
1806,19,0,0,0,5,5,3,0,0,-4.58,0.05,0.11608,50000
1807,62,1,1,0,6,17,7,2,0,11.41,0.05,0.11609,50000
1808,64,2,2,0,9,11,6,3,0,7.77,0.05,0.11539,50000
1809,401,4,4,0,147,22,16,2,0,29.78,0.05,0.11386,50000
1810,200,1,1,0,114,22,11,1,0,12.75,0.05,0.11327,50000
1811,102,0,0,0,21,8,7,6,0,5.51,0.05,0.11289,50000
1812,401,3,3,0,126,23,16,3,0,30.88,0.05,0.11059,50000
1813,254,0,0,0,39,23,18,12,0,29.82,0.05,0.10933,50000
1814,98,0,0,0,8,13,9,4,0,10.54,0.05,0.10879,50000
1815,108,1,1,0,15,14,11,4,0,12.89,0.05,0.10846,50000
1816,5,0,0,0,0,1,1,0,0,-8.15,0.05,0.10846,50000
1817,5,0,0,0,1,1,1,0,0,-9.85,0.05,0.10828,50000
1818,78,2,2,0,16,20,10,1,0,17.29,0.05,0.10814,50000
1819,296,3,3,0,16,25,16,11,0,28.73,0.05,0.10701,50000
1820,13,0,0,0,4,3,2,0,0,-7.51,0.05,0.10706,50000
1821,37,0,0,0,2,14,5,0,0,5.71,0.05,0.10695,50000
1822,149,3,3,0,13,39,16,4,0,41.17,0.05,0.10675,50000
1823,24,0,0,0,6,9,3,0,0,-2.53,0.05,0.10658,50000
1824,35,0,0,0,5,14,5,0,0,3.4,0.05,0.10606,50000
1825,103,2,2,0,23,31,14,0,0,30.74,0.05,0.10615,50000
1826,20,1,1,0,4,4,3,0,0,-3.15,0.05,0.10615,50000
1827,20,1,1,0,4,5,3,0,0,-3.35,0.05,0.10587,50000
1828,336,5,5,0,26,42,23,13,0,55.13,0.05,0.1047,50000
1829,137,0,0,0,15,26,9,10,0,18.86,0.05,0.10382,50000
1830,84,0,0,0,49,7,4,0,0,-4.98,0.05,0.10338,50000
1831,212,1,1,0,26,29,16,4,0,31.61,0.05,0.10259,50000
1832,12,0,0,0,1,4,2,0,0,-5.99,0.05,0.10273,50000
1833,138,3,3,0,19,31,17,2,0,37.39,0.05,0.10213,50000
1834,114,2,2,0,39,21,11,2,0,19.62,0.05,0.10204,50000
1835,99,1,1,0,14,28,13,1,0,24.52,0.05,0.10242,50000
1836,401,3,3,0,77,38,19,28,0,56.93,0.05,0.10138,50000
1837,48,1,1,0,13,9,4,1,0,0.64,0.05,0.10146,50000
1838,151,2,2,0,24,30,11,10,0,27.18,0.05,0.10106,50000
1839,401,5,5,0,57,33,19,8,0,47.28,0.05,0.09953,50000
1840,13,0,0,0,4,2,2,0,0,-6.91,0.05,0.09954,50000
1841,42,0,0,0,7,7,4,2,0,-2.19,0.05,0.09955,50000
1842,182,5,5,0,20,30,19,6,0,42.06,0.05,0.09914,50000
1843,5,0,0,0,3,1,1,0,0,-9.45,0.05,0.09914,50000
1844,148,2,2,0,59,13,7,2,0,5.14,0.05,0.09953,50000
1845,401,4,4,0,22,35,24,4,0,55.23,0.05,0.09877,50000
1846,6,0,0,0,0,0,0,1,0,-9.92,0.05,0.09877,50000
1847,42,0,0,0,6,6,4,2,0,-0.79,0.05,0.09892,50000
1848,5,0,0,0,0,1,1,0,0,-9.8,0.05,0.09892,50000
1849,26,1,1,0,5,4,3,1,0,-2.27,0.05,0.09867,50000
1850,132,0,0,0,30,23,8,3,0,11.01,0.05,0.09799,50000
1851,22,0,0,0,5,9,3,0,0,-1.84,0.05,0.09794,50000
1852,35,0,0,0,7,16,5,0,0,4.75,0.05,0.098,50000
1853,160,1,1,0,20,29,18,3,0,29.4,0.05,0.09695,50000
1854,174,3,3,0,20,27,13,0,0,25.17,0.05,0.09629,50000
1855,60,1,1,0,19,11,7,1,0,5.75,0.05,0.09592,50000
1856,208,3,3,0,30,30,18,9,0,34.74,0.05,0.09563,50000
1857,13,0,0,0,4,4,2,0,0,-7.01,0.05,0.09558,50000
1858,72,0,0,0,10,13,8,2,0,9.21,0.05,0.09551,50000
1859,401,5,5,0,118,52,23,17,0,64.38,0.05,0.09572,50000
1860,72,1,1,0,14,16,8,2,0,11.76,0.05,0.09554,50000
1861,12,0,0,0,0,3,1,1,0,-7.29,0.05,0.09547,50000
1862,30,1,1,0,4,4,2,2,0,-3.6,0.05,0.09537,50000
1863,364,3,3,0,44,40,19,17,0,47.32,0.05,0.09589,50000
1864,5,0,0,0,4,3,1,0,0,-8.5,0.05,0.09578,50000
1865,20,0,0,0,1,8,3,0,0,-2.55,0.05,0.09564,50000
1866,6,0,0,0,1,3,1,0,0,-6.87,0.05,0.09564,50000
1867,76,1,1,0,13,23,10,1,0,19.48,0.05,0.0956,50000
1868,12,0,0,0,2,3,2,0,0,-5.99,0.05,0.09538,50000
1869,102,2,2,0,17,30,12,1,0,28.51,0.05,0.09449,50000
1870,5,0,0,0,0,1,1,0,0,-8.7,0.05,0.09449,50000
1871,13,1,1,0,4,4,2,0,0,-5.01,0.05,0.09445,50000
1872,401,3,3,0,56,53,27,24,0,81.08,0.05,0.09354,50000
1873,172,1,1,0,93,21,11,2,0,15.71,0.05,0.09337,50000
1874,26,1,1,0,5,6,3,1,0,-0.27,0.05,0.09343,50000
1875,164,0,0,0,30,14,8,12,0,12.42,0.05,0.09344,50000
1876,219,3,3,0,20,35,19,10,0,43.87,0.05,0.09264,50000
1877,209,4,4,0,30,46,24,4,0,57.52,0.05,0.09181,50000
1878,22,0,0,0,1,6,2,1,0,-3.29,0.05,0.09152,50000
1879,33,0,0,0,4,7,5,0,0,-1.06,0.05,0.09131,50000
1880,401,3,3,0,81,28,16,39,0,55.38,0.05,0.09136,50000
1881,13,0,0,0,0,5,2,0,0,-3.86,0.05,0.09141,50000
1882,27,0,0,0,2,5,4,0,0,-1.49,0.05,0.0913,50000
1883,5,0,0,0,0,1,1,0,0,-7.8,0.05,0.09114,50000
1884,288,3,3,0,73,38,22,9,0,46.29,0.05,0.0905,50000
1885,20,0,0,0,3,5,2,1,0,-4.35,0.05,0.09054,50000
1886,95,1,1,0,18,24,12,1,0,23.5,0.05,0.09038,50000
1887,92,2,2,0,20,17,10,2,0,17.46,0.05,0.09013,50000
1888,40,1,1,0,4,13,5,1,0,6.45,0.05,0.09014,50000
1889,13,1,2,0,4,3,2,0,0,-3.41,0.05,0.09023,50000
1890,28,0,0,0,2,8,4,0,0,0.84,0.05,0.09017,50000
1891,389,6,6,0,40,42,22,30,0,62.37,0.05,0.08994,50000
1892,158,2,2,0,18,29,15,7,0,33.59,0.05,0.08962,50000
1893,6,0,0,0,1,1,1,0,0,-9.82,0.05,0.08962,50000
1894,12,0,0,0,0,3,2,0,0,-4.64,0.05,0.0896,50000
1895,112,3,3,0,20,27,13,3,0,28.71,0.05,0.08964,50000
1896,51,1,1,0,6,13,7,0,0,10.48,0.05,0.08965,50000
1897,85,2,2,0,9,15,9,3,0,15.65,0.05,0.08957,50000
1898,5,0,0,0,3,2,1,0,0,-9.45,0.05,0.08957,50000
1899,98,2,2,0,14,21,9,5,0,18.39,0.05,0.08979,50000
1900,135,5,5,0,16,33,15,2,0,39.3,0.05,0.08999,50000
1901,15,1,1,0,4,3,2,0,0,-5.55,0.05,0.08986,50000
1902,43,0,0,0,7,11,6,0,0,5.44,0.05,0.08976,50000
1903,401,3,3,0,87,39,20,35,0,63.13,0.05,0.08902,50000
1904,68,2,2,0,9,24,8,0,0,16.44,0.05,0.08905,50000
1905,59,0,0,0,6,17,8,0,0,10.32,0.05,0.08892,50000
1906,34,0,0,0,2,12,5,0,0,2.62,0.05,0.08902,50000
1907,12,0,0,0,3,5,1,1,0,-6.89,0.05,0.08912,50000
1908,13,0,0,0,1,4,2,0,0,-5.01,0.05,0.08901,50000
1909,35,0,0,0,4,6,5,0,0,1.0,0.05,0.08879,50000
1910,401,1,1,0,48,22,12,18,0,30.23,0.05,0.08808,50000
1911,76,2,2,0,11,21,9,2,0,17.83,0.05,0.08824,50000
1912,361,7,7,0,20,50,28,7,0,69.08,0.05,0.08822,50000
1913,74,2,2,0,11,18,6,4,0,10.42,0.05,0.0884,50000
1914,59,0,0,0,9,12,5,3,0,3.17,0.05,0.08874,50000
1915,58,0,0,0,10,25,8,0,0,15.64,0.05,0.08853,50000
1916,171,1,1,0,9,20,14,9,0,23.98,0.05,0.08774,50000
1917,285,3,3,0,28,45,18,19,0,51.75,0.05,0.08678,50000
1918,129,3,3,0,20,29,16,2,0,33.32,0.05,0.08635,50000
1919,34,0,0,0,7,11,4,1,0,2.22,0.05,0.08636,50000
1920,76,2,2,0,15,22,8,3,0,17.83,0.05,0.08618,50000
1921,5,0,0,0,1,1,1,0,0,-9.85,0.05,0.08618,50000
1922,53,1,1,0,7,7,4,3,0,-0.01,0.05,0.08623,50000
1923,401,2,2,0,50,40,24,25,0,62.13,0.05,0.08549,50000
1924,106,3,3,0,12,29,12,3,0,28.13,0.05,0.08558,50000
1925,14,0,0,0,3,1,1,1,0,-9.23,0.05,0.08548,50000
1926,401,5,5,0,49,53,24,22,0,70.03,0.05,0.08598,50000
1927,6,0,0,0,3,1,1,0,0,-9.97,0.05,0.08598,50000
1928,201,5,5,0,17,41,19,7,0,48.13,0.05,0.08593,50000
1929,86,0,0,0,8,24,12,0,0,21.78,0.05,0.08593,50000
1930,143,4,4,0,21,29,14,6,0,32.64,0.05,0.08617,50000
1931,331,3,3,0,24,30,15,12,0,32.33,0.05,0.08529,50000
1932,5,0,0,0,0,2,1,0,0,-6.8,0.05,0.08529,50000
1933,327,1,1,0,53,26,15,25,0,33.71,0.05,0.08431,50000
1934,246,6,6,0,37,37,24,9,0,54.73,0.05,0.08387,50000
1935,57,1,1,0,11,16,7,1,0,9.81,0.05,0.08377,50000
1936,35,0,0,0,9,6,5,0,0,0.7,0.05,0.08376,50000
1937,233,5,5,0,39,43,26,6,0,57.14,0.05,0.08385,50000
1938,171,3,3,0,18,37,16,6,0,38.98,0.05,0.08333,50000
1939,181,2,2,0,24,36,20,5,0,45.23,0.05,0.08324,50000
1940,367,7,7,0,29,48,27,22,0,72.26,0.05,0.08335,50000
1941,53,2,2,0,4,12,6,1,0,7.64,0.05,0.08303,50000
1942,355,5,5,0,31,44,28,18,0,65.5,0.05,0.08229,50000
1943,199,1,1,0,33,34,17,7,0,35.52,0.05,0.08232,50000
1944,6,0,0,0,1,1,1,0,0,-9.82,0.05,0.08232,50000
1945,6,0,0,0,1,2,1,0,0,-7.52,0.05,0.08244,50000
1946,84,1,1,0,18,21,10,1,0,15.62,0.05,0.08254,50000
1947,26,1,1,0,2,7,3,1,0,-0.87,0.05,0.0827,50000
1948,20,0,0,0,1,6,3,0,0,-1.95,0.05,0.08277,50000
1949,68,1,1,0,5,20,8,0,0,12.54,0.05,0.08268,50000
1950,307,5,5,0,34,53,27,14,0,68.11,0.05,0.08261,50000
1951,401,5,5,0,38,44,28,19,0,74.83,0.05,0.08199,50000
1952,12,0,0,0,3,4,2,0,0,-7.19,0.05,0.08199,50000
1953,36,1,1,0,2,10,4,1,0,2.58,0.05,0.08206,50000
1954,28,0,0,0,5,11,4,0,0,1.09,0.05,0.08211,50000
1955,12,0,0,0,5,5,2,0,0,-5.39,0.05,0.08208,50000
1956,65,0,0,0,12,17,6,2,0,5.3,0.05,0.0823,50000
1957,5,0,0,0,0,1,1,0,0,-9.8,0.05,0.0823,50000
1958,401,4,4,0,60,41,19,19,0,59.78,0.05,0.08199,50000
1959,5,0,0,0,1,1,1,0,0,-9.35,0.05,0.08199,50000
1960,6,0,0,0,1,1,1,0,0,-9.82,0.05,0.08184,50000
1961,40,1,1,0,13,14,6,0,0,5.65,0.05,0.08184,50000
1962,20,0,0,0,3,4,3,0,0,-3.15,0.05,0.08188,50000
1963,355,4,4,0,42,57,30,15,0,72.8,0.05,0.08182,50000
1964,85,3,3,0,14,24,11,0,0,24.45,0.05,0.08174,50000
1965,183,4,4,0,29,44,20,5,0,50.34,0.05,0.08218,50000
1966,328,4,4,0,164,42,19,5,0,37.29,0.05,0.08251,50000
1967,19,0,0,0,5,4,2,1,0,-6.53,0.05,0.08229,50000
1968,135,4,4,0,16,26,11,8,0,27.65,0.05,0.08215,50000
1969,6,0,0,0,1,2,1,0,0,-7.37,0.05,0.08215,50000
1970,96,0,0,0,19,28,12,1,0,22.23,0.05,0.08227,50000
1971,255,3,3,0,14,36,21,13,0,47.8,0.05,0.08269,50000
1972,6,0,0,0,1,1,1,0,0,-9.82,0.05,0.08269,50000
1973,13,0,0,0,4,3,2,0,0,-7.91,0.05,0.08276,50000
1974,86,2,2,0,16,26,11,1,0,23.33,0.05,0.08255,50000
1975,19,0,0,0,3,3,3,0,0,-4.83,0.05,0.08247,50000
1976,99,1,1,0,20,32,13,1,0,25.97,0.05,0.08244,50000
1977,65,0,0,0,13,20,9,0,0,13.45,0.05,0.08244,50000
1978,62,1,1,0,10,19,8,0,0,14.26,0.05,0.08276,50000
1979,12,0,0,0,5,5,2,0,0,-5.89,0.05,0.08289,50000
1980,205,3,3,0,26,29,14,11,0,33.9,0.05,0.08364,50000
1981,401,1,1,0,39,44,25,10,0,61.08,0.05,0.08457,50000
1982,22,1,1,0,3,7,3,0,0,0.31,0.05,0.08457,50000
1983,26,0,0,0,2,7,4,0,0,0.33,0.05,0.08465,50000
1984,80,1,1,0,9,18,9,2,0,15.3,0.05,0.08507,50000
1985,28,1,1,0,5,6,3,1,0,-1.01,0.05,0.08517,50000
1986,106,1,1,0,19,25,12,3,0,24.78,0.05,0.08517,50000
1987,90,2,2,0,24,11,8,4,0,11.4,0.05,0.08534,50000
1988,23,0,0,0,5,5,3,0,0,-2.66,0.05,0.08536,50000
1989,48,0,0,0,7,13,7,0,0,8.09,0.05,0.08519,50000
1990,12,0,0,0,5,2,2,0,0,-7.89,0.05,0.08516,50000
1991,401,3,3,0,60,42,23,19,0,60.53,0.05,0.08535,50000
1992,12,0,0,0,5,4,2,0,0,-5.89,0.05,0.08535,50000
1993,35,1,1,0,6,7,4,1,0,1.7,0.05,0.08539,50000
1994,27,2,2,0,3,9,4,0,0,4.01,0.05,0.08546,50000
1995,401,7,7,0,101,44,24,20,0,66.13,0.05,0.08703,50000
1996,20,0,0,0,6,7,3,0,0,-2.8,0.05,0.08703,50000
1997,159,3,3,0,34,28,15,7,0,34.22,0.05,0.08711,50000
1998,130,1,1,0,62,21,9,2,0,13.45,0.05,0.08756,50000
1999,401,5,5,0,42,45,20,35,0,69.83,0.05,0.08796,50000
2000,133,1,1,0,15,27,13,5,0,27.64,0.05,0.08787,50000
2001,62,0,0,0,12,21,9,0,0,14.96,0.05,0.08787,50000
2002,401,5,5,0,73,42,24,32,0,71.78,0.05,0.08879,50000
2003,43,0,0,0,18,12,5,1,0,2.34,0.05,0.08863,50000
2004,91,0,0,0,14,20,13,0,0,20.63,0.05,0.08842,50000
2005,107,0,0,0,16,20,13,2,0,21.56,0.05,0.08884,50000
2006,120,3,3,0,23,26,15,2,0,30.1,0.05,0.0892,50000
2007,5,0,0,0,1,2,1,0,0,-8.25,0.05,0.08926,50000
2008,48,0,0,0,15,9,7,0,0,2.49,0.05,0.08932,50000
2009,61,3,3,0,9,13,7,1,0,12.13,0.05,0.08925,50000
2010,270,4,4,0,29,48,26,11,0,63.45,0.05,0.08958,50000
2011,238,4,4,0,41,54,27,6,0,64.04,0.05,0.09028,50000
2012,47,0,0,0,9,6,4,2,0,-1.44,0.05,0.09052,50000
2013,62,1,1,0,15,11,6,3,0,6.31,0.05,0.09082,50000
2014,33,0,0,0,2,8,4,1,0,-0.11,0.05,0.09079,50000
2015,5,0,0,0,2,1,1,0,0,-9.9,0.05,0.09079,50000
2016,148,3,3,0,23,35,16,5,0,39.19,0.05,0.09074,50000
2017,120,1,1,0,17,31,16,1,0,33.05,0.05,0.09101,50000
2018,92,3,3,0,13,34,13,0,0,33.61,0.05,0.09145,50000
2019,342,6,6,0,56,34,18,29,0,50.91,0.05,0.09209,50000
2020,18,0,0,0,3,5,2,0,0,-5.21,0.05,0.09198,50000
2021,42,0,0,0,9,9,5,1,0,1.21,0.05,0.09189,50000
2022,6,0,0,0,1,0,0,1,0,-11.67,0.05,0.09189,50000
2023,401,7,7,0,64,48,23,34,0,77.48,0.05,0.09274,50000
2024,57,0,0,0,5,11,6,2,0,5.76,0.05,0.09292,50000
2025,401,5,5,0,57,49,32,23,0,86.63,0.05,0.09379,50000
2026,58,0,0,0,8,18,7,1,0,10.09,0.05,0.09379,50000
2027,12,0,0,0,1,3,2,0,0,-5.94,0.05,0.09379,50000
2028,401,9,9,0,59,57,26,27,0,89.58,0.05,0.09424,50000
2029,34,0,0,0,8,13,5,0,0,2.02,0.05,0.09439,50000
2030,197,4,4,0,36,43,24,3,0,56.61,0.05,0.09462,50000
2031,357,6,6,0,49,39,22,27,0,58.81,0.05,0.09444,50000
2032,401,5,5,0,61,56,32,24,0,90.08,0.05,0.09394,50000
2033,68,0,0,0,11,14,7,3,0,7.19,0.05,0.094,50000
2034,106,2,2,0,16,38,14,1,0,33.23,0.05,0.09366,50000
2035,8,0,0,0,1,1,1,0,0,-9.31,0.05,0.09366,50000
2036,111,2,2,0,23,22,10,6,0,19.33,0.05,0.09418,50000
2037,221,1,1,0,43,44,20,10,0,49.53,0.05,0.09386,50000
2038,62,1,1,0,12,14,7,2,0,8.96,0.05,0.09367,50000
2039,401,1,1,0,29,31,19,20,0,50.43,0.05,0.09278,50000
2040,107,2,2,0,29,23,14,1,0,25.16,0.05,0.09284,50000
2041,133,2,2,0,24,33,15,4,0,34.29,0.05,0.09322,50000
2042,99,2,2,0,17,21,10,4,0,20.07,0.05,0.09301,50000
2043,120,2,2,0,19,18,7,10,0,16.75,0.05,0.09279,50000
2044,56,1,1,0,10,15,7,1,0,10.33,0.05,0.09246,50000
2045,12,0,0,0,2,7,2,0,0,-3.64,0.05,0.09244,50000
2046,6,0,0,0,1,1,1,0,0,-9.87,0.05,0.09244,50000
2047,198,1,1,0,31,27,14,13,0,31.29,0.05,0.09294,50000
2048,25,1,1,0,6,5,3,0,0,-3.45,0.05,0.09263,50000
2049,401,1,1,0,52,21,10,27,0,31.03,0.05,0.0927,50000
2050,29,0,0,0,4,7,4,0,0,-0.83,0.05,0.09251,50000
2051,20,0,0,0,3,4,3,0,0,-2.65,0.05,0.09243,50000
2052,5,0,0,0,3,1,1,0,0,-9.95,0.05,0.09229,50000
2053,273,5,5,0,42,35,18,19,0,46.59,0.05,0.09159,50000
2054,62,1,1,0,13,11,6,3,0,6.36,0.05,0.09164,50000
2055,20,0,0,0,3,5,3,0,0,-3.95,0.05,0.09166,50000
2056,314,7,7,0,36,44,26,18,0,67.37,0.05,0.09238,50000
2057,187,3,3,0,32,31,12,9,0,28.26,0.05,0.09223,50000
2058,29,2,2,0,5,6,4,0,0,0.47,0.05,0.09219,50000
2059,121,2,2,0,22,27,13,4,0,28.43,0.05,0.09206,50000
2060,19,1,1,0,4,4,2,1,0,-2.88,0.05,0.09199,50000
2061,57,1,1,0,6,15,8,0,0,12.06,0.05,0.09216,50000
2062,401,5,5,0,67,45,28,28,0,80.08,0.05,0.09245,50000
2063,346,4,4,0,65,34,20,29,0,49.48,0.05,0.09212,50000
2064,82,0,0,0,16,19,11,0,0,15.11,0.05,0.09234,50000
2065,5,0,0,0,3,2,1,0,0,-9.45,0.05,0.09234,50000
2066,118,3,3,0,18,28,15,1,0,31.29,0.05,0.09196,50000
2067,231,2,2,0,45,41,18,14,0,44.73,0.05,0.09162,50000
2068,314,4,4,0,52,42,22,22,0,56.02,0.05,0.09059,50000
2069,29,0,0,0,2,7,4,0,0,-1.83,0.05,0.09019,50000
2070,5,0,0,0,1,1,1,0,0,-9.85,0.05,0.09019,50000
2071,83,0,0,0,17,14,10,2,0,12.54,0.05,0.08987,50000
2072,20,1,1,0,5,2,2,1,0,-5.8,0.05,0.08977,50000
2073,315,3,3,0,48,28,19,20,0,39.35,0.05,0.08958,50000
2074,76,0,0,0,16,16,9,2,0,11.28,0.05,0.0888,50000
2075,34,0,0,0,7,8,4,1,0,0.17,0.05,0.08871,50000
2076,162,3,3,0,33,39,16,7,0,41.61,0.05,0.08869,50000
2077,192,2,2,0,31,22,13,14,0,27.61,0.05,0.08822,50000
2078,84,1,1,0,8,22,10,2,0,17.77,0.05,0.08837,50000
2079,20,1,1,0,6,5,3,0,0,-2.8,0.05,0.08837,50000
2080,54,1,1,0,6,16,8,0,0,12.17,0.05,0.08828,50000
2081,401,2,2,0,65,42,22,32,0,67.48,0.05,0.08788,50000
2082,68,0,0,0,16,19,9,1,0,14.34,0.05,0.08761,50000
2083,214,3,3,0,33,41,23,6,0,52.72,0.05,0.08734,50000
2084,5,0,0,0,2,1,1,0,0,-9.9,0.05,0.08734,50000
2085,306,3,3,0,61,39,23,19,0,52.03,0.05,0.08751,50000
2086,401,3,3,0,75,42,23,30,0,71.03,0.05,0.0874,50000
2087,19,0,0,0,2,7,3,0,0,-1.48,0.05,0.08734,50000
2088,63,1,1,0,8,12,8,1,0,9.54,0.05,0.08744,50000
2089,9,0,0,0,3,3,1,0,0,-7.93,0.05,0.08755,50000
2090,71,1,1,0,13,22,9,1,0,17.98,0.05,0.08765,50000
2091,363,3,3,0,70,55,27,23,0,68.84,0.05,0.08764,50000
2092,34,0,0,0,9,10,5,0,0,0.92,0.05,0.08803,50000
2093,133,3,3,0,32,33,16,2,0,32.74,0.05,0.08858,50000
2094,127,3,3,0,29,28,16,1,0,30.91,0.05,0.08824,50000
2095,401,2,2,0,67,28,19,27,0,50.48,0.05,0.0875,50000
2096,401,2,2,0,36,34,20,3,0,47.33,0.05,0.08734,50000
2097,12,0,0,0,1,3,2,0,0,-7.19,0.05,0.08752,50000
2098,21,0,0,0,4,8,3,0,0,-1.62,0.05,0.08761,50000
2099,71,1,1,0,13,24,10,0,0,20.48,0.05,0.08808,50000
2100,306,3,3,0,43,31,17,26,0,44.33,0.05,0.08743,50000
2101,13,0,0,0,5,2,2,0,0,-7.56,0.05,0.08747,50000
2102,13,0,0,0,1,4,2,0,0,-4.71,0.05,0.08747,50000
2103,22,0,0,0,5,7,3,0,0,-1.59,0.05,0.08744,50000
2104,52,0,0,0,9,13,7,0,0,9.56,0.05,0.08762,50000
2105,69,2,2,0,16,17,9,0,0,16.32,0.05,0.08743,50000
2106,13,0,0,0,6,2,1,1,0,-9.31,0.05,0.08747,50000
2107,396,5,5,0,71,47,23,30,0,62.53,0.05,0.08767,50000
2108,96,2,2,0,20,32,13,1,0,29.83,0.05,0.08782,50000
2109,280,2,2,0,77,49,23,10,0,54.95,0.05,0.08841,50000
2110,343,8,8,0,22,55,28,16,0,74.64,0.05,0.08864,50000
2111,27,0,0,0,10,5,4,0,0,-3.64,0.05,0.08857,50000
2112,68,2,2,0,11,31,10,0,0,22.74,0.05,0.08854,50000
2113,40,0,0,0,7,14,6,0,0,4.65,0.05,0.0884,50000
2114,395,6,6,0,36,43,26,23,0,62.0,0.05,0.08808,50000
2115,109,2,2,0,9,13,10,5,0,15.07,0.05,0.08809,50000
2116,68,0,0,0,8,18,9,1,0,11.69,0.05,0.08778,50000
2117,190,3,3,0,24,49,22,4,0,55.8,0.05,0.08793,50000
2118,28,1,1,0,7,7,4,0,0,0.19,0.05,0.0881,50000
2119,138,3,3,0,17,26,14,5,0,30.74,0.05,0.08783,50000
2120,186,2,2,0,32,35,20,5,0,41.28,0.05,0.0877,50000
2121,401,4,4,0,36,35,25,28,0,65.83,0.05,0.088,50000
2122,401,5,5,0,34,47,25,31,0,78.18,0.05,0.08812,50000
2123,57,3,3,0,5,18,8,0,0,16.11,0.05,0.08827,50000
2124,20,0,0,0,5,4,3,0,0,-3.65,0.05,0.08803,50000
2125,28,0,0,0,2,7,4,0,0,-2.11,0.05,0.08812,50000
2126,401,6,6,0,37,51,26,18,0,75.48,0.05,0.08874,50000
2127,5,0,0,0,0,1,1,0,0,-7.8,0.05,0.08854,50000
2128,142,2,2,0,21,31,15,5,0,32.36,0.05,0.08862,50000
2129,43,0,0,0,7,11,5,1,0,4.34,0.05,0.08871,50000
2130,181,2,2,0,16,27,16,9,0,33.63,0.05,0.08841,50000
2131,247,1,1,0,18,33,17,16,0,36.36,0.05,0.08902,50000
2132,34,1,1,0,8,9,4,1,0,1.72,0.05,0.0889,50000
2133,165,2,2,0,14,35,20,3,0,43.25,0.05,0.08922,50000
2134,5,0,0,0,0,1,1,0,0,-9.8,0.05,0.08922,50000
2135,207,2,2,0,27,35,15,7,0,33.86,0.05,0.08889,50000
2136,92,3,3,0,7,30,12,1,0,29.26,0.05,0.08866,50000
2137,283,3,3,0,29,32,16,7,0,31.84,0.05,0.08853,50000
2138,296,5,5,0,28,47,21,7,0,51.93,0.05,0.0885,50000
2139,154,2,2,0,24,25,14,8,0,29.22,0.05,0.08834,50000
2140,143,4,4,0,21,31,16,2,0,36.29,0.05,0.08842,50000
2141,401,5,5,0,51,36,21,31,0,60.13,0.05,0.08821,50000
2142,92,6,6,0,8,22,13,0,0,28.56,0.05,0.08856,50000
2143,26,1,1,0,7,7,4,0,0,0.88,0.05,0.08858,50000
2144,98,4,4,0,3,34,13,1,0,33.94,0.05,0.08845,50000
2145,98,0,0,0,6,29,14,0,0,28.69,0.05,0.08872,50000
2146,40,0,0,0,6,5,3,3,0,-0.7,0.05,0.08861,50000
2147,69,0,0,0,3,27,10,0,0,21.02,0.05,0.08878,50000
2148,5,0,0,0,0,1,1,0,0,-9.3,0.05,0.08878,50000
2149,42,0,0,0,6,13,5,1,0,5.96,0.05,0.08866,50000
2150,132,4,4,0,12,32,17,1,0,39.26,0.05,0.08862,50000
2151,6,0,0,0,1,2,1,0,0,-8.87,0.05,0.08862,50000
2152,222,3,3,0,20,35,14,15,0,35.71,0.05,0.0893,50000
2153,113,2,2,0,19,30,15,1,0,30.84,0.05,0.08953,50000
2154,198,4,4,0,27,51,23,4,0,57.39,0.05,0.08951,50000
2155,20,0,0,0,4,5,3,0,0,-3.6,0.05,0.08959,50000
2156,116,1,1,0,7,18,11,5,0,19.08,0.05,0.08998,50000
2157,32,0,0,0,5,7,4,0,0,-2.99,0.05,0.08996,50000
2158,204,3,3,0,32,37,19,9,0,45.12,0.05,0.09016,50000
2159,310,4,4,0,28,38,24,14,0,54.75,0.05,0.08995,50000
2160,401,2,2,0,29,20,13,20,0,34.18,0.05,0.09073,50000
2161,27,0,0,0,3,3,3,1,0,-4.04,0.05,0.09058,50000
2162,329,6,6,0,31,49,28,16,0,71.47,0.05,0.09019,50000
2163,401,4,4,0,38,34,17,37,0,56.93,0.05,0.08949,50000
2164,51,0,0,0,4,6,5,2,0,-0.02,0.05,0.08931,50000
2165,211,5,5,0,27,24,12,8,0,27.98,0.05,0.08918,50000
2166,20,0,0,0,4,4,3,0,0,-4.1,0.05,0.08924,50000
2167,5,0,0,0,3,1,1,0,0,-9.45,0.05,0.08924,50000
2168,96,3,3,0,7,25,13,0,0,27.98,0.05,0.08935,50000
2169,37,0,0,0,1,10,5,0,0,3.36,0.05,0.08942,50000
2170,143,3,3,0,11,30,14,6,0,33.19,0.05,0.0893,50000
2171,401,4,4,0,68,45,32,7,0,77.53,0.05,0.08891,50000
2172,79,1,1,0,13,15,9,2,0,11.97,0.05,0.08901,50000
2173,179,5,5,0,14,32,15,9,0,37.92,0.05,0.08917,50000
2174,401,4,4,0,22,39,23,20,0,64.98,0.05,0.08878,50000
2175,5,0,0,0,3,1,1,0,0,-9.95,0.05,0.08878,50000
2176,401,3,3,0,20,46,26,11,0,69.93,0.05,0.08823,50000
2177,58,0,0,0,12,17,7,1,0,10.19,0.05,0.0882,50000
2178,5,0,0,0,1,2,1,0,0,-7.7,0.05,0.0882,50000
2179,5,0,0,0,3,1,1,0,0,-9.95,0.05,0.0882,50000
2180,109,1,1,0,8,25,13,1,0,25.77,0.05,0.08795,50000
2181,6,0,0,0,3,1,1,0,0,-9.47,0.05,0.0878,50000
2182,14,0,0,0,0,2,2,0,0,-6.18,0.05,0.0878,50000
2183,338,3,3,0,21,30,16,10,0,31.79,0.05,0.08798,50000
2184,77,2,2,0,14,24,11,0,0,21.41,0.05,0.08778,50000
2185,98,0,0,0,12,32,12,2,0,24.24,0.05,0.08769,50000
2186,174,3,3,0,16,35,18,5,0,41.62,0.05,0.08837,50000
2187,382,3,3,0,23,49,21,20,0,55.61,0.05,0.08846,50000
2188,69,1,1,0,18,17,8,2,0,10.97,0.05,0.08834,50000
2189,27,1,1,0,7,4,4,0,0,-0.69,0.05,0.08837,50000
2190,12,0,0,0,3,2,2,0,0,-7.79,0.05,0.08855,50000
2191,62,1,1,0,12,21,9,0,0,14.81,0.05,0.08824,50000
2192,151,4,4,0,13,29,15,5,0,33.18,0.05,0.08895,50000
2193,401,3,3,0,22,41,25,27,0,70.53,0.05,0.08811,50000
2194,401,3,3,0,81,47,26,14,0,68.73,0.05,0.08782,50000
2195,5,0,0,0,0,2,1,0,0,-7.3,0.05,0.08781,50000
2196,401,7,7,0,115,60,27,14,0,80.63,0.05,0.08745,50000
2197,19,0,0,0,4,5,3,0,0,-4.58,0.05,0.08736,50000
2198,401,4,4,0,64,36,20,22,0,56.03,0.05,0.08702,50000
2199,34,0,0,0,1,6,4,1,0,-0.78,0.05,0.087,50000
2200,72,3,3,0,10,18,8,2,0,16.51,0.05,0.08662,50000
2201,5,0,0,0,0,1,1,0,0,-8.7,0.05,0.08677,50000
2202,106,3,3,0,15,26,14,1,0,29.68,0.05,0.08646,50000
2203,401,6,6,0,22,34,18,35,0,61.73,0.05,0.08583,50000
2204,351,1,1,0,40,37,18,23,0,42.83,0.05,0.08546,50000
2205,144,5,5,0,15,38,19,1,0,47.17,0.05,0.08542,50000
2206,5,0,0,0,2,1,1,0,0,-8.8,0.05,0.08534,50000
2207,6,0,0,0,3,1,1,0,0,-9.97,0.05,0.08534,50000
2208,57,1,1,0,11,12,8,0,0,9.21,0.05,0.08465,50000
2209,43,1,1,0,9,11,6,0,0,6.69,0.05,0.08431,50000
2210,8,0,0,0,1,1,1,0,0,-9.86,0.05,0.08446,50000
2211,34,0,0,0,4,12,5,0,0,2.47,0.05,0.08445,50000
2212,236,6,6,0,59,40,25,3,0,51.68,0.05,0.0843,50000
2213,19,0,0,0,2,3,2,1,0,-7.68,0.05,0.08434,50000
2214,139,2,2,0,19,28,16,4,0,32.57,0.05,0.08484,50000
2215,40,2,2,0,2,13,6,0,0,9.9,0.05,0.08466,50000
2216,304,5,5,0,34,44,25,10,0,59.72,0.05,0.0837,50000
2217,82,2,2,0,11,16,10,1,0,14.56,0.05,0.08362,50000
2218,51,1,1,0,2,21,7,0,0,15.13,0.05,0.08373,50000
2219,64,2,2,0,7,13,6,3,0,7.77,0.05,0.08418,50000
2220,401,6,6,0,19,43,22,28,0,70.83,0.05,0.08501,50000
2221,20,0,0,0,4,3,3,0,0,-3.55,0.05,0.08498,50000
2222,30,0,0,0,6,7,4,0,0,-3.05,0.05,0.08475,50000
2223,58,0,0,0,12,19,7,1,0,10.69,0.05,0.08456,50000
2224,401,5,5,0,28,46,24,12,0,68.58,0.05,0.0847,50000
2225,71,2,2,0,15,17,10,0,0,14.78,0.05,0.08505,50000
2226,13,0,0,0,3,3,2,0,0,-7.46,0.05,0.08493,50000
2227,58,0,0,0,6,18,8,0,0,11.14,0.05,0.08481,50000
2228,365,5,5,0,26,50,27,2,0,61.75,0.05,0.08535,50000
2229,12,0,0,0,3,5,2,0,0,-5.79,0.05,0.08535,50000
2230,111,3,3,0,14,31,16,0,0,36.13,0.05,0.08512,50000
2231,401,8,8,0,31,50,26,10,0,75.28,0.05,0.08564,50000
2232,204,4,4,0,25,45,21,7,0,54.42,0.05,0.08564,50000
2233,70,1,1,0,12,23,10,0,0,18.95,0.05,0.08541,50000
2234,379,7,7,0,28,56,30,5,0,74.07,0.05,0.08512,50000
2235,167,1,1,0,17,40,21,1,0,44.41,0.05,0.08516,50000
2236,6,0,0,0,2,1,1,0,0,-9.92,0.05,0.08516,50000
2237,102,1,1,0,9,37,14,0,0,33.66,0.05,0.08536,50000
2238,37,1,1,0,6,10,5,0,0,2.81,0.05,0.08556,50000
2239,12,0,0,0,0,3,2,0,0,-5.14,0.05,0.08556,50000
2240,5,0,0,0,2,1,1,0,0,-9.35,0.05,0.08555,50000
2241,290,7,7,0,22,53,28,2,0,70.45,0.05,0.08534,50000
2242,220,5,5,0,10,44,21,7,0,56.25,0.05,0.08488,50000
2243,120,0,0,0,18,36,15,1,0,30.65,0.05,0.08507,50000
2244,104,3,3,0,15,38,13,0,0,34.92,0.05,0.08467,50000
2245,70,1,1,0,19,22,9,1,0,14.4,0.05,0.08464,50000
2246,5,0,0,0,0,1,1,0,0,-9.8,0.05,0.08464,50000
2247,26,0,0,0,5,13,4,0,0,0.63,0.05,0.08451,50000
2248,83,0,0,0,22,21,12,0,0,16.24,0.05,0.08462,50000
2249,26,0,0,0,2,7,4,0,0,-1.02,0.05,0.08474,50000
2250,290,5,5,0,13,35,19,0,0,41.7,0.05,0.08455,50000
2251,12,0,0,0,3,5,2,0,0,-5.79,0.05,0.08438,50000
2252,27,0,0,0,8,11,4,0,0,1.11,0.05,0.08435,50000
2253,5,0,0,0,1,1,1,0,0,-8.75,0.05,0.08431,50000
2254,401,6,6,0,32,50,22,7,0,65.38,0.05,0.08438,50000
2255,14,0,0,0,2,4,2,0,0,-6.23,0.05,0.08437,50000
2256,70,1,1,0,12,20,10,0,0,16.75,0.05,0.08459,50000
2257,5,0,0,0,0,2,1,0,0,-8.2,0.05,0.08459,50000
2258,71,2,2,0,11,22,10,0,0,18.23,0.05,0.08468,50000
2259,275,4,4,0,23,54,26,8,0,67.05,0.05,0.08493,50000
2260,43,0,0,0,6,14,6,0,0,5.64,0.05,0.08481,50000
2261,401,5,5,0,28,59,29,10,0,84.53,0.05,0.08579,50000
2262,275,6,6,0,37,61,30,6,0,77.65,0.05,0.08648,50000
2263,33,1,1,0,4,10,5,0,0,4.74,0.05,0.08666,50000
2264,26,1,1,0,1,11,4,0,0,3.73,0.05,0.08668,50000
2265,108,2,2,0,14,37,13,2,0,32.29,0.05,0.0864,50000
2266,150,4,4,0,19,46,18,1,0,48.6,0.05,0.08633,50000
2267,14,0,0,0,5,6,2,0,0,-5.93,0.05,0.08633,50000
2268,401,5,5,0,13,35,17,3,0,48.43,0.05,0.08702,50000
2269,204,4,4,0,26,41,21,5,0,49.82,0.05,0.08658,50000
2270,401,5,5,0,16,44,23,1,0,63.28,0.05,0.08683,50000
2271,47,0,0,0,11,15,7,0,0,7.31,0.05,0.08659,50000
2272,70,1,1,0,10,17,9,1,0,14.5,0.05,0.08654,50000
2273,401,6,6,0,31,45,29,1,0,72.33,0.05,0.08656,50000
2274,21,0,0,0,4,7,3,0,0,-2.27,0.05,0.08666,50000
2275,14,0,0,0,1,6,2,0,0,-5.68,0.05,0.08664,50000
2276,401,3,3,0,54,47,25,6,0,64.68,0.05,0.0864,50000
2277,12,0,0,0,5,4,2,0,0,-6.89,0.05,0.0864,50000
2278,84,2,2,0,13,24,12,0,0,21.97,0.05,0.08657,50000
2279,48,1,1,0,7,20,7,0,0,13.49,0.05,0.08679,50000
2280,19,0,0,0,0,8,3,0,0,-1.28,0.05,0.08663,50000
2281,69,2,2,0,11,17,8,1,0,11.92,0.05,0.08632,50000
2282,54,0,0,0,6,21,7,1,0,14.72,0.05,0.08578,50000
2283,401,6,6,0,59,46,28,19,0,78.03,0.05,0.08462,50000
2284,26,0,0,0,2,7,4,0,0,-0.32,0.05,0.0848,50000
2285,272,5,5,0,110,41,21,1,0,44.16,0.05,0.08405,50000
2286,20,0,0,0,4,5,3,0,0,-4.3,0.05,0.08412,50000
2287,358,6,6,0,44,62,37,7,0,88.39,0.05,0.08331,50000
2288,54,0,0,0,6,13,8,0,0,9.97,0.05,0.08349,50000
2289,401,5,5,0,11,51,22,2,0,63.88,0.05,0.0827,50000
2290,37,1,1,0,6,10,5,0,0,5.01,0.05,0.08238,50000
2291,6,0,0,0,2,1,1,0,0,-9.92,0.05,0.08232,50000
2292,40,1,1,0,4,13,6,0,0,8.2,0.05,0.08227,50000
2293,34,1,1,0,5,14,5,0,0,6.42,0.05,0.08228,50000
2294,5,0,0,0,1,1,1,0,0,-8.75,0.05,0.08224,50000
2295,6,0,0,0,1,2,1,0,0,-7.37,0.05,0.08224,50000
2296,6,0,0,0,1,1,1,0,0,-9.87,0.05,0.08227,50000
2297,12,0,0,0,1,2,2,0,0,-6.99,0.05,0.08227,50000
2298,48,1,1,0,10,15,7,0,0,7.99,0.05,0.08234,50000
2299,51,1,1,0,8,15,7,0,0,8.53,0.05,0.08199,50000
2300,20,0,0,0,3,5,3,0,0,-4.95,0.05,0.08217,50000
2301,99,1,1,0,9,31,13,0,0,28.77,0.05,0.08244,50000
2302,38,1,1,0,5,10,5,0,0,3.94,0.05,0.08235,50000
2303,112,0,0,0,73,10,7,0,0,0.01,0.05,0.0826,50000
2304,13,0,0,0,3,2,2,0,0,-6.31,0.05,0.08257,50000
2305,240,2,2,0,23,50,28,3,0,61.6,0.05,0.08292,50000
2306,12,0,0,0,0,6,2,0,0,-3.04,0.05,0.08303,50000
2307,31,0,0,0,5,11,4,0,0,1.98,0.05,0.08297,50000
2308,7,0,0,0,2,2,1,0,0,-7.59,0.05,0.08297,50000
2309,286,4,4,0,43,41,20,9,0,48.68,0.05,0.08315,50000
2310,12,0,0,0,3,4,2,0,0,-6.29,0.05,0.08322,50000
2311,269,5,5,0,22,44,20,3,0,48.72,0.05,0.08289,50000
2312,5,0,0,0,1,1,1,0,0,-9.35,0.05,0.08289,50000
2313,401,6,6,0,28,46,27,1,0,68.98,0.05,0.08314,50000
2314,12,0,0,0,0,2,2,0,0,-6.39,0.05,0.08301,50000
2315,88,3,3,0,7,22,11,0,0,23.09,0.05,0.0832,50000
2316,114,3,3,0,12,26,16,0,0,34.47,0.05,0.08283,50000
2317,401,8,8,0,28,37,24,13,0,66.48,0.05,0.0825,50000
2318,87,3,3,0,10,36,12,0,0,29.66,0.05,0.08253,50000
2319,73,1,1,0,3,16,8,2,0,13.24,0.05,0.08258,50000
2320,78,2,2,0,3,19,10,1,0,19.24,0.05,0.08237,50000
2321,20,1,1,0,1,9,3,0,0,0.8,0.05,0.08231,50000
2322,5,0,0,0,1,1,1,0,0,-9.85,0.05,0.08219,50000
2323,84,2,2,0,11,24,10,1,0,21.32,0.05,0.08208,50000
2324,35,0,0,0,7,12,5,0,0,2.0,0.05,0.08208,50000
2325,6,0,0,0,1,1,1,0,0,-7.47,0.05,0.0819,50000
2326,234,6,6,0,27,52,27,2,0,68.07,0.05,0.08209,50000
2327,27,0,0,0,6,7,4,0,0,-1.14,0.05,0.08193,50000
2328,163,4,4,0,19,39,20,2,0,48.64,0.05,0.08204,50000
2329,68,0,0,0,9,28,10,0,0,19.39,0.05,0.08211,50000
2330,20,0,0,0,6,8,3,0,0,-3.3,0.05,0.0819,50000
2331,16,0,0,0,3,6,2,0,0,-5.32,0.05,0.0819,50000
2332,103,0,0,0,9,25,13,1,0,24.49,0.05,0.0818,50000
2333,7,0,0,0,2,2,1,0,0,-8.84,0.05,0.0818,50000
2334,26,0,0,0,6,9,4,0,0,1.38,0.05,0.08154,50000
2335,53,0,0,0,9,17,7,0,0,7.69,0.05,0.08126,50000
2336,48,0,0,0,6,18,6,0,0,7.14,0.05,0.08107,50000
2337,78,1,1,0,10,14,9,1,0,13.69,0.05,0.08114,50000
2338,12,0,0,0,4,2,2,0,0,-7.19,0.05,0.08128,50000
2339,14,0,0,0,5,7,2,0,0,-5.43,0.05,0.08139,50000
2340,12,0,0,0,3,7,2,0,0,-5.69,0.05,0.08143,50000
2341,47,1,1,0,11,15,7,0,0,7.71,0.05,0.0813,50000
2342,38,0,0,0,8,11,5,0,0,2.94,0.05,0.08116,50000
2343,131,0,0,0,22,39,15,0,0,32.88,0.05,0.08081,50000
2344,20,0,0,0,5,4,3,0,0,-4.75,0.05,0.08065,50000
2345,401,5,5,0,124,51,28,2,0,68.73,0.05,0.0803,50000
2346,131,5,5,0,20,46,17,0,0,46.48,0.05,0.0804,50000
2347,212,4,4,0,20,49,24,4,0,62.01,0.05,0.0795,50000
2348,109,5,5,0,11,32,15,0,0,34.72,0.05,0.07979,50000
2349,171,2,2,0,98,25,11,1,0,17.48,0.05,0.07968,50000
2350,84,2,2,0,9,23,11,0,0,22.72,0.05,0.07906,50000
2351,20,0,0,0,5,4,3,0,0,-4.05,0.05,0.07902,50000
2352,5,0,0,0,0,1,1,0,0,-7.8,0.05,0.07902,50000
2353,401,7,7,0,41,64,33,5,0,91.13,0.05,0.07902,50000
2354,13,0,0,0,3,1,1,1,0,-9.66,0.05,0.07893,50000
2355,53,0,0,0,11,15,7,0,0,6.04,0.05,0.07885,50000
2356,28,0,0,0,5,11,4,0,0,-0.51,0.05,0.07876,50000
2357,199,4,4,0,18,50,27,0,0,63.92,0.05,0.07873,50000
2358,22,0,0,0,1,5,2,1,0,-4.29,0.05,0.07882,50000
2359,62,1,1,0,10,18,9,0,0,13.01,0.05,0.07916,50000
2360,97,2,2,0,8,33,14,0,0,32.26,0.05,0.07889,50000
2361,48,1,1,0,8,14,6,0,0,7.79,0.05,0.07897,50000
2362,401,7,7,0,35,61,32,5,0,88.43,0.05,0.07938,50000
2363,36,1,1,0,1,10,5,0,0,3.63,0.05,0.0793,50000
2364,70,0,0,0,10,22,9,1,0,14.45,0.05,0.07953,50000
2365,240,7,7,0,30,44,25,8,0,61.8,0.05,0.08001,50000
2366,67,0,0,0,13,17,7,2,0,9.16,0.05,0.08048,50000
2367,107,1,1,0,10,35,14,1,0,33.41,0.05,0.08066,50000
2368,96,2,2,0,10,27,11,2,0,23.58,0.05,0.08061,50000
2369,314,9,9,0,65,63,32,8,0,94.97,0.05,0.08043,50000
2370,212,2,2,0,23,36,18,4,0,38.21,0.05,0.0809,50000
2371,21,0,0,0,4,7,3,0,0,-3.67,0.05,0.08077,50000
2372,45,0,0,0,3,16,6,0,0,7.85,0.05,0.08087,50000
2373,121,1,1,0,19,36,15,2,0,32.78,0.05,0.08064,50000
2374,7,0,0,0,1,3,1,0,0,-8.79,0.05,0.08064,50000
2375,155,3,3,0,21,44,22,0,0,51.85,0.05,0.08062,50000
2376,176,5,5,0,17,36,18,3,0,45.58,0.05,0.08063,50000
2377,316,5,5,0,24,53,26,14,0,68.38,0.05,0.08034,50000
2378,13,0,0,0,3,3,2,0,0,-4.96,0.05,0.08034,50000
2379,98,2,2,0,17,35,13,0,0,32.44,0.05,0.08027,50000
2380,401,6,6,0,49,62,29,5,0,81.43,0.05,0.07986,50000
2381,401,6,6,0,36,65,26,10,0,82.08,0.05,0.07997,50000
2382,6,0,0,0,1,2,1,0,0,-7.37,0.05,0.07997,50000
2383,401,8,8,0,21,54,30,3,0,83.43,0.05,0.07959,50000
2384,30,0,0,0,6,10,4,0,0,1.75,0.05,0.07957,50000
2385,27,0,0,0,2,7,4,0,0,-0.64,0.05,0.07984,50000
2386,222,3,3,0,34,38,20,4,0,44.71,0.05,0.07998,50000
2387,101,2,2,0,19,24,13,1,0,25.18,0.05,0.07991,50000
2388,91,2,2,0,14,27,11,2,0,22.98,0.05,0.08023,50000
2389,67,2,2,0,4,26,9,0,0,21.16,0.05,0.08011,50000
2390,20,0,0,0,6,4,3,0,0,-4.35,0.05,0.08008,50000
2391,170,5,5,0,22,55,23,0,0,59.8,0.05,0.07965,50000
2392,12,0,0,0,1,6,2,0,0,-4.09,0.05,0.07966,50000
2393,101,3,3,0,10,39,14,0,0,35.83,0.05,0.07979,50000
2394,83,2,2,0,16,24,11,1,0,20.19,0.05,0.07985,50000
2395,115,1,1,0,15,37,15,1,0,34.05,0.05,0.08002,50000
2396,14,0,0,0,3,4,2,0,0,-5.38,0.05,0.0801,50000
2397,159,5,5,0,16,43,21,0,0,49.42,0.05,0.07996,50000
2398,44,1,1,0,4,14,6,0,0,6.77,0.05,0.07971,50000
2399,37,0,0,0,9,14,5,0,0,2.81,0.05,0.0795,50000
2400,36,1,1,0,5,13,5,0,0,6.53,0.05,0.0794,50000
2401,6,0,0,0,1,1,1,0,0,-7.87,0.05,0.0794,50000
2402,95,2,2,0,19,29,13,0,0,26.45,0.05,0.07932,50000
2403,49,3,3,0,4,11,6,1,0,9.27,0.05,0.0789,50000
2404,59,3,3,0,8,14,7,1,0,12.42,0.05,0.07893,50000
2405,401,8,8,0,34,40,22,14,0,66.53,0.05,0.07927,50000
2406,14,0,0,0,4,5,2,0,0,-4.93,0.05,0.07933,50000
2407,274,4,4,0,35,58,30,4,0,69.92,0.05,0.08017,50000
2408,113,2,2,0,14,34,14,1,0,34.14,0.05,0.0804,50000
2409,114,2,2,0,15,36,14,1,0,35.27,0.05,0.08009,50000
2410,72,2,2,0,10,22,10,0,0,21.91,0.05,0.0799,50000
2411,401,4,4,0,39,64,30,4,0,82.73,0.05,0.07915,50000
2412,19,1,1,0,1,5,3,0,0,-3.28,0.05,0.07913,50000
2413,33,0,0,0,7,12,5,0,0,2.34,0.05,0.07926,50000
2414,42,1,1,0,4,15,6,0,0,9.61,0.05,0.07899,50000
2415,316,6,6,0,28,63,30,8,0,79.78,0.05,0.07887,50000
2416,193,4,4,0,24,43,18,7,0,48.79,0.05,0.07917,50000
2417,29,0,0,0,3,8,4,0,0,0.02,0.05,0.0791,50000
2418,315,5,5,0,34,51,27,4,0,63.6,0.05,0.07971,50000
2419,401,7,7,0,24,55,28,3,0,79.58,0.05,0.07949,50000
2420,197,5,5,0,17,45,23,1,0,56.11,0.05,0.07916,50000
2421,401,5,5,0,34,64,30,18,0,91.38,0.05,0.0777,50000
2422,56,1,1,0,8,17,8,0,0,14.28,0.05,0.07771,50000
2423,153,3,3,0,22,45,20,0,0,48.24,0.05,0.07788,50000
2424,44,0,0,0,6,12,5,1,0,4.87,0.05,0.07758,50000
2425,119,1,1,0,11,37,16,0,0,35.67,0.05,0.07729,50000
2426,29,0,0,0,9,6,4,0,0,-0.68,0.05,0.07737,50000
2427,82,1,1,0,7,23,10,1,0,19.31,0.05,0.07726,50000
2428,27,0,0,0,6,5,4,0,0,-2.59,0.05,0.07732,50000
2429,401,5,5,0,25,50,22,12,0,65.68,0.05,0.07764,50000
2430,6,0,0,0,2,1,1,0,0,-9.87,0.05,0.07764,50000
2431,5,0,0,0,1,1,1,0,0,-8.75,0.05,0.07764,50000
2432,157,4,4,0,14,48,21,0,0,54.86,0.05,0.0776,50000
2433,28,0,0,0,3,7,4,0,0,-1.61,0.05,0.07745,50000
2434,401,6,6,0,27,56,25,8,0,74.43,0.05,0.07769,50000
2435,78,1,1,0,12,22,10,0,0,18.79,0.05,0.07775,50000
2436,5,0,0,0,0,1,1,0,0,-8.7,0.05,0.07772,50000
2437,68,0,0,0,10,20,10,0,0,16.04,0.05,0.07776,50000
2438,151,3,3,0,20,35,20,1,0,40.38,0.05,0.07757,50000
2439,23,3,3,0,4,8,3,0,0,3.09,0.05,0.07774,50000
2440,401,9,9,0,24,53,28,7,0,82.43,0.05,0.07745,50000
2441,275,3,3,0,70,58,26,4,0,62.35,0.05,0.07769,50000
2442,401,7,7,0,52,54,23,3,0,67.28,0.05,0.07727,50000
2443,178,3,3,0,26,42,21,3,0,49.79,0.05,0.07759,50000
2444,5,0,0,0,3,1,1,0,0,-9.95,0.05,0.07759,50000
2445,5,0,0,0,3,3,1,0,0,-8.95,0.05,0.07755,50000
2446,126,4,4,0,14,40,17,0,0,41.98,0.05,0.07728,50000
2447,63,0,0,0,9,20,9,0,0,13.49,0.05,0.07724,50000
2448,49,2,2,0,12,16,7,0,0,9.72,0.05,0.07696,50000
2449,87,2,2,0,13,35,12,0,0,31.66,0.05,0.07672,50000
2450,15,0,0,0,1,4,2,0,0,-5.65,0.05,0.07671,50000
2451,100,0,0,0,11,33,13,0,0,28.3,0.05,0.07675,50000
2452,57,0,0,0,10,16,7,0,0,9.81,0.05,0.07635,50000
2453,110,1,1,0,25,30,15,0,0,29.85,0.05,0.07639,50000
2454,13,0,0,0,4,3,2,0,0,-6.96,0.05,0.07639,50000
2455,401,7,7,0,38,58,29,13,0,84.98,0.05,0.07659,50000
2456,66,1,1,0,10,27,9,0,0,18.33,0.05,0.07702,50000
2457,52,2,2,0,5,16,7,0,0,12.66,0.05,0.07701,50000
2458,5,0,0,0,1,1,1,0,0,-9.35,0.05,0.07701,50000
2459,6,0,0,0,2,1,1,0,0,-9.87,0.05,0.07701,50000
2460,64,2,2,0,3,17,9,0,0,16.62,0.05,0.07721,50000
2461,60,0,0,0,4,21,8,0,0,14.7,0.05,0.07724,50000
2462,118,4,4,0,23,35,14,1,0,35.94,0.05,0.07752,50000
2463,52,2,2,0,14,19,7,0,0,10.41,0.05,0.07731,50000
2464,20,0,0,0,3,9,3,0,0,-0.05,0.05,0.07727,50000
2465,46,1,1,0,5,18,6,0,0,10.18,0.05,0.07734,50000
2466,401,8,8,0,22,55,29,8,0,81.78,0.05,0.07683,50000
2467,15,1,1,0,4,5,2,0,0,-4.35,0.05,0.0767,50000
2468,186,4,4,0,28,48,24,1,0,58.08,0.05,0.07613,50000
2469,7,0,0,0,1,1,1,0,0,-9.29,0.05,0.07613,50000
2470,401,9,9,0,33,61,33,5,0,94.03,0.05,0.07536,50000
2471,13,0,0,0,1,5,2,0,0,-3.71,0.05,0.07537,50000
2472,401,6,6,0,18,53,25,1,0,72.08,0.05,0.07621,50000
2473,160,3,3,0,13,48,19,0,0,49.75,0.05,0.07607,50000
2474,40,0,0,0,7,19,6,0,0,8.15,0.05,0.07606,50000
2475,121,2,2,0,21,35,15,2,0,34.58,0.05,0.07621,50000
2476,20,0,0,0,5,5,3,0,0,-3.7,0.05,0.07626,50000
2477,255,3,3,0,8,52,21,0,0,54.1,0.05,0.07585,50000
2478,137,2,2,0,24,39,17,1,0,37.51,0.05,0.07585,50000
2479,28,0,0,0,7,11,4,0,0,-0.21,0.05,0.07582,50000
2480,401,7,7,0,31,57,26,1,0,75.73,0.05,0.07507,50000
2481,178,2,2,0,27,46,21,2,0,52.39,0.05,0.07449,50000
2482,80,1,1,0,8,25,11,0,0,22.4,0.05,0.07473,50000
2483,22,1,1,0,3,4,3,0,0,-2.24,0.05,0.07473,50000
2484,86,4,4,0,8,32,11,1,0,31.13,0.05,0.07466,50000
2485,114,2,2,0,22,36,15,0,0,33.02,0.05,0.07445,50000
2486,42,0,0,0,5,16,6,0,0,5.56,0.05,0.07484,50000
2487,353,5,5,0,18,55,25,10,0,64.99,0.05,0.07563,50000
2488,348,8,10,0,42,55,29,8,0,87.59,0.05,0.07706,50000
2489,143,4,4,0,15,32,19,0,0,40.59,0.05,0.07788,50000
2490,401,6,6,0,55,48,19,8,0,60.13,0.05,0.07799,50000
2491,7,0,0,0,2,4,1,0,0,-8.44,0.05,0.07799,50000
2492,401,8,8,0,73,52,21,4,0,64.98,0.05,0.07853,50000
2493,41,0,0,0,3,16,6,0,0,6.98,0.05,0.07895,50000
2494,67,1,1,0,13,17,8,0,0,10.21,0.05,0.07894,50000
2495,62,0,0,0,7,19,9,0,0,15.01,0.05,0.07911,50000
2496,67,1,1,0,5,24,9,0,0,16.61,0.05,0.07922,50000
2497,37,1,1,0,5,12,5,0,0,4.21,0.05,0.07926,50000
2498,320,3,3,0,19,52,23,9,0,58.3,0.05,0.07923,50000
2499,185,6,6,0,12,52,22,2,0,57.8,0.05,0.07915,50000
2500,401,8,8,0,25,47,23,8,0,66.28,0.05,0.07857,50000
2501,135,3,3,0,16,43,17,1,0,42.85,0.05,0.07854,50000
2502,75,1,1,0,7,23,10,0,0,20.25,0.05,0.07847,50000
2503,90,2,2,0,6,33,12,0,0,27.8,0.05,0.07899,50000
2504,401,7,7,0,26,46,25,1,0,67.03,0.05,0.07943,50000
2505,401,7,7,0,37,55,28,4,0,79.38,0.05,0.08038,50000
2506,381,7,7,0,28,55,25,8,0,65.98,0.05,0.07995,50000
2507,77,1,1,0,12,26,11,0,0,23.71,0.05,0.08033,50000
2508,272,9,9,0,19,52,24,2,0,76.56,0.05,0.08021,50000
2509,79,0,0,0,17,24,11,0,0,17.82,0.05,0.08035,50000
2510,157,0,0,0,8,14,6,0,0,3.31,0.05,0.08085,50000
2511,38,0,0,0,1,9,5,0,0,1.79,0.05,0.08093,50000
2512,401,7,7,0,21,46,26,2,0,68.83,0.05,0.08098,50000
2513,81,4,4,0,14,31,11,0,0,26.13,0.05,0.08086,50000
2514,72,2,2,0,13,28,10,0,0,21.61,0.05,0.08081,50000
2515,12,0,0,0,2,5,2,0,0,-5.54,0.05,0.0808,50000
2516,7,0,0,0,3,5,1,0,0,-7.94,0.05,0.0808,50000
2517,14,0,0,0,5,3,2,0,0,-6.48,0.05,0.08081,50000
2518,311,9,9,0,69,63,29,2,0,86.33,0.05,0.08076,50000
2519,19,1,1,0,4,6,3,0,0,-0.18,0.05,0.08078,50000
2520,218,5,5,0,88,40,16,0,0,37.19,0.05,0.08092,50000
2521,28,1,1,0,3,5,4,0,0,-1.81,0.05,0.081,50000
2522,9,0,0,0,2,1,1,0,0,-8.13,0.05,0.081,50000
2523,56,2,2,0,8,21,8,0,0,15.53,0.05,0.0809,50000
2524,12,0,0,0,1,3,2,0,0,-7.04,0.05,0.08091,50000
2525,155,1,1,0,32,15,6,12,0,11.55,0.05,0.081,50000
2526,59,2,2,0,4,27,8,0,0,18.52,0.05,0.0811,50000
2527,167,1,1,0,15,22,9,0,0,13.21,0.05,0.08089,50000
2528,44,0,0,0,7,15,6,0,0,6.37,0.05,0.08081,50000
2529,177,2,2,0,13,44,22,0,0,48.66,0.05,0.08141,50000
2530,40,1,1,0,8,14,5,0,0,4.65,0.05,0.08143,50000
2531,86,1,1,0,1,35,12,0,0,28.93,0.05,0.0815,50000
2532,25,0,0,0,5,7,3,0,0,-3.4,0.05,0.08171,50000
2533,401,8,8,0,24,63,28,8,0,85.18,0.05,0.08192,50000
2534,47,0,0,0,5,17,7,0,0,10.01,0.05,0.08187,50000
2535,27,0,0,0,6,10,4,0,0,-0.09,0.05,0.08172,50000
2536,118,4,4,0,16,44,16,0,0,41.64,0.05,0.08182,50000
2537,88,1,1,0,13,27,12,0,0,23.44,0.05,0.08211,50000
2538,72,2,2,0,4,24,10,0,0,18.76,0.05,0.08233,50000
2539,401,6,6,0,27,64,30,2,0,85.63,0.05,0.08175,50000
2540,401,5,5,0,21,39,15,2,0,44.53,0.05,0.08077,50000
2541,20,0,0,0,1,8,3,0,0,-0.4,0.05,0.08081,50000
2542,401,5,5,0,83,35,18,0,0,44.28,0.05,0.07897,50000
2543,401,9,9,0,18,56,24,7,0,75.98,0.05,0.07795,50000
2544,401,7,7,0,15,54,29,1,0,76.73,0.05,0.07715,50000
2545,95,4,4,0,7,28,13,0,0,29.2,0.05,0.07673,50000
2546,26,1,1,0,3,8,4,0,0,0.03,0.05,0.0766,50000
2547,43,2,2,0,3,15,5,1,0,9.24,0.05,0.07678,50000
2548,401,7,7,0,25,50,24,0,0,69.78,0.05,0.07735,50000
2549,12,0,0,0,1,4,2,0,0,-5.49,0.05,0.07734,50000
2550,97,0,0,0,10,35,14,0,0,30.31,0.05,0.07716,50000
2551,7,0,0,0,0,3,1,0,0,-6.84,0.05,0.07716,50000
2552,221,6,6,0,27,48,24,2,0,58.48,0.05,0.07761,50000
2553,56,0,0,0,8,19,8,0,0,12.18,0.05,0.07783,50000
2554,56,1,1,0,4,10,5,3,0,5.13,0.05,0.07749,50000
2555,401,7,7,0,15,41,25,0,0,65.93,0.05,0.07754,50000
2556,196,6,6,0,18,33,20,4,0,45.93,0.05,0.07743,50000
2557,70,1,1,0,12,24,10,0,0,18.15,0.05,0.07774,50000
2558,5,0,0,0,0,2,1,0,0,-7.3,0.05,0.07774,50000
2559,401,8,8,0,40,60,25,6,0,76.43,0.05,0.07709,50000
2560,401,2,2,0,158,47,19,3,0,44.38,0.05,0.07735,50000
2561,401,8,8,0,22,55,28,1,0,79.53,0.05,0.07648,50000
2562,361,6,6,0,19,50,23,1,0,56.83,0.05,0.0759,50000
2563,85,1,1,0,16,25,12,0,0,21.95,0.05,0.07611,50000
2564,101,3,3,0,3,33,14,0,0,35.63,0.05,0.07594,50000
2565,401,8,8,0,26,47,25,2,0,71.58,0.05,0.07558,50000
2566,401,7,7,0,13,48,24,3,0,69.58,0.05,0.07562,50000
2567,64,2,2,0,4,13,9,0,0,12.97,0.05,0.07591,50000
2568,110,2,2,0,8,38,15,0,0,34.65,0.05,0.0757,50000
2569,401,9,9,0,23,58,25,1,0,76.73,0.05,0.07569,50000
2570,401,7,7,0,27,62,28,3,0,82.88,0.05,0.07548,50000
2571,148,3,3,0,13,38,19,1,0,43.74,0.05,0.07517,50000
2572,68,1,1,0,17,18,9,0,0,14.44,0.05,0.07507,50000
2573,70,0,0,0,10,24,10,0,0,17.7,0.05,0.07499,50000
2574,34,0,0,0,4,14,5,0,0,6.22,0.05,0.07477,50000
2575,40,1,1,0,4,20,6,0,0,9.4,0.05,0.07493,50000
2576,34,0,0,0,4,12,5,0,0,2.97,0.05,0.07507,50000
2577,401,6,6,0,27,50,23,4,0,67.13,0.05,0.07485,50000
2578,71,1,1,0,12,24,9,0,0,17.23,0.05,0.07504,50000
2579,198,7,7,0,15,53,23,0,0,64.09,0.05,0.07546,50000
2580,46,1,1,0,4,12,6,0,0,7.28,0.05,0.07575,50000
2581,5,0,0,0,3,2,1,0,0,-9.45,0.05,0.07575,50000
2582,204,1,1,0,11,28,13,0,0,21.92,0.05,0.07573,50000
2583,168,4,4,0,18,51,20,0,0,53.89,0.05,0.07662,50000
2584,7,0,0,0,0,2,1,0,0,-6.29,0.05,0.07634,50000
2585,96,1,1,0,18,34,13,0,0,27.68,0.05,0.07623,50000
2586,343,5,5,0,24,43,22,11,0,54.99,0.05,0.07653,50000
2587,27,2,2,0,7,7,4,0,0,2.11,0.05,0.07666,50000
2588,5,0,0,0,1,1,1,0,0,-9.85,0.05,0.07666,50000
2589,105,3,3,0,13,32,13,0,0,30.7,0.05,0.07715,50000
2590,84,4,4,0,8,22,12,0,0,26.47,0.05,0.07745,50000
2591,16,0,0,0,2,7,2,0,0,-4.82,0.05,0.0775,50000
2592,6,0,0,0,1,2,1,0,0,-7.52,0.05,0.0775,50000
2593,187,6,6,0,8,53,25,0,0,66.16,0.05,0.07769,50000
2594,86,0,0,0,19,24,11,0,0,19.08,0.05,0.07783,50000
2595,111,4,4,0,16,43,15,0,0,41.93,0.05,0.07764,50000
2596,35,0,0,0,7,15,5,0,0,3.95,0.05,0.0777,50000
2597,98,4,4,0,17,33,10,2,0,29.04,0.05,0.07816,50000
2598,19,0,0,0,2,9,3,0,0,-0.98,0.05,0.0782,50000
2599,80,1,1,0,7,30,11,0,0,23.85,0.05,0.07849,50000
2600,34,0,0,0,5,11,5,0,0,3.02,0.05,0.07851,50000
2601,112,4,4,0,13,32,15,0,0,36.41,0.05,0.07841,50000
2602,316,8,8,0,16,60,26,7,0,71.98,0.05,0.07857,50000
2603,74,0,0,0,12,22,9,1,0,15.82,0.05,0.07859,50000
2604,401,8,8,0,129,56,27,7,0,75.38,0.05,0.07865,50000
2605,167,3,3,0,17,44,20,0,0,48.61,0.05,0.07897,50000
2606,14,0,0,0,2,4,2,0,0,-4.68,0.05,0.07897,50000
2607,108,4,4,0,11,40,15,0,0,39.49,0.05,0.07908,50000
2608,5,0,0,0,0,1,1,0,0,-9.8,0.05,0.07921,50000
2609,401,7,7,0,40,60,25,23,0,83.68,0.05,0.0785,50000
2610,47,0,0,0,6,18,6,0,0,7.21,0.05,0.07856,50000
2611,101,1,1,0,9,34,14,0,0,31.98,0.05,0.07939,50000
2612,384,8,8,0,24,53,26,10,0,70.42,0.05,0.08013,50000
2613,135,4,4,0,11,34,16,2,0,40.55,0.05,0.08043,50000
2614,5,0,0,0,0,1,1,0,0,-9.8,0.05,0.08054,50000
2615,158,6,6,0,21,45,18,2,0,47.14,0.05,0.08022,50000
2616,13,0,0,0,1,4,2,0,0,-3.91,0.05,0.08033,50000
2617,6,0,0,0,1,2,1,0,0,-7.37,0.05,0.08023,50000
2618,91,3,3,0,6,34,13,0,0,34.23,0.05,0.08023,50000
2619,401,5,5,0,24,60,30,10,0,83.48,0.05,0.08037,50000
2620,401,5,5,0,36,55,25,20,0,77.68,0.05,0.08063,50000
2621,401,7,7,0,36,53,27,23,0,83.58,0.05,0.08077,50000
2622,401,7,7,0,38,50,25,18,0,78.28,0.05,0.08103,50000
2623,76,0,0,0,4,30,10,0,0,20.43,0.05,0.08084,50000
2624,43,1,1,0,7,15,6,0,0,8.24,0.05,0.08055,50000
2625,128,2,2,0,10,41,16,1,0,40.54,0.05,0.08106,50000
2626,401,8,8,0,46,51,27,14,0,79.78,0.05,0.08176,50000
2627,317,8,10,0,14,70,35,1,0,104.56,0.05,0.08225,50000
2628,8,0,0,0,1,4,1,0,0,-6.41,0.05,0.08227,50000
2629,56,1,1,0,6,19,8,0,0,15.68,0.05,0.08236,50000
2630,81,2,2,0,6,30,10,1,0,24.63,0.05,0.08287,50000
2631,199,6,6,0,29,52,25,1,0,61.62,0.05,0.08282,50000
2632,268,9,9,0,85,53,26,1,0,65.89,0.05,0.08302,50000
2633,13,0,0,0,4,6,2,0,0,-4.16,0.05,0.0831,50000
2634,36,0,0,0,8,10,5,0,0,1.68,0.05,0.08282,50000
2635,236,7,7,0,19,48,21,5,0,57.73,0.05,0.08281,50000
2636,27,2,2,0,6,8,4,0,0,3.01,0.05,0.08291,50000
2637,66,2,2,0,13,14,9,0,0,13.38,0.05,0.08277,50000
2638,28,0,0,0,4,11,4,0,0,1.49,0.05,0.0828,50000
2639,220,6,6,0,23,42,19,2,0,48.45,0.05,0.08256,50000
2640,234,5,5,0,116,48,16,0,0,40.37,0.05,0.08236,50000
2641,13,0,0,0,3,6,2,0,0,-3.81,0.05,0.0822,50000
2642,269,5,5,0,113,43,20,2,0,43.17,0.05,0.08194,50000
2643,193,5,5,0,9,57,24,1,0,64.94,0.05,0.08151,50000
2644,401,8,8,0,34,53,25,24,0,82.13,0.05,0.08146,50000
2645,401,8,8,0,23,50,23,17,0,74.08,0.05,0.08102,50000
2646,122,1,1,0,9,42,15,2,0,35.71,0.05,0.08084,50000
2647,271,9,9,0,26,52,26,9,0,82.38,0.05,0.08076,50000
2648,51,0,0,0,0,17,6,1,0,9.13,0.05,0.08063,50000
2649,401,5,5,0,81,42,20,20,0,59.23,0.05,0.0804,50000
2650,401,8,8,0,22,60,28,5,0,84.13,0.05,0.08003,50000
2651,203,3,3,0,34,59,24,1,0,63.34,0.05,0.07964,50000
2652,363,8,8,0,35,49,29,15,0,71.24,0.05,0.07942,50000
2653,114,2,2,0,16,33,16,0,0,35.07,0.05,0.07913,50000
2654,26,0,0,0,0,15,4,0,0,5.18,0.05,0.07898,50000
2655,401,9,9,0,74,61,28,5,0,81.58,0.05,0.07846,50000
2656,14,0,0,0,1,5,2,0,0,-5.73,0.05,0.07834,50000
2657,63,1,1,0,6,19,9,0,0,16.24,0.05,0.07783,50000
2658,42,0,0,0,6,13,6,0,0,5.36,0.05,0.07774,50000
2659,62,0,0,0,1,21,8,0,0,12.71,0.05,0.078,50000
2660,401,7,7,0,142,65,31,5,0,83.53,0.05,0.07858,50000
2661,137,5,5,0,12,37,16,1,0,41.81,0.05,0.07879,50000
2662,401,7,7,0,95,49,22,10,0,64.23,0.05,0.0792,50000
2663,28,1,1,0,4,11,4,0,0,2.49,0.05,0.0793,50000
2664,13,0,0,0,1,2,2,0,0,-7.01,0.05,0.0793,50000
2665,19,1,1,0,4,6,3,0,0,0.32,0.05,0.07915,50000
2666,117,1,1,0,47,29,12,0,0,22.01,0.05,0.0795,50000
2667,401,8,8,0,88,59,24,13,0,73.48,0.05,0.07868,50000
2668,20,1,1,0,3,6,3,0,0,-0.15,0.05,0.07882,50000
2669,49,0,0,0,5,19,7,0,0,10.52,0.05,0.07869,50000
2670,41,0,0,0,8,13,6,0,0,4.03,0.05,0.07885,50000
2671,401,7,7,0,21,52,27,2,0,76.18,0.05,0.07873,50000
2672,401,9,9,0,20,54,24,11,0,78.33,0.05,0.07754,50000
2673,6,0,0,0,3,1,1,0,0,-9.97,0.05,0.07754,50000
2674,160,8,8,0,10,42,20,1,0,54.15,0.05,0.07739,50000
2675,401,7,7,0,153,53,25,4,0,66.83,0.05,0.07789,50000
2676,401,7,7,0,110,50,22,19,0,68.88,0.05,0.07817,50000
2677,175,6,6,0,11,44,17,1,0,48.55,0.05,0.07811,50000
2678,14,0,0,0,2,6,2,0,0,-3.78,0.05,0.07804,50000
2679,94,4,4,0,8,30,13,0,0,32.52,0.05,0.07772,50000
2680,7,0,0,0,1,2,1,0,0,-9.34,0.05,0.07772,50000
2681,277,7,7,0,12,58,26,11,0,74.21,0.05,0.07758,50000
2682,81,1,1,0,7,36,10,1,0,26.03,0.05,0.07732,50000
2683,401,8,8,0,27,55,25,25,0,83.88,0.05,0.07737,50000
2684,14,0,0,0,3,4,2,0,0,-4.73,0.05,0.07738,50000
2685,156,2,2,0,15,47,19,2,0,46.23,0.05,0.07723,50000
2686,61,3,3,0,10,22,8,0,0,16.23,0.05,0.07714,50000
2687,13,0,0,0,4,4,2,0,0,-5.41,0.05,0.07718,50000
2688,14,0,0,0,2,4,2,0,0,-5.68,0.05,0.07723,50000
2689,41,1,1,0,3,14,6,0,0,9.18,0.05,0.07706,50000
2690,78,4,4,0,5,24,11,0,0,26.59,0.05,0.0768,50000
2691,100,4,4,0,5,28,14,0,0,31.65,0.05,0.07645,50000
2692,49,0,0,0,3,22,7,0,0,12.12,0.05,0.07648,50000
2693,401,6,6,0,94,60,26,19,0,77.33,0.05,0.07621,50000
2694,40,0,0,0,0,14,6,0,0,8.0,0.05,0.07608,50000
2695,40,1,1,0,0,16,6,0,0,9.5,0.05,0.0756,50000
2696,81,2,2,0,6,31,11,0,0,27.03,0.05,0.07573,50000
2697,61,2,2,0,4,19,7,2,0,15.73,0.05,0.07574,50000
2698,351,9,9,0,42,61,29,17,0,92.08,0.05,0.07588,50000
2699,363,8,8,0,32,54,24,22,0,70.84,0.05,0.07594,50000
2700,13,0,0,0,4,3,2,0,0,-6.41,0.05,0.07595,50000
2701,35,0,0,0,5,9,5,0,0,2.8,0.05,0.07597,50000
2702,7,0,0,0,1,3,1,0,0,-7.79,0.05,0.07597,50000
2703,144,5,5,0,18,49,18,1,0,48.57,0.05,0.07595,50000
2704,5,0,0,0,0,1,1,0,0,-8.7,0.05,0.0759,50000
2705,6,0,0,0,1,1,1,0,0,-9.37,0.05,0.0759,50000
2706,278,8,8,0,20,52,26,10,0,69.89,0.05,0.07614,50000
2707,5,0,0,0,0,0,0,1,0,-9.85,0.05,0.07609,50000
2708,138,3,3,0,17,36,19,0,0,42.34,0.05,0.07656,50000
2709,181,5,5,0,4,43,15,10,0,45.13,0.05,0.07684,50000
2710,133,5,5,0,14,33,17,2,0,42.09,0.05,0.07657,50000
2711,49,2,2,0,0,22,7,0,0,15.32,0.05,0.07652,50000
2712,6,0,0,0,1,2,1,0,0,-7.52,0.05,0.07652,50000
2713,72,1,1,0,7,31,10,0,0,22.51,0.05,0.07594,50000
2714,12,0,0,0,2,3,2,0,0,-6.74,0.05,0.07596,50000
2715,51,0,0,0,5,12,7,0,0,7.43,0.05,0.07591,50000
2716,20,0,0,0,3,7,3,0,0,-2.05,0.05,0.07598,50000
2717,401,9,9,0,14,65,30,25,0,100.03,0.05,0.07616,50000
2718,401,7,7,0,58,51,23,10,0,69.28,0.05,0.0753,50000
2719,401,8,8,0,61,57,30,26,0,89.88,0.05,0.07529,50000
2720,172,3,3,0,13,41,21,3,0,48.36,0.05,0.07507,50000
2721,7,0,0,0,2,2,1,0,0,-7.44,0.05,0.07507,50000
2722,6,0,0,0,2,1,1,0,0,-9.42,0.05,0.07513,50000
2723,393,9,9,0,41,59,29,24,0,91.59,0.05,0.07492,50000
2724,19,0,0,0,3,8,3,0,0,-3.93,0.05,0.0749,50000
2725,33,1,1,0,2,14,5,0,0,6.84,0.05,0.07496,50000
2726,336,6,6,0,22,58,23,23,0,69.38,0.05,0.07488,50000
2727,61,0,0,0,9,22,9,0,0,14.68,0.05,0.07467,50000
2728,12,0,0,0,1,5,2,0,0,-5.09,0.05,0.07475,50000
2729,7,0,0,0,1,3,1,0,0,-7.19,0.05,0.07475,50000
2730,101,3,3,0,3,39,13,1,0,36.03,0.05,0.0745,50000
2731,41,1,1,0,7,20,5,0,0,8.58,0.05,0.07466,50000
2732,5,0,0,0,1,1,1,0,0,-9.85,0.05,0.07465,50000
2733,392,7,7,0,35,55,24,29,0,69.41,0.05,0.07454,50000
2734,12,1,1,0,2,5,2,0,0,-1.74,0.05,0.07477,50000
2735,116,2,2,0,10,30,15,1,0,31.13,0.05,0.07459,50000
2736,7,0,0,0,2,1,1,0,0,-8.04,0.05,0.07467,50000
2737,66,2,2,0,5,25,9,0,0,19.63,0.05,0.07468,50000
2738,351,8,8,0,41,56,31,16,0,81.23,0.05,0.07357,50000
2739,58,1,1,0,11,24,7,1,0,12.09,0.05,0.07348,50000
2740,137,3,3,0,9,38,18,0,0,45.36,0.05,0.07298,50000
2741,34,1,1,0,5,17,5,0,0,9.57,0.05,0.07308,50000
2742,5,0,0,0,0,1,1,0,0,-9.8,0.05,0.07308,50000
2743,51,1,1,0,1,16,7,0,0,10.73,0.05,0.07281,50000
2744,12,0,0,0,5,4,2,0,0,-6.89,0.05,0.07288,50000
2745,401,9,9,0,21,56,27,26,0,90.88,0.05,0.07273,50000
2746,401,7,7,0,28,54,26,29,0,85.53,0.05,0.0727,50000
2747,89,0,0,0,71,7,3,0,0,-6.58,0.05,0.07257,50000
2748,12,0,0,0,5,3,2,0,0,-6.89,0.05,0.07253,50000
2749,177,5,5,0,12,51,23,1,0,60.06,0.05,0.07259,50000
2750,43,0,0,0,3,13,6,0,0,6.84,0.05,0.07258,50000
2751,127,2,2,0,11,37,18,0,0,42.76,0.05,0.07228,50000
2752,401,2,2,0,18,43,22,4,0,55.98,0.05,0.07305,50000
2753,141,4,4,0,12,46,19,1,0,47.93,0.05,0.07315,50000
2754,56,1,1,0,0,22,8,0,0,15.98,0.05,0.07282,50000
2755,71,2,2,0,7,21,10,0,0,21.23,0.05,0.07272,50000
2756,230,9,9,0,15,41,22,9,0,59.95,0.05,0.07232,50000
2757,35,1,1,0,4,13,5,0,0,4.05,0.05,0.07245,50000
2758,122,5,5,0,5,42,16,1,0,45.21,0.05,0.07249,50000
2759,56,0,0,0,10,22,8,0,0,14.98,0.05,0.07275,50000
2760,112,6,6,0,11,36,16,0,0,41.31,0.05,0.07252,50000
2761,240,8,8,0,25,47,23,9,0,62.6,0.05,0.07202,50000
2762,71,1,1,0,7,27,9,1,0,20.28,0.05,0.07179,50000
2763,73,4,4,0,9,22,8,2,0,19.39,0.05,0.07157,50000
2764,401,9,9,0,33,51,26,27,0,85.13,0.05,0.07099,50000
2765,55,2,2,0,16,22,8,0,0,14.15,0.05,0.07102,50000
2766,42,2,2,0,6,14,6,0,0,11.06,0.05,0.07077,50000
2767,208,5,5,0,12,40,19,7,0,50.49,0.05,0.07065,50000
2768,401,9,9,0,26,59,31,20,0,96.08,0.05,0.07025,50000
2769,95,3,3,0,8,33,12,1,0,31.9,0.05,0.07044,50000
2770,63,3,3,0,5,17,9,0,0,16.69,0.05,0.07025,50000
2771,21,0,0,0,1,10,3,0,0,-0.47,0.05,0.07026,50000
2772,164,4,4,0,22,40,20,1,0,47.42,0.05,0.07031,50000
2773,20,0,0,0,2,7,3,0,0,-3.7,0.05,0.07032,50000
2774,12,0,0,0,1,4,2,0,0,-5.44,0.05,0.07039,50000
2775,57,0,0,0,10,28,7,1,0,15.36,0.05,0.07015,50000
2776,27,0,0,0,4,10,4,0,0,-0.04,0.05,0.0701,50000
2777,12,0,0,0,0,6,2,0,0,-3.54,0.05,0.07004,50000
2778,7,0,0,0,1,2,1,0,0,-9.29,0.05,0.07001,50000
2779,15,0,0,0,5,5,2,0,0,-6.1,0.05,0.07001,50000
2780,123,0,0,0,12,37,14,3,0,31.99,0.05,0.07003,50000
2781,92,2,2,0,12,40,12,1,0,31.86,0.05,0.07036,50000
2782,325,8,8,0,16,59,29,15,0,82.15,0.05,0.07092,50000
2783,263,8,10,0,30,52,29,5,0,85.29,0.05,0.0707,50000
2784,94,1,1,0,13,37,13,0,0,30.97,0.05,0.07075,50000
2785,323,8,8,0,26,54,24,21,0,69.59,0.05,0.07093,50000
2786,7,0,0,0,0,4,1,0,0,-5.84,0.05,0.07093,50000
2787,228,6,6,0,20,52,23,7,0,61.34,0.05,0.0709,50000
2788,6,0,0,0,1,2,1,0,0,-7.52,0.05,0.07071,50000
2789,144,5,5,0,10,39,16,2,0,44.27,0.05,0.07069,50000
2790,62,2,2,0,1,21,9,0,0,19.51,0.05,0.07051,50000
2791,7,0,0,0,2,2,1,0,0,-6.59,0.05,0.07051,50000
2792,81,2,2,0,10,31,11,0,0,24.63,0.05,0.07075,50000
2793,27,1,1,0,4,9,3,1,0,-0.89,0.05,0.07051,50000
2794,167,7,7,0,18,51,21,1,0,58.26,0.05,0.07046,50000
2795,265,9,9,0,19,56,25,5,0,71.5,0.05,0.07057,50000
2796,15,0,0,0,5,5,2,0,0,-4.65,0.05,0.07066,50000
2797,401,9,9,0,31,48,25,19,0,78.83,0.05,0.07102,50000
2798,15,1,1,0,3,3,2,0,0,-5.5,0.05,0.07121,50000
2799,6,0,0,0,1,2,1,0,0,-7.52,0.05,0.07121,50000
2800,12,0,0,0,0,6,2,0,0,-3.04,0.05,0.07113,50000
2801,218,8,8,0,19,53,27,2,0,72.44,0.05,0.07091,50000
2802,29,0,0,0,9,8,4,0,0,0.37,0.05,0.07102,50000
2803,81,1,1,0,34,20,7,0,0,11.28,0.05,0.07113,50000
2804,40,1,1,0,8,15,6,0,0,7.8,0.05,0.07123,50000
2805,168,3,3,0,13,58,22,1,0,57.19,0.05,0.07112,50000
2806,396,8,8,0,25,49,27,20,0,73.58,0.05,0.07137,50000
2807,39,1,1,0,1,15,5,0,0,7.72,0.05,0.07095,50000
2808,318,8,8,0,30,58,27,17,0,75.34,0.05,0.0711,50000
2809,135,4,4,0,6,42,17,0,0,45.3,0.05,0.07093,50000
2810,195,7,7,0,32,52,22,1,0,60.65,0.05,0.07123,50000
2811,78,1,1,0,12,27,10,0,0,20.74,0.05,0.07137,50000
2812,69,1,1,0,15,26,10,0,0,19.87,0.05,0.0714,50000
2813,12,0,0,0,1,4,1,1,0,-7.74,0.05,0.07137,50000
2814,26,0,0,0,0,16,4,0,0,6.68,0.05,0.07132,50000
2815,168,5,5,0,19,52,22,1,0,58.19,0.05,0.07194,50000
2816,72,0,0,0,7,25,10,0,0,18.41,0.05,0.07207,50000
2817,41,2,2,0,7,13,6,0,0,8.08,0.05,0.0724,50000
2818,347,5,5,0,40,42,18,27,0,51.26,0.05,0.07335,50000
2819,5,0,0,0,1,1,1,0,0,-9.85,0.05,0.07335,50000
2820,84,2,2,0,8,30,12,0,0,27.12,0.05,0.07354,50000
2821,26,0,0,0,4,8,3,0,0,-1.72,0.05,0.07353,50000
2822,114,5,5,0,8,40,15,0,0,42.02,0.05,0.07337,50000
2823,151,3,3,0,15,40,19,1,0,45.68,0.05,0.07355,50000
2824,5,0,0,0,1,1,1,0,0,-8.75,0.05,0.07355,50000
2825,30,0,0,0,3,11,4,0,0,2.05,0.05,0.07362,50000
2826,5,0,0,0,1,1,1,0,0,-8.25,0.05,0.07362,50000
2827,41,0,0,0,6,13,6,0,0,4.68,0.05,0.07376,50000
2828,88,1,1,0,12,34,12,0,0,27.29,0.05,0.07409,50000
2829,24,1,1,0,1,8,3,0,0,-0.43,0.05,0.07434,50000
2830,373,8,8,0,13,54,25,26,0,77.29,0.05,0.07455,50000
2831,72,4,4,0,2,35,10,0,0,28.26,0.05,0.07441,50000
2832,5,0,0,0,0,3,1,0,0,-6.8,0.05,0.07462,50000
2833,80,2,2,0,9,26,11,0,0,23.0,0.05,0.07452,50000
2834,5,0,0,0,1,1,1,0,0,-8.2,0.05,0.07452,50000
2835,130,1,1,0,12,47,18,0,0,45.6,0.05,0.07468,50000
2836,105,5,5,0,9,40,13,1,0,38.1,0.05,0.07543,50000
2837,5,0,0,0,3,1,1,0,0,-9.95,0.05,0.07543,50000
2838,401,8,8,0,20,50,29,1,0,79.23,0.05,0.07602,50000
2839,17,1,1,0,3,7,2,0,0,-1.89,0.05,0.07584,50000
2840,136,3,3,0,13,43,19,0,0,45.28,0.05,0.0755,50000
2841,208,7,7,0,15,58,26,3,0,73.04,0.05,0.07561,50000
2842,196,8,8,0,16,51,20,4,0,59.83,0.05,0.07557,50000
2843,40,1,1,0,5,11,5,0,0,4.95,0.05,0.07547,50000
2844,139,4,4,0,10,40,19,0,0,48.02,0.05,0.07527,50000
2845,19,1,1,0,2,7,3,0,0,-0.43,0.05,0.07517,50000
2846,5,0,0,0,0,1,1,0,0,-8.7,0.05,0.07504,50000
2847,59,1,1,0,5,14,7,1,0,9.12,0.05,0.07501,50000
2848,103,2,2,0,9,33,14,0,0,33.89,0.05,0.07506,50000
2849,27,0,0,0,3,7,3,1,0,-2.54,0.05,0.07527,50000
2850,82,2,2,0,4,22,10,0,0,19.36,0.05,0.07505,50000
2851,88,4,4,0,10,27,11,0,0,26.39,0.05,0.07496,50000
2852,23,0,0,0,4,9,3,0,0,0.09,0.05,0.07492,50000
2853,33,0,0,0,2,7,4,1,0,0.04,0.05,0.07503,50000
2854,191,6,6,0,9,51,22,2,0,60.63,0.05,0.07487,50000
2855,117,3,3,0,13,47,16,0,0,46.41,0.05,0.07471,50000
2856,57,0,0,0,5,25,8,0,0,17.31,0.05,0.07485,50000
2857,146,3,3,0,14,49,18,1,0,47.78,0.05,0.07465,50000
2858,179,7,7,0,25,49,21,3,0,58.37,0.05,0.07456,50000
2859,53,1,1,0,8,18,7,0,0,10.54,0.05,0.07465,50000
2860,48,1,1,0,6,17,6,0,0,9.19,0.05,0.07463,50000
2861,205,6,6,0,18,53,26,1,0,65.35,0.05,0.07469,50000
2862,34,0,0,0,9,12,5,0,0,1.27,0.05,0.07512,50000
2863,401,7,7,0,56,52,27,20,0,83.28,0.05,0.07592,50000
2864,104,2,2,0,12,37,15,0,0,33.32,0.05,0.07571,50000
2865,5,0,0,0,0,1,1,0,0,-8.7,0.05,0.07568,50000
2866,12,0,0,0,3,2,2,0,0,-7.79,0.05,0.07568,50000
2867,229,6,6,0,21,48,26,5,0,64.32,0.05,0.07512,50000
2868,26,1,1,0,2,9,4,0,0,3.58,0.05,0.07522,50000
2869,30,0,0,0,2,9,4,0,0,1.5,0.05,0.07524,50000
2870,12,0,0,0,3,5,2,0,0,-6.29,0.05,0.07523,50000
2871,14,0,0,0,2,7,2,0,0,-3.68,0.05,0.07524,50000
2872,19,0,0,0,2,6,3,0,0,-2.63,0.05,0.07528,50000
2873,34,1,1,0,1,12,4,1,0,4.57,0.05,0.07508,50000
2874,214,6,6,0,11,56,28,0,0,72.22,0.05,0.07612,50000
2875,68,0,0,0,6,24,10,0,0,19.34,0.05,0.07599,50000
2876,57,2,2,0,7,23,8,0,0,18.76,0.05,0.07607,50000
2877,25,0,0,0,2,9,3,0,0,-0.2,0.05,0.07603,50000
2878,183,6,6,0,17,43,18,6,0,50.79,0.05,0.07591,50000
2879,19,0,0,0,1,7,3,0,0,-3.03,0.05,0.07592,50000
2880,171,8,8,0,15,55,22,2,0,63.33,0.05,0.07562,50000
2881,69,2,2,0,7,28,9,0,0,21.02,0.05,0.07551,50000
2882,163,7,7,0,11,45,20,2,0,54.84,0.05,0.0759,50000
2883,250,0,0,0,207,12,5,0,0,-12.0,0.05,0.07669,50000
2884,134,2,2,0,8,36,17,1,0,41.02,0.05,0.07712,50000
2885,265,7,7,0,26,42,18,18,0,54.4,0.05,0.07726,50000
2886,153,5,5,0,15,48,18,2,0,51.44,0.05,0.07664,50000
2887,269,6,6,0,14,63,26,11,0,74.32,0.05,0.07679,50000
2888,14,0,0,0,0,7,2,0,0,-3.18,0.05,0.07675,50000
2889,132,3,3,0,11,48,16,1,0,42.61,0.05,0.07685,50000
2890,47,1,1,0,2,20,7,0,0,12.76,0.05,0.07689,50000
2891,254,5,5,0,26,51,20,14,0,58.72,0.05,0.07725,50000
2892,401,8,8,0,53,62,27,27,0,92.13,0.05,0.07636,50000
2893,54,0,0,0,6,22,8,0,0,15.62,0.05,0.07621,50000
2894,14,0,0,0,5,4,2,0,0,-6.93,0.05,0.07624,50000
2895,230,4,4,0,10,47,19,11,0,55.45,0.05,0.07502,50000
2896,5,0,0,0,1,1,1,0,0,-9.85,0.05,0.07495,50000
2897,205,4,4,0,27,44,25,3,0,59.95,0.05,0.07518,50000
2898,30,0,0,0,0,13,4,0,0,0.7,0.05,0.07524,50000
2899,401,8,8,0,42,59,25,25,0,86.98,0.05,0.07479,50000
2900,49,1,1,0,2,20,7,0,0,13.52,0.05,0.0748,50000
2901,5,0,0,0,3,1,1,0,0,-9.95,0.05,0.07482,50000
2902,29,0,0,0,3,10,4,0,0,1.47,0.05,0.07511,50000
2903,401,6,6,0,58,45,21,2,0,59.73,0.05,0.07582,50000
2904,12,0,0,0,5,5,2,0,0,-6.39,0.05,0.07576,50000
2905,71,2,2,0,7,25,10,0,0,22.73,0.05,0.07591,50000
2906,401,8,8,0,54,52,24,25,0,79.78,0.05,0.07519,50000
2907,6,0,0,0,2,1,1,0,0,-9.42,0.05,0.07519,50000
2908,26,0,0,0,4,13,4,0,0,2.68,0.05,0.07489,50000
2909,48,1,1,0,3,16,6,1,0,11.44,0.05,0.07495,50000
2910,168,6,6,0,19,50,20,3,0,56.99,0.05,0.07516,50000
2911,84,2,2,0,13,35,11,0,0,29.02,0.05,0.07528,50000
2912,121,1,1,0,11,40,16,0,0,37.13,0.05,0.0756,50000
2913,273,8,10,0,10,64,29,7,0,93.14,0.05,0.07549,50000
2914,401,9,9,0,24,57,26,28,0,92.28,0.05,0.07593,50000
2915,73,0,0,0,9,23,10,0,0,16.59,0.05,0.07584,50000
2916,7,0,0,0,0,3,1,0,0,-7.19,0.05,0.07584,50000
2917,6,0,0,0,1,1,1,0,0,-8.02,0.05,0.07584,50000
2918,154,4,4,0,18,38,18,3,0,44.17,0.05,0.07572,50000
2919,192,4,4,0,6,40,19,6,0,47.21,0.05,0.0759,50000
2920,42,0,0,0,6,10,6,0,0,4.36,0.05,0.07595,50000
2921,224,8,8,0,21,53,26,3,0,70.82,0.05,0.0764,50000
2922,100,1,1,0,8,38,13,1,0,33.1,0.05,0.07641,50000
2923,5,0,0,0,0,1,1,0,0,-9.3,0.05,0.07641,50000
2924,93,3,3,0,7,21,12,1,0,21.89,0.05,0.07627,50000
2925,81,3,3,0,4,29,11,0,0,25.13,0.05,0.07635,50000
2926,52,1,1,0,1,23,7,0,0,13.66,0.05,0.07591,50000
2927,306,9,9,0,39,55,30,9,0,89.13,0.05,0.07556,50000
2928,401,9,9,0,24,62,28,24,0,93.03,0.05,0.07459,50000
2929,12,0,0,0,5,4,2,0,0,-6.79,0.05,0.07461,50000
2930,105,2,2,0,4,33,15,0,0,33.05,0.05,0.07471,50000
2931,82,0,0,0,8,32,11,0,0,24.56,0.05,0.07523,50000
2932,260,7,7,0,25,51,22,13,0,65.4,0.05,0.07475,50000
2933,162,5,5,0,18,36,14,7,0,39.11,0.05,0.07479,50000
2934,98,1,1,0,7,34,13,0,0,31.39,0.05,0.07486,50000
2935,13,0,0,0,1,6,2,0,0,-2.71,0.05,0.07483,50000
2936,166,4,4,0,10,46,22,0,0,56.38,0.05,0.07456,50000
2937,35,0,0,0,5,13,5,0,0,3.55,0.05,0.07464,50000
2938,122,5,5,0,14,32,17,0,0,39.06,0.05,0.07547,50000
2939,12,0,0,0,4,4,2,0,0,-6.14,0.05,0.07544,50000
2940,401,8,8,0,94,45,24,15,0,71.58,0.05,0.07503,50000
2941,179,2,2,0,10,35,17,7,0,39.17,0.05,0.07455,50000
2942,12,0,0,0,1,5,2,0,0,-5.49,0.05,0.07444,50000
2943,311,8,8,0,48,50,26,13,0,68.58,0.05,0.07449,50000
2944,14,0,0,0,0,6,2,0,0,-4.53,0.05,0.07443,50000
2945,5,0,0,0,0,3,1,0,0,-7.2,0.05,0.07443,50000
2946,356,7,7,0,29,41,19,28,0,60.13,0.05,0.07437,50000
2947,269,9,9,0,24,55,24,9,0,69.82,0.05,0.0745,50000
2948,92,4,4,0,7,29,12,1,0,29.91,0.05,0.07459,50000
2949,102,5,5,0,6,30,12,2,0,31.61,0.05,0.07496,50000
2950,5,0,0,0,0,1,1,0,0,-7.8,0.05,0.07496,50000
2951,190,5,5,0,8,50,21,3,0,58.3,0.05,0.07459,50000
2952,76,3,3,0,3,34,11,0,0,28.93,0.05,0.07506,50000
2953,22,0,0,0,1,9,3,0,0,-0.09,0.05,0.07511,50000
2954,76,4,4,0,6,27,10,0,0,24.73,0.05,0.07496,50000
2955,153,3,3,0,16,42,21,0,0,50.89,0.05,0.07452,50000
2956,46,0,0,0,5,15,6,0,0,6.68,0.05,0.07514,50000
2957,121,4,4,0,14,33,14,3,0,35.48,0.05,0.07552,50000
2958,362,9,9,0,78,57,26,10,0,80.86,0.05,0.07531,50000
2959,23,0,0,0,5,11,3,0,0,-1.21,0.05,0.07542,50000
2960,194,8,8,0,22,49,25,1,0,65.97,0.05,0.07552,50000
2961,89,1,1,0,16,31,12,0,0,24.97,0.05,0.07603,50000
2962,53,1,1,0,7,21,7,0,0,11.79,0.05,0.07606,50000
2963,401,9,9,0,21,62,29,9,0,90.23,0.05,0.07544,50000
2964,401,6,6,0,38,64,29,5,0,84.33,0.05,0.07532,50000
2965,69,2,2,0,6,21,7,3,0,14.07,0.05,0.0754,50000
2966,42,2,2,0,8,13,6,0,0,8.91,0.05,0.07535,50000
2967,52,2,2,0,6,18,7,0,0,11.76,0.05,0.0754,50000
2968,373,8,10,0,20,56,27,2,0,82.64,0.05,0.07575,50000
2969,79,1,1,0,2,25,11,0,0,24.52,0.05,0.07572,50000
2970,295,9,9,0,20,55,28,4,0,84.4,0.05,0.076,50000
2971,5,0,0,0,3,1,1,0,0,-9.95,0.05,0.076,50000
2972,112,1,1,0,16,40,16,0,0,38.81,0.05,0.07638,50000
2973,149,4,4,0,22,42,20,1,0,48.22,0.05,0.07632,50000
2974,401,8,8,0,10,51,21,6,0,69.38,0.05,0.07595,50000
2975,129,3,3,0,13,36,16,2,0,38.72,0.05,0.07569,50000
2976,100,6,6,0,12,27,11,3,0,31.05,0.05,0.07551,50000
2977,14,0,0,0,0,4,2,0,0,-3.68,0.05,0.07551,50000
2978,401,9,9,0,25,50,26,18,0,82.73,0.05,0.07567,50000
2979,291,8,8,0,22,43,24,11,0,59.88,0.05,0.07548,50000
2980,20,1,1,0,3,8,3,0,0,-1.8,0.05,0.07563,50000
2981,41,0,0,0,8,18,6,0,0,6.03,0.05,0.0757,50000
2982,159,7,7,0,14,44,18,3,0,51.57,0.05,0.07584,50000
2983,35,0,0,0,5,12,5,0,0,4.35,0.05,0.07573,50000
2984,266,8,10,0,13,57,24,1,0,80.58,0.05,0.076,50000
2985,401,8,8,0,15,51,28,14,0,83.83,0.05,0.07648,50000
2986,401,7,7,0,14,58,28,4,0,81.33,0.05,0.0762,50000
2987,89,1,1,0,11,29,12,0,0,26.57,0.05,0.07617,50000
2988,56,3,3,0,2,22,8,0,0,18.88,0.05,0.07566,50000
2989,5,0,0,0,2,1,1,0,0,-8.8,0.05,0.07566,50000
2990,79,3,3,0,16,26,11,0,0,23.07,0.05,0.07548,50000
2991,13,0,0,0,0,4,2,0,0,-4.41,0.05,0.07549,50000
2992,13,0,0,0,1,4,2,0,0,-4.61,0.05,0.07552,50000
2993,44,2,2,0,5,18,6,0,0,12.12,0.05,0.07519,50000
2994,29,0,0,0,11,10,4,0,0,-0.23,0.05,0.07497,50000
2995,113,5,5,0,6,45,15,0,0,45.44,0.05,0.07482,50000
2996,12,0,0,0,3,4,2,0,0,-4.69,0.05,0.07482,50000
2997,33,0,0,0,2,15,5,0,0,6.74,0.05,0.07462,50000
2998,220,7,7,0,8,50,24,0,0,63.95,0.05,0.07459,50000
2999,164,5,5,0,8,38,19,3,0,47.82,0.05,0.07445,50000
3000,53,3,3,0,7,22,7,0,0,14.89,0.05,0.07423,50000
