round,steps,score,coins,invalid_actions,waited,crates,good_bombs,useless_bombs,suicidal_bombs,reward_sum,epsilon,mean_loss,buffer
1,15,0,0,0,5,7,2,0,0,-4.55,0.2999,0.0,15
2,45,0,0,0,3,20,5,0,0,7.55,0.2998,0.0,60
3,22,1,1,0,8,7,3,0,0,-2.84,0.2996,0.0,82
4,20,0,0,0,7,7,3,0,0,-3.75,0.2995,0.0,102
5,25,1,1,0,4,11,3,0,0,1.15,0.2994,0.0,127
6,7,0,0,0,2,3,1,0,0,-7.49,0.2993,0.0,134
7,7,0,0,0,2,3,1,0,0,-7.49,0.2991,0.0,141
8,55,2,2,0,8,28,7,0,0,17.05,0.299,0.0,196
9,25,0,0,0,6,12,3,0,0,-1.05,0.2989,0.0,221
10,6,0,0,0,1,3,1,0,0,-6.92,0.2988,0.0,227
11,20,0,0,0,5,2,1,0,0,-8.0,0.2986,0.0,247
12,5,0,0,0,1,2,1,0,0,-7.75,0.2985,0.0,252
13,7,0,0,0,2,2,1,0,0,-7.59,0.2984,0.0,259
14,7,0,0,0,2,2,1,0,0,-7.59,0.2983,0.0,266
15,15,0,0,0,9,5,2,0,0,-7.2,0.2981,0.0,281
16,22,0,0,0,2,12,3,0,0,0.31,0.298,0.0,303
17,28,1,1,0,4,12,4,0,0,0.99,0.2979,0.0,331
18,14,0,0,0,7,4,2,0,0,-7.18,0.2978,0.0,345
19,23,0,0,0,4,11,3,0,0,-2.21,0.2976,0.0,368
20,5,0,0,0,1,3,1,0,0,-7.25,0.2975,0.0,373
21,23,1,1,0,7,9,3,0,0,-0.36,0.2974,0.0,396
22,23,0,0,0,8,6,3,0,0,-4.86,0.2973,0.0,419
23,80,1,1,0,51,8,2,0,0,-6.8,0.2971,0.0,499
24,5,0,0,0,1,3,0,0,1,-12.85,0.297,0.0,504
25,30,0,0,0,6,10,4,0,0,-0.6,0.2969,0.0,534
26,13,0,0,0,5,5,2,0,0,-4.71,0.2968,0.0,547
27,85,1,1,0,19,43,10,0,0,26.95,0.2966,0.0,632
28,59,0,0,0,13,24,7,1,0,12.42,0.2965,0.0,691
29,45,2,2,0,10,21,6,0,0,11.0,0.2964,0.0,736
30,5,0,0,0,3,4,0,0,1,-12.45,0.2963,0.0,741
31,102,0,0,0,37,34,9,0,0,17.66,0.2961,0.0,843
32,143,0,0,0,21,7,3,0,0,-7.41,0.296,0.0,986
33,38,1,1,0,7,15,5,0,0,7.09,0.2959,0.0,1024
34,16,0,0,0,7,3,2,0,0,-7.72,0.2958,0.0,1040
35,65,3,3,0,10,35,8,0,0,22.9,0.2956,0.0,1105
36,21,0,0,0,9,10,3,0,0,-2.67,0.2955,0.0,1126
37,22,0,0,0,8,8,2,0,0,-3.39,0.2954,0.0,1148
38,42,0,0,0,6,19,6,0,0,8.76,0.2953,0.0,1190
39,12,0,0,0,3,5,1,0,0,-6.99,0.2951,0.0,1202
40,39,1,1,0,14,16,4,0,0,3.17,0.295,0.0,1241
41,237,2,2,0,93,55,15,0,0,34.21,0.2949,0.0,1478
42,8,0,0,0,3,2,1,0,0,-7.66,0.2948,0.0,1486
43,23,0,0,0,7,11,3,0,0,-1.41,0.2946,0.0,1509
44,7,0,0,0,3,4,0,0,1,-12.49,0.2945,0.0,1516
45,5,0,0,0,3,4,0,0,1,-12.45,0.2944,0.0,1521
46,23,0,0,0,7,6,3,0,0,-3.86,0.2943,0.0,1544
47,14,1,1,0,4,4,2,0,0,-4.33,0.2941,0.0,1558
48,7,0,0,0,2,3,1,0,0,-7.09,0.294,0.0,1565
49,28,1,1,0,9,10,3,0,0,-0.61,0.2939,0.0,1593
50,53,1,1,0,10,27,6,0,0,13.24,0.2938,0.0,1646
51,6,0,0,0,1,2,1,0,0,-7.52,0.2936,0.0,1652
52,7,0,0,0,2,3,1,0,0,-7.09,0.2935,0.0,1659
53,40,0,0,0,11,17,5,0,0,5.5,0.2934,0.0,1699
54,13,0,0,0,3,7,2,0,0,-4.91,0.2933,0.0,1712
55,13,0,0,0,2,8,2,0,0,-3.41,0.2931,0.0,1725
56,84,3,3,0,29,22,7,0,0,12.02,0.293,0.0,1809
57,23,0,0,0,7,10,3,0,0,-2.31,0.2929,0.0,1832
58,8,0,0,0,1,3,1,0,0,-7.06,0.2928,0.0,1840
59,42,3,3,0,9,23,6,0,0,13.31,0.2926,0.0,1882
60,8,0,0,0,1,3,1,0,0,-7.66,0.2925,0.0,1890
61,31,1,1,0,8,13,4,0,0,2.53,0.2924,0.0,1921
62,23,1,1,0,2,13,3,0,0,2.34,0.2923,0.0,1944
63,9,0,0,0,4,2,1,0,0,-7.73,0.2921,0.0,1953
64,41,1,1,0,9,20,5,0,0,7.38,0.292,0.0,1994
65,49,0,0,0,11,22,6,0,0,8.32,0.2919,0.35578,2043
66,7,0,0,0,2,3,1,0,0,-6.59,0.2918,0.39496,2050
67,5,0,0,0,3,3,0,0,1,-12.45,0.2916,0.39496,2055
68,8,0,0,0,3,3,1,0,0,-8.51,0.2915,0.39496,2063
69,15,0,0,0,3,5,2,0,0,-4.65,0.2914,0.36693,2078
70,8,0,0,0,3,3,1,0,0,-7.16,0.2913,0.41254,2086
71,66,0,0,0,14,29,9,0,0,15.63,0.2911,0.46675,2152
72,5,0,0,0,1,1,1,0,0,-9.85,0.291,0.46675,2157
73,6,0,0,0,3,3,1,0,0,-8.42,0.2909,0.46184,2163
74,5,0,0,0,3,4,0,0,1,-12.45,0.2908,0.46184,2168
75,20,1,1,0,3,7,3,0,0,-2.55,0.2906,0.44873,2188
76,7,0,0,0,1,5,1,0,0,-6.79,0.2905,0.43934,2195
77,21,0,0,0,7,7,3,0,0,-3.87,0.2904,0.45858,2216
78,13,0,0,0,5,3,2,0,0,-6.11,0.2903,0.45197,2229
79,7,0,0,0,3,2,0,0,1,-13.49,0.2901,0.45197,2236
80,22,0,0,0,6,9,3,0,0,-3.64,0.29,0.44794,2258
81,24,0,0,0,6,9,3,0,0,-2.08,0.2899,0.43886,2282
82,5,0,0,0,3,4,0,0,1,-12.45,0.2898,0.43886,2287
83,5,0,0,0,3,4,0,0,1,-11.45,0.2896,0.43353,2292
84,5,0,0,0,3,3,0,0,1,-12.95,0.2895,0.43353,2297
85,48,0,0,0,8,23,5,0,0,6.74,0.2894,0.43893,2345
86,9,0,0,0,0,5,1,0,0,-6.78,0.2893,0.43974,2354
87,5,0,0,0,2,3,0,0,1,-12.9,0.2891,0.43974,2359
88,14,0,0,0,5,3,2,0,0,-6.78,0.289,0.43487,2373
89,5,0,0,0,3,3,0,0,1,-12.45,0.2889,0.43487,2378
90,5,0,0,0,3,4,0,0,1,-12.45,0.2888,0.43487,2383
91,102,2,2,0,12,40,12,0,0,32.01,0.2886,0.41782,2485
92,24,0,0,0,6,11,3,0,0,-1.53,0.2885,0.42246,2509
93,5,0,0,0,3,4,0,0,1,-11.95,0.2884,0.4248,2514
94,7,0,0,0,2,3,1,0,0,-6.99,0.2883,0.4248,2521
95,57,0,0,0,34,2,1,0,0,-10.19,0.2881,0.41669,2578
96,24,0,0,0,6,9,3,0,0,-2.58,0.288,0.4184,2602
97,5,0,0,0,1,3,1,0,0,-7.75,0.2879,0.4184,2607
98,5,0,0,0,4,4,0,0,1,-12.0,0.2878,0.42276,2612
99,16,0,0,0,2,8,2,0,0,-3.77,0.2876,0.42747,2628
100,6,0,0,0,3,2,1,0,0,-8.92,0.2875,0.42747,2634
101,21,0,0,0,6,10,3,0,0,-1.37,0.2874,0.4223,2655
102,14,0,0,0,4,8,2,0,0,-2.93,0.2873,0.42043,2669
103,9,0,0,0,3,4,1,0,0,-8.03,0.2871,0.42007,2678
104,9,0,0,0,2,3,1,0,0,-6.48,0.287,0.42007,2687
105,14,0,0,0,4,3,2,0,0,-5.78,0.2869,0.42232,2701
106,28,0,0,0,7,12,4,0,0,0.79,0.2868,0.41896,2729
107,91,0,0,0,59,15,4,0,0,-1.22,0.2866,0.40778,2820
108,8,0,0,0,1,5,1,0,0,-6.81,0.2865,0.40778,2828
109,22,0,0,0,5,10,3,0,0,-0.94,0.2864,0.4045,2850
110,63,0,0,0,24,23,6,0,0,6.89,0.2863,0.40084,2913
111,30,0,0,0,11,8,3,0,0,-3.9,0.2861,0.39848,2943
112,21,0,0,0,5,10,3,0,0,-2.42,0.286,0.39347,2964
113,8,0,0,0,3,3,1,0,0,-7.06,0.2859,0.39347,2972
114,34,0,0,0,3,15,4,0,0,2.37,0.2858,0.3925,3006
115,29,1,1,0,9,11,4,0,0,0.47,0.2856,0.38811,3035
116,57,2,2,0,11,25,7,0,0,16.06,0.2855,0.3829,3092
117,42,0,0,0,19,6,3,0,0,-5.29,0.2854,0.38222,3134
118,8,0,0,0,3,3,1,0,0,-7.16,0.2853,0.38272,3142
119,19,0,0,0,5,7,2,0,0,-4.08,0.2851,0.38221,3161
120,23,0,0,0,9,9,3,0,0,-4.11,0.285,0.38228,3184
121,50,1,1,0,12,14,6,0,0,4.55,0.2849,0.37975,3234
122,15,0,0,0,1,5,2,0,0,-4.0,0.2848,0.38004,3249
123,68,0,0,0,9,30,9,0,0,18.94,0.2846,0.37658,3317
124,31,0,0,0,5,14,4,0,0,1.83,0.2845,0.37283,3348
125,23,0,0,0,9,12,3,0,0,-2.46,0.2844,0.37135,3371
126,6,0,0,0,3,2,1,0,0,-8.97,0.2843,0.3691,3377
127,6,0,0,0,1,2,1,0,0,-7.92,0.2841,0.3691,3383
128,13,1,1,0,5,4,2,0,0,-4.46,0.284,0.36762,3396
129,21,0,0,0,7,6,2,0,0,-3.82,0.2839,0.36586,3417
130,32,0,0,0,7,12,4,0,0,-0.34,0.2838,0.36523,3449
131,48,0,0,0,27,3,1,0,0,-9.91,0.2836,0.36632,3497
132,22,0,0,0,7,10,2,0,0,-3.74,0.2835,0.36637,3519
133,41,0,0,0,6,15,4,0,0,3.58,0.2834,0.36355,3560
134,28,0,0,0,5,11,4,0,0,1.44,0.2833,0.36097,3588
135,19,0,0,0,4,1,1,0,0,-8.43,0.2831,0.36048,3607
136,10,0,0,0,1,3,1,0,0,-7.1,0.283,0.36114,3617
137,20,0,0,0,8,7,2,0,0,-3.75,0.2829,0.35947,3637
138,33,0,0,0,9,11,4,0,0,-1.11,0.2828,0.3572,3670
139,7,0,0,0,0,4,1,0,0,-7.24,0.2826,0.3572,3677
140,21,0,0,0,5,11,3,0,0,0.08,0.2825,0.35651,3698
141,29,0,0,0,3,11,4,0,0,1.32,0.2824,0.35754,3727
142,10,0,0,0,4,5,1,0,0,-8.1,0.2823,0.35682,3737
143,27,0,0,0,2,12,4,0,0,1.81,0.2821,0.35473,3764
144,44,0,0,0,18,9,3,0,0,-3.23,0.282,0.35436,3808
145,15,0,0,0,3,7,2,0,0,-3.9,0.2819,0.35436,3823
146,21,0,0,0,6,5,3,0,0,-4.02,0.2818,0.3528,3844
147,90,0,0,0,25,31,8,0,0,15.45,0.2816,0.35272,3934
148,99,1,1,0,58,16,4,0,0,0.77,0.2815,0.34897,4033
149,7,0,0,0,4,3,1,0,0,-8.49,0.2814,0.34897,4040
150,9,0,0,0,0,5,1,0,0,-5.88,0.2812,0.34765,4049
151,62,0,0,0,13,26,7,0,0,13.36,0.2811,0.34578,4111
152,20,0,0,0,4,6,2,0,0,-5.1,0.281,0.34418,4131
153,6,0,0,0,1,2,1,0,0,-7.52,0.2809,0.34418,4137
154,6,0,0,0,1,1,1,0,0,-8.62,0.2807,0.34418,4143
155,8,0,0,0,3,2,1,0,0,-8.46,0.2806,0.34382,4151
156,8,0,0,0,3,3,1,0,0,-7.16,0.2805,0.34382,4159
157,19,0,0,0,8,7,2,0,0,-3.73,0.2804,0.34252,4178
158,6,0,0,0,1,3,1,0,0,-7.02,0.2802,0.34252,4184
159,38,0,0,0,22,5,2,0,0,-6.86,0.2801,0.34248,4222
160,22,0,0,0,7,12,3,0,0,-0.84,0.28,0.34422,4244
161,23,0,0,0,6,10,3,0,0,-1.46,0.2799,0.34386,4267
162,46,2,2,0,4,16,6,0,0,9.03,0.2797,0.34157,4313
163,19,0,0,0,11,6,2,0,0,-5.78,0.2796,0.34065,4332
164,73,1,1,0,45,9,3,0,0,-4.31,0.2795,0.34117,4405
165,7,0,0,0,2,3,1,0,0,-7.09,0.2794,0.34117,4412
166,25,1,1,0,9,9,3,0,0,-1.55,0.2792,0.34141,4437
167,32,0,0,0,8,12,4,0,0,2.01,0.2791,0.34112,4469
168,20,0,0,0,4,6,2,0,0,-5.5,0.279,0.34133,4489
169,6,0,0,0,1,2,1,0,0,-7.52,0.2789,0.34133,4495
170,28,0,0,0,6,11,4,0,0,-0.16,0.2787,0.34116,4523
171,28,0,0,0,8,10,4,0,0,-0.26,0.2786,0.34008,4551
172,20,1,1,0,7,11,3,0,0,-1.05,0.2785,0.33895,4571
173,72,0,0,0,50,4,2,0,0,-9.94,0.2784,0.33806,4643
174,23,0,0,0,9,11,3,0,0,-2.31,0.2782,0.33785,4666
175,20,0,0,0,6,9,3,0,0,-2.4,0.2781,0.33811,4686
176,10,0,0,0,3,2,1,0,0,-8.1,0.278,0.33714,4696
177,25,0,0,0,8,13,3,0,0,-0.05,0.2779,0.33705,4721
178,31,1,1,0,5,14,4,0,0,3.38,0.2777,0.33578,4752
179,23,1,1,0,7,12,3,0,0,0.24,0.2776,0.33551,4775
180,7,0,0,0,2,2,1,0,0,-7.99,0.2775,0.33551,4782
181,26,0,0,0,6,12,3,0,0,-1.47,0.2774,0.33383,4808
182,38,0,0,0,9,25,5,0,0,9.84,0.2772,0.3322,4846
183,15,0,0,0,5,5,2,0,0,-5.15,0.2771,0.33297,4861
184,23,0,0,0,10,7,3,0,0,-3.31,0.277,0.33185,4884
185,6,0,0,0,4,3,1,0,0,-9.02,0.2769,0.33185,4890
186,8,0,0,0,2,3,1,0,0,-7.91,0.2767,0.33076,4898
187,14,0,0,0,5,9,2,0,0,-3.88,0.2766,0.33093,4912
188,5,0,0,0,2,2,0,0,1,-13.4,0.2765,0.33093,4917
189,121,0,0,0,67,23,5,0,0,2.93,0.2764,0.32816,5038
190,69,2,2,0,11,27,8,0,0,18.77,0.2762,0.32564,5107
191,34,0,0,0,2,13,4,0,0,1.62,0.2761,0.32468,5141
192,28,0,0,0,8,12,4,0,0,0.04,0.276,0.32343,5169
193,19,1,1,0,4,9,2,0,0,-1.38,0.2759,0.32302,5188
194,40,0,0,0,6,14,5,0,0,4.3,0.2757,0.32167,5228
195,27,0,0,0,10,12,3,0,0,-2.74,0.2756,0.3209,5255
196,41,0,0,0,26,5,2,0,0,-8.17,0.2755,0.32043,5296
197,32,0,0,0,9,17,4,0,0,2.21,0.2754,0.31989,5328
198,133,0,0,0,33,30,8,0,0,14.24,0.2752,0.31844,5461
199,19,0,0,0,5,6,2,0,0,-4.08,0.2751,0.31807,5480
200,8,0,0,0,3,3,1,0,0,-7.16,0.275,0.31732,5488
201,14,0,0,0,4,10,2,0,0,-2.68,0.2749,0.31732,5502
202,18,0,0,0,4,6,2,0,0,-3.21,0.2747,0.31675,5520
203,24,0,0,0,9,8,3,0,0,-3.13,0.2746,0.31658,5544
204,7,0,0,0,2,3,1,0,0,-7.09,0.2745,0.31658,5551
205,60,1,1,0,9,26,8,0,0,15.55,0.2744,0.31475,5611
206,16,0,0,0,4,4,2,0,0,-6.92,0.2742,0.31408,5627
207,32,1,1,0,9,15,4,0,0,2.56,0.2741,0.31381,5659
208,7,0,0,0,2,3,1,0,0,-7.09,0.274,0.31366,5666
209,6,0,0,0,3,2,1,0,0,-8.92,0.2739,0.31366,5672
210,14,0,0,0,5,6,2,0,0,-5.53,0.2737,0.31307,5686
211,50,0,0,0,12,28,6,0,0,11.3,0.2736,0.31265,5736
212,23,0,0,0,3,12,3,0,0,-0.36,0.2735,0.31263,5759
213,67,0,0,0,15,35,9,0,0,18.26,0.2734,0.31128,5826
214,19,0,0,0,4,7,2,0,0,-5.63,0.2732,0.31129,5845
215,33,1,1,0,6,14,4,0,0,3.79,0.2731,0.31148,5878
216,6,0,0,0,1,3,1,0,0,-6.62,0.273,0.31148,5884
217,7,0,0,0,2,3,1,0,0,-7.09,0.2729,0.31144,5891
218,6,0,0,0,1,2,1,0,0,-7.92,0.2727,0.31144,5897
219,31,0,0,0,5,15,4,0,0,4.68,0.2726,0.31063,5928
220,38,0,0,0,9,12,4,1,0,0.64,0.2725,0.30926,5966
221,7,0,0,0,2,5,1,0,0,-7.39,0.2724,0.30908,5973
222,14,0,0,0,2,9,2,0,0,-2.33,0.2722,0.30941,5987
223,53,1,1,0,8,23,6,0,0,9.59,0.2721,0.3081,6040
224,14,0,0,0,2,6,2,0,0,-3.43,0.272,0.30771,6054
225,62,0,0,0,14,27,8,0,0,13.76,0.2719,0.30722,6116
226,53,0,0,0,8,27,6,0,0,11.44,0.2717,0.30575,6169
227,17,0,0,0,13,4,1,0,0,-9.19,0.2716,0.30558,6186
228,68,1,1,0,13,30,8,0,0,16.54,0.2715,0.30461,6254
229,21,0,0,0,7,14,3,0,0,-0.52,0.2714,0.30425,6275
230,22,0,0,0,8,10,3,0,0,-2.04,0.2712,0.30387,6297
231,62,1,1,0,14,25,7,1,0,12.31,0.2711,0.30235,6359
232,72,1,1,0,15,38,9,0,0,23.01,0.271,0.30199,6431
233,87,3,3,0,17,39,10,0,0,26.41,0.2709,0.30023,6518
234,9,0,0,0,4,2,1,0,0,-9.58,0.2707,0.30023,6527
235,133,0,0,0,97,11,3,0,0,-7.91,0.2706,0.29865,6660
236,18,0,0,0,4,6,2,0,0,-4.11,0.2705,0.29828,6678
237,85,3,3,0,23,25,8,2,0,15.65,0.2704,0.29796,6763
238,21,0,0,0,8,6,3,0,0,-3.02,0.2702,0.29782,6784
239,77,2,2,0,19,34,9,1,0,20.96,0.2701,0.29841,6861
240,7,0,0,0,2,2,1,0,0,-7.59,0.27,0.298,6868
241,74,0,0,0,11,32,10,0,0,20.57,0.2699,0.29728,6942
242,22,0,0,0,3,8,2,0,0,-4.14,0.2697,0.2965,6964
243,21,0,0,0,8,9,3,0,0,-1.72,0.2696,0.29644,6985
244,28,1,1,0,6,9,4,0,0,-0.61,0.2695,0.29606,7013
245,47,0,0,0,11,23,5,0,0,6.61,0.2694,0.29615,7060
246,8,0,0,0,1,3,1,0,0,-7.46,0.2692,0.29615,7068
247,50,0,0,0,13,14,6,0,0,3.1,0.2691,0.29563,7118
248,63,2,2,0,10,39,9,0,0,26.59,0.269,0.2954,7181
249,30,0,0,0,3,13,4,0,0,2.0,0.2689,0.29466,7211
250,15,1,1,0,2,5,2,0,0,-3.95,0.2687,0.29492,7226
251,21,0,0,0,5,9,3,0,0,-1.47,0.2686,0.29452,7247
252,123,4,4,0,63,28,7,0,0,15.49,0.2685,0.29317,7370
253,69,1,1,0,29,13,3,0,0,-0.88,0.2684,0.29258,7439
254,7,0,0,0,2,4,1,0,0,-7.89,0.2682,0.2923,7446
255,6,0,0,0,1,3,1,0,0,-7.02,0.2681,0.2923,7452
256,59,0,0,0,7,29,6,0,0,12.57,0.268,0.29145,7511
257,21,0,0,0,3,6,1,1,0,-5.27,0.2679,0.29129,7532
258,173,3,3,0,40,66,19,0,0,53.99,0.2677,0.29229,7705
259,32,0,0,0,4,17,4,0,0,4.81,0.2676,0.29227,7737
260,6,0,0,0,1,1,1,0,0,-8.02,0.2675,0.29227,7743
261,88,1,1,0,16,30,10,1,0,18.89,0.2674,0.29041,7831
262,47,0,0,0,9,6,2,0,0,-5.04,0.2672,0.29026,7878
263,67,1,1,0,21,23,8,0,0,11.96,0.2671,0.28986,7945
264,7,0,0,0,0,3,1,0,0,-7.09,0.267,0.28975,7952
265,19,0,0,0,8,3,2,0,0,-8.23,0.2669,0.29032,7971
266,29,0,0,0,9,11,4,0,0,0.12,0.2667,0.29039,8000
267,8,0,0,0,4,6,1,0,0,-6.51,0.2666,0.29039,8008
268,8,0,0,0,1,5,1,0,0,-6.31,0.2665,0.29035,8016
269,65,0,0,0,12,38,9,0,0,23.05,0.2664,0.28939,8081
270,17,1,1,0,5,2,1,1,0,-7.94,0.2662,0.28909,8098
271,46,3,3,0,8,18,6,0,0,12.43,0.2661,0.28922,8144
272,14,0,0,0,3,5,2,0,0,-5.83,0.266,0.28922,8158
273,267,1,1,0,176,22,6,0,0,-4.04,0.2659,0.28668,8425
274,55,2,2,0,6,27,6,1,0,14.95,0.2657,0.2857,8480
275,22,0,0,0,7,10,3,0,0,-1.44,0.2656,0.28632,8502
276,8,0,0,0,3,3,1,0,0,-7.16,0.2655,0.28632,8510
277,36,0,0,0,14,15,4,0,0,2.68,0.2654,0.28585,8546
278,14,0,0,0,3,11,2,0,0,-2.23,0.2652,0.28596,8560
279,51,0,0,0,9,24,6,0,0,11.48,0.2651,0.28576,8611
280,15,0,0,0,3,9,2,0,0,-2.0,0.265,0.28576,8626
281,60,1,1,0,13,26,7,0,0,13.35,0.2649,0.28493,8686
282,7,0,0,0,2,5,1,0,0,-7.39,0.2647,0.28479,8693
283,7,0,0,0,2,2,1,0,0,-8.19,0.2646,0.28479,8700
284,8,0,0,0,1,3,1,0,0,-7.31,0.2645,0.2845,8708
285,15,0,0,0,7,8,2,0,0,-4.2,0.2644,0.28406,8723
286,8,0,0,0,2,4,1,0,0,-6.86,0.2642,0.28406,8731
287,7,0,0,0,4,2,1,0,0,-9.54,0.2641,0.28393,8738
288,44,0,0,0,8,24,6,0,0,10.97,0.264,0.2839,8782
289,28,0,0,0,8,14,4,0,0,2.24,0.2639,0.28406,8810
290,22,0,0,0,7,7,3,0,0,-4.04,0.2637,0.28405,8832
291,22,0,0,0,7,9,3,0,0,-2.19,0.2636,0.28389,8854
292,7,0,0,0,2,3,1,0,0,-7.09,0.2635,0.28389,8861
293,175,0,0,0,33,10,4,0,0,-3.8,0.2634,0.2828,9036
294,21,0,0,0,5,12,3,0,0,-0.97,0.2632,0.28237,9057
295,38,1,1,0,8,21,5,0,0,8.44,0.2631,0.28205,9095
296,21,0,0,0,6,5,3,0,0,-4.67,0.263,0.28191,9116
297,9,0,0,0,1,5,1,0,0,-6.83,0.2629,0.28154,9125
298,6,0,0,0,1,3,1,0,0,-7.02,0.2627,0.28154,9131
299,6,0,0,0,1,2,1,0,0,-7.52,0.2626,0.28167,9137
300,9,0,0,0,3,5,1,0,0,-6.98,0.2625,0.28167,9146
301,7,0,0,0,0,3,1,0,0,-7.09,0.2624,0.28152,9153
302,36,1,1,0,10,20,5,0,0,7.23,0.2622,0.28137,9189
303,37,0,0,0,21,5,2,0,0,-7.69,0.2621,0.2808,9226
304,25,0,0,0,8,10,3,0,0,-1.7,0.262,0.28025,9251
305,7,0,0,0,2,2,1,0,0,-7.09,0.2619,0.28025,9258
306,7,0,0,0,2,3,1,0,0,-7.09,0.2617,0.28014,9265
307,14,0,0,0,5,5,2,0,0,-6.43,0.2616,0.28014,9279
308,113,3,3,0,24,65,14,0,0,45.24,0.2615,0.2789,9392
309,36,0,0,0,8,19,5,0,0,5.88,0.2614,0.2785,9428
310,28,0,0,0,10,11,4,0,0,-1.56,0.2612,0.2783,9456
311,25,0,0,0,8,8,3,0,0,-2.15,0.2611,0.27818,9481
312,34,2,2,0,8,16,5,0,0,6.57,0.261,0.27824,9515
313,30,0,0,0,9,13,4,0,0,1.55,0.2609,0.27772,9545
314,39,0,0,0,4,14,5,0,0,4.37,0.2607,0.27739,9584
315,14,0,0,0,6,8,2,0,0,-4.08,0.2606,0.27739,9598
316,25,0,0,0,6,13,3,0,0,0.55,0.2605,0.27722,9623
317,47,0,0,0,5,28,6,0,0,14.91,0.2604,0.27679,9670
318,36,1,1,0,6,12,5,0,0,2.53,0.2602,0.27649,9706
319,34,1,1,0,6,16,4,0,0,5.57,0.2601,0.27597,9740
320,41,0,0,0,6,15,5,0,0,4.43,0.26,0.27521,9781
321,6,0,0,0,3,2,1,0,0,-9.47,0.2599,0.27521,9787
322,50,1,1,0,13,24,5,0,0,10.25,0.2597,0.27493,9837
323,20,0,0,0,4,7,3,0,0,-4.3,0.2596,0.27459,9857
324,7,0,0,0,2,2,1,0,0,-7.59,0.2595,0.27459,9864
325,7,0,0,0,5,2,1,0,0,-9.09,0.2594,0.27459,9871
326,13,0,0,0,3,5,2,0,0,-5.11,0.2592,0.27448,9884
327,11,0,0,0,2,3,1,0,0,-7.27,0.2591,0.27472,9895
328,81,2,2,0,9,37,10,0,0,26.48,0.259,0.27481,9976
329,58,1,1,0,11,25,7,0,0,14.24,0.2589,0.27341,10034
330,5,0,0,0,0,3,1,0,0,-6.8,0.2587,0.27341,10039
331,27,0,0,0,9,11,3,0,0,-1.29,0.2586,0.27285,10066
332,21,0,0,0,7,12,3,0,0,-1.02,0.2585,0.27215,10087
333,40,0,0,0,23,6,2,1,0,-7.0,0.2584,0.27052,10127
334,35,0,0,0,11,9,4,0,0,-1.7,0.2582,0.26925,10162
335,56,1,1,0,24,14,3,1,0,1.58,0.2581,0.26765,10218
336,6,0,0,0,1,2,1,0,0,-7.92,0.258,0.2674,10224
337,37,0,0,0,13,16,5,0,0,2.76,0.2579,0.26672,10261
338,22,0,0,0,5,9,3,0,0,-2.39,0.2577,0.26677,10283
339,19,1,1,0,6,10,2,0,0,-1.53,0.2576,0.26633,10302
340,20,1,1,0,6,10,3,0,0,-1.5,0.2575,0.26576,10322
341,5,0,0,0,3,2,0,0,1,-13.45,0.2574,0.26576,10327
342,98,0,0,0,74,6,3,0,0,-9.26,0.2572,0.26302,10425
343,18,0,0,0,6,4,2,0,0,-7.21,0.2571,0.26272,10443
344,78,0,0,0,15,25,9,0,0,13.79,0.257,0.26115,10521
345,29,0,0,0,7,17,4,0,0,3.77,0.2569,0.26076,10550
346,29,0,0,0,9,11,4,0,0,-0.78,0.2567,0.26045,10579
347,20,0,0,0,6,8,3,0,0,-2.45,0.2566,0.25989,10599
348,26,0,0,0,5,6,3,0,0,-4.37,0.2565,0.25804,10625
349,78,1,1,0,21,35,10,0,0,21.59,0.2564,0.25692,10703
350,37,0,0,0,7,14,5,0,0,2.36,0.2562,0.25636,10740
351,22,0,0,0,4,11,3,0,0,-1.39,0.2561,0.25576,10762
352,33,0,0,0,4,3,1,0,0,-7.61,0.256,0.2553,10795
353,70,0,0,0,12,44,9,0,0,25.9,0.2559,0.25509,10865
354,20,0,0,0,8,7,2,0,0,-3.85,0.2557,0.25457,10885
355,22,0,0,0,4,8,3,0,0,-4.04,0.2556,0.25431,10907
356,13,0,0,0,4,8,2,0,0,-3.91,0.2555,0.25398,10920
357,18,0,0,0,7,8,2,0,0,-4.71,0.2554,0.25397,10938
358,28,0,0,0,4,15,4,0,0,2.44,0.2552,0.25384,10966
359,28,1,1,0,7,9,3,0,0,0.44,0.2551,0.25305,10994
360,243,0,0,0,160,26,6,0,0,-0.76,0.255,0.24975,11237
361,48,0,0,0,11,22,5,0,0,7.69,0.2549,0.2485,11285
362,38,1,1,0,4,16,5,0,0,6.89,0.2547,0.24814,11323
363,23,0,0,0,5,9,3,0,0,-1.91,0.2546,0.24794,11346
364,44,1,1,0,5,17,5,0,0,6.42,0.2545,0.24799,11390
365,7,0,0,0,1,6,1,0,0,-6.29,0.2544,0.24812,11397
366,39,0,0,0,8,14,5,0,0,3.47,0.2542,0.24841,11436
367,9,0,0,0,2,6,1,0,0,-5.88,0.2541,0.24812,11445
368,43,1,1,0,3,17,5,0,0,7.74,0.254,0.24748,11488
369,39,0,0,0,20,7,2,0,0,-5.08,0.2539,0.24714,11527
370,28,0,0,0,11,12,4,0,0,-1.16,0.2537,0.24695,11555
371,32,0,0,0,16,6,2,0,0,-6.19,0.2536,0.24685,11587
372,38,1,1,0,11,19,5,0,0,5.64,0.2535,0.24646,11625
373,57,0,0,0,13,21,6,0,0,5.61,0.2534,0.24717,11682
374,7,0,0,0,2,1,1,0,0,-8.09,0.2532,0.24717,11689
375,7,0,0,0,2,3,1,0,0,-7.49,0.2531,0.24704,11696
376,22,0,0,0,10,4,2,0,0,-5.64,0.253,0.24672,11718
377,57,0,0,0,10,26,7,0,0,13.91,0.2529,0.24658,11775
378,16,0,0,0,2,7,2,0,0,-4.92,0.2527,0.24665,11791
379,198,6,6,0,34,80,24,0,0,74.04,0.2526,0.24337,11989
380,52,1,1,0,12,30,7,0,0,15.91,0.2525,0.24326,12041
381,22,0,0,0,4,9,3,0,0,-1.79,0.2524,0.24351,12063
382,29,0,0,0,6,14,3,0,0,0.92,0.2522,0.24333,12092
383,29,0,0,0,9,15,4,0,0,3.07,0.2521,0.24309,12121
384,6,0,0,0,3,2,1,0,0,-9.47,0.252,0.24309,12127
385,14,0,0,0,4,6,2,0,0,-4.43,0.2519,0.24327,12141
386,10,0,0,0,3,5,1,0,0,-6.05,0.2517,0.24318,12151
387,20,0,0,0,6,10,3,0,0,-1.5,0.2516,0.24336,12171
388,36,0,0,0,8,16,5,0,0,2.83,0.2515,0.24284,12207
389,103,0,0,0,13,43,12,0,0,27.79,0.2514,0.24123,12310
390,61,2,2,0,14,19,7,0,0,12.13,0.2512,0.24012,12371
391,39,0,0,0,11,14,4,0,0,2.07,0.2511,0.23964,12410
392,5,0,0,0,3,2,1,0,0,-9.45,0.251,0.23964,12415
393,104,1,1,0,23,36,10,1,0,24.27,0.2509,0.23805,12519
394,27,0,0,0,4,14,3,0,0,2.16,0.2507,0.23809,12546
395,17,0,0,0,6,6,2,0,0,-6.29,0.2506,0.23829,12563
396,207,3,3,0,42,85,22,1,0,70.16,0.2505,0.23734,12770
397,22,0,0,0,4,9,3,0,0,-0.19,0.2504,0.23758,12792
398,16,0,0,0,4,1,1,1,0,-8.52,0.2502,0.23751,12808
399,23,2,2,0,8,8,3,0,0,-0.06,0.2501,0.23782,12831
400,44,1,1,0,7,21,6,0,0,8.87,0.25,0.23755,12875
401,36,0,0,0,9,13,5,0,0,3.48,0.2499,0.23779,12911
402,14,0,0,0,3,7,2,0,0,-5.73,0.2497,0.23763,12925
403,22,0,0,0,5,11,3,0,0,-0.19,0.2496,0.23752,12947
404,7,0,0,0,1,5,1,0,0,-6.79,0.2495,0.23752,12954
405,6,0,0,0,1,3,1,0,0,-7.02,0.2494,0.2373,12960
406,37,0,0,0,4,15,5,0,0,2.61,0.2492,0.23731,12997
407,74,0,0,0,14,37,10,0,0,23.32,0.2491,0.2367,13071
408,61,0,0,0,7,28,8,0,0,15.93,0.249,0.23706,13132
409,14,0,0,0,2,5,2,0,0,-4.28,0.2489,0.23717,13146
410,39,0,0,0,23,9,2,0,0,-5.13,0.2487,0.2374,13185
411,5,0,0,0,0,3,1,0,0,-7.7,0.2486,0.2374,13190
412,31,0,0,0,9,12,4,0,0,1.43,0.2485,0.23768,13221
413,13,0,0,0,5,5,2,0,0,-4.81,0.2484,0.23773,13234
414,42,0,0,0,8,15,5,0,0,4.61,0.2482,0.23783,13276
415,24,0,0,0,6,7,3,0,0,-2.98,0.2481,0.23738,13300
416,22,0,0,0,5,10,3,0,0,-1.49,0.248,0.23739,13322
417,20,0,0,0,7,4,3,0,0,-4.95,0.2479,0.23729,13342
418,50,1,1,0,15,24,6,0,0,9.55,0.2477,0.23709,13392
419,73,1,1,0,13,30,9,0,0,19.74,0.2476,0.23739,13465
420,90,2,2,0,9,42,10,0,0,29.05,0.2475,0.23696,13555
421,20,0,0,0,4,12,3,0,0,-0.85,0.2474,0.23689,13575
422,50,1,1,0,10,22,6,0,0,9.65,0.2472,0.23673,13625
423,27,1,1,0,12,11,2,0,0,-2.04,0.2471,0.23623,13652
424,15,1,1,0,3,7,2,0,0,-4.4,0.247,0.23624,13667
425,7,0,0,0,0,5,1,0,0,-5.84,0.2469,0.23624,13674
426,69,0,0,0,10,26,7,0,0,12.72,0.2467,0.23601,13743
427,30,0,0,0,9,12,4,0,0,1.05,0.2466,0.23587,13773
428,26,1,1,0,8,8,3,0,0,-2.32,0.2465,0.23608,13799
429,7,0,0,0,4,3,1,0,0,-8.49,0.2464,0.23608,13806
430,8,0,0,0,2,5,1,0,0,-6.86,0.2462,0.23596,13814
431,7,0,0,0,2,3,1,0,0,-7.09,0.2461,0.23596,13821
432,20,1,1,0,6,12,3,0,0,1.0,0.246,0.23581,13841
433,24,0,0,0,5,8,3,0,0,-1.38,0.2459,0.23538,13865
434,14,0,0,0,4,5,2,0,0,-6.83,0.2457,0.23511,13879
435,23,0,0,0,5,10,3,0,0,-2.61,0.2456,0.23478,13902
436,21,0,0,0,5,13,3,0,0,1.23,0.2455,0.23484,13923
437,52,0,0,0,7,21,6,0,0,8.21,0.2454,0.23512,13975
438,62,1,1,0,6,29,8,0,0,17.76,0.2452,0.23533,14037
439,14,0,0,0,6,7,2,0,0,-4.43,0.2451,0.23539,14051
440,82,1,1,0,14,35,10,0,0,20.26,0.245,0.23472,14133
441,16,0,0,0,6,7,2,0,0,-4.97,0.2449,0.23482,14149
442,28,0,0,0,6,12,4,0,0,0.09,0.2447,0.23485,14177
443,61,1,1,0,22,27,6,0,0,10.73,0.2446,0.2344,14238
444,85,2,2,0,18,39,11,0,0,27.55,0.2445,0.2342,14323
445,13,0,0,0,5,6,2,0,0,-4.21,0.2444,0.23421,14336
446,21,0,0,0,8,10,3,0,0,-2.52,0.2442,0.23401,14357
447,20,0,0,0,7,7,3,0,0,-5.05,0.2441,0.23366,14377
448,23,0,0,0,1,13,3,0,0,0.99,0.244,0.23332,14400
449,9,0,0,0,0,6,1,0,0,-6.28,0.2439,0.23332,14409
450,21,1,1,0,5,9,3,0,0,-0.07,0.2437,0.23328,14430
451,28,0,0,0,6,15,4,0,0,1.99,0.2436,0.23356,14458
452,24,0,0,0,6,8,3,0,0,-2.98,0.2435,0.23303,14482
453,54,0,0,0,8,23,7,0,0,10.22,0.2434,0.23345,14536
454,33,0,0,0,10,13,4,0,0,0.89,0.2432,0.23337,14569
455,20,0,0,0,6,11,3,0,0,-2.9,0.2431,0.2328,14589
456,93,1,1,0,18,17,5,0,0,4.79,0.243,0.23296,14682
457,8,0,0,0,1,3,1,0,0,-7.66,0.2429,0.23293,14690
458,21,0,0,0,8,7,3,0,0,-3.52,0.2427,0.23269,14711
459,13,0,0,0,3,5,2,0,0,-4.71,0.2426,0.23274,14724
460,41,0,0,0,7,18,6,0,0,8.58,0.2425,0.23234,14765
461,43,0,0,0,7,21,5,0,0,6.84,0.2424,0.23182,14808
462,22,0,0,0,4,10,3,0,0,-0.39,0.2422,0.23133,14830
463,96,0,0,0,19,42,9,0,0,23.98,0.2421,0.23038,14926
464,33,1,1,0,7,17,4,0,0,5.84,0.242,0.23051,14959
465,83,2,2,0,27,24,7,0,0,12.39,0.2419,0.23077,15042
466,22,0,0,0,6,11,3,0,0,-1.34,0.2417,0.23049,15064
467,40,1,1,0,9,16,5,0,0,7.15,0.2416,0.23041,15104
468,21,1,1,0,7,9,3,0,0,-0.97,0.2415,0.23024,15125
469,103,1,1,0,15,43,11,0,0,27.69,0.2414,0.2299,15228
470,33,0,0,0,7,15,4,0,0,3.64,0.2412,0.23004,15261
471,63,0,0,0,42,6,2,0,0,-7.81,0.2411,0.22986,15324
472,22,0,0,0,3,12,3,0,0,0.76,0.241,0.22981,15346
473,36,0,0,0,11,18,5,0,0,3.38,0.2409,0.22938,15382
474,29,1,1,0,8,11,4,0,0,2.72,0.2407,0.22909,15411
475,76,0,0,0,51,4,2,0,0,-10.92,0.2406,0.22948,15487
476,16,0,0,0,4,6,2,0,0,-4.47,0.2405,0.22937,15503
477,14,0,0,0,2,7,2,0,0,-3.33,0.2404,0.22966,15517
478,84,2,2,0,26,26,8,0,0,15.72,0.2402,0.22839,15601
479,36,0,0,0,9,18,5,0,0,3.48,0.2401,0.22796,15637
480,33,0,0,0,8,14,4,0,0,0.04,0.24,0.22733,15670
481,15,0,0,0,5,7,2,0,0,-3.5,0.2399,0.22689,15685
482,21,0,0,0,6,9,3,0,0,-2.87,0.2397,0.22661,15706
483,7,0,0,0,0,3,1,0,0,-7.09,0.2396,0.22669,15713
484,67,0,0,0,17,34,9,0,0,18.76,0.2395,0.226,15780
485,22,0,0,0,7,7,3,0,0,-2.89,0.2394,0.2263,15802
486,96,3,3,0,10,51,10,0,0,33.58,0.2392,0.22575,15898
487,25,0,0,0,2,12,3,0,0,-0.1,0.2391,0.22641,15923
488,53,1,1,0,11,24,7,0,0,13.49,0.239,0.22564,15976
489,36,1,1,0,8,16,4,0,0,4.98,0.2389,0.22533,16012
490,23,0,0,0,6,7,3,0,0,-4.56,0.2387,0.22515,16035
491,29,0,0,0,10,10,3,0,0,-2.83,0.2386,0.22483,16064
492,16,0,0,0,2,8,2,0,0,-1.47,0.2385,0.22489,16080
493,26,1,1,0,7,8,3,0,0,-0.72,0.2384,0.22505,16106
494,21,0,0,0,2,9,2,0,0,-2.82,0.2382,0.2249,16127
495,42,0,0,0,4,21,5,0,0,6.21,0.2381,0.22484,16169
496,22,0,0,0,8,8,3,0,0,-2.39,0.238,0.22422,16191
497,14,0,0,0,4,5,2,0,0,-4.78,0.2379,0.22409,16205
498,37,1,1,0,7,23,5,0,0,9.86,0.2377,0.22395,16242
499,7,0,0,0,0,6,1,0,0,-6.24,0.2376,0.22395,16249
500,61,3,3,0,17,23,6,0,0,12.18,0.2375,0.22386,16310
501,20,2,2,0,4,12,3,0,0,2.3,0.2374,0.22383,16330
502,35,1,1,0,4,20,5,0,0,9.65,0.2372,0.2237,16365
503,33,0,0,0,6,18,4,0,0,4.79,0.2371,0.22334,16398
504,15,0,0,0,1,6,2,0,0,-3.9,0.237,0.22386,16413
505,16,0,0,0,6,6,2,0,0,-4.97,0.2369,0.22371,16429
506,155,2,2,0,49,57,14,1,0,38.2,0.2367,0.2218,16584
507,67,1,1,0,11,33,8,0,0,20.06,0.2366,0.222,16651
508,72,2,2,0,15,40,10,0,0,26.06,0.2365,0.22316,16723
509,31,0,0,0,7,15,4,0,0,2.38,0.2364,0.22312,16754
510,67,0,0,0,30,14,5,0,0,1.66,0.2362,0.22177,16821
511,26,0,0,0,4,12,3,0,0,-1.47,0.2361,0.22151,16847
512,20,0,0,0,3,8,3,0,0,-0.95,0.236,0.22132,16867
513,21,0,0,0,5,14,3,0,0,-0.32,0.2359,0.22179,16888
514,8,0,0,0,2,6,1,0,0,-6.36,0.2357,0.22175,16896
515,7,0,0,0,0,6,1,0,0,-4.84,0.2356,0.22175,16903
516,32,0,0,0,4,17,4,0,0,4.26,0.2355,0.22158,16935
517,34,1,1,0,7,10,4,0,0,2.77,0.2354,0.22168,16969
518,8,0,0,0,1,5,1,0,0,-6.31,0.2352,0.22139,16977
519,7,0,0,0,2,2,1,0,0,-7.09,0.2351,0.22139,16984
520,41,0,0,0,7,12,5,0,0,1.83,0.235,0.22086,17025
521,17,0,0,0,3,7,2,0,0,-3.54,0.2349,0.22075,17042
522,14,0,0,0,7,6,2,0,0,-6.03,0.2347,0.22069,17056
523,43,1,1,0,15,13,4,0,0,2.24,0.2346,0.221,17099
524,48,1,1,0,13,20,6,0,0,7.49,0.2345,0.22102,17147
525,10,0,0,0,1,5,1,0,0,-6.35,0.2344,0.22085,17157
526,32,1,1,0,8,12,4,0,0,3.21,0.2342,0.22054,17189
527,184,1,1,0,89,28,8,0,0,10.12,0.2341,0.2212,17373
528,30,0,0,0,6,11,4,0,0,-0.85,0.234,0.22134,17403
529,77,0,0,0,32,30,7,0,0,12.21,0.2339,0.2219,17480
530,31,0,0,0,9,13,4,0,0,0.68,0.2337,0.22132,17511
531,6,0,0,0,1,3,1,0,0,-6.92,0.2336,0.22132,17517
532,27,0,0,0,4,10,4,0,0,0.81,0.2335,0.22194,17544
533,26,0,0,0,6,12,3,0,0,-0.07,0.2334,0.2219,17570
534,9,0,0,0,4,2,1,0,0,-7.73,0.2332,0.2219,17579
535,29,0,0,0,10,13,4,0,0,0.82,0.2331,0.22153,17608
536,13,0,0,0,5,6,2,0,0,-5.01,0.233,0.2214,17621
537,51,1,1,0,12,21,6,0,0,9.03,0.2329,0.22168,17672
538,7,0,0,0,2,3,1,0,0,-7.49,0.2327,0.22168,17679
539,24,0,0,0,3,11,3,0,0,0.62,0.2326,0.2215,17703
540,36,0,0,0,9,20,5,0,0,4.58,0.2325,0.22154,17739
541,7,0,0,0,3,4,1,0,0,-7.94,0.2324,0.22163,17746
542,13,0,0,0,2,7,2,0,0,-4.31,0.2322,0.22163,17759
543,85,1,1,0,50,19,5,0,0,4.95,0.2321,0.22127,17844
544,13,0,0,0,6,8,2,0,0,-4.61,0.232,0.22124,17857
545,100,2,2,0,23,40,11,0,0,30.0,0.2319,0.22059,17957
546,8,0,0,0,1,6,1,0,0,-4.91,0.2317,0.22059,17965
547,22,2,2,0,4,10,3,0,0,2.36,0.2316,0.22026,17987
548,16,0,0,0,6,5,2,0,0,-5.72,0.2315,0.22047,18003
549,29,1,1,0,10,9,2,1,0,-2.03,0.2314,0.22084,18032
550,75,1,1,0,12,38,10,0,0,24.4,0.2312,0.221,18107
551,57,1,1,0,11,23,7,1,0,11.26,0.2311,0.22082,18164
552,16,0,1,0,6,5,2,0,0,-5.17,0.231,0.22075,18180
553,21,1,1,0,5,10,3,0,0,-0.27,0.2309,0.22115,18201
554,33,0,0,0,9,14,4,0,0,1.04,0.2307,0.22127,18234
555,9,0,0,0,2,5,1,0,0,-4.98,0.2306,0.22125,18243
556,89,1,1,0,15,39,12,0,0,28.82,0.2305,0.22118,18332
557,13,0,0,0,6,4,2,0,0,-6.61,0.2304,0.22142,18345
558,28,0,0,0,7,10,4,0,0,-1.11,0.2302,0.22182,18373
559,15,0,0,0,1,6,2,0,0,-4.0,0.2301,0.2218,18388
560,71,0,0,0,11,41,9,0,0,21.33,0.23,0.22169,18459
561,7,0,0,0,2,1,1,0,0,-8.49,0.2299,0.22176,18466
562,22,0,0,0,6,10,3,0,0,-2.89,0.2297,0.22196,18488
563,24,0,0,0,6,10,3,0,0,-1.48,0.2296,0.22142,18512
564,30,2,2,0,7,16,4,0,0,5.35,0.2295,0.221,18542
565,28,1,1,0,6,11,4,0,0,2.04,0.2294,0.22099,18570
566,23,0,0,0,5,11,3,0,0,-2.61,0.2293,0.2207,18593
567,49,2,2,0,7,21,6,0,0,11.22,0.2291,0.22132,18642
568,22,0,0,0,2,11,3,0,0,-1.09,0.229,0.22104,18664
569,15,0,0,0,6,6,2,0,0,-6.95,0.2289,0.22124,18679
570,29,0,0,0,10,15,4,0,0,1.02,0.2288,0.22132,18708
571,22,0,0,0,9,6,3,0,0,-5.59,0.2286,0.22121,18730
572,169,3,3,0,26,69,21,0,0,57.22,0.2285,0.22062,18899
573,6,0,0,0,1,3,1,0,0,-7.62,0.2284,0.22062,18905
574,106,1,1,0,15,54,14,0,0,40.68,0.2283,0.22108,19011
575,8,0,0,0,1,5,1,0,0,-5.41,0.2281,0.22108,19019
576,20,1,1,0,4,10,3,0,0,-0.4,0.228,0.22128,19039
577,74,1,1,0,13,38,9,0,0,23.17,0.2279,0.22132,19113
578,6,0,0,0,1,2,1,0,0,-7.92,0.2278,0.22132,19119
579,21,0,0,0,8,12,3,0,0,-1.07,0.2276,0.22139,19140
580,15,1,1,0,3,6,2,0,0,-4.2,0.2275,0.22147,19155
581,8,0,0,0,3,3,1,0,0,-7.16,0.2274,0.22147,19163
582,6,0,0,0,4,3,1,0,0,-9.02,0.2273,0.22168,19169
583,110,1,1,0,12,53,14,0,0,39.65,0.2271,0.22028,19279
584,26,1,1,0,7,8,3,0,0,-2.67,0.227,0.22015,19305
585,69,3,3,0,12,32,9,0,0,23.17,0.2269,0.22066,19374
586,22,0,0,0,6,10,3,0,0,-2.19,0.2268,0.22039,19396
587,7,0,0,0,0,5,1,0,0,-6.74,0.2266,0.22039,19403
588,15,0,0,0,6,4,2,0,0,-6.45,0.2265,0.22011,19418
589,22,1,1,0,7,8,3,0,0,-2.44,0.2264,0.21965,19440
590,21,0,0,0,6,9,3,0,0,-3.22,0.2263,0.21951,19461
591,50,0,0,0,11,26,6,0,0,10.45,0.2261,0.21914,19511
592,29,0,0,0,3,13,4,0,0,2.42,0.226,0.21869,19540
593,91,2,2,0,19,41,11,0,0,27.93,0.2259,0.21894,19631
594,8,0,0,0,3,3,1,0,0,-7.56,0.2258,0.21858,19639
595,8,0,0,0,1,4,1,0,0,-6.81,0.2256,0.21858,19647
596,55,0,0,0,10,22,7,0,0,10.5,0.2255,0.21807,19702
597,20,0,0,0,5,9,3,0,0,-1.8,0.2254,0.21778,19722
598,23,0,0,0,3,13,3,0,0,0.09,0.2253,0.21757,19745
599,7,0,0,0,0,3,1,0,0,-6.59,0.2251,0.21757,19752
600,64,0,0,0,12,29,8,0,0,15.57,0.225,0.21727,19816
601,7,0,0,0,0,2,1,0,0,-7.49,0.2249,0.21727,19823
602,28,0,0,0,4,14,4,0,0,3.39,0.2248,0.21727,19851
603,5,0,0,0,1,1,0,0,1,-13.85,0.2246,0.2171,19856
604,53,2,2,0,9,26,7,0,0,15.54,0.2245,0.21735,19909
605,7,0,0,0,2,6,1,0,0,-6.94,0.2244,0.21735,19916
606,37,0,0,0,6,19,5,0,0,6.91,0.2243,0.21798,19953
607,39,0,0,0,9,17,5,0,0,4.37,0.2241,0.21786,19992
608,8,0,0,0,3,3,1,0,0,-7.96,0.224,0.21803,20000
609,14,0,0,0,8,8,2,0,0,-6.03,0.2239,0.21803,20014
610,15,0,0,0,4,4,2,0,0,-5.45,0.2238,0.21794,20029
611,50,0,0,0,10,31,7,0,0,14.75,0.2236,0.21785,20079
612,21,1,1,0,5,7,2,0,0,-2.07,0.2235,0.21801,20100
613,38,0,0,0,11,15,5,0,0,1.54,0.2234,0.21776,20138
614,5,0,0,0,3,4,0,0,1,-12.45,0.2233,0.21776,20143
615,55,0,0,0,11,22,6,1,0,10.6,0.2231,0.21734,20198
616,8,0,0,0,1,3,1,0,0,-7.66,0.223,0.21734,20206
617,19,0,0,0,5,5,2,0,0,-6.68,0.2229,0.21751,20225
618,7,0,0,0,2,3,1,0,0,-7.09,0.2228,0.21751,20232
619,48,0,0,0,10,25,6,0,0,10.04,0.2226,0.21754,20280
620,20,0,0,0,6,7,3,0,0,-3.75,0.2225,0.21736,20300
621,45,0,0,0,9,24,6,0,0,12.25,0.2224,0.2175,20345
622,7,0,0,0,0,3,1,0,0,-6.99,0.2223,0.21751,20352
623,44,1,1,0,11,19,6,0,0,8.32,0.2221,0.21751,20396
624,39,0,0,0,9,11,5,0,0,2.42,0.222,0.2172,20435
625,5,0,0,0,3,2,0,0,1,-13.45,0.2219,0.2172,20440
626,28,0,0,0,7,15,4,0,0,1.09,0.2218,0.2173,20468
627,26,0,0,0,4,12,3,0,0,1.18,0.2216,0.21719,20494
628,25,0,0,0,6,10,3,0,0,-1.1,0.2215,0.21668,20519
629,21,1,1,0,5,7,3,0,0,-1.17,0.2214,0.21649,20540
630,105,3,3,0,19,50,12,0,0,36.1,0.2213,0.21603,20645
631,23,0,0,0,5,11,3,0,0,-0.91,0.2211,0.21608,20668
632,7,0,0,0,2,2,1,0,0,-7.99,0.221,0.21612,20675
633,6,0,0,0,1,3,1,0,0,-7.02,0.2209,0.21612,20681
634,31,0,0,0,7,12,4,0,0,0.13,0.2208,0.21585,20712
635,25,0,0,0,9,10,3,0,0,-2.05,0.2206,0.21532,20737
636,67,3,3,0,6,38,9,0,0,26.16,0.2205,0.21409,20804
637,41,1,1,0,5,26,6,0,0,14.43,0.2204,0.21378,20845
638,27,0,0,0,8,9,3,0,0,-1.99,0.2203,0.21305,20872
639,37,1,1,0,9,17,5,0,0,6.61,0.2201,0.21318,20909
640,45,0,0,0,6,19,6,0,0,6.8,0.22,0.21284,20954
641,75,1,1,0,8,26,9,0,0,16.6,0.2199,0.21223,21029
642,43,1,1,0,10,21,5,0,0,8.24,0.2198,0.21205,21072
643,38,1,1,0,4,14,4,0,0,2.89,0.2196,0.21205,21110
644,8,0,0,0,1,3,1,0,0,-7.16,0.2195,0.21205,21118
645,24,0,0,0,9,10,3,0,0,-2.53,0.2194,0.21131,21142
646,43,0,0,0,5,20,6,0,0,8.24,0.2193,0.21071,21185
647,20,0,0,0,3,11,3,0,0,-0.3,0.2191,0.2107,21205
648,17,0,0,0,7,3,1,1,0,-7.19,0.219,0.21012,21222
649,27,0,0,0,6,12,4,0,0,0.71,0.2189,0.20991,21249
650,65,0,0,0,10,30,8,0,0,14.8,0.2188,0.20909,21314
651,73,0,0,0,19,33,9,0,0,16.79,0.2186,0.20845,21387
652,31,0,0,0,9,11,4,0,0,0.28,0.2185,0.2082,21418
653,8,0,0,0,3,2,1,0,0,-8.06,0.2184,0.2078,21426
654,58,1,1,0,12,27,8,0,0,16.29,0.2182,0.20758,21484
655,41,0,0,0,10,19,5,0,0,4.93,0.2181,0.20709,21525
656,87,1,1,0,21,41,11,0,0,25.61,0.218,0.20729,21612
657,31,0,0,0,6,13,4,0,0,0.98,0.2179,0.20742,21643
658,23,0,0,0,6,11,3,0,0,-0.06,0.2177,0.20748,21666
659,74,1,1,0,11,47,10,0,0,30.52,0.2176,0.20742,21740
660,27,0,0,0,11,14,4,0,0,1.31,0.2175,0.20713,21767
661,22,0,0,0,8,10,3,0,0,-1.94,0.2174,0.20731,21789
662,39,0,0,0,6,17,5,0,0,6.22,0.2172,0.20694,21828
663,48,0,0,0,7,26,7,0,0,12.59,0.2171,0.20715,21876
664,23,0,0,0,7,13,3,0,0,-0.31,0.217,0.20738,21899
665,20,0,0,0,6,6,3,0,0,-4.4,0.2169,0.20724,21919
666,9,0,0,0,0,3,1,0,0,-7.13,0.2167,0.20698,21928
667,52,0,0,0,14,14,6,1,0,5.41,0.2166,0.20674,21980
668,23,0,0,0,9,9,3,0,0,-3.16,0.2165,0.20657,22003
669,6,0,0,0,1,2,1,0,0,-7.92,0.2164,0.20657,22009
670,111,0,0,0,47,40,11,0,0,20.98,0.2162,0.20618,22120
671,17,0,0,0,3,3,2,0,0,-6.04,0.2161,0.20585,22137
672,75,4,4,0,10,38,9,1,0,27.7,0.216,0.20564,22212
673,36,0,0,0,17,8,3,0,0,-2.42,0.2159,0.20581,22248
674,22,1,1,0,3,12,3,0,0,1.26,0.2157,0.20603,22270
675,79,2,2,0,10,48,11,0,0,34.17,0.2156,0.20498,22349
676,20,1,1,0,6,6,3,0,0,-2.0,0.2155,0.205,22369
677,49,0,0,0,9,21,6,0,0,9.17,0.2154,0.20479,22418
678,20,1,1,0,2,14,3,0,0,1.65,0.2152,0.20502,22438
679,77,0,0,0,14,34,10,0,0,22.26,0.2151,0.2039,22515
680,22,0,0,0,2,13,3,0,0,0.91,0.215,0.20377,22537
681,7,0,0,0,0,3,1,0,0,-6.59,0.2149,0.20339,22544
682,98,0,0,0,17,40,11,0,0,24.19,0.2147,0.20322,22642
683,13,0,0,0,3,5,2,0,0,-5.31,0.2146,0.20322,22655
684,21,0,0,0,2,7,3,0,0,-1.57,0.2145,0.20277,22676
685,16,0,0,0,2,7,2,0,0,-4.47,0.2144,0.20263,22692
686,85,1,1,0,16,36,11,0,0,23.0,0.2142,0.20246,22777
687,47,0,0,0,9,15,6,0,0,5.71,0.2141,0.20197,22824
688,48,1,1,0,10,15,6,0,0,6.19,0.214,0.2018,22872
689,29,0,0,0,11,9,3,1,0,-3.88,0.2139,0.20185,22901
690,47,0,0,0,11,17,6,0,0,7.81,0.2137,0.20137,22948
691,40,1,1,0,6,19,5,0,0,7.6,0.2136,0.20086,22988
692,14,0,0,0,3,6,2,0,0,-4.73,0.2135,0.20067,23002
693,123,4,4,0,13,70,16,0,0,56.14,0.2134,0.1995,23125
694,7,0,0,0,0,5,1,0,0,-5.84,0.2132,0.1995,23132
695,117,4,4,0,12,58,15,0,0,47.26,0.2131,0.19819,23249
696,17,0,0,0,6,6,2,0,0,-5.09,0.213,0.19804,23266
697,130,2,2,0,18,56,17,0,0,43.95,0.2129,0.1975,23396
698,24,0,0,0,5,13,3,0,0,2.02,0.2127,0.19781,23420
699,14,0,0,0,5,7,2,0,0,-4.43,0.2126,0.19749,23434
700,44,1,1,0,10,20,6,0,0,9.92,0.2125,0.19695,23478
701,15,0,0,0,6,6,2,0,0,-6.55,0.2124,0.19687,23493
702,37,0,0,0,9,18,5,0,0,5.01,0.2122,0.19691,23530
703,115,5,5,0,25,45,15,0,0,39.3,0.2121,0.19651,23645
704,29,0,0,0,4,8,4,0,0,0.37,0.212,0.19618,23674
705,21,1,1,0,7,8,3,0,0,-1.07,0.2119,0.19632,23695
706,8,0,0,0,1,3,1,0,0,-7.06,0.2117,0.19637,23703
707,39,1,1,0,6,7,3,1,0,-2.58,0.2116,0.1965,23742
708,21,0,0,0,8,10,3,0,0,-3.12,0.2115,0.1968,23763
709,31,0,0,0,5,13,4,0,0,2.63,0.2114,0.19699,23794
710,24,0,0,0,2,14,3,0,0,0.77,0.2112,0.1969,23818
711,7,0,0,0,2,3,1,0,0,-7.49,0.2111,0.19709,23825
712,60,0,0,0,17,22,6,0,0,7.3,0.211,0.19752,23885
713,39,0,0,0,8,16,5,0,0,4.42,0.2109,0.19714,23924
714,67,1,1,0,9,32,9,0,0,20.06,0.2107,0.1968,23991
715,6,0,0,0,1,2,1,0,0,-8.12,0.2106,0.1968,23997
716,37,0,0,0,7,21,5,0,0,7.86,0.2105,0.19688,24034
717,101,3,3,0,13,56,13,0,0,42.58,0.2104,0.19696,24135
718,7,0,0,0,0,6,1,0,0,-5.34,0.2102,0.19696,24142
719,36,0,0,0,6,15,5,0,0,2.53,0.2101,0.19654,24178
720,46,0,0,0,9,20,6,0,0,7.93,0.21,0.19583,24224
721,9,0,0,0,2,6,1,0,0,-5.48,0.2099,0.19583,24233
722,7,0,0,0,0,3,1,0,0,-6.99,0.2097,0.19564,24240
723,96,2,2,0,16,42,12,0,0,30.43,0.2096,0.19554,24336
724,6,0,0,0,1,3,1,0,0,-7.62,0.2095,0.19554,24342
725,69,4,4,0,14,36,9,0,0,27.72,0.2094,0.19532,24411
726,33,1,1,0,13,14,4,0,0,2.39,0.2092,0.19539,24444
727,33,0,0,0,10,12,4,0,0,0.79,0.2091,0.19541,24477
728,6,0,0,0,3,2,1,0,0,-9.47,0.209,0.19573,24483
729,7,0,0,0,2,3,1,0,0,-7.49,0.2089,0.19573,24490
730,103,1,1,0,14,45,13,0,0,33.94,0.2087,0.19546,24593
731,15,1,1,0,3,7,2,0,0,-2.25,0.2086,0.19537,24608
732,7,0,0,0,3,6,1,0,0,-6.94,0.2085,0.19537,24615
733,7,0,0,0,2,3,1,0,0,-7.49,0.2084,0.19537,24622
734,44,1,1,0,10,19,5,0,0,6.02,0.2082,0.19447,24666
735,56,0,0,0,7,26,7,0,0,13.53,0.2081,0.19369,24722
736,36,0,0,0,5,15,5,0,0,3.78,0.208,0.19353,24758
737,47,1,1,0,10,23,6,0,0,9.81,0.2079,0.19383,24805
738,20,0,0,0,5,10,3,0,0,-1.05,0.2077,0.19398,24825
739,110,1,1,0,13,48,12,1,0,32.4,0.2076,0.19314,24935
740,31,0,0,0,11,1,1,3,0,-10.37,0.2075,0.19275,24966
741,18,0,0,0,4,6,2,0,0,-4.11,0.2074,0.19267,24984
742,27,1,1,0,5,15,4,0,0,2.86,0.2072,0.19255,25011
743,37,0,0,0,13,20,5,0,0,4.36,0.2071,0.19267,25048
744,20,1,1,0,4,9,3,0,0,-1.05,0.207,0.19284,25068
745,33,0,0,0,7,14,4,0,0,2.64,0.2069,0.19239,25101
746,45,0,0,0,14,13,5,0,0,2.55,0.2067,0.19177,25146
747,42,0,0,0,6,20,6,0,0,8.81,0.2066,0.19229,25188
748,47,0,0,0,10,22,6,0,0,8.81,0.2065,0.19187,25235
749,29,0,0,0,4,11,4,0,0,0.12,0.2064,0.19119,25264
750,35,0,0,0,5,13,4,0,0,2.3,0.2062,0.1909,25299
751,13,0,0,0,4,4,2,0,0,-5.41,0.2061,0.19121,25312
752,159,3,3,0,16,86,21,0,0,70.27,0.206,0.19016,25471
753,7,0,0,0,1,4,1,0,0,-7.29,0.2059,0.19012,25478
754,31,0,0,0,9,9,4,0,0,-1.52,0.2057,0.19003,25509
755,31,0,0,0,8,11,4,0,0,-0.02,0.2056,0.18943,25540
756,32,0,0,0,8,13,3,0,0,0.06,0.2055,0.18931,25572
757,23,1,1,0,9,11,3,0,0,0.29,0.2054,0.18916,25595
758,22,0,0,0,9,9,3,0,0,-3.54,0.2052,0.18922,25617
759,6,0,0,0,1,3,1,0,0,-7.42,0.2051,0.18922,25623
760,21,0,0,0,2,10,3,0,0,-0.12,0.205,0.1894,25644
761,17,0,0,0,5,5,2,0,0,-4.64,0.2049,0.18914,25661
762,20,0,0,0,5,11,3,0,0,-1.05,0.2047,0.18861,25681
763,7,0,0,0,0,5,1,0,0,-5.84,0.2046,0.18861,25688
764,13,0,0,0,2,5,2,0,0,-5.31,0.2045,0.18872,25701
765,38,0,0,0,12,12,5,0,0,2.14,0.2044,0.18876,25739
766,13,0,0,0,1,6,2,0,0,-3.96,0.2042,0.18873,25752
767,62,1,1,0,7,32,8,0,0,19.26,0.2041,0.18827,25814
768,65,0,0,0,12,36,9,0,0,21.2,0.204,0.18848,25879
769,20,0,0,0,3,11,3,0,0,0.3,0.2039,0.1882,25899
770,16,0,0,0,2,4,2,0,0,-5.97,0.2037,0.18785,25915
771,21,0,0,0,9,6,3,0,0,-5.17,0.2036,0.18737,25936
772,22,2,2,0,8,12,3,0,0,1.36,0.2035,0.18738,25958
773,62,0,0,0,8,35,8,0,0,19.41,0.2034,0.18763,26020
774,15,0,0,0,5,5,2,0,0,-4.55,0.2032,0.18741,26035
775,98,1,1,0,11,49,13,0,0,35.14,0.2031,0.18637,26133
776,21,0,0,0,7,9,3,0,0,-3.47,0.203,0.18644,26154
777,19,0,0,0,4,10,3,0,0,-0.88,0.2029,0.18584,26173
778,122,1,1,0,20,53,16,0,0,42.16,0.2027,0.18397,26295
779,20,0,0,0,8,11,3,0,0,-1.7,0.2026,0.18403,26315
780,99,2,2,0,15,43,12,0,0,31.17,0.2025,0.18277,26414
781,19,0,0,0,4,8,3,0,0,-1.73,0.2024,0.18263,26433
782,28,0,0,0,8,10,4,0,0,-0.26,0.2022,0.1823,26461
783,203,4,4,0,47,79,22,0,0,67.29,0.2021,0.18153,26664
784,22,0,0,0,6,6,3,0,0,-4.09,0.202,0.18131,26686
785,47,2,2,0,7,17,6,0,0,9.11,0.2019,0.18085,26733
786,21,0,0,0,3,14,3,0,0,0.78,0.2017,0.18092,26754
787,22,0,0,0,6,10,3,0,0,-2.64,0.2016,0.1809,26776
788,32,0,0,0,8,14,4,0,0,2.36,0.2015,0.18061,26808
789,49,1,1,0,8,23,6,0,0,12.02,0.2014,0.18012,26857
790,6,0,0,0,3,3,1,0,0,-7.92,0.2012,0.18012,26863
791,9,0,0,0,2,2,1,0,0,-8.43,0.2011,0.1802,26872
792,95,1,1,0,14,51,13,0,0,35.4,0.201,0.18,26967
793,7,0,0,0,2,3,1,0,0,-7.09,0.2009,0.18,26974
794,55,1,1,0,4,32,7,0,0,18.75,0.2007,0.17958,27029
795,46,1,1,0,8,20,6,0,0,9.33,0.2006,0.17998,27075
796,8,0,0,0,1,1,1,0,0,-8.46,0.2005,0.17998,27083
797,15,0,0,0,7,2,1,1,0,-10.3,0.2004,0.18001,27098
798,23,0,0,0,8,11,3,0,0,-2.11,0.2002,0.17944,27121
799,44,1,1,0,3,21,5,0,0,9.57,0.2001,0.17946,27165
800,38,1,1,0,7,13,5,0,0,4.59,0.2,0.17919,27203
801,20,1,1,0,5,10,3,0,0,-0.35,0.1999,0.17922,27223
802,66,0,0,0,12,33,8,0,0,17.58,0.1997,0.1793,27289
803,13,0,0,0,5,5,2,0,0,-5.01,0.1996,0.17905,27302
804,106,1,1,0,10,49,14,0,0,36.83,0.1995,0.1776,27408
805,8,0,0,0,1,3,1,0,0,-7.66,0.1994,0.1776,27416
806,24,1,1,0,3,16,3,0,0,4.12,0.1992,0.17777,27440
807,42,1,1,0,7,19,5,0,0,6.41,0.1991,0.17747,27482
808,30,0,0,0,6,15,4,0,0,2.95,0.199,0.17711,27512
809,6,0,0,0,1,3,1,0,0,-7.02,0.1989,0.17711,27518
810,37,0,0,0,8,14,5,0,0,4.11,0.1987,0.17736,27555
811,22,1,1,0,9,9,3,0,0,-1.09,0.1986,0.17692,27577
812,7,0,0,0,0,2,1,0,0,-7.59,0.1985,0.17676,27584
813,58,0,0,0,2,28,8,0,0,15.14,0.1984,0.17658,27642
814,47,0,0,0,9,21,6,0,0,7.76,0.1982,0.17599,27689
815,10,0,0,0,3,1,1,0,0,-9.0,0.1981,0.17581,27699
816,24,1,1,0,7,12,3,0,0,2.02,0.198,0.17573,27723
817,190,7,7,0,31,76,21,2,0,68.2,0.1979,0.17358,27913
818,67,0,0,0,13,35,8,0,0,18.91,0.1977,0.17254,27980
819,6,0,0,0,1,1,1,0,0,-8.02,0.1976,0.17245,27986
820,26,0,0,0,8,9,4,0,0,-0.67,0.1975,0.17206,28012
821,31,1,1,0,9,7,4,0,0,-1.12,0.1974,0.17215,28043
822,111,1,1,0,19,63,14,0,0,42.38,0.1972,0.17113,28154
823,222,7,7,0,29,89,26,1,0,83.36,0.1971,0.17008,28376
824,32,1,1,0,9,12,4,0,0,1.06,0.197,0.16995,28408
825,181,4,4,0,28,90,22,1,0,71.68,0.1969,0.16922,28589
826,103,3,3,0,17,37,12,1,0,29.24,0.1967,0.16855,28692
827,7,0,0,0,0,5,1,0,0,-6.74,0.1966,0.16855,28699
828,7,0,0,0,2,2,1,0,0,-7.59,0.1965,0.16858,28706
829,83,3,3,0,12,41,11,0,0,30.29,0.1964,0.16848,28789
830,51,0,0,0,24,6,3,2,0,-6.17,0.1962,0.16806,28840
831,6,0,0,0,1,3,1,0,0,-7.62,0.1961,0.16806,28846
832,87,1,1,0,17,44,11,0,0,29.66,0.196,0.16811,28933
833,34,1,1,0,14,16,5,0,0,4.42,0.1959,0.16859,28967
834,41,0,0,0,14,22,6,0,0,6.63,0.1957,0.16843,29008
835,100,4,4,0,17,46,13,0,0,38.1,0.1956,0.16767,29108
836,6,0,0,0,1,3,1,0,0,-7.62,0.1955,0.16767,29114
837,43,0,0,0,10,20,5,0,0,8.19,0.1954,0.16745,29157
838,38,0,0,0,7,15,5,0,0,5.84,0.1952,0.16748,29195
839,47,0,0,0,9,21,6,0,0,9.36,0.1951,0.16778,29242
840,31,0,0,0,5,13,4,0,0,2.28,0.195,0.16796,29273
841,20,0,0,0,7,8,3,0,0,-2.25,0.1949,0.16777,29293
842,23,0,0,0,4,11,3,0,0,-0.16,0.1947,0.16839,29316
843,22,0,0,0,4,9,3,0,0,-2.44,0.1946,0.16835,29338
844,20,0,0,0,5,11,3,0,0,-0.3,0.1945,0.16856,29358
845,15,0,0,0,4,7,2,0,0,-4.35,0.1944,0.16854,29373
846,49,0,0,0,11,21,6,0,0,7.12,0.1942,0.16812,29422
847,40,1,1,0,4,17,5,0,0,6.7,0.1941,0.16838,29462
848,24,1,1,0,2,12,3,0,0,2.42,0.194,0.16819,29486
849,39,1,1,0,5,20,5,0,0,8.07,0.1939,0.16789,29525
850,36,1,1,0,3,20,5,0,0,9.63,0.1937,0.16811,29561
851,32,0,0,0,10,8,3,1,0,-4.24,0.1936,0.16786,29593
852,7,0,0,0,4,2,1,0,0,-8.99,0.1935,0.1677,29600
853,7,0,0,0,1,5,1,0,0,-6.29,0.1934,0.1677,29607
854,63,1,1,0,16,31,8,0,0,17.69,0.1932,0.16721,29670
855,137,3,3,0,33,64,17,0,0,47.96,0.1931,0.16582,29807
856,29,0,0,0,5,15,4,0,0,2.42,0.193,0.1657,29836
857,32,0,0,0,6,14,4,0,0,2.71,0.1929,0.16581,29868
858,118,2,2,0,21,68,15,0,0,47.84,0.1927,0.16595,29986
859,37,0,0,0,8,15,5,0,0,2.86,0.1926,0.16609,30023
860,23,0,0,0,3,13,3,0,0,-0.76,0.1925,0.16574,30046
861,80,0,0,0,14,35,9,1,0,20.65,0.1924,0.16586,30126
862,42,1,1,0,9,17,5,0,0,5.71,0.1922,0.16583,30168
863,82,2,2,0,10,38,9,0,0,23.56,0.1921,0.16569,30250
864,79,3,3,0,12,35,9,1,0,26.02,0.192,0.16556,30329
865,115,0,0,0,18,51,15,0,0,37.5,0.1919,0.16508,30444
866,6,0,0,0,1,2,1,0,0,-7.92,0.1917,0.16503,30450
867,71,1,1,0,12,37,8,1,0,21.58,0.1916,0.16489,30521
868,36,0,0,0,5,16,5,0,0,4.98,0.1915,0.16484,30557
869,82,1,1,0,6,43,11,0,0,28.86,0.1914,0.16468,30639
870,112,4,4,0,14,58,14,0,0,46.01,0.1912,0.16474,30751
871,47,0,0,0,7,28,6,0,0,12.16,0.1911,0.16445,30798
872,16,0,0,0,3,5,2,0,0,-5.52,0.191,0.16443,30814
873,21,0,0,0,7,8,3,0,0,-2.82,0.1909,0.16425,30835
874,45,0,0,0,7,30,6,0,0,13.35,0.1907,0.16451,30880
875,31,0,0,0,8,11,4,0,0,0.43,0.1906,0.16481,30911
876,27,0,0,0,6,15,4,0,0,2.76,0.1905,0.16459,30938
877,44,2,2,0,4,27,6,0,0,15.92,0.1904,0.16448,30982
878,15,0,0,0,5,6,2,0,0,-5.85,0.1902,0.1644,30997
879,20,0,0,0,8,6,3,0,0,-4.95,0.1901,0.16461,31017
880,34,0,0,0,10,17,5,0,0,4.02,0.19,0.16453,31051
881,39,0,0,0,9,14,4,0,0,2.27,0.1899,0.16433,31090
882,28,0,0,0,5,8,3,0,0,-2.06,0.1897,0.16426,31118
883,16,1,1,0,4,7,2,0,0,-2.47,0.1896,0.16451,31134
884,7,0,0,0,2,3,1,0,0,-7.49,0.1895,0.16484,31141
885,26,0,0,0,7,10,3,0,0,-2.07,0.1894,0.16481,31167
886,20,0,0,0,2,8,3,0,0,-2.7,0.1892,0.16486,31187
887,13,0,0,0,4,5,2,0,0,-5.61,0.1891,0.16483,31200
888,5,0,0,0,2,2,0,0,1,-13.4,0.189,0.16483,31205
889,30,0,0,0,6,16,4,0,0,1.9,0.1889,0.16463,31235
890,48,0,0,0,8,24,6,0,0,9.94,0.1887,0.16495,31283
891,96,2,2,0,19,43,13,0,0,32.28,0.1886,0.1648,31379
892,13,0,0,0,1,5,2,0,0,-4.76,0.1885,0.1649,31392
893,15,0,0,0,3,6,2,0,0,-4.65,0.1884,0.1649,31407
894,58,1,1,0,5,29,7,0,0,16.49,0.1882,0.16438,31465
895,138,4,4,0,20,66,18,0,0,54.44,0.1881,0.16371,31603
896,42,0,0,0,2,20,5,0,0,8.71,0.188,0.16407,31645
897,59,1,1,0,9,34,8,0,0,21.17,0.1879,0.1638,31704
898,13,0,0,0,4,7,2,0,0,-3.96,0.1877,0.16382,31717
899,22,0,0,0,5,10,3,0,0,-0.84,0.1876,0.16376,31739
900,40,2,2,0,7,20,5,0,0,10.7,0.1875,0.16315,31779
901,61,1,1,0,10,27,8,0,0,14.83,0.1874,0.16203,31840
902,31,2,2,0,5,15,4,0,0,6.63,0.1872,0.16171,31871
903,6,0,0,0,1,3,1,0,0,-6.52,0.1871,0.16181,31877
904,13,0,0,0,1,8,2,0,0,-3.76,0.187,0.16155,31890
905,13,0,1,0,4,5,2,0,0,-3.81,0.1869,0.16155,31903
906,20,0,0,0,6,10,3,0,0,-1.9,0.1867,0.16116,31923
907,55,0,0,0,8,28,7,0,0,14.35,0.1866,0.16092,31978
908,94,0,0,0,25,44,10,0,0,25.27,0.1865,0.16017,32072
909,59,1,1,0,9,32,7,0,0,16.57,0.1864,0.15956,32131
910,20,0,0,0,3,12,3,0,0,0.3,0.1862,0.1598,32151
911,21,0,0,0,3,10,3,0,0,-0.97,0.1861,0.15998,32172
912,6,0,0,0,1,3,1,0,0,-7.42,0.186,0.15985,32178
913,18,1,1,0,4,5,1,1,0,-5.16,0.1859,0.16029,32196
914,70,1,1,0,10,38,9,0,0,23.2,0.1857,0.16081,32266
915,17,0,0,0,5,6,2,0,0,-5.34,0.1856,0.16087,32283
916,6,0,0,0,3,3,1,0,0,-7.92,0.1855,0.16071,32289
917,96,2,2,0,19,46,13,0,0,32.38,0.1854,0.16066,32385
918,102,2,2,0,11,48,13,0,0,35.51,0.1852,0.16028,32487
919,51,0,0,0,7,26,7,0,0,12.18,0.1851,0.16067,32538
920,47,0,0,0,12,25,6,0,0,9.66,0.185,0.16095,32585
921,47,0,0,0,5,23,6,0,0,11.61,0.1849,0.16077,32632
922,7,0,0,0,3,5,1,0,0,-6.99,0.1847,0.16077,32639
923,32,1,1,0,6,14,4,0,0,3.91,0.1846,0.16063,32671
924,13,0,0,0,1,4,2,0,0,-4.96,0.1845,0.16074,32684
925,111,0,0,0,15,69,14,0,0,46.08,0.1844,0.16036,32795
926,79,1,1,0,9,39,8,1,0,22.72,0.1842,0.16043,32874
927,154,4,4,0,22,80,20,0,0,65.62,0.1841,0.16096,33028
928,16,1,1,0,6,5,2,0,0,-4.62,0.184,0.16073,33044
929,14,0,0,0,1,8,2,0,0,-3.13,0.1839,0.16073,33058
930,46,1,1,0,6,25,5,1,0,11.88,0.1837,0.16068,33104
931,38,1,1,0,19,8,2,0,0,-3.66,0.1836,0.16056,33142
932,20,0,0,0,5,10,3,0,0,-0.4,0.1835,0.16011,33162
933,56,0,0,0,11,31,7,0,0,14.38,0.1834,0.15951,33218
934,28,1,1,0,5,10,4,0,0,1.29,0.1832,0.15948,33246
935,73,1,1,0,7,43,10,0,0,28.74,0.1831,0.15905,33319
936,7,0,0,0,2,2,1,0,0,-7.59,0.183,0.15905,33326
937,39,0,0,0,9,16,5,0,0,3.92,0.1829,0.15887,33365
938,22,0,0,0,8,8,3,0,0,-1.09,0.1827,0.15877,33387
939,38,0,0,0,5,16,5,0,0,4.84,0.1826,0.15874,33425
940,48,0,0,0,8,17,6,0,0,7.54,0.1825,0.15836,33473
941,15,0,0,0,3,7,2,0,0,-4.95,0.1824,0.15834,33488
942,30,0,0,0,7,17,4,0,0,3.1,0.1822,0.15843,33518
943,42,0,0,0,16,14,5,0,0,1.91,0.1821,0.15829,33560
944,54,1,1,0,8,29,7,0,0,15.47,0.182,0.15788,33614
945,16,0,0,0,5,7,2,0,0,-4.92,0.1819,0.15786,33630
946,21,0,0,0,7,10,3,0,0,-2.67,0.1817,0.1578,33651
947,110,2,2,0,20,49,14,0,0,36.3,0.1816,0.15738,33761
948,29,1,1,0,9,10,4,0,0,-0.43,0.1815,0.15755,33790
949,20,0,0,0,3,11,3,0,0,-0.55,0.1814,0.1575,33810
950,9,0,0,0,0,5,1,0,0,-6.78,0.1812,0.1575,33819
951,36,0,0,0,8,17,5,0,0,4.43,0.1811,0.15777,33855
952,8,0,0,0,1,6,1,0,0,-6.31,0.181,0.15801,33863
953,29,0,0,0,9,12,4,0,0,0.57,0.1809,0.15769,33892
954,29,0,0,0,6,13,4,0,0,1.97,0.1807,0.15751,33921
955,14,0,0,0,0,8,2,0,0,-2.68,0.1806,0.15751,33935
956,7,0,0,0,0,2,1,0,0,-7.59,0.1805,0.15727,33942
957,21,0,0,0,7,13,3,0,0,-1.42,0.1804,0.15722,33963
958,15,0,0,0,6,3,2,0,0,-8.45,0.1802,0.15701,33978
959,5,0,0,0,2,2,0,0,1,-13.4,0.1801,0.15701,33983
960,36,0,0,0,5,15,5,0,0,4.33,0.18,0.15732,34019
961,6,0,0,0,3,1,1,0,0,-9.42,0.1799,0.15732,34025
962,6,0,0,0,1,2,1,0,0,-7.92,0.1797,0.15732,34031
963,105,3,3,0,17,61,13,0,0,42.35,0.1796,0.15778,34136
964,22,0,0,0,3,13,3,0,0,0.86,0.1795,0.15785,34158
965,15,0,0,0,4,6,2,0,0,-5.25,0.1794,0.1582,34173
966,63,2,2,0,11,28,8,0,0,17.54,0.1792,0.15876,34236
967,49,2,2,0,10,23,6,0,0,11.17,0.1791,0.15947,34285
968,7,0,0,0,0,6,1,0,0,-5.34,0.179,0.15968,34292
969,28,0,0,0,6,10,4,0,0,-0.06,0.1789,0.1597,34320
970,6,0,0,0,1,2,1,0,0,-7.62,0.1787,0.1597,34326
971,7,0,0,0,1,2,0,0,1,-13.39,0.1786,0.1597,34333
972,41,0,0,0,12,20,6,0,0,6.13,0.1785,0.1601,34374
973,60,2,2,0,11,16,5,0,0,7.55,0.1784,0.16058,34434
974,52,0,0,0,10,20,6,0,0,9.11,0.1782,0.16082,34486
975,47,1,1,0,9,23,6,0,0,12.41,0.1781,0.16093,34533
976,63,0,0,0,26,21,5,0,0,6.04,0.178,0.16112,34596
977,7,0,0,0,3,4,1,0,0,-8.49,0.1779,0.16112,34603
978,13,0,0,0,4,7,2,0,0,-4.46,0.1777,0.16116,34616
979,129,4,4,0,18,68,16,0,0,51.97,0.1776,0.16052,34745
980,122,2,2,0,13,50,13,0,0,36.51,0.1775,0.16119,34867
981,6,0,0,0,1,3,1,0,0,-7.02,0.1774,0.16119,34873
982,7,0,0,0,0,5,1,0,0,-5.84,0.1772,0.16108,34880
983,6,0,0,0,1,3,1,0,0,-6.92,0.1771,0.16108,34886
984,71,0,0,0,9,36,9,0,0,20.23,0.177,0.16168,34957
985,23,0,0,0,5,11,3,0,0,-0.71,0.1769,0.16116,34980
986,6,0,0,0,1,3,1,0,0,-7.62,0.1767,0.16116,34986
987,44,0,0,0,10,16,5,0,0,3.02,0.1766,0.16208,35030
988,68,3,3,0,15,31,8,0,0,21.04,0.1765,0.1615,35098
989,20,0,0,0,8,11,3,0,0,-3.0,0.1764,0.16155,35118
990,23,0,0,0,5,10,3,0,0,-1.36,0.1762,0.16148,35141
991,13,0,0,0,3,8,2,0,0,-3.26,0.1761,0.16157,35154
992,15,0,0,0,3,6,2,0,0,-3.35,0.176,0.16139,35169
993,22,0,0,0,5,9,3,0,0,-1.09,0.1759,0.16155,35191
994,120,4,4,0,14,69,16,0,0,54.7,0.1757,0.16231,35311
995,14,0,0,0,1,5,2,0,0,-5.28,0.1756,0.16262,35325
996,10,0,0,0,8,3,1,0,0,-9.3,0.1755,0.16273,35335
997,7,0,0,0,1,6,1,0,0,-6.29,0.1754,0.16273,35342
998,5,0,0,0,3,4,0,0,1,-11.95,0.1752,0.16285,35347
999,115,1,1,0,83,15,4,0,0,-1.15,0.1751,0.163,35462
1000,26,0,0,0,9,7,3,0,0,-2.47,0.175,0.16325,35488
1001,61,0,0,0,8,29,8,0,0,16.98,0.1749,0.16316,35549
1002,7,0,0,0,2,2,1,0,0,-7.59,0.1747,0.16312,35556
1003,21,0,0,0,3,9,3,0,0,-2.77,0.1746,0.16332,35577
1004,63,2,2,0,6,38,9,0,0,25.79,0.1745,0.16335,35640
1005,48,1,1,0,13,21,6,0,0,9.14,0.1744,0.16356,35688
1006,9,0,0,0,2,3,1,0,0,-6.63,0.1742,0.16346,35697
1007,29,1,1,0,8,15,4,0,0,3.22,0.1741,0.16413,35726
1008,32,1,1,0,4,15,4,0,0,5.01,0.174,0.1643,35758
1009,7,0,0,0,3,4,1,0,0,-8.49,0.1739,0.16441,35765
1010,20,0,0,0,6,12,3,0,0,0.5,0.1737,0.1647,35785
1011,42,0,0,0,6,24,6,0,0,10.46,0.1736,0.1644,35827
1012,99,2,2,0,10,49,13,0,0,37.92,0.1735,0.16572,35926
1013,48,2,2,0,18,19,5,0,0,7.59,0.1734,0.16586,35974
1014,32,0,0,0,5,12,4,0,0,-0.64,0.1732,0.1661,36006
1015,46,0,0,0,19,15,5,0,0,2.63,0.1731,0.16607,36052
1016,35,0,0,0,4,16,5,0,0,5.95,0.173,0.16588,36087
1017,22,2,2,0,4,6,2,0,0,-1.54,0.1729,0.16626,36109
1018,8,0,0,0,3,2,1,0,0,-8.96,0.1727,0.16615,36117
1019,13,0,0,0,3,8,2,0,0,-2.46,0.1726,0.16617,36130
1020,28,0,0,0,7,12,4,0,0,1.24,0.1725,0.16608,36158
1021,13,0,0,0,3,7,2,0,0,-5.01,0.1724,0.16594,36171
1022,6,0,0,0,1,2,1,0,0,-7.52,0.1722,0.16607,36177
1023,20,1,1,0,6,12,3,0,0,0.0,0.1721,0.16596,36197
1024,7,0,0,0,0,5,1,0,0,-5.34,0.172,0.16596,36204
1025,24,1,1,0,7,7,3,0,0,-1.98,0.1719,0.16604,36228
1026,62,3,3,0,15,31,8,0,0,20.21,0.1717,0.16558,36290
1027,60,1,1,0,9,29,8,0,0,16.45,0.1716,0.16532,36350
1028,168,2,2,0,52,62,16,0,0,44.99,0.1715,0.16606,36518
1029,21,0,0,0,9,11,3,0,0,-2.52,0.1714,0.16599,36539
1030,87,2,2,0,7,44,12,0,0,33.81,0.1712,0.16589,36626
1031,21,0,0,0,7,9,3,0,0,-1.42,0.1711,0.16601,36647
1032,101,3,3,0,16,54,14,0,0,41.08,0.171,0.16512,36748
1033,72,3,3,0,12,29,10,0,0,23.71,0.1709,0.16546,36820
1034,66,0,0,0,8,37,8,0,0,19.83,0.1707,0.16569,36886
1035,98,2,2,0,15,45,12,0,0,32.39,0.1706,0.16496,36984
1036,37,0,0,0,10,15,5,0,0,3.81,0.1705,0.16506,37021
1037,22,0,0,0,3,8,3,0,0,-2.24,0.1704,0.16513,37043
1038,14,0,0,0,2,6,2,0,0,-4.33,0.1702,0.16526,37057
1039,39,1,1,0,18,14,3,0,0,1.32,0.1701,0.16508,37096
1040,58,1,1,0,22,20,6,0,0,9.89,0.17,0.16516,37154
1041,80,2,2,0,16,34,11,0,0,25.6,0.1699,0.16527,37234
1042,50,1,1,0,12,32,7,0,0,16.55,0.1697,0.16514,37284
1043,58,3,3,0,10,28,8,0,0,20.29,0.1696,0.16443,37342
1044,13,0,0,0,6,6,2,0,0,-5.11,0.1695,0.16436,37355
1045,68,0,0,0,12,36,8,0,0,19.34,0.1694,0.16439,37423
1046,45,1,1,0,5,17,6,0,0,8.75,0.1692,0.16434,37468
1047,25,1,1,0,2,11,2,0,0,0.75,0.1691,0.16446,37493
1048,24,0,0,0,7,9,3,0,0,-2.03,0.169,0.16458,37517
1049,64,0,0,0,15,28,8,0,0,14.47,0.1689,0.16462,37581
1050,117,1,1,0,15,55,14,0,0,41.51,0.1687,0.16465,37698
1051,102,1,1,0,11,44,13,0,0,34.56,0.1686,0.16488,37800
1052,265,1,1,0,130,63,15,0,0,36.5,0.1685,0.16416,38065
1053,46,0,0,0,8,21,6,0,0,8.48,0.1684,0.16384,38111
1054,68,3,3,0,14,35,9,0,0,24.24,0.1682,0.16392,38179
1055,60,0,0,0,10,32,8,0,0,17.35,0.1681,0.16375,38239
1056,7,0,0,0,1,4,1,0,0,-7.29,0.168,0.16358,38246
1057,43,0,0,0,10,18,6,0,0,7.49,0.1679,0.1637,38289
1058,57,1,1,0,9,26,8,0,0,15.86,0.1677,0.16348,38346
1059,22,0,0,0,3,11,3,0,0,0.06,0.1676,0.1637,38368
1060,7,0,0,0,2,3,1,0,0,-7.09,0.1675,0.1637,38375
1061,238,7,7,0,37,116,30,0,0,101.09,0.1674,0.16441,38613
1062,53,0,0,0,10,25,7,0,0,11.84,0.1672,0.16442,38666
1063,92,0,0,0,14,50,12,0,0,33.51,0.1671,0.16496,38758
1064,127,1,1,0,12,65,17,0,0,50.11,0.167,0.16483,38885
1065,23,0,0,0,4,8,3,0,0,-1.66,0.1669,0.1646,38908
1066,20,0,0,0,4,10,3,0,0,-0.7,0.1667,0.16507,38928
1067,64,3,3,0,6,45,9,0,0,29.72,0.1666,0.16497,38992
1068,21,0,0,0,4,11,3,0,0,-1.27,0.1665,0.16476,39013
1069,55,2,2,0,9,27,8,0,0,17.5,0.1664,0.16507,39068
1070,35,0,0,0,7,20,5,0,0,6.1,0.1662,0.16489,39103
1071,6,0,0,0,1,3,1,0,0,-7.02,0.1661,0.16493,39109
1072,6,0,0,0,1,2,1,0,0,-7.52,0.166,0.16493,39115
1073,36,1,1,0,7,21,5,0,0,9.18,0.1659,0.16432,39151
1074,162,3,3,0,24,79,21,0,0,65.01,0.1657,0.16457,39313
1075,32,0,0,0,7,9,4,0,0,-1.19,0.1656,0.16492,39345
1076,23,0,0,0,2,11,3,0,0,0.19,0.1655,0.16496,39368
1077,41,2,2,0,8,15,6,0,0,9.13,0.1654,0.16479,39409
1078,126,5,5,0,8,59,16,0,0,51.43,0.1652,0.16556,39535
1079,46,2,2,0,5,21,6,0,0,12.23,0.1651,0.16522,39581
1080,22,1,1,0,6,12,3,0,0,1.11,0.165,0.16572,39603
1081,40,0,0,0,18,14,4,0,0,1.4,0.1649,0.16553,39643
1082,93,0,0,0,13,40,10,0,0,24.59,0.1647,0.16512,39736
1083,7,0,0,0,2,3,1,0,0,-7.09,0.1646,0.16512,39743
1084,53,1,1,0,12,26,7,0,0,16.14,0.1645,0.16512,39796
1085,15,0,0,0,3,6,2,0,0,-5.0,0.1644,0.16502,39811
1086,75,3,3,0,14,34,9,0,0,24.65,0.1642,0.1648,39886
1087,14,1,1,0,2,8,2,0,0,-1.18,0.1641,0.1648,39900
1088,16,0,0,0,5,9,2,0,0,-3.27,0.164,0.16513,39916
1089,22,0,0,0,3,9,3,0,0,-1.49,0.1639,0.1651,39938
1090,167,0,0,0,40,68,17,0,0,48.11,0.1637,0.16516,40105
1091,28,0,0,0,4,14,4,0,0,2.49,0.1636,0.16546,40133
1092,35,0,0,0,8,16,5,0,0,3.75,0.1635,0.16555,40168
1093,66,0,0,0,6,43,8,0,0,25.38,0.1634,0.16491,40234
1094,21,0,0,0,3,13,3,0,0,-0.12,0.1632,0.16475,40255
1095,7,0,0,0,2,3,1,0,0,-7.09,0.1631,0.16495,40262
1096,46,2,2,0,11,19,5,0,0,9.43,0.163,0.16502,40308
1097,30,1,1,0,7,14,4,0,0,4.3,0.1629,0.16487,40338
1098,28,1,1,0,5,13,4,0,0,3.74,0.1627,0.16458,40366
1099,43,0,0,0,8,23,6,0,0,10.24,0.1626,0.1646,40409
1100,37,1,1,0,9,19,5,0,0,7.86,0.1625,0.16404,40446
1101,36,1,1,0,5,17,5,0,0,6.98,0.1624,0.16385,40482
1102,7,0,0,0,2,3,1,0,0,-7.84,0.1622,0.16385,40489
1103,124,4,4,0,19,64,16,0,0,52.62,0.1621,0.16365,40613
1104,43,1,1,0,7,20,6,0,0,11.09,0.162,0.16378,40656
1105,21,0,0,0,6,10,3,0,0,-2.82,0.1619,0.1638,40677
1106,16,0,0,0,3,5,2,0,0,-5.72,0.1617,0.16362,40693
1107,17,0,0,0,3,5,2,0,0,-5.34,0.1616,0.16349,40710
1108,18,0,0,0,7,6,2,0,0,-6.66,0.1615,0.1634,40728
1109,15,0,0,0,4,6,2,0,0,-5.25,0.1614,0.16318,40743
1110,87,1,1,0,12,46,11,0,0,31.61,0.1612,0.1636,40830
1111,6,0,0,0,1,3,1,0,0,-7.62,0.1611,0.16346,40836
1112,6,0,0,0,1,2,1,0,0,-7.42,0.161,0.16346,40842
1113,27,0,0,0,6,14,4,0,0,2.26,0.1609,0.16338,40869
1114,40,1,1,0,3,16,5,0,0,6.85,0.1607,0.16372,40909
1115,100,2,2,0,51,30,6,0,0,13.95,0.1606,0.16327,41009
1116,67,1,1,0,8,33,9,0,0,22.66,0.1605,0.16336,41076
1117,45,0,0,0,5,23,6,0,0,11.1,0.1604,0.16373,41121
1118,63,1,1,0,10,34,9,0,0,22.34,0.1602,0.16397,41184
1119,58,3,3,0,12,29,7,0,0,18.04,0.1601,0.16432,41242
1120,7,0,0,0,0,3,1,0,0,-6.59,0.16,0.16437,41249
1121,112,2,2,0,12,48,12,0,0,36.06,0.1599,0.16486,41361
1122,31,0,0,0,6,15,4,0,0,2.73,0.1597,0.1648,41392
1123,20,0,0,0,6,11,3,0,0,-1.0,0.1596,0.16505,41412
1124,32,0,0,0,14,12,3,0,0,-0.49,0.1595,0.16516,41444
1125,21,0,0,0,5,8,3,0,0,-1.97,0.1594,0.16514,41465
1126,15,0,0,0,7,5,2,0,0,-7.0,0.1593,0.16543,41480
1127,14,0,0,0,2,8,2,0,0,-2.93,0.1591,0.1655,41494
1128,65,2,2,0,15,35,9,0,0,22.85,0.159,0.1662,41559
1129,21,1,1,0,7,6,3,0,0,-2.67,0.1589,0.1662,41580
1130,96,2,2,0,13,47,13,0,0,35.93,0.1588,0.16614,41676
1131,94,1,1,0,14,46,12,0,0,32.87,0.1586,0.1663,41770
1132,6,0,0,0,1,2,1,0,0,-7.52,0.1585,0.16631,41776
1133,75,2,2,0,18,42,10,0,0,27.4,0.1584,0.16664,41851
1134,30,1,1,0,8,14,4,0,0,3.05,0.1583,0.16649,41881
1135,22,0,0,0,2,12,3,0,0,-0.44,0.1581,0.1667,41903
1136,90,2,2,0,9,45,11,0,0,32.95,0.158,0.16668,41993
1137,81,2,2,0,10,48,10,0,0,31.63,0.1579,0.16548,42074
1138,51,0,0,0,5,24,6,0,0,11.53,0.1578,0.16526,42125
1139,86,4,4,0,17,44,11,0,0,33.28,0.1576,0.16516,42211
1140,21,0,0,0,9,6,2,0,0,-4.82,0.1575,0.1652,42232
1141,227,4,4,0,35,103,27,0,0,87.26,0.1574,0.16351,42459
1142,14,0,0,0,4,5,2,0,0,-4.78,0.1573,0.16366,42473
1143,15,0,0,0,4,7,2,0,0,-4.7,0.1571,0.16365,42488
1144,79,2,2,0,32,18,6,0,0,7.07,0.157,0.16272,42567
1145,104,0,0,0,70,15,4,0,0,-1.93,0.1569,0.16321,42671
1146,65,1,1,0,3,35,8,0,0,21.8,0.1568,0.1627,42736
1147,8,0,0,0,1,6,1,0,0,-5.81,0.1566,0.1627,42744
1148,28,0,0,0,6,9,4,0,0,0.39,0.1565,0.1624,42772
1149,47,0,0,0,11,21,6,0,0,9.46,0.1564,0.16166,42819
1150,276,2,2,0,136,83,20,1,0,54.23,0.1562,0.15968,43095
1151,51,1,1,0,6,28,7,0,0,16.48,0.1561,0.16024,43146
1152,9,0,0,0,2,6,1,0,0,-5.88,0.156,0.16043,43155
1153,13,0,0,0,3,5,2,0,0,-5.31,0.1559,0.16051,43168
1154,20,0,0,0,7,9,3,0,0,-2.6,0.1557,0.16035,43188
1155,29,0,0,0,6,11,4,0,0,-0.43,0.1556,0.1599,43217
1156,23,0,0,0,7,6,2,1,0,-4.91,0.1555,0.15999,43240
1157,7,0,0,0,1,5,1,0,0,-6.79,0.1554,0.15999,43247
1158,122,4,4,0,15,74,16,0,0,56.76,0.1552,0.15975,43369
1159,89,2,2,0,16,44,11,0,0,28.17,0.1551,0.15973,43458
1160,28,2,2,0,5,17,4,0,0,6.84,0.155,0.15951,43486
1161,151,5,5,0,15,78,20,0,0,67.88,0.1549,0.15906,43637
1162,6,0,0,0,1,3,1,0,0,-7.02,0.1547,0.15906,43643
1163,103,2,2,0,19,54,14,0,0,39.99,0.1546,0.1581,43746
1164,36,0,0,0,7,13,5,0,0,3.18,0.1545,0.15775,43782
1165,65,0,0,0,4,43,9,0,0,26.75,0.1544,0.15781,43847
1166,72,0,0,0,16,27,8,0,0,15.96,0.1542,0.15764,43919
1167,14,0,0,0,5,6,2,0,0,-4.93,0.1541,0.15765,43933
1168,29,1,1,0,6,14,4,0,0,2.82,0.154,0.1577,43962
1169,5,0,0,0,1,2,1,0,0,-9.35,0.1539,0.1577,43967
1170,65,0,0,0,11,34,9,0,0,17.75,0.1537,0.15701,44032
1171,96,2,2,0,12,54,13,0,0,39.48,0.1536,0.15628,44128
1172,21,0,0,0,7,13,3,0,0,-0.47,0.1535,0.15634,44149
1173,56,0,0,0,14,25,7,0,0,12.13,0.1534,0.15677,44205
1174,30,0,0,0,7,13,4,0,0,0.45,0.1532,0.15665,44235
1175,44,1,1,0,4,24,6,0,0,12.27,0.1531,0.15648,44279
1176,79,0,0,0,12,39,10,0,0,24.52,0.153,0.15585,44358
1177,14,0,0,0,4,8,2,0,0,-3.93,0.1529,0.15569,44372
1178,38,1,1,0,4,21,5,0,0,7.94,0.1527,0.15585,44410
1179,182,4,4,0,13,75,21,0,0,64.41,0.1526,0.15577,44592
1180,32,0,0,0,15,7,3,0,0,-3.74,0.1525,0.15581,44624
1181,65,0,0,0,46,15,4,0,0,-1.6,0.1524,0.15625,44689
1182,6,0,0,0,1,2,1,0,0,-7.52,0.1522,0.15625,44695
1183,30,2,2,0,4,15,4,0,0,6.6,0.1521,0.1563,44725
1184,5,0,0,0,1,2,0,0,1,-12.85,0.152,0.1563,44730
1185,19,0,0,0,3,6,2,0,0,-5.08,0.1519,0.1563,44749
1186,7,0,0,0,2,3,1,0,0,-6.99,0.1517,0.15606,44756
1187,75,1,1,0,9,39,10,0,0,26.7,0.1516,0.15611,44831
1188,20,0,0,0,6,9,3,0,0,-0.95,0.1515,0.15568,44851
1189,6,0,0,0,1,3,1,0,0,-7.62,0.1514,0.15568,44857
1190,102,3,3,0,18,53,13,0,0,40.61,0.1512,0.15561,44959
1191,33,1,1,0,3,17,4,0,0,6.49,0.1511,0.1557,44992
1192,274,2,2,0,204,18,5,0,0,-5.53,0.151,0.15656,45266
1193,16,0,0,0,4,6,2,0,0,-4.22,0.1509,0.15633,45282
1194,75,1,1,0,15,34,8,2,0,21.4,0.1507,0.15629,45357
1195,97,4,4,0,17,47,12,0,0,38.16,0.1506,0.15676,45454
1196,15,0,0,0,5,4,2,0,0,-5.65,0.1505,0.15676,45469
1197,43,1,1,0,7,20,6,0,0,10.09,0.1504,0.15631,45512
1198,47,0,0,0,4,22,5,0,0,7.96,0.1502,0.15596,45559
1199,21,0,0,0,5,14,3,0,0,0.78,0.1501,0.15603,45580
1200,401,6,6,0,134,109,31,0,0,102.58,0.15,0.15569,45980
1201,43,0,0,0,14,22,6,0,0,7.59,0.1499,0.15481,46023
1202,73,0,0,0,43,20,5,0,0,4.29,0.1497,0.15469,46096
1203,21,0,0,0,5,12,3,0,0,-0.87,0.1496,0.15469,46117
1204,38,1,1,0,5,18,5,0,0,8.34,0.1495,0.15422,46155
1205,63,1,1,0,8,30,8,0,0,18.24,0.1494,0.15409,46218
1206,44,3,3,0,10,16,5,0,0,7.57,0.1492,0.15446,46262
1207,68,2,2,0,16,32,8,0,0,20.39,0.1491,0.15472,46330
1208,31,0,0,0,5,19,4,0,0,5.93,0.149,0.15467,46361
1209,60,1,1,0,5,29,8,0,0,19.15,0.1489,0.15449,46421
1210,41,0,0,0,7,20,5,0,0,6.93,0.1487,0.15454,46462
1211,22,0,0,0,6,8,3,0,0,-2.39,0.1486,0.15477,46484
1212,163,0,0,0,83,49,12,0,0,25.44,0.1485,0.15432,46647
1213,38,0,0,0,6,20,5,0,0,6.89,0.1484,0.15434,46685
1214,8,0,0,0,1,3,1,0,0,-6.91,0.1482,0.15435,46693
1215,124,4,4,0,21,57,16,0,0,47.12,0.1481,0.15353,46817
1216,195,1,1,0,72,67,17,0,0,48.3,0.148,0.15348,47012
1217,24,0,0,0,6,11,3,0,0,-1.88,0.1479,0.15344,47036
1218,238,7,7,0,34,103,27,1,0,91.59,0.1477,0.15274,47274
1219,74,1,1,0,9,39,10,0,0,25.27,0.1476,0.15286,47348
1220,100,2,2,0,10,54,13,0,0,40.45,0.1475,0.15231,47448
1221,7,0,0,0,2,1,1,0,0,-7.59,0.1474,0.15231,47455
1222,50,2,2,0,8,25,7,0,0,13.9,0.1472,0.15126,47505
1223,76,0,0,0,10,42,10,0,0,26.43,0.1471,0.15101,47581
1224,7,0,0,0,1,4,1,0,0,-7.29,0.147,0.15103,47588
1225,248,6,6,0,24,109,28,3,0,96.54,0.1469,0.15109,47836
1226,36,1,1,0,5,21,5,0,0,9.13,0.1467,0.15118,47872
1227,60,0,0,0,6,26,8,0,0,16.1,0.1466,0.15124,47932
1228,6,0,0,0,1,3,1,0,0,-7.62,0.1465,0.15113,47938
1229,20,0,0,0,6,12,3,0,0,-0.5,0.1464,0.1511,47958
1230,172,6,6,0,15,85,23,0,0,76.26,0.1462,0.15119,48130
1231,52,3,3,0,11,22,7,0,0,15.16,0.1461,0.15046,48182
1232,21,0,0,0,7,10,3,0,0,-2.52,0.146,0.15046,48203
1233,80,2,2,0,3,44,11,0,0,33.15,0.1459,0.15067,48283
1234,28,0,0,0,5,14,4,0,0,1.59,0.1457,0.15077,48311
1235,41,1,1,0,12,16,5,0,0,4.38,0.1456,0.15033,48352
1236,183,3,3,0,22,81,21,2,0,67.04,0.1455,0.14968,48535
1237,75,1,1,0,18,37,10,0,0,23.4,0.1454,0.15028,48610
1238,50,0,0,0,11,25,6,0,0,10.2,0.1452,0.15005,48660
1239,57,0,0,0,11,27,7,0,0,13.81,0.1451,0.15005,48717
1240,25,0,0,0,8,10,3,0,0,-2.75,0.145,0.15009,48742
1241,131,2,2,0,17,31,9,0,0,17.83,0.1449,0.14889,48873
1242,13,0,0,0,3,4,2,0,0,-5.76,0.1447,0.14881,48886
1243,19,0,0,0,7,6,2,0,0,-4.03,0.1446,0.14871,48905
1244,28,0,0,0,5,13,4,0,0,2.04,0.1445,0.14864,48933
1245,6,0,0,0,1,2,1,0,0,-7.92,0.1444,0.14864,48939
1246,9,0,0,0,0,5,1,0,0,-5.88,0.1442,0.1484,48948
1247,117,2,2,0,13,66,15,0,0,48.51,0.1441,0.14729,49065
1248,27,0,0,0,5,10,3,0,0,-2.39,0.144,0.14693,49092
1249,19,2,2,0,4,9,2,0,0,0.02,0.1439,0.14678,49111
1250,91,1,1,0,9,52,12,0,0,35.48,0.1437,0.14655,49202
1251,5,0,0,0,3,3,0,0,1,-12.45,0.1436,0.14655,49207
1252,13,0,0,0,1,7,2,0,0,-2.86,0.1435,0.1466,49220
1253,22,0,0,0,3,10,3,0,0,0.26,0.1434,0.14678,49242
1254,30,0,0,0,9,11,4,0,0,0.15,0.1432,0.14637,49272
1255,21,0,0,0,4,9,3,0,0,-0.92,0.1431,0.14643,49293
1256,47,1,1,0,4,23,6,0,0,11.86,0.143,0.14651,49340
1257,96,3,3,0,7,47,11,0,0,35.63,0.1429,0.14587,49436
1258,6,0,0,0,1,2,1,0,0,-7.52,0.1427,0.14557,49442
1259,25,1,1,0,6,9,3,0,0,0.45,0.1426,0.14541,49467
1260,45,0,0,0,7,11,4,0,0,0.25,0.1425,0.14458,49512
1261,66,1,1,0,12,29,7,1,0,17.28,0.1424,0.14462,49578
1262,34,0,0,0,13,15,3,0,0,1.67,0.1422,0.14454,49612
1263,13,0,0,0,1,7,2,0,0,-2.86,0.1421,0.14463,49625
1264,45,0,0,0,5,25,6,0,0,12.75,0.142,0.14454,49670
1265,41,1,1,0,7,18,6,0,0,7.98,0.1419,0.14464,49711
1266,14,0,0,0,3,10,2,0,0,-2.73,0.1417,0.14464,49725
1267,218,4,4,0,32,75,20,0,0,62.54,0.1416,0.14353,49943
1268,29,0,0,0,6,14,4,0,0,1.87,0.1415,0.14337,49972
1269,23,1,1,0,7,13,3,0,0,0.04,0.1414,0.14324,49995
1270,7,0,0,0,2,3,1,0,0,-7.09,0.1412,0.1432,50000
1271,75,3,3,0,8,38,10,0,0,26.65,0.1411,0.14341,50000
1272,22,1,1,0,2,12,3,0,0,1.81,0.141,0.14383,50000
1273,58,0,0,0,12,27,7,0,0,12.19,0.1409,0.14325,50000
1274,50,0,0,0,9,27,7,0,0,12.9,0.1407,0.14338,50000
1275,22,0,0,0,4,8,3,0,0,-2.14,0.1406,0.14344,50000
1276,78,0,0,0,57,8,3,0,0,-6.61,0.1405,0.14381,50000
1277,49,1,1,0,13,25,7,0,0,11.62,0.1404,0.14311,50000
1278,8,0,0,0,1,4,1,0,0,-6.41,0.1402,0.14311,50000
1279,29,0,0,0,5,12,4,0,0,2.22,0.1401,0.14339,50000
1280,6,0,0,0,1,3,1,0,0,-7.02,0.14,0.14339,50000
1281,47,1,1,0,5,23,6,0,0,11.91,0.1399,0.14385,50000
1282,44,0,0,0,10,21,6,0,0,7.37,0.1397,0.14374,50000
1283,55,2,2,0,6,21,7,0,0,13.35,0.1396,0.14439,50000
1284,13,0,0,0,4,5,2,0,0,-6.51,0.1395,0.14439,50000
1285,13,0,0,0,1,8,2,0,0,-2.76,0.1394,0.14447,50000
1286,72,1,1,0,14,35,9,0,0,21.11,0.1392,0.14421,50000
1287,122,0,0,0,92,10,3,0,0,-7.84,0.1391,0.14436,50000
1288,35,0,0,0,6,18,5,0,0,5.85,0.139,0.14469,50000
1289,28,0,0,0,8,13,4,0,0,0.89,0.1389,0.14481,50000
1290,66,1,1,0,15,31,9,0,0,20.93,0.1387,0.14505,50000
1291,21,1,1,0,3,11,3,0,0,-0.12,0.1386,0.14485,50000
1292,103,2,2,0,8,57,13,0,0,42.89,0.1385,0.14484,50000
1293,20,0,0,0,6,9,3,0,0,-1.85,0.1384,0.14497,50000
1294,17,2,2,0,4,7,2,0,0,-1.89,0.1382,0.14485,50000
1295,7,0,0,0,2,3,1,0,0,-6.59,0.1381,0.14487,50000
1296,62,2,2,0,10,16,5,0,0,7.21,0.138,0.14393,50000
1297,21,0,0,0,6,9,3,0,0,-1.12,0.1379,0.1438,50000
1298,69,1,1,0,10,41,9,0,0,26.37,0.1377,0.14362,50000
1299,16,0,0,0,4,6,2,0,0,-4.67,0.1376,0.1437,50000
1300,22,0,0,0,8,7,3,0,0,-4.09,0.1375,0.14381,50000
1301,34,1,1,0,20,11,3,0,0,-1.98,0.1374,0.14378,50000
1302,70,0,0,0,40,16,4,0,0,1.4,0.1372,0.14397,50000
1303,24,1,1,0,4,12,3,0,0,1.97,0.1371,0.14376,50000
1304,36,1,1,0,6,21,5,0,0,8.68,0.137,0.14373,50000
1305,37,1,1,0,13,18,5,0,0,5.91,0.1369,0.14373,50000
1306,22,0,0,0,8,11,3,0,0,-2.49,0.1367,0.1436,50000
1307,35,0,0,0,6,18,5,0,0,6.0,0.1366,0.14395,50000
1308,116,2,2,0,14,56,15,0,0,41.43,0.1365,0.14459,50000
1309,35,0,0,0,3,16,5,0,0,5.6,0.1364,0.14485,50000
1310,20,0,0,0,2,7,3,0,0,-3.2,0.1362,0.14501,50000
1311,29,0,0,0,5,11,4,0,0,1.72,0.1361,0.1452,50000
1312,144,1,1,0,62,43,10,0,0,24.42,0.136,0.14568,50000
1313,7,0,0,0,2,6,1,0,0,-7.44,0.1359,0.14556,50000
1314,82,1,1,0,15,44,10,0,0,26.16,0.1357,0.14536,50000
1315,6,0,0,0,1,3,1,0,0,-7.42,0.1356,0.14536,50000
1316,208,0,0,0,152,26,7,0,0,1.79,0.1355,0.14595,50000
1317,32,2,2,0,4,11,3,1,0,3.01,0.1354,0.14562,50000
1318,29,2,2,0,1,14,4,0,0,5.62,0.1352,0.14555,50000
1319,13,0,0,0,1,6,1,0,0,-6.41,0.1351,0.14552,50000
1320,63,1,1,0,7,38,8,0,0,23.49,0.135,0.14591,50000
1321,23,0,0,0,5,13,3,0,0,-0.81,0.1349,0.14589,50000
1322,44,0,0,0,11,22,6,0,0,5.92,0.1347,0.14626,50000
1323,90,4,4,0,15,33,10,0,0,26.2,0.1346,0.14642,50000
1324,80,2,2,0,8,39,10,0,0,28.6,0.1345,0.14601,50000
1325,111,3,3,0,46,36,10,0,0,24.78,0.1344,0.14616,50000
1326,20,0,0,0,6,10,3,0,0,-1.4,0.1342,0.14606,50000
1327,7,0,0,0,2,3,1,0,0,-6.59,0.1341,0.14606,50000
1328,13,0,0,0,3,6,2,0,0,-4.86,0.134,0.14595,50000
1329,64,0,0,0,9,34,8,0,0,18.97,0.1339,0.14612,50000
1330,79,1,1,0,33,17,6,0,0,7.37,0.1337,0.14584,50000
1331,6,0,0,0,1,3,1,0,0,-7.42,0.1336,0.14584,50000
1332,119,4,4,0,13,61,14,0,0,47.52,0.1335,0.14657,50000
1333,258,5,5,0,32,100,30,0,0,91.99,0.1334,0.14583,50000
1334,39,0,0,0,7,17,5,0,0,5.82,0.1332,0.14547,50000
1335,54,1,1,0,10,29,7,0,0,14.62,0.1331,0.14572,50000
1336,20,0,0,0,6,8,3,0,0,-2.95,0.133,0.14566,50000
1337,29,0,0,0,6,17,4,0,0,3.42,0.1329,0.14575,50000
1338,7,0,0,0,0,3,1,0,0,-7.74,0.1327,0.14575,50000
1339,133,1,1,0,12,24,7,0,0,12.39,0.1326,0.14456,50000
1340,101,1,1,0,15,52,14,0,0,38.38,0.1325,0.14455,50000
1341,71,2,2,0,6,39,9,0,0,26.53,0.1324,0.1441,50000
1342,13,0,0,0,5,5,2,0,0,-4.21,0.1322,0.14393,50000
1343,20,0,0,0,5,10,3,0,0,-1.35,0.1321,0.14373,50000
1344,81,1,1,0,7,39,10,0,0,26.83,0.132,0.14373,50000
1345,8,0,0,0,1,3,1,0,0,-6.91,0.1319,0.14373,50000
1346,98,1,1,0,17,53,12,0,0,35.59,0.1317,0.14329,50000
1347,44,2,2,0,4,24,6,0,0,13.62,0.1316,0.14343,50000
1348,37,1,1,0,6,12,4,0,0,2.51,0.1315,0.14343,50000
1349,85,3,3,0,14,47,11,0,0,34.15,0.1314,0.14309,50000
1350,38,0,0,0,9,23,5,0,0,8.04,0.1312,0.14328,50000
1351,25,1,1,0,8,6,3,0,0,-1.7,0.1311,0.14352,50000
1352,7,0,0,0,2,6,1,0,0,-6.39,0.131,0.14384,50000
1353,107,4,4,0,10,58,14,0,0,45.81,0.1309,0.14328,50000
1354,76,0,0,0,3,44,10,0,0,28.83,0.1307,0.14313,50000
1355,6,0,0,0,1,3,1,0,0,-7.42,0.1306,0.14334,50000
1356,29,0,0,0,6,14,4,0,0,2.77,0.1305,0.14306,50000
1357,66,1,1,0,10,42,9,0,0,24.03,0.1304,0.14314,50000
1358,81,1,1,0,4,44,11,0,0,31.98,0.1302,0.1427,50000
1359,16,0,0,0,4,6,2,0,0,-4.07,0.1301,0.14247,50000
1360,24,0,0,0,5,10,3,0,0,-1.93,0.13,0.14255,50000
1361,50,2,2,0,15,26,7,0,0,14.5,0.1299,0.14286,50000
1362,240,0,0,0,29,3,0,0,1,-18.45,0.1297,0.14247,50000
1363,22,0,0,0,3,11,3,0,0,-1.14,0.1296,0.14279,50000
1364,44,1,1,0,5,22,5,0,0,9.82,0.1295,0.14279,50000
1365,23,0,0,0,4,10,3,0,0,0.09,0.1294,0.1427,50000
1366,20,0,0,0,6,10,3,0,0,-1.35,0.1292,0.14246,50000
1367,111,2,2,0,15,53,14,0,0,40.73,0.1291,0.14216,50000
1368,58,1,1,0,9,27,8,0,0,15.84,0.129,0.14215,50000
1369,120,3,3,0,25,71,16,0,0,52.25,0.1289,0.14202,50000
1370,35,0,0,0,13,10,3,0,0,-2.15,0.1287,0.14216,50000
1371,204,2,2,0,21,58,14,0,0,39.47,0.1286,0.14118,50000
1372,57,1,1,0,9,24,6,0,0,12.01,0.1285,0.14157,50000
1373,139,1,1,0,28,71,18,0,0,53.52,0.1284,0.14206,50000
1374,124,5,5,0,11,76,17,0,0,63.87,0.1282,0.14184,50000
1375,24,0,0,0,3,14,3,0,0,1.77,0.1281,0.14173,50000
1376,16,0,0,0,5,7,2,0,0,-5.32,0.128,0.14131,50000
1377,20,0,0,0,6,9,3,0,0,-2.8,0.1279,0.14128,50000
1378,56,0,0,0,9,30,7,0,0,14.88,0.1278,0.14124,50000
1379,75,1,1,0,15,34,10,0,0,22.85,0.1276,0.14068,50000
1380,34,0,0,0,7,17,5,0,0,5.52,0.1275,0.14069,50000
1381,34,0,0,0,8,19,5,0,0,4.57,0.1274,0.14085,50000
1382,68,4,4,0,11,34,8,0,0,23.34,0.1273,0.14056,50000
1383,114,1,1,0,23,57,16,0,0,43.77,0.1271,0.1401,50000
1384,44,0,0,0,9,21,6,0,0,7.72,0.127,0.13996,50000
1385,14,0,0,0,2,8,2,0,0,-4.23,0.1269,0.14002,50000
1386,7,0,0,0,2,3,1,0,0,-7.09,0.1268,0.14,50000
1387,140,0,0,0,132,4,0,0,1,-21.6,0.1266,0.14027,50000
1388,7,0,0,0,0,6,1,0,0,-4.84,0.1265,0.14027,50000
1389,169,6,6,0,20,92,22,0,0,77.07,0.1264,0.14026,50000
1390,131,4,4,0,17,75,17,1,0,60.38,0.1263,0.14027,50000
1391,29,0,0,0,8,18,4,0,0,3.82,0.1261,0.14012,50000
1392,7,0,0,0,1,5,1,0,0,-6.79,0.126,0.14012,50000
1393,28,0,0,0,4,13,4,0,0,3.19,0.1259,0.14003,50000
1394,70,2,2,0,10,44,9,0,0,27.0,0.1258,0.13992,50000
1395,107,1,1,0,15,57,13,0,0,37.96,0.1256,0.14037,50000
1396,98,2,2,0,10,58,13,0,0,40.54,0.1255,0.14062,50000
1397,17,1,1,0,6,7,2,0,0,-4.19,0.1254,0.14078,50000
1398,37,1,1,0,6,22,5,0,0,10.26,0.1253,0.14094,50000
1399,79,1,1,0,15,40,10,0,0,25.67,0.1251,0.14081,50000
1400,65,1,1,0,8,38,9,0,0,23.7,0.125,0.141,50000
1401,119,3,3,0,20,64,15,0,0,47.72,0.1249,0.14087,50000
1402,37,0,0,0,7,13,5,0,0,2.41,0.1247,0.14078,50000
1403,49,0,0,0,10,29,7,0,0,15.62,0.1246,0.14087,50000
1404,142,4,4,0,17,76,19,0,0,61.66,0.1245,0.14082,50000
1405,7,0,0,0,0,4,1,0,0,-6.34,0.1244,0.14082,50000
1406,7,0,0,0,2,3,1,0,0,-7.09,0.1242,0.14065,50000
1407,45,1,1,0,10,24,6,0,0,11.25,0.1241,0.14047,50000
1408,15,0,0,0,2,7,2,0,0,-3.8,0.124,0.1405,50000
1409,219,3,3,0,78,74,19,0,0,55.87,0.1239,0.14103,50000
1410,21,0,0,0,4,14,3,0,0,2.13,0.1237,0.14111,50000
1411,40,1,1,0,22,8,3,0,0,-3.0,0.1236,0.14143,50000
1412,401,3,3,0,31,57,15,1,0,47.83,0.1235,0.14079,50000
1413,100,3,3,0,12,61,14,0,0,47.65,0.1234,0.14013,50000
1414,7,0,0,0,0,6,1,0,0,-6.24,0.1232,0.14018,50000
1415,54,1,1,0,9,33,7,0,0,18.07,0.1231,0.13991,50000
1416,83,3,3,0,14,46,11,0,0,32.99,0.123,0.13981,50000
1417,31,0,0,0,8,16,4,0,0,2.48,0.1229,0.13956,50000
1418,149,2,2,0,28,77,19,0,0,58.82,0.1227,0.13954,50000
1419,113,3,3,0,11,59,15,0,0,46.74,0.1226,0.13863,50000
1420,30,0,0,0,7,13,4,0,0,2.2,0.1225,0.13858,50000
1421,20,0,0,0,5,9,3,0,0,-0.05,0.1224,0.13799,50000
1422,98,1,1,0,33,41,11,0,0,27.34,0.1222,0.13793,50000
1423,128,0,0,0,13,75,17,0,0,56.04,0.1221,0.13707,50000
1424,35,0,0,0,8,20,5,0,0,6.75,0.122,0.13712,50000
1425,42,1,1,0,9,17,6,0,0,6.96,0.1219,0.13652,50000
1426,280,9,9,0,28,114,32,4,0,108.15,0.1217,0.13531,50000
1427,88,2,2,0,18,47,12,0,0,34.84,0.1216,0.13423,50000
1428,225,1,1,0,131,45,10,0,0,20.1,0.1215,0.13216,50000
1429,52,0,0,0,7,25,7,0,0,13.56,0.1214,0.13253,50000
1430,30,0,0,0,7,13,4,0,0,2.0,0.1212,0.13225,50000
1431,48,1,1,0,8,26,7,0,0,14.29,0.1211,0.13179,50000
1432,226,7,7,0,53,92,25,0,0,81.98,0.121,0.13188,50000
1433,13,0,0,0,2,5,2,0,0,-4.36,0.1209,0.13153,50000
1434,6,0,0,0,1,3,1,0,0,-7.62,0.1207,0.13153,50000
1435,21,0,0,0,3,10,3,0,0,-2.22,0.1206,0.13129,50000
1436,38,0,0,0,6,21,5,0,0,6.79,0.1205,0.13104,50000
1437,138,3,3,0,43,63,14,0,0,43.84,0.1204,0.13051,50000
1438,80,1,1,0,22,34,9,0,0,21.7,0.1202,0.1306,50000
1439,36,0,0,0,10,19,5,0,0,5.38,0.1201,0.13061,50000
1440,61,1,1,0,7,29,8,0,0,17.08,0.12,0.13006,50000
1441,7,0,0,0,3,5,1,0,0,-7.99,0.1199,0.13006,50000
1442,99,3,3,0,11,60,12,0,0,44.02,0.1197,0.13051,50000
1443,18,1,1,0,5,8,2,0,0,-2.96,0.1196,0.13063,50000
1444,57,1,1,0,4,32,7,0,0,17.21,0.1195,0.13035,50000
1445,187,3,3,0,18,80,24,1,0,71.46,0.1194,0.12862,50000
1446,60,1,1,0,6,31,8,0,0,19.9,0.1192,0.1287,50000
1447,58,1,1,0,6,30,8,0,0,20.04,0.1191,0.12831,50000
1448,34,0,0,0,5,18,5,0,0,6.87,0.119,0.12802,50000
1449,51,0,0,0,7,24,7,0,0,13.08,0.1189,0.1277,50000
1450,42,0,0,0,9,24,6,0,0,10.11,0.1187,0.12749,50000
1451,57,1,1,0,7,27,7,1,0,15.21,0.1186,0.12735,50000
1452,69,0,0,0,15,34,9,0,0,19.47,0.1185,0.12681,50000
1453,13,0,0,0,4,5,2,0,0,-5.31,0.1184,0.12684,50000
1454,20,0,0,0,5,10,3,0,0,-2.1,0.1182,0.12693,50000
1455,45,0,0,0,10,17,6,0,0,6.45,0.1181,0.1268,50000
1456,15,0,0,0,1,7,2,0,0,-4.4,0.118,0.1269,50000
1457,78,1,1,0,11,43,10,0,0,27.54,0.1179,0.12716,50000
1458,28,0,0,0,6,14,4,0,0,2.64,0.1177,0.12706,50000
1459,138,3,3,0,33,75,16,0,0,52.99,0.1176,0.12682,50000
1460,52,1,1,0,6,29,7,0,0,17.06,0.1175,0.12658,50000
1461,166,4,4,0,21,92,21,0,0,76.43,0.1174,0.12731,50000
1462,41,0,0,0,12,19,6,0,0,6.43,0.1172,0.12725,50000
1463,34,0,0,0,8,19,5,0,0,4.97,0.1171,0.12709,50000
1464,154,4,4,0,13,81,19,0,0,68.97,0.117,0.12643,50000
1465,20,0,0,0,5,11,3,0,0,0.6,0.1169,0.1265,50000
1466,31,0,0,0,10,14,4,0,0,0.38,0.1167,0.1266,50000
1467,29,0,0,0,1,11,4,0,0,1.82,0.1166,0.1267,50000
1468,38,0,0,0,4,16,5,0,0,4.74,0.1165,0.12682,50000
1469,219,0,0,0,141,36,9,0,0,11.17,0.1164,0.12626,50000
1470,42,0,0,0,10,18,5,0,0,5.01,0.1162,0.12638,50000
1471,20,0,0,0,8,11,3,0,0,-2.2,0.1161,0.12624,50000
1472,146,0,0,0,38,45,11,0,0,25.13,0.116,0.12633,50000
1473,191,5,5,0,21,85,23,0,0,75.63,0.1159,0.12519,50000
1474,57,0,0,0,9,36,7,0,0,17.11,0.1157,0.12516,50000
1475,38,0,0,0,9,15,5,0,0,5.24,0.1156,0.12516,50000
1476,58,2,2,0,6,30,8,0,0,21.49,0.1155,0.12478,50000
1477,36,0,0,0,5,17,5,0,0,6.23,0.1154,0.12491,50000
1478,22,0,0,0,6,13,3,0,0,-0.89,0.1152,0.12495,50000
1479,45,0,0,0,7,21,6,0,0,8.45,0.1151,0.1251,50000
1480,54,1,1,0,31,19,4,0,0,4.27,0.115,0.12476,50000
1481,58,1,1,0,9,36,8,0,0,21.04,0.1149,0.12444,50000
1482,10,0,0,0,1,5,1,0,0,-6.35,0.1147,0.12444,50000
1483,120,5,5,0,14,67,16,0,0,55.35,0.1146,0.12413,50000
1484,67,0,0,0,9,27,8,0,0,13.81,0.1145,0.12385,50000
1485,91,1,1,0,12,55,13,0,0,41.38,0.1144,0.12336,50000
1486,50,0,0,0,4,24,7,0,0,13.95,0.1142,0.12306,50000
1487,137,3,3,0,19,68,19,0,0,55.61,0.1141,0.12272,50000
1488,26,0,0,0,1,12,4,0,0,1.33,0.114,0.12278,50000
1489,226,5,5,0,17,104,30,0,0,96.48,0.1139,0.12288,50000
1490,97,0,0,0,14,49,12,0,0,32.16,0.1137,0.12276,50000
1491,6,0,0,0,1,3,1,0,0,-6.52,0.1136,0.12266,50000
1492,149,2,2,0,63,51,12,0,0,33.07,0.1135,0.12212,50000
1493,61,1,1,0,7,29,8,0,0,17.33,0.1134,0.12208,50000
1494,52,2,2,0,5,26,7,0,0,16.76,0.1132,0.12154,50000
1495,25,0,0,0,12,7,2,0,0,-5.7,0.1131,0.12134,50000
1496,122,1,1,0,26,60,14,0,0,42.46,0.113,0.12182,50000
1497,73,2,2,0,8,43,10,0,0,30.74,0.1129,0.12096,50000
1498,156,4,4,0,21,79,18,0,0,61.68,0.1127,0.11999,50000
1499,202,3,3,0,63,84,18,1,0,60.96,0.1126,0.12022,50000
1500,114,3,3,0,16,66,16,0,0,51.72,0.1125,0.1201,50000
1501,21,0,0,0,5,14,3,0,0,-0.67,0.1124,0.12002,50000
1502,30,0,0,0,3,15,4,0,0,3.3,0.1122,0.11993,50000
1503,103,4,4,0,7,62,14,0,0,48.94,0.1121,0.11965,50000
1504,7,0,0,0,2,3,1,0,0,-7.69,0.112,0.11965,50000
1505,94,5,5,0,12,52,13,0,0,41.07,0.1119,0.11952,50000
1506,13,0,0,0,2,6,2,0,0,-4.41,0.1117,0.1194,50000
1507,42,0,0,0,6,13,5,0,0,3.01,0.1116,0.11973,50000
1508,30,0,0,0,2,14,4,0,0,3.5,0.1115,0.11967,50000
1509,42,1,1,0,5,23,6,0,0,10.21,0.1114,0.11938,50000
1510,24,1,1,0,5,13,3,0,0,1.22,0.1112,0.11947,50000
1511,401,8,8,0,56,107,28,18,0,108.13,0.1111,0.11749,50000
1512,7,0,0,0,0,5,1,0,0,-5.84,0.111,0.11749,50000
1513,179,5,5,0,21,94,23,0,0,78.37,0.1109,0.11625,50000
1514,39,0,0,0,6,3,0,0,1,-13.78,0.1107,0.11642,50000
1515,22,0,0,0,5,8,3,0,0,-1.99,0.1106,0.11627,50000
1516,131,3,3,0,19,74,17,0,0,55.98,0.1105,0.11597,50000
1517,5,0,0,0,1,3,0,0,1,-12.85,0.1104,0.11615,50000
1518,220,5,5,0,16,103,26,0,0,89.95,0.1102,0.11558,50000
1519,274,3,3,0,40,106,34,0,0,101.37,0.1101,0.1139,50000
1520,34,1,1,0,8,14,5,0,0,5.87,0.11,0.11393,50000
1521,401,8,8,0,51,130,34,6,0,125.43,0.1099,0.11504,50000
1522,21,0,0,0,6,9,3,0,0,-2.97,0.1097,0.1151,50000
1523,45,0,0,0,9,21,6,0,0,7.8,0.1096,0.11488,50000
1524,131,2,2,0,25,67,16,0,0,50.93,0.1095,0.11444,50000
1525,36,1,1,0,7,17,5,0,0,5.13,0.1094,0.11409,50000
1526,148,1,1,0,66,55,12,1,0,32.94,0.1092,0.1142,50000
1527,7,0,0,0,2,3,1,0,0,-6.59,0.1091,0.11438,50000
1528,90,2,2,0,7,59,13,0,0,44.6,0.109,0.11474,50000
1529,73,1,1,0,12,41,10,0,0,25.94,0.1089,0.1147,50000
1530,82,2,2,0,10,36,10,0,0,26.01,0.1087,0.11527,50000
1531,5,0,0,0,3,3,1,0,0,-8.95,0.1086,0.11527,50000
1532,15,0,0,0,4,6,2,0,0,-5.35,0.1085,0.11532,50000
1533,306,6,6,0,20,102,28,0,0,91.63,0.1084,0.1139,50000
1534,36,1,1,0,5,18,5,0,0,8.23,0.1082,0.11395,50000
1535,67,3,3,0,7,37,9,0,0,26.81,0.1081,0.11392,50000
1536,22,0,0,0,6,9,3,0,0,-1.54,0.108,0.11424,50000
1537,6,0,0,0,1,3,1,0,0,-7.42,0.1079,0.11423,50000
1538,14,0,0,0,6,9,2,0,0,-3.93,0.1077,0.11421,50000
1539,80,1,1,0,14,43,11,0,0,30.65,0.1076,0.11415,50000
1540,27,0,0,0,5,14,4,0,0,3.76,0.1075,0.11422,50000
1541,250,5,5,0,22,91,28,0,0,84.0,0.1074,0.11452,50000
1542,22,1,1,0,2,13,3,0,0,2.36,0.1072,0.11456,50000
1543,77,1,1,0,33,22,6,0,0,10.36,0.1071,0.11365,50000
1544,125,3,3,0,12,65,16,0,0,50.75,0.107,0.11416,50000
1545,68,0,0,0,5,33,9,0,0,20.39,0.1069,0.11458,50000
1546,33,0,0,0,3,14,4,0,0,3.39,0.1067,0.11477,50000
1547,155,5,5,0,13,70,16,1,0,56.3,0.1066,0.11523,50000
1548,40,0,0,0,5,16,5,0,0,6.8,0.1065,0.11528,50000
1549,22,0,0,0,8,8,3,0,0,-3.99,0.1064,0.1155,50000
1550,119,5,5,0,10,75,15,1,0,58.67,0.1062,0.11575,50000
1551,69,2,2,0,8,36,9,0,0,24.72,0.1061,0.11599,50000
1552,6,0,0,0,1,3,1,0,0,-7.42,0.106,0.11599,50000
1553,45,3,3,0,8,25,6,0,0,16.1,0.1059,0.1158,50000
1554,105,0,0,0,43,30,8,0,0,15.45,0.1057,0.11561,50000
1555,209,7,7,0,28,94,24,3,0,83.07,0.1056,0.11548,50000
1556,14,0,0,0,4,8,2,0,0,-3.93,0.1055,0.11551,50000
1557,87,1,1,0,18,43,12,0,0,30.61,0.1054,0.11512,50000
1558,7,0,0,0,0,3,1,0,0,-7.09,0.1052,0.11512,50000
1559,21,1,1,0,7,12,3,0,0,0.53,0.1051,0.1153,50000
1560,65,2,2,0,9,37,9,0,0,24.3,0.105,0.11465,50000
1561,82,2,2,0,4,52,10,0,0,33.81,0.1049,0.11508,50000
1562,48,1,1,0,13,20,7,0,0,10.29,0.1047,0.11511,50000
1563,20,0,0,0,5,13,3,0,0,-0.35,0.1046,0.11518,50000
1564,7,0,0,0,2,3,1,0,0,-6.99,0.1045,0.11518,50000
1565,401,8,8,0,63,105,28,1,0,101.98,0.1044,0.11385,50000
1566,35,1,1,0,5,18,5,0,0,6.0,0.1042,0.1141,50000
1567,156,2,2,0,60,65,15,0,0,44.28,0.1041,0.11371,50000
1568,94,1,1,0,22,55,12,0,0,37.42,0.104,0.11363,50000
1569,194,5,5,0,15,85,25,0,0,79.47,0.1039,0.11319,50000
1570,215,1,1,0,124,47,11,0,0,24.4,0.1037,0.11248,50000
1571,60,1,1,0,7,30,7,0,0,16.95,0.1036,0.11258,50000
1572,42,0,0,0,2,25,6,0,0,12.36,0.1035,0.11266,50000
1573,6,0,0,0,1,3,1,0,0,-7.62,0.1034,0.11266,50000
1574,9,0,0,0,1,4,1,0,0,-7.33,0.1032,0.1128,50000
1575,66,1,1,0,10,41,9,0,0,25.33,0.1031,0.11252,50000
1576,87,2,2,0,12,37,10,0,0,25.81,0.103,0.11256,50000
1577,73,3,3,0,8,38,9,0,0,27.44,0.1029,0.11255,50000
1578,5,0,0,0,0,2,1,0,0,-7.3,0.1027,0.11255,50000
1579,51,0,0,0,10,27,7,0,0,12.53,0.1026,0.11288,50000
1580,97,2,2,0,17,59,13,0,0,41.71,0.1025,0.11246,50000
1581,209,3,3,0,14,71,17,2,0,57.12,0.1024,0.11191,50000
1582,69,1,1,0,7,33,9,0,0,22.72,0.1022,0.11192,50000
1583,265,7,7,0,30,102,30,1,0,96.5,0.1021,0.11184,50000
1584,6,0,0,0,1,3,1,0,0,-7.02,0.102,0.11184,50000
1585,328,4,4,0,86,115,31,2,0,97.04,0.1019,0.11155,50000
1586,160,4,4,0,14,93,21,0,0,75.9,0.1017,0.11193,50000
1587,44,1,1,0,6,25,6,0,0,13.62,0.1016,0.11162,50000
1588,40,0,0,0,6,22,5,0,0,7.65,0.1015,0.11148,50000
1589,25,1,1,0,3,16,3,0,0,3.35,0.1014,0.11149,50000
1590,7,0,0,0,0,3,1,0,0,-7.09,0.1012,0.1116,50000
1591,46,0,0,0,4,20,6,0,0,9.13,0.1011,0.11134,50000
1592,51,1,1,0,10,24,7,0,0,12.43,0.101,0.11141,50000
1593,7,0,0,0,0,3,1,0,0,-7.09,0.1009,0.11141,50000
1594,151,2,2,0,17,81,20,0,0,63.93,0.1007,0.11095,50000
1595,130,4,4,0,13,73,17,0,0,58.1,0.1006,0.11081,50000
1596,20,0,0,0,5,11,3,0,0,-0.45,0.1005,0.11076,50000
1597,59,0,0,0,4,34,8,0,0,19.87,0.1004,0.11034,50000
1598,44,0,0,0,10,24,6,0,0,11.42,0.1002,0.11036,50000
1599,308,6,6,0,26,107,29,2,0,95.04,0.1001,0.11101,50000
1600,29,0,0,0,6,14,4,0,0,1.87,0.1,0.11099,50000
1601,94,1,1,0,15,50,12,0,0,35.82,0.0999,0.11071,50000
1602,38,0,0,0,7,19,5,0,0,7.59,0.0997,0.11029,50000
1603,57,1,1,0,6,35,8,0,0,20.56,0.0996,0.11024,50000
1604,60,2,2,0,7,30,8,0,0,19.0,0.0995,0.11018,50000
1605,67,2,2,0,8,38,9,0,0,26.81,0.0994,0.11011,50000
1606,37,0,0,0,9,20,5,0,0,6.31,0.0992,0.11013,50000
1607,401,4,4,0,26,96,29,10,0,98.88,0.0991,0.10919,50000
1608,28,0,0,0,3,12,4,0,0,1.54,0.099,0.10915,50000
1609,83,1,1,0,6,46,11,0,0,32.79,0.0989,0.10885,50000
1610,132,2,2,0,14,28,7,0,0,13.71,0.0987,0.10858,50000
1611,123,3,3,0,13,72,16,0,0,56.79,0.0986,0.10882,50000
1612,80,0,0,0,7,50,11,0,0,35.2,0.0985,0.10843,50000
1613,45,1,1,0,10,21,6,0,0,10.25,0.0984,0.10817,50000
1614,85,2,2,0,5,56,12,0,0,40.45,0.0982,0.10805,50000
1615,135,5,5,0,6,88,19,0,0,71.85,0.0981,0.10777,50000
1616,20,0,0,0,8,9,3,0,0,-3.6,0.098,0.10751,50000
1617,7,0,0,0,4,5,1,0,0,-7.54,0.0979,0.10752,50000
1618,65,1,1,0,9,42,9,0,0,25.05,0.0977,0.10737,50000
1619,401,8,8,0,38,124,37,1,0,127.43,0.0976,0.10689,50000
1620,7,0,0,0,2,1,1,0,0,-8.09,0.0975,0.10689,50000
1621,7,0,0,0,0,4,1,0,0,-6.34,0.0974,0.10689,50000
1622,21,0,0,0,3,10,3,0,0,-2.07,0.0972,0.10687,50000
1623,20,2,2,0,3,13,3,0,0,3.85,0.0971,0.10706,50000
1624,123,2,2,0,21,64,17,0,0,49.24,0.097,0.10666,50000
1625,271,2,2,0,92,54,14,0,0,33.08,0.0969,0.10608,50000
1626,71,1,1,0,7,39,10,0,0,27.58,0.0968,0.10599,50000
1627,13,0,0,0,7,8,2,0,0,-5.16,0.0966,0.10608,50000
1628,226,5,5,0,25,107,29,0,0,95.23,0.0965,0.10499,50000
1629,38,0,0,0,1,22,5,0,0,8.79,0.0964,0.10472,50000
1630,34,0,0,0,8,18,5,0,0,4.77,0.0963,0.10449,50000
1631,144,4,4,0,15,71,18,0,0,57.47,0.0961,0.10322,50000
1632,21,0,0,0,5,7,3,0,0,-1.92,0.096,0.10308,50000
1633,65,2,2,0,9,28,8,0,0,18.0,0.0959,0.10297,50000
1634,142,4,4,0,47,65,15,0,0,50.31,0.0958,0.10229,50000
1635,139,2,2,0,35,71,16,0,0,53.42,0.0956,0.10134,50000
1636,22,0,0,0,9,8,3,0,0,-3.79,0.0955,0.10136,50000
1637,81,1,1,0,6,54,11,0,0,36.33,0.0954,0.10089,50000
1638,82,2,2,0,11,43,10,0,0,28.41,0.0953,0.10061,50000
1639,401,7,7,0,96,112,35,0,0,116.33,0.0951,0.10008,50000
1640,111,2,2,0,14,63,15,0,0,47.08,0.095,0.10016,50000
1641,231,5,5,0,23,94,27,3,0,85.68,0.0949,0.09968,50000
1642,6,0,0,0,1,2,1,0,0,-7.02,0.0948,0.09968,50000
1643,28,1,1,0,6,11,4,0,0,2.29,0.0946,0.09948,50000
1644,48,0,0,0,7,27,6,0,0,10.99,0.0945,0.09934,50000
1645,221,8,8,0,27,100,29,0,0,96.18,0.0944,0.09929,50000
1646,6,0,0,0,1,3,1,0,0,-6.87,0.0943,0.09929,50000
1647,59,1,1,0,7,31,7,0,0,18.17,0.0941,0.09929,50000
1648,57,1,1,0,7,32,7,0,0,17.56,0.094,0.09908,50000
1649,34,0,0,0,5,16,5,0,0,5.02,0.0939,0.09893,50000
1650,56,0,0,0,9,26,8,0,0,13.88,0.0938,0.09882,50000
1651,23,0,0,0,6,15,3,0,0,2.04,0.0936,0.09893,50000
1652,7,0,0,0,2,2,1,0,0,-7.09,0.0935,0.09877,50000
1653,8,0,0,0,3,3,1,0,0,-7.16,0.0934,0.09877,50000
1654,5,0,0,0,3,2,0,0,1,-13.45,0.0932,0.09877,50000
1655,14,0,0,0,5,7,2,0,0,-5.83,0.0931,0.09864,50000
1656,20,1,1,0,5,11,3,0,0,1.1,0.093,0.09873,50000
1657,37,0,0,0,8,22,5,0,0,8.31,0.0929,0.09848,50000
1658,401,7,7,0,22,107,29,1,0,104.73,0.0927,0.09715,50000
1659,15,0,0,0,3,5,2,0,0,-4.65,0.0926,0.0969,50000
1660,253,7,7,0,16,92,26,0,0,85.04,0.0925,0.09653,50000
1661,7,0,0,0,0,2,1,0,0,-7.59,0.0924,0.09653,50000
1662,7,0,0,0,2,2,1,0,0,-7.59,0.0922,0.09654,50000
1663,62,1,1,0,7,35,8,0,0,21.46,0.0921,0.09653,50000
1664,162,2,2,0,23,84,19,0,0,64.21,0.092,0.09678,50000
1665,149,4,4,0,18,83,20,0,0,68.87,0.0919,0.09646,50000
1666,231,7,7,0,29,107,28,0,0,96.68,0.0917,0.09621,50000
1667,21,0,0,0,3,9,3,0,0,-1.07,0.0916,0.09612,50000
1668,163,5,5,0,21,94,22,0,0,78.89,0.0915,0.0953,50000
1669,21,1,1,0,4,13,3,0,0,2.63,0.0914,0.09531,50000
1670,7,0,0,0,2,3,1,0,0,-7.09,0.0912,0.09515,50000
1671,231,4,4,0,24,105,30,1,0,97.43,0.0911,0.09461,50000
1672,43,1,1,0,5,20,6,0,0,10.14,0.091,0.09435,50000
1673,37,1,1,0,16,19,5,0,0,5.86,0.0909,0.09408,50000
1674,45,1,1,0,9,25,6,0,0,12.75,0.0907,0.09411,50000
1675,401,6,6,0,20,95,26,0,0,92.18,0.0906,0.09292,50000
1676,52,0,0,0,12,25,7,0,0,11.16,0.0905,0.09275,50000
1677,73,1,1,0,9,41,10,0,0,27.94,0.0904,0.09264,50000
1678,76,3,3,0,10,52,10,0,0,37.28,0.0902,0.09238,50000
1679,8,0,0,0,1,4,1,0,0,-6.41,0.0901,0.09244,50000
1680,57,1,1,0,7,34,8,0,0,20.06,0.09,0.09238,50000
1681,7,0,0,0,2,2,1,0,0,-7.59,0.0899,0.09237,50000
1682,72,0,0,0,10,42,10,0,0,26.01,0.0897,0.09244,50000
1683,18,0,0,0,3,6,2,0,0,-5.51,0.0896,0.09238,50000
1684,6,0,0,0,1,3,1,0,0,-7.42,0.0895,0.09231,50000
1685,295,3,3,0,23,97,30,2,0,89.85,0.0894,0.09133,50000
1686,128,1,1,0,23,33,10,0,0,20.19,0.0892,0.09126,50000
1687,7,0,0,0,1,4,1,0,0,-7.29,0.0891,0.09125,50000
1688,61,4,4,0,12,33,8,0,0,23.43,0.089,0.09079,50000
1689,401,5,5,0,25,105,30,0,0,103.28,0.0889,0.09089,50000
1690,15,1,1,0,4,6,2,0,0,-4.55,0.0887,0.09089,50000
1691,20,0,0,0,4,8,3,0,0,-1.75,0.0886,0.09117,50000
1692,93,4,4,0,4,60,13,0,0,47.94,0.0885,0.09151,50000
1693,155,1,1,0,67,55,12,0,0,33.55,0.0884,0.09113,50000
1694,69,1,1,0,15,39,9,0,0,24.17,0.0882,0.09123,50000
1695,37,0,0,0,3,23,5,0,0,8.46,0.0881,0.09149,50000
1696,65,0,0,0,9,33,9,0,0,18.5,0.088,0.09152,50000
1697,65,2,2,0,9,33,9,0,0,23.3,0.0879,0.09172,50000
1698,124,5,5,0,12,64,15,0,0,48.82,0.0877,0.09103,50000
1699,15,1,1,0,3,5,2,0,0,-3.4,0.0876,0.09102,50000
1700,79,0,0,0,44,25,6,0,0,7.87,0.0875,0.09091,50000
1701,100,1,1,0,15,58,13,1,0,39.25,0.0874,0.09076,50000
1702,64,2,2,0,7,35,9,0,0,22.92,0.0872,0.09054,50000
1703,35,2,2,0,8,18,4,1,0,6.55,0.0871,0.09024,50000
1704,9,0,0,0,1,5,1,0,0,-6.83,0.087,0.09022,50000
1705,121,1,1,0,9,62,16,0,0,47.93,0.0869,0.09057,50000
1706,120,2,2,0,12,63,15,1,0,48.0,0.0867,0.09062,50000
1707,49,0,0,0,6,25,7,0,0,13.37,0.0866,0.09038,50000
1708,148,6,6,0,14,90,20,0,0,75.04,0.0865,0.09033,50000
1709,99,1,1,0,7,57,12,0,0,39.37,0.0864,0.08987,50000
1710,320,5,5,0,27,107,28,13,0,98.7,0.0862,0.08984,50000
1711,20,0,0,0,6,12,3,0,0,0.65,0.0861,0.08996,50000
1712,95,1,1,0,22,45,10,0,0,27.45,0.086,0.09015,50000
1713,87,0,0,0,5,62,12,0,0,41.06,0.0859,0.09013,50000
1714,48,2,2,0,12,28,7,0,0,17.54,0.0857,0.09007,50000
1715,83,2,2,0,8,39,11,0,0,29.44,0.0856,0.08965,50000
1716,99,2,2,0,12,55,13,0,0,39.57,0.0855,0.08954,50000
1717,41,1,1,0,10,22,6,0,0,11.18,0.0854,0.08959,50000
1718,375,5,5,0,31,120,34,0,0,107.7,0.0852,0.08978,50000
1719,53,3,3,0,4,27,7,0,0,18.94,0.0851,0.08965,50000
1720,184,1,1,0,19,67,18,0,0,51.67,0.085,0.0891,50000
1721,57,0,0,0,7,29,7,0,0,14.96,0.0849,0.08933,50000
1722,7,0,0,0,3,3,1,0,0,-8.49,0.0847,0.08933,50000
1723,75,0,0,0,7,41,10,0,0,27.6,0.0846,0.08903,50000
1724,131,2,2,0,14,74,18,0,0,59.23,0.0845,0.08869,50000
1725,97,1,1,0,17,48,13,0,0,33.81,0.0844,0.08895,50000
1726,15,0,0,0,4,6,2,0,0,-6.15,0.0842,0.08886,50000
1727,222,6,6,0,27,98,28,0,0,91.36,0.0841,0.0881,50000
1728,60,0,0,0,9,26,8,0,0,14.65,0.084,0.08815,50000
1729,43,1,1,0,4,29,6,0,0,15.34,0.0839,0.08792,50000
1730,165,6,6,0,18,84,21,0,0,72.85,0.0837,0.08792,50000
1731,77,1,1,0,14,36,11,0,0,26.71,0.0836,0.08772,50000
1732,28,0,0,0,5,17,4,0,0,3.89,0.0835,0.08754,50000
1733,35,1,1,0,6,12,5,0,0,5.85,0.0834,0.08763,50000
1734,401,5,5,0,90,111,32,2,0,106.33,0.0832,0.087,50000
1735,98,0,0,0,19,53,13,0,0,36.19,0.0831,0.08663,50000
1736,14,0,0,0,2,12,2,0,0,-2.28,0.083,0.08669,50000
1737,8,0,0,0,3,5,1,0,0,-6.91,0.0829,0.08665,50000
1738,401,8,8,0,132,105,32,0,0,105.48,0.0827,0.08641,50000
1739,78,3,3,0,10,37,10,0,0,27.39,0.0826,0.08622,50000
1740,5,0,0,0,0,2,0,0,1,-13.3,0.0825,0.08622,50000
1741,21,1,1,0,2,13,3,0,0,2.98,0.0824,0.08631,50000
1742,20,0,0,0,4,10,3,0,0,-1.25,0.0822,0.08632,50000
1743,222,4,4,0,77,84,20,0,0,62.06,0.0821,0.086,50000
1744,20,0,0,0,3,8,3,0,0,-3.55,0.082,0.08614,50000
1745,401,8,8,0,22,108,28,2,0,105.53,0.0819,0.08535,50000
1746,5,0,0,0,3,2,0,0,1,-13.45,0.0817,0.08535,50000
1747,61,0,0,0,5,37,8,0,0,20.38,0.0816,0.08519,50000
1748,57,2,2,0,8,34,8,0,0,21.31,0.0815,0.0852,50000
1749,200,2,2,0,55,83,21,0,0,65.95,0.0814,0.08539,50000
1750,401,8,8,0,120,117,34,1,0,116.13,0.0812,0.08548,50000
1751,257,4,4,0,14,113,32,0,0,103.21,0.0811,0.08502,50000
1752,64,1,1,0,5,34,9,0,0,23.27,0.081,0.08511,50000
1753,29,0,0,0,3,11,4,0,0,1.72,0.0809,0.08509,50000
1754,330,9,9,0,22,115,36,1,0,126.95,0.0807,0.08498,50000
1755,172,2,2,0,12,95,23,0,0,77.86,0.0806,0.08514,50000
1756,20,0,0,0,5,8,3,0,0,-2.3,0.0805,0.08516,50000
1757,67,0,0,0,8,35,8,1,0,19.26,0.0804,0.08525,50000
1758,176,4,4,0,16,91,23,0,0,77.68,0.0802,0.08501,50000
1759,9,0,0,0,3,4,0,0,1,-12.03,0.0801,0.08482,50000
1760,183,2,2,0,69,64,16,1,0,46.14,0.08,0.08461,50000
1761,80,1,1,0,6,44,11,0,0,30.95,0.0799,0.08467,50000
1762,8,0,0,0,1,6,1,0,0,-5.41,0.0797,0.08462,50000
1763,142,7,7,0,11,76,18,0,0,66.96,0.0796,0.08481,50000
1764,163,4,4,0,26,76,21,1,0,63.29,0.0795,0.08483,50000
1765,76,2,2,0,10,43,10,0,0,29.73,0.0794,0.08459,50000
1766,71,2,2,0,7,45,10,0,0,31.63,0.0792,0.08441,50000
1767,27,1,1,0,3,14,4,0,0,5.36,0.0791,0.0841,50000
1768,93,2,2,0,10,52,13,0,0,40.09,0.079,0.08402,50000
1769,97,0,0,0,45,35,9,0,0,17.91,0.0789,0.0832,50000
1770,401,6,6,0,24,101,28,1,0,100.98,0.0787,0.08224,50000
1771,82,2,2,0,8,44,11,0,0,31.01,0.0786,0.08211,50000
1772,401,9,9,0,23,118,37,3,0,126.98,0.0785,0.08149,50000
1773,151,6,6,0,10,81,19,0,0,68.53,0.0784,0.0812,50000
1774,6,0,0,0,1,3,1,0,0,-6.87,0.0782,0.0812,50000
1775,20,0,0,0,6,8,3,0,0,-1.95,0.0781,0.08116,50000
1776,20,0,0,0,5,10,3,0,0,-0.9,0.078,0.08119,50000
1777,380,8,10,0,30,123,38,2,0,133.9,0.0779,0.0798,50000
1778,128,3,3,0,9,74,17,0,0,59.24,0.0777,0.07913,50000
1779,65,2,2,0,16,28,8,0,0,17.65,0.0776,0.0791,50000
1780,7,0,0,0,0,3,1,0,0,-7.09,0.0775,0.0791,50000
1781,199,5,5,0,4,107,27,0,0,94.32,0.0774,0.07881,50000
1782,204,3,3,0,23,89,27,1,0,79.92,0.0772,0.07884,50000
1783,370,8,8,0,26,112,36,4,0,113.5,0.0771,0.07897,50000
1784,144,3,3,0,33,70,16,1,0,52.52,0.077,0.07866,50000
1785,29,0,0,0,3,15,4,0,0,3.07,0.0769,0.07877,50000
1786,255,7,7,0,22,110,33,1,0,108.2,0.0767,0.0788,50000
1787,27,0,0,0,4,12,4,0,0,0.81,0.0766,0.07883,50000
1788,100,2,2,0,11,61,13,0,0,44.8,0.0765,0.07846,50000
1789,6,0,0,0,1,3,1,0,0,-7.42,0.0764,0.07829,50000
1790,6,0,0,0,1,2,1,0,0,-7.37,0.0762,0.07829,50000
1791,187,4,4,0,13,99,26,0,0,87.96,0.0761,0.07832,50000
1792,35,0,0,0,6,14,5,0,0,4.45,0.076,0.0783,50000
1793,7,0,0,0,2,2,1,0,0,-7.59,0.0759,0.0783,50000
1794,292,7,7,0,31,122,37,2,0,119.06,0.0757,0.07824,50000
1795,312,9,9,0,29,122,37,1,0,131.51,0.0756,0.0778,50000
1796,49,3,3,0,7,26,6,0,0,16.57,0.0755,0.07783,50000
1797,401,9,9,0,61,114,35,2,0,120.53,0.0754,0.07767,50000
1798,260,7,7,0,20,109,31,2,0,103.45,0.0752,0.07803,50000
1799,74,3,3,0,6,40,10,0,0,30.17,0.0751,0.07796,50000
1800,38,0,0,0,7,24,5,0,0,8.99,0.075,0.07801,50000
1801,132,3,3,0,12,75,18,0,0,59.21,0.0749,0.07808,50000
1802,104,2,2,0,7,61,13,1,0,44.07,0.0747,0.07768,50000
1803,127,4,4,0,15,69,16,0,0,57.26,0.0746,0.07741,50000
1804,62,1,1,0,14,24,8,0,0,14.31,0.0745,0.0774,50000
1805,116,2,2,0,4,66,16,0,0,53.78,0.0744,0.07725,50000
1806,22,0,0,0,4,14,3,0,0,0.16,0.0742,0.07725,50000
1807,304,3,3,0,13,86,18,0,0,62.47,0.0741,0.07682,50000
1808,21,0,0,0,5,10,3,0,0,-1.57,0.074,0.07677,50000
1809,21,0,0,0,2,9,3,0,0,-1.52,0.0739,0.07667,50000
1810,71,3,3,0,7,43,10,0,0,33.33,0.0737,0.07626,50000
1811,28,0,0,0,7,17,4,0,0,3.89,0.0736,0.0762,50000
1812,139,4,4,0,11,82,19,0,0,65.12,0.0735,0.07591,50000
1813,93,1,1,0,12,57,12,0,0,39.64,0.0734,0.07595,50000
1814,134,3,3,0,8,79,18,0,0,62.37,0.0732,0.07573,50000
1815,169,4,4,0,20,77,20,0,0,63.22,0.0731,0.07558,50000
1816,56,1,1,0,11,30,8,0,0,19.03,0.073,0.07563,50000
1817,34,0,0,0,10,16,5,0,0,3.27,0.0729,0.07548,50000
1818,131,3,3,0,17,75,18,0,0,59.78,0.0727,0.07496,50000
1819,163,3,3,0,16,87,22,0,0,71.44,0.0726,0.07589,50000
1820,49,2,2,0,9,31,7,0,0,18.62,0.0725,0.07561,50000
1821,56,1,1,0,8,24,8,0,0,16.18,0.0724,0.07557,50000
1822,401,9,9,0,98,122,36,3,0,124.43,0.0722,0.07477,50000
1823,28,1,1,0,3,11,4,0,0,4.39,0.0721,0.07463,50000
1824,7,0,0,0,1,4,1,0,0,-7.29,0.072,0.07469,50000
1825,401,6,6,0,123,108,36,0,0,109.83,0.0719,0.0747,50000
1826,401,6,6,0,25,105,32,0,0,106.73,0.0717,0.07538,50000
1827,287,6,6,0,62,114,32,1,0,104.91,0.0716,0.07593,50000
1828,401,9,9,0,35,118,35,1,0,121.68,0.0715,0.07608,50000
1829,401,9,9,0,71,119,35,5,0,124.78,0.0714,0.07623,50000
1830,33,0,0,0,8,21,5,0,0,7.94,0.0712,0.07629,50000
1831,37,1,1,0,6,18,5,0,0,7.01,0.0711,0.07643,50000
1832,7,0,0,0,0,2,1,0,0,-7.59,0.071,0.07643,50000
1833,20,0,0,0,5,10,3,0,0,-2.65,0.0709,0.07639,50000
1834,210,2,2,0,23,90,23,1,0,72.45,0.0707,0.07662,50000
1835,216,7,7,0,16,96,30,0,0,95.98,0.0706,0.07706,50000
1836,43,1,1,0,8,22,6,0,0,10.84,0.0705,0.0772,50000
1837,100,4,4,0,6,68,14,0,0,52.75,0.0704,0.07736,50000
1838,13,0,0,0,5,6,2,0,0,-4.96,0.0702,0.07738,50000
1839,198,6,6,0,25,96,26,0,0,84.59,0.0701,0.07791,50000
1840,99,2,2,0,10,49,14,0,0,38.37,0.07,0.07782,50000
1841,145,2,2,0,16,62,19,0,0,52.35,0.0699,0.07794,50000
1842,401,8,8,0,88,124,39,0,0,129.83,0.0697,0.07821,50000
1843,151,3,3,0,16,93,21,0,0,75.48,0.0696,0.07812,50000
1844,42,0,0,0,9,20,6,0,0,7.86,0.0695,0.07799,50000
1845,177,6,6,0,16,82,23,0,0,77.11,0.0694,0.07797,50000
1846,8,0,0,0,1,5,1,0,0,-5.41,0.0692,0.07797,50000
1847,8,0,0,0,2,6,1,0,0,-6.36,0.0691,0.07803,50000
1848,8,0,0,0,1,6,1,0,0,-4.91,0.069,0.07803,50000
1849,21,0,0,0,5,10,3,0,0,-1.77,0.0689,0.07808,50000
1850,75,2,2,0,13,38,10,0,0,27.9,0.0687,0.07813,50000
1851,61,2,2,0,5,32,8,0,0,22.58,0.0686,0.07791,50000
1852,225,7,7,0,90,84,19,1,0,66.8,0.0685,0.07757,50000
1853,401,4,4,0,23,93,27,0,0,89.83,0.0684,0.07801,50000
1854,401,9,9,0,51,111,35,9,0,122.83,0.0682,0.07831,50000
1855,28,0,0,0,7,13,4,0,0,1.44,0.0681,0.07856,50000
1856,76,2,2,0,7,49,10,0,0,33.08,0.068,0.07844,50000
1857,298,8,8,0,24,121,35,3,0,117.54,0.0679,0.07778,50000
1858,197,5,5,0,16,97,26,0,0,86.36,0.0677,0.07793,50000
1859,254,4,4,0,71,97,27,0,0,83.27,0.0676,0.07776,50000
1860,20,0,0,0,7,12,3,0,0,-1.0,0.0675,0.07766,50000
1861,198,6,6,0,20,98,28,0,0,91.79,0.0674,0.07772,50000
1862,401,6,6,0,74,111,32,0,0,108.93,0.0672,0.07819,50000
1863,401,6,6,0,28,115,36,1,0,120.93,0.0671,0.07845,50000
1864,72,0,0,0,6,45,10,0,0,29.06,0.067,0.07862,50000
1865,7,0,0,0,1,5,1,0,0,-6.79,0.0669,0.07862,50000
1866,105,2,2,0,7,56,14,0,0,42.7,0.0667,0.07864,50000
1867,122,3,3,0,17,75,17,0,0,57.11,0.0666,0.07855,50000
1868,81,3,3,0,8,49,11,0,0,36.03,0.0665,0.07889,50000
1869,90,2,2,0,14,48,12,0,0,34.6,0.0664,0.07883,50000
1870,79,4,4,0,17,43,11,0,0,31.37,0.0662,0.07819,50000
1871,18,0,0,0,1,5,2,0,0,-3.91,0.0661,0.0782,50000
1872,14,0,0,0,3,9,2,0,0,-3.18,0.066,0.07803,50000
1873,29,1,1,0,4,11,4,0,0,2.12,0.0659,0.07795,50000
1874,268,6,6,0,30,110,32,4,0,105.64,0.0657,0.07846,50000
1875,127,3,3,0,10,71,17,0,0,56.46,0.0656,0.07852,50000
1876,68,3,3,0,5,38,9,0,0,27.64,0.0655,0.07873,50000
1877,336,9,9,0,19,130,40,3,0,132.38,0.0654,0.07848,50000
1878,56,1,1,0,9,27,8,0,0,17.53,0.0653,0.07832,50000
1879,46,1,1,0,4,22,6,0,0,11.48,0.0651,0.07837,50000
1880,401,8,8,0,40,124,36,5,0,126.38,0.065,0.0768,50000
1881,80,1,1,0,14,46,11,0,0,29.9,0.0649,0.07659,50000
1882,55,0,0,0,6,39,8,0,0,21.4,0.0648,0.07626,50000
1883,226,6,6,0,22,95,29,1,0,92.68,0.0646,0.07584,50000
1884,6,0,0,0,1,3,1,0,0,-7.02,0.0645,0.07569,50000
1885,95,2,2,0,12,49,13,0,0,37.15,0.0644,0.07581,50000
1886,195,5,5,0,24,94,26,1,0,85.1,0.0643,0.07515,50000
1887,169,4,4,0,18,102,22,0,0,81.22,0.0641,0.075,50000
1888,258,8,8,0,62,102,27,2,0,91.09,0.064,0.07493,50000
1889,78,2,2,0,12,50,11,0,0,35.49,0.0639,0.07469,50000
1890,149,4,4,0,23,72,19,2,0,61.72,0.0638,0.07475,50000
1891,242,3,3,0,145,44,13,0,0,27.11,0.0636,0.07503,50000
1892,200,2,2,0,17,105,28,0,0,91.55,0.0635,0.07471,50000
1893,218,8,8,0,12,113,29,0,0,104.24,0.0634,0.07399,50000
1894,401,9,9,0,32,114,38,10,0,127.73,0.0633,0.07321,50000
1895,20,0,0,0,4,11,3,0,0,-1.0,0.0631,0.07321,50000
1896,174,6,6,0,14,86,23,0,0,78.52,0.063,0.07327,50000
1897,28,0,0,0,6,12,4,0,0,2.29,0.0629,0.07289,50000
1898,122,1,1,0,16,69,16,0,0,49.61,0.0628,0.07268,50000
1899,152,3,3,0,9,91,21,0,0,75.61,0.0626,0.07262,50000
1900,20,0,0,0,5,9,3,0,0,-1.4,0.0625,0.07263,50000
1901,143,6,6,0,20,71,19,0,0,63.59,0.0624,0.07203,50000
1902,167,4,4,0,7,85,21,1,0,71.11,0.0622,0.07176,50000
1903,96,4,4,0,5,49,13,0,0,41.93,0.0621,0.07167,50000
1904,148,5,5,0,20,72,18,0,0,59.64,0.062,0.07145,50000
1905,28,1,1,0,3,13,4,0,0,4.24,0.0619,0.07136,50000
1906,57,0,0,0,7,30,8,0,0,18.26,0.0617,0.07126,50000
1907,401,9,9,0,67,121,35,0,0,121.08,0.0616,0.07075,50000
1908,31,1,1,0,8,19,4,0,0,5.78,0.0615,0.0707,50000
1909,260,5,5,0,33,114,33,1,0,105.0,0.0614,0.07042,50000
1910,398,9,9,0,102,122,38,0,0,127.69,0.0612,0.07012,50000
1911,91,2,2,0,14,49,12,0,0,35.88,0.0611,0.07006,50000
1912,20,0,0,0,8,10,3,0,0,-1.7,0.061,0.06994,50000
1913,314,7,7,0,55,118,34,0,0,109.97,0.0609,0.06978,50000
1914,78,2,2,0,7,38,11,0,0,29.69,0.0607,0.07032,50000
1915,98,3,3,0,7,51,12,1,0,40.39,0.0606,0.07043,50000
1916,86,0,0,0,12,53,12,0,0,35.63,0.0605,0.07054,50000
1917,58,0,0,0,13,34,8,0,0,16.89,0.0604,0.07004,50000
1918,6,0,0,0,1,3,1,0,0,-6.52,0.0602,0.07004,50000
1919,130,6,6,0,6,74,18,0,0,64.65,0.0601,0.07046,50000
1920,50,1,1,0,10,23,7,0,0,12.95,0.06,0.0705,50000
1921,7,0,0,0,3,3,1,0,0,-8.49,0.0599,0.07053,50000
1922,5,0,0,0,3,3,0,0,1,-12.95,0.0597,0.07053,50000
1923,401,6,6,0,40,126,37,3,0,126.23,0.0596,0.07049,50000
1924,7,0,0,0,2,3,1,0,0,-7.09,0.0595,0.07065,50000
1925,109,0,0,0,12,61,15,0,0,43.82,0.0594,0.07031,50000
1926,30,0,0,0,4,18,4,0,0,5.25,0.0592,0.07021,50000
1927,158,4,4,0,17,83,21,0,0,71.09,0.0591,0.07005,50000
1928,355,7,7,0,48,113,36,1,0,112.0,0.059,0.0699,50000
1929,84,1,1,0,4,50,12,0,0,34.62,0.0589,0.06987,50000
1930,130,0,0,0,35,67,16,0,0,45.85,0.0587,0.06965,50000
1931,401,5,5,0,179,99,30,0,0,91.53,0.0586,0.06864,50000
1932,401,6,6,0,30,116,34,0,0,116.08,0.0585,0.06842,50000
1933,20,0,0,0,4,9,3,0,0,-2.0,0.0584,0.06844,50000
1934,401,7,7,0,25,117,37,2,0,125.08,0.0582,0.06856,50000
1935,82,1,1,0,12,40,11,0,0,27.96,0.0581,0.06866,50000
1936,401,7,7,0,113,108,31,3,0,106.28,0.058,0.06887,50000
1937,67,5,5,0,9,37,9,0,0,27.31,0.0579,0.06878,50000
1938,104,0,0,0,8,59,14,0,0,43.12,0.0577,0.06869,50000
1939,66,1,1,0,6,37,9,0,0,23.78,0.0576,0.0689,50000
1940,127,3,3,0,10,69,18,0,0,56.56,0.0575,0.06877,50000
1941,182,7,7,0,5,99,25,0,0,90.21,0.0574,0.06905,50000
1942,401,7,7,0,213,107,27,0,0,92.03,0.0572,0.06873,50000
1943,401,8,8,0,29,115,36,1,0,123.93,0.0571,0.06876,50000
1944,401,8,8,0,66,114,39,1,0,126.33,0.057,0.06872,50000
1945,35,0,0,0,9,17,5,0,0,4.55,0.0569,0.06879,50000
1946,401,7,7,0,40,91,24,1,0,88.83,0.0567,0.06915,50000
1947,28,0,0,0,7,11,4,0,0,0.34,0.0566,0.06897,50000
1948,55,1,1,0,10,29,8,0,0,17.95,0.0565,0.0693,50000
1949,58,0,0,0,7,29,8,0,0,16.99,0.0564,0.0692,50000
1950,20,0,0,0,4,12,3,0,0,-1.35,0.0562,0.0692,50000
1951,235,6,6,0,75,81,20,1,0,66.15,0.0561,0.0694,50000
1952,34,1,1,0,6,18,5,0,0,6.87,0.056,0.06935,50000
1953,78,0,0,0,14,46,11,0,0,30.59,0.0559,0.0695,50000
1954,208,7,7,0,10,94,26,0,0,89.49,0.0557,0.06947,50000
1955,109,3,3,0,13,57,15,0,0,45.82,0.0556,0.06937,50000
1956,268,9,9,0,14,121,33,0,0,126.79,0.0555,0.06958,50000
1957,50,0,0,0,5,25,7,0,0,14.2,0.0554,0.06948,50000
1958,75,1,1,0,4,46,10,0,0,29.8,0.0552,0.06935,50000
1959,99,3,3,0,12,49,13,0,0,38.92,0.0551,0.06973,50000
1960,123,1,1,0,11,67,17,0,0,52.79,0.055,0.06954,50000
1961,131,3,3,0,16,81,18,0,0,62.63,0.0549,0.06955,50000
1962,401,7,7,0,14,86,27,0,0,91.68,0.0547,0.06952,50000
1963,401,6,6,0,87,126,38,0,0,127.13,0.0546,0.06876,50000
1964,35,0,0,0,7,20,5,0,0,6.8,0.0545,0.06868,50000
1965,160,5,5,0,10,88,22,0,0,78.45,0.0544,0.06837,50000
1966,257,7,7,0,22,117,34,1,0,113.81,0.0542,0.06799,50000
1967,401,4,4,0,101,115,34,2,0,111.13,0.0541,0.06744,50000
1968,55,2,2,0,6,22,7,0,0,14.9,0.054,0.06731,50000
1969,88,2,2,0,12,49,12,0,0,35.99,0.0539,0.06741,50000
1970,114,2,2,0,8,66,15,0,0,49.82,0.0537,0.06749,50000
1971,234,6,6,0,10,110,29,1,0,103.02,0.0536,0.06756,50000
1972,304,9,9,0,31,112,37,2,0,126.32,0.0535,0.06746,50000
1973,76,0,0,0,4,43,10,0,0,28.73,0.0534,0.06755,50000
1974,144,4,4,0,4,82,20,0,0,70.12,0.0532,0.06729,50000
1975,220,3,3,0,16,109,30,0,0,98.55,0.0531,0.06759,50000
1976,85,1,1,0,10,52,12,0,0,35.85,0.053,0.06771,50000
1977,401,9,9,0,27,120,36,1,0,126.88,0.0529,0.06762,50000
1978,320,2,2,0,176,89,20,0,0,58.05,0.0527,0.06692,50000
1979,35,1,1,0,4,14,5,0,0,6.95,0.0526,0.06707,50000
1980,20,0,0,0,8,8,3,0,0,-2.65,0.0525,0.06696,50000
1981,21,0,0,0,5,9,3,0,0,-1.67,0.0524,0.06702,50000
1982,229,6,6,0,20,121,31,0,0,109.12,0.0522,0.06674,50000
1983,108,3,3,0,5,63,15,0,0,50.84,0.0521,0.06689,50000
1984,290,3,3,0,8,79,19,1,0,62.95,0.052,0.067,50000
1985,401,9,9,0,12,107,30,0,0,111.08,0.0519,0.06567,50000
1986,112,1,1,0,6,64,15,0,0,49.06,0.0517,0.06524,50000
1987,401,7,7,0,84,113,29,0,0,105.78,0.0516,0.06442,50000
1988,294,9,9,0,17,125,37,0,0,133.82,0.0515,0.06388,50000
1989,44,2,2,0,9,24,6,0,0,12.87,0.0514,0.06384,50000
1990,401,8,8,0,16,114,32,0,0,116.78,0.0512,0.0631,50000
1991,100,2,2,0,12,54,14,0,0,42.65,0.0511,0.06285,50000
1992,43,2,2,0,1,23,6,0,0,13.84,0.051,0.0628,50000
1993,112,2,2,0,18,64,15,0,0,48.16,0.0509,0.06219,50000
1994,125,5,5,0,9,69,17,0,0,59.45,0.0507,0.06209,50000
1995,38,1,1,0,9,17,5,0,0,7.74,0.0506,0.0621,50000
1996,41,0,0,0,14,23,6,0,0,8.33,0.0505,0.06208,50000
1997,401,7,7,0,34,126,37,1,0,130.18,0.0504,0.0611,50000
1998,106,5,5,0,7,60,15,0,0,51.83,0.0502,0.06099,50000
1999,401,8,8,0,56,111,30,0,0,108.68,0.0501,0.06045,50000
2000,94,2,2,0,17,44,11,0,0,31.92,0.05,0.06014,50000
2001,21,0,0,0,5,6,3,0,0,-2.47,0.05,0.06018,50000
2002,93,5,5,0,10,46,13,0,0,41.74,0.05,0.06017,50000
2003,42,2,2,0,5,25,5,0,0,13.76,0.05,0.05996,50000
2004,92,0,0,0,8,55,13,0,0,38.11,0.05,0.05966,50000
2005,401,9,9,0,44,120,42,0,0,136.28,0.05,0.05959,50000
2006,172,5,5,0,13,96,24,0,0,83.61,0.05,0.05973,50000
2007,401,3,3,0,17,83,23,1,0,77.38,0.05,0.05945,50000
2008,65,2,2,0,11,31,9,0,0,21.4,0.05,0.0592,50000
2009,331,0,0,0,264,35,9,0,0,4.08,0.05,0.05829,50000
2010,401,9,9,0,123,112,36,0,0,119.33,0.05,0.05824,50000
2011,63,1,1,0,9,32,8,0,0,19.89,0.05,0.05844,50000
2012,401,9,9,0,34,119,37,2,0,129.18,0.05,0.05829,50000
2013,240,7,7,0,22,102,30,1,0,96.7,0.05,0.05764,50000
2014,258,7,7,0,21,110,29,2,0,100.59,0.05,0.05737,50000
2015,98,4,4,0,7,54,13,0,0,43.69,0.05,0.05728,50000
2016,21,0,0,0,4,9,3,0,0,-1.17,0.05,0.05729,50000
2017,37,0,0,0,13,17,5,0,0,4.51,0.05,0.05735,50000
2018,148,4,4,0,14,90,20,0,0,73.54,0.05,0.0567,50000
2019,111,2,2,0,11,62,15,0,0,46.73,0.05,0.0565,50000
2020,401,8,8,0,49,116,36,0,0,122.58,0.05,0.05587,50000
2021,37,2,2,0,2,16,5,0,0,8.61,0.05,0.05582,50000
2022,120,2,2,0,10,67,17,0,0,53.25,0.05,0.05585,50000
2023,94,3,3,0,8,54,13,0,0,41.57,0.05,0.05584,50000
2024,137,6,6,0,13,81,18,0,0,68.96,0.05,0.0559,50000
2025,401,7,7,0,31,116,36,5,0,125.53,0.05,0.05629,50000
2026,401,6,6,0,16,101,27,1,0,98.08,0.05,0.05607,50000
2027,111,2,2,0,8,60,15,0,0,46.23,0.05,0.05617,50000
2028,61,1,1,0,12,38,8,0,0,21.28,0.05,0.05621,50000
2029,103,2,2,0,10,62,14,0,0,46.09,0.05,0.05642,50000
2030,108,6,6,0,11,67,15,0,0,56.09,0.05,0.05649,50000
2031,401,7,7,0,23,116,34,1,0,120.33,0.05,0.05635,50000
2032,151,6,6,0,11,89,21,0,0,76.83,0.05,0.05648,50000
2033,401,8,8,0,17,112,37,3,0,124.38,0.05,0.0566,50000
2034,401,7,7,0,70,109,36,7,0,117.73,0.05,0.05704,50000
2035,162,4,4,0,16,83,22,0,0,71.51,0.05,0.05725,50000
2036,401,6,6,0,24,115,31,0,0,111.23,0.05,0.05743,50000
2037,105,3,3,0,6,65,15,0,0,51.05,0.05,0.05733,50000
2038,201,4,4,0,22,100,27,0,0,87.78,0.05,0.05762,50000
2039,27,0,0,0,5,14,4,0,0,3.26,0.05,0.05766,50000
2040,184,4,4,0,14,105,25,0,0,86.77,0.05,0.05761,50000
2041,15,0,0,0,3,9,2,0,0,-2.35,0.05,0.05761,50000
2042,195,6,6,0,12,105,26,0,0,92.1,0.05,0.0577,50000
2043,371,7,7,0,38,106,28,4,0,95.48,0.05,0.05779,50000
2044,343,8,8,0,25,121,37,7,0,121.79,0.05,0.05741,50000
2045,37,1,1,0,9,17,5,0,0,5.56,0.05,0.05737,50000
2046,165,7,7,0,12,96,22,0,0,81.5,0.05,0.05727,50000
2047,94,0,0,0,10,55,13,0,0,37.97,0.05,0.0573,50000
2048,134,6,6,0,17,79,17,0,0,64.02,0.05,0.05749,50000
2049,401,8,8,0,93,125,35,0,0,123.43,0.05,0.05776,50000
2050,238,6,6,0,14,112,32,0,0,106.04,0.05,0.05772,50000
2051,133,2,2,0,15,71,18,0,0,55.54,0.05,0.0576,50000
2052,68,1,1,0,10,40,9,0,0,24.94,0.05,0.05747,50000
2053,110,4,4,0,9,67,15,0,0,53.1,0.05,0.05714,50000
2054,401,9,9,0,26,121,38,5,0,133.68,0.05,0.0567,50000
2055,79,3,3,0,15,38,11,0,0,28.67,0.05,0.05674,50000
2056,31,0,0,0,3,13,4,0,0,0.68,0.05,0.0568,50000
2057,359,8,8,0,30,104,34,5,0,108.67,0.05,0.057,50000
2058,271,6,6,0,28,118,31,1,0,105.83,0.05,0.05678,50000
2059,58,0,0,0,6,37,8,0,0,22.54,0.05,0.05676,50000
2060,131,2,2,0,11,72,18,0,0,58.58,0.05,0.05691,50000
2061,108,2,2,0,34,47,12,0,0,33.34,0.05,0.05692,50000
2062,20,0,0,0,7,10,3,0,0,-2.15,0.05,0.05694,50000
2063,73,1,1,0,10,34,10,0,0,22.94,0.05,0.05696,50000
2064,401,8,8,0,16,106,31,1,0,110.83,0.05,0.05728,50000
2065,202,7,7,0,13,96,27,1,0,90.36,0.05,0.05692,50000
2066,75,1,1,0,10,44,10,0,0,28.0,0.05,0.05674,50000
2067,37,0,0,0,4,17,5,0,0,6.91,0.05,0.05662,50000
2068,36,2,2,0,1,18,5,0,0,10.73,0.05,0.05669,50000
2069,88,3,3,0,10,60,12,0,0,43.09,0.05,0.05656,50000
2070,134,2,2,0,8,72,19,0,0,60.02,0.05,0.05622,50000
2071,20,0,0,0,2,13,3,0,0,0.75,0.05,0.05622,50000
2072,58,2,2,0,2,29,8,0,0,21.89,0.05,0.0561,50000
2073,38,0,0,0,6,19,5,0,0,6.39,0.05,0.05611,50000
2074,7,0,0,0,0,6,1,0,0,-5.34,0.05,0.05605,50000
2075,126,4,4,0,10,72,17,0,0,60.33,0.05,0.05604,50000
2076,120,4,4,0,17,74,16,0,0,56.75,0.05,0.05591,50000
2077,43,0,0,0,8,19,6,0,0,8.49,0.05,0.05573,50000
2078,186,4,4,0,10,105,26,0,0,91.58,0.05,0.05552,50000
2079,51,0,0,0,0,37,7,0,0,20.68,0.05,0.0555,50000
2080,243,6,6,0,24,91,25,0,0,80.84,0.05,0.05534,50000
2081,26,0,0,0,2,12,4,0,0,1.68,0.05,0.05532,50000
2082,125,2,2,0,6,78,18,0,0,60.3,0.05,0.05527,50000
2083,297,6,6,0,13,109,33,5,0,105.56,0.05,0.05529,50000
2084,70,2,2,0,2,43,10,0,0,32.5,0.05,0.05521,50000
2085,199,7,7,0,7,97,27,0,0,91.32,0.05,0.05497,50000
2086,317,7,7,0,42,117,36,1,0,113.71,0.05,0.05478,50000
2087,55,0,0,0,7,27,7,0,0,13.0,0.05,0.05483,50000
2088,137,2,2,0,17,83,18,1,0,63.11,0.05,0.05463,50000
2089,59,0,0,0,7,30,8,0,0,16.52,0.05,0.05475,50000
2090,58,1,1,0,8,27,8,0,0,16.34,0.05,0.05453,50000
2091,401,9,9,0,48,126,38,0,0,132.23,0.05,0.05423,50000
2092,7,0,0,0,0,3,1,0,0,-6.59,0.05,0.05423,50000
2093,401,6,6,0,21,119,33,13,0,120.03,0.05,0.05368,50000
2094,401,8,8,0,38,130,39,10,0,140.58,0.05,0.05403,50000
2095,22,0,0,0,2,11,3,0,0,-0.09,0.05,0.05404,50000
2096,55,0,0,0,5,33,8,0,0,17.85,0.05,0.05392,50000
2097,154,3,3,0,36,71,16,0,0,53.32,0.05,0.05386,50000
2098,6,0,0,0,1,3,1,0,0,-7.02,0.05,0.05386,50000
2099,124,3,3,0,5,78,17,0,0,62.32,0.05,0.05364,50000
2100,57,0,0,0,12,28,8,0,0,15.01,0.05,0.05356,50000
2101,63,1,1,0,4,34,9,0,0,22.19,0.05,0.05363,50000
2102,401,9,9,0,39,125,40,9,0,138.98,0.05,0.05335,50000
2103,186,6,6,0,16,94,25,1,0,86.28,0.05,0.05346,50000
2104,216,2,2,0,14,67,15,0,0,46.78,0.05,0.05372,50000
2105,7,0,0,0,2,3,1,0,0,-7.09,0.05,0.05376,50000
2106,7,0,0,0,2,3,1,0,0,-7.09,0.05,0.05376,50000
2107,186,7,7,0,11,95,24,0,0,85.13,0.05,0.05383,50000
2108,94,3,3,0,10,45,13,0,0,36.57,0.05,0.05392,50000
2109,27,0,0,0,7,14,4,0,0,1.16,0.05,0.05385,50000
2110,21,0,0,0,3,8,3,0,0,-1.82,0.05,0.05375,50000
2111,77,0,0,0,13,37,11,0,0,23.86,0.05,0.05377,50000
2112,130,4,4,0,9,75,17,0,0,62.0,0.05,0.05371,50000
2113,20,0,0,0,1,11,3,0,0,0.6,0.05,0.05375,50000
2114,73,4,4,0,10,44,10,0,0,31.19,0.05,0.05378,50000
2115,8,0,0,0,1,6,1,0,0,-4.81,0.05,0.05379,50000
2116,193,4,4,0,13,93,25,1,0,81.14,0.05,0.05378,50000
2117,45,1,1,0,7,19,6,0,0,10.35,0.05,0.05379,50000
2118,112,3,3,0,8,61,16,0,0,50.01,0.05,0.05398,50000
2119,33,1,1,0,5,17,4,0,0,6.14,0.05,0.05391,50000
2120,12,0,0,0,3,5,2,0,0,-5.59,0.05,0.05391,50000
2121,83,0,0,0,10,51,12,0,0,34.04,0.05,0.05408,50000
2122,375,9,9,0,50,138,43,1,0,146.65,0.05,0.05378,50000
2123,34,1,1,0,1,19,5,0,0,9.12,0.05,0.05383,50000
2124,64,0,0,0,6,29,9,0,0,18.47,0.05,0.0537,50000
2125,382,9,9,0,32,124,42,8,0,133.51,0.05,0.05382,50000
2126,401,7,7,0,103,104,33,1,0,108.18,0.05,0.05385,50000
2127,7,0,0,0,0,3,1,0,0,-7.09,0.05,0.05385,50000
2128,13,0,0,0,4,5,2,0,0,-4.91,0.05,0.05384,50000
2129,373,9,9,0,17,124,35,14,0,134.59,0.05,0.05423,50000
2130,56,1,1,0,11,30,7,1,0,16.83,0.05,0.05437,50000
2131,129,5,5,0,20,73,15,0,0,57.77,0.05,0.05423,50000
2132,401,7,7,0,88,121,36,8,0,126.03,0.05,0.0547,50000
2133,56,0,0,0,6,38,8,0,0,21.68,0.05,0.05477,50000
2134,52,1,1,0,8,23,7,0,0,11.61,0.05,0.05469,50000
2135,21,0,0,0,5,11,3,0,0,0.58,0.05,0.05473,50000
2136,267,6,6,0,27,101,26,10,0,94.16,0.05,0.05471,50000
2137,95,1,1,0,11,55,13,0,0,36.95,0.05,0.05477,50000
2138,8,0,0,0,1,5,1,0,0,-5.91,0.05,0.05477,50000
2139,309,6,6,0,17,123,32,0,0,111.37,0.05,0.0551,50000
2140,21,0,0,0,2,7,3,0,0,-2.37,0.05,0.05511,50000
2141,190,3,3,0,14,97,26,0,0,84.75,0.05,0.05534,50000
2142,401,9,9,0,31,115,35,17,0,129.83,0.05,0.05543,50000
2143,247,7,7,0,15,105,24,10,0,94.11,0.05,0.05554,50000
2144,111,2,2,0,10,68,15,0,0,49.53,0.05,0.05548,50000
2145,27,0,0,0,9,12,4,0,0,2.76,0.05,0.05557,50000
2146,401,6,6,0,53,118,35,11,0,122.93,0.05,0.05541,50000
2147,197,1,1,0,14,12,4,0,0,-1.99,0.05,0.05529,50000
2148,38,0,0,0,5,16,5,0,0,5.69,0.05,0.05533,50000
2149,20,0,0,0,6,10,3,0,0,-2.6,0.05,0.05529,50000
2150,76,2,2,0,9,35,11,0,0,27.63,0.05,0.05532,50000
2151,37,0,0,0,6,20,5,0,0,8.31,0.05,0.05541,50000
2152,14,0,0,0,0,9,2,0,0,-1.68,0.05,0.05552,50000
2153,44,0,0,0,9,27,6,0,0,11.97,0.05,0.05556,50000
2154,154,4,4,0,3,83,19,2,0,69.17,0.05,0.05559,50000
2155,95,4,4,0,15,62,13,0,0,46.8,0.05,0.05574,50000
2156,67,1,1,0,4,41,9,0,0,27.16,0.05,0.05586,50000
2157,248,7,7,0,18,111,33,1,0,108.44,0.05,0.0559,50000
2158,401,8,8,0,80,121,32,12,0,121.83,0.05,0.0557,50000
2159,95,2,2,0,8,56,13,0,0,41.4,0.05,0.0557,50000
2160,61,0,0,0,6,33,8,0,0,19.43,0.05,0.05589,50000
2161,7,0,0,0,1,3,1,0,0,-7.79,0.05,0.05586,50000
2162,28,0,0,0,4,11,4,0,0,1.69,0.05,0.05589,50000
2163,29,1,1,0,6,15,4,0,0,4.82,0.05,0.05585,50000
2164,164,5,5,0,8,90,22,0,0,79.22,0.05,0.05571,50000
2165,54,1,1,0,5,35,7,0,0,19.72,0.05,0.05568,50000
2166,401,9,9,0,33,128,35,18,0,137.08,0.05,0.05587,50000
2167,304,8,8,0,19,110,35,6,0,114.17,0.05,0.05593,50000
2168,389,7,7,0,31,122,35,17,0,122.22,0.05,0.0563,50000
2169,8,0,0,0,1,5,1,0,0,-5.41,0.05,0.05632,50000
2170,72,0,0,0,10,42,10,0,0,27.56,0.05,0.05629,50000
2171,355,8,8,0,30,129,38,9,0,128.1,0.05,0.05633,50000
2172,20,0,0,0,3,12,3,0,0,0.95,0.05,0.0563,50000
2173,214,5,5,0,16,106,29,0,0,96.37,0.05,0.05593,50000
2174,130,4,4,0,8,74,18,0,0,63.1,0.05,0.05578,50000
2175,44,0,0,0,6,18,6,0,0,8.97,0.05,0.05577,50000
2176,15,0,0,0,3,6,2,0,0,-4.0,0.05,0.0558,50000
2177,302,9,9,0,17,123,36,1,0,122.61,0.05,0.05591,50000
2178,80,5,5,0,2,50,11,0,0,39.6,0.05,0.05586,50000
2179,115,1,1,0,16,65,15,0,0,46.8,0.05,0.05581,50000
2180,29,1,1,0,5,17,4,0,0,6.72,0.05,0.05592,50000
2181,161,3,3,0,54,69,16,0,0,50.18,0.05,0.05594,50000
2182,401,8,8,0,31,124,36,2,0,125.63,0.05,0.05527,50000
2183,160,5,5,0,13,98,22,0,0,80.05,0.05,0.05494,50000
2184,401,8,8,0,33,127,39,13,0,139.38,0.05,0.0544,50000
2185,13,0,0,0,6,5,2,0,0,-6.06,0.05,0.05442,50000
2186,189,5,5,0,14,99,26,0,0,87.42,0.05,0.05392,50000
2187,190,6,6,0,16,85,23,2,0,77.15,0.05,0.05392,50000
2188,92,2,2,0,6,43,12,0,0,32.81,0.05,0.05391,50000
2189,7,0,0,0,0,4,1,0,0,-6.34,0.05,0.05393,50000
2190,401,8,8,0,14,116,35,16,0,130.63,0.05,0.05358,50000
2191,104,1,1,0,7,56,14,0,0,41.92,0.05,0.05383,50000
2192,122,2,2,0,7,74,17,0,0,58.16,0.05,0.05339,50000
2193,23,1,1,0,6,10,3,0,0,0.24,0.05,0.0534,50000
2194,28,1,1,0,9,16,4,0,0,4.04,0.05,0.05327,50000
2195,327,7,7,0,25,130,41,2,0,130.86,0.05,0.05296,50000
2196,81,4,4,0,6,47,11,0,0,36.93,0.05,0.0532,50000
2197,21,0,0,0,7,12,3,0,0,-1.02,0.05,0.05318,50000
2198,227,9,9,0,16,101,30,1,0,100.86,0.05,0.05296,50000
2199,81,2,2,0,11,50,11,0,0,33.68,0.05,0.05308,50000
2200,184,5,5,0,10,107,24,0,0,90.07,0.05,0.05304,50000
2201,165,4,4,0,13,91,22,1,0,75.55,0.05,0.05302,50000
2202,401,9,9,0,20,119,38,1,0,129.78,0.05,0.05325,50000
2203,278,2,2,0,178,58,15,0,0,32.94,0.05,0.05319,50000
2204,29,0,0,0,5,15,4,0,0,4.22,0.05,0.05311,50000
2205,306,9,9,0,21,121,35,2,0,128.08,0.05,0.05298,50000
2206,35,0,0,0,11,15,5,0,0,2.95,0.05,0.05301,50000
2207,144,2,2,0,16,74,19,1,0,60.37,0.05,0.05288,50000
2208,138,4,4,0,13,77,19,0,0,64.94,0.05,0.05287,50000
2209,20,0,0,0,8,9,3,0,0,-3.2,0.05,0.05287,50000
2210,38,0,0,0,7,20,5,0,0,5.04,0.05,0.05281,50000
2211,21,1,1,0,6,10,3,0,0,1.03,0.05,0.05285,50000
2212,7,0,0,0,0,4,1,0,0,-6.34,0.05,0.05285,50000
2213,185,4,4,0,18,107,25,0,0,89.8,0.05,0.0528,50000
2214,300,8,10,0,11,117,34,4,0,128.7,0.05,0.05272,50000
2215,198,5,5,0,16,100,26,0,0,90.34,0.05,0.05292,50000
2216,401,6,6,0,27,117,32,2,0,116.33,0.05,0.05247,50000
2217,27,0,0,0,7,14,4,0,0,3.51,0.05,0.05245,50000
2218,5,0,0,0,1,3,1,0,0,-7.25,0.05,0.05245,50000
2219,73,1,1,0,4,48,10,0,0,31.04,0.05,0.05251,50000
2220,99,3,3,0,6,55,13,0,0,42.27,0.05,0.05227,50000
2221,79,1,1,0,17,48,11,0,0,30.92,0.05,0.05216,50000
2222,43,0,0,0,5,23,6,0,0,11.14,0.05,0.05207,50000
2223,57,0,0,0,11,27,8,0,0,16.41,0.05,0.05205,50000
2224,316,8,8,0,19,114,35,8,0,116.68,0.05,0.05137,50000
2225,401,7,7,0,9,116,32,2,0,119.18,0.05,0.0512,50000
2226,401,7,7,0,36,129,38,7,0,134.68,0.05,0.05128,50000
2227,172,2,2,0,42,75,18,0,0,57.96,0.05,0.05122,50000
2228,20,0,0,0,1,9,3,0,0,-0.5,0.05,0.05122,50000
2229,128,1,1,0,8,75,18,0,0,58.99,0.05,0.05107,50000
2230,97,1,1,0,10,56,13,0,0,40.86,0.05,0.05096,50000
2231,47,3,3,0,2,24,7,0,0,17.66,0.05,0.05111,50000
2232,401,5,5,0,206,102,27,0,0,88.83,0.05,0.05122,50000
2233,148,6,6,0,11,89,20,0,0,75.04,0.05,0.05113,50000
2234,43,1,1,0,5,18,6,0,0,9.64,0.05,0.05107,50000
2235,235,6,6,0,18,109,29,2,0,100.5,0.05,0.05117,50000
2236,72,2,2,0,9,41,10,0,0,28.61,0.05,0.05136,50000
2237,401,6,6,0,40,123,41,14,0,137.48,0.05,0.05167,50000
2238,21,0,0,0,4,9,3,0,0,-0.87,0.05,0.0517,50000
2239,7,0,0,0,2,3,1,0,0,-6.59,0.05,0.0517,50000
2240,15,0,0,0,4,6,2,0,0,-6.45,0.05,0.05172,50000
2241,335,7,7,0,50,116,35,6,0,113.8,0.05,0.05233,50000
2242,126,4,4,0,14,67,17,0,0,55.03,0.05,0.05233,50000
2243,86,1,1,0,14,53,12,0,0,37.33,0.05,0.0525,50000
2244,20,0,0,0,9,10,3,0,0,-2.75,0.05,0.05253,50000
2245,98,2,2,0,14,51,13,0,0,36.69,0.05,0.05243,50000
2246,401,9,9,0,53,118,35,21,0,131.23,0.05,0.05233,50000
2247,49,1,1,0,5,31,7,0,0,17.92,0.05,0.05239,50000
2248,36,1,1,0,7,15,5,0,0,4.78,0.05,0.05253,50000
2249,53,0,0,0,38,9,3,0,0,-4.16,0.05,0.05261,50000
2250,401,9,9,0,46,132,38,14,0,143.08,0.05,0.05257,50000
2251,118,6,6,0,7,66,16,0,0,55.94,0.05,0.05251,50000
2252,44,2,2,0,7,30,6,0,0,15.02,0.05,0.05254,50000
2253,249,6,6,0,82,95,24,0,0,79.62,0.05,0.05221,50000
2254,42,0,0,0,5,26,6,0,0,11.06,0.05,0.05213,50000
2255,246,6,6,0,23,124,33,0,0,113.88,0.05,0.05215,50000
2256,128,1,1,0,24,80,17,0,0,57.34,0.05,0.0526,50000
2257,90,2,2,0,4,54,13,0,0,41.5,0.05,0.0523,50000
2258,86,3,3,0,6,51,12,0,0,39.53,0.05,0.05227,50000
2259,278,7,7,0,15,120,32,5,0,112.39,0.05,0.05242,50000
2260,97,6,6,0,12,54,13,0,0,46.41,0.05,0.05233,50000
2261,37,2,2,0,7,25,5,0,0,11.76,0.05,0.05232,50000
2262,106,4,4,0,14,59,15,0,0,47.18,0.05,0.05252,50000
2263,8,0,0,0,1,5,1,0,0,-6.31,0.05,0.05252,50000
2264,208,7,7,0,24,94,27,1,0,90.24,0.05,0.05241,50000
2265,150,3,3,0,16,76,19,1,0,62.6,0.05,0.05235,50000
2266,381,8,8,0,49,117,38,14,0,121.83,0.05,0.05222,50000
2267,58,1,1,0,6,32,8,0,0,20.79,0.05,0.0522,50000
2268,64,0,0,0,5,36,9,0,0,22.37,0.05,0.0523,50000
2269,73,2,2,0,5,47,10,0,0,33.39,0.05,0.05256,50000
2270,21,0,0,0,5,9,3,0,0,-2.57,0.05,0.05257,50000
2271,303,9,9,0,14,115,37,2,0,118.59,0.05,0.05259,50000
2272,43,1,1,0,6,22,6,0,0,11.59,0.05,0.0527,50000
2273,188,5,5,0,12,98,26,0,0,89.74,0.05,0.05261,50000
2274,20,0,0,0,6,11,3,0,0,-1.05,0.05,0.05259,50000
2275,127,1,1,0,27,73,16,0,0,53.01,0.05,0.0527,50000
2276,401,8,8,0,43,122,33,22,0,129.28,0.05,0.05305,50000
2277,5,0,0,0,2,3,0,0,1,-12.9,0.05,0.05314,50000
2278,401,8,8,0,39,131,36,10,0,135.03,0.05,0.0536,50000
2279,145,1,1,0,23,83,20,0,0,64.25,0.05,0.05373,50000
2280,147,2,2,0,18,80,20,0,0,63.86,0.05,0.0538,50000
2281,20,0,0,0,6,7,3,0,0,-3.95,0.05,0.05395,50000
2282,20,0,0,0,7,11,3,0,0,-1.1,0.05,0.05398,50000
2283,322,8,8,0,16,110,32,10,0,109.36,0.05,0.05463,50000
2284,110,1,1,0,10,69,15,0,0,48.25,0.05,0.05476,50000
2285,401,7,7,0,42,121,38,14,0,130.98,0.05,0.05529,50000
2286,28,1,1,0,11,11,4,0,0,1.84,0.05,0.05526,50000
2287,20,0,0,0,8,9,3,0,0,-2.15,0.05,0.05519,50000
2288,401,8,8,0,148,122,35,2,0,119.98,0.05,0.05542,50000
2289,248,7,7,0,19,108,30,2,0,101.79,0.05,0.05549,50000
2290,401,8,8,0,35,114,36,15,0,129.63,0.05,0.05536,50000
2291,301,8,8,0,25,124,37,3,0,124.23,0.05,0.05534,50000
2292,192,5,5,0,12,107,26,0,0,92.96,0.05,0.05518,50000
2293,85,0,0,0,14,48,12,0,0,31.55,0.05,0.05522,50000
2294,110,1,1,0,5,70,15,0,0,51.25,0.05,0.05535,50000
2295,267,6,6,0,25,123,35,0,0,115.91,0.05,0.05553,50000
2296,76,3,3,0,7,46,11,0,0,33.83,0.05,0.05592,50000
2297,109,3,3,0,8,61,15,0,0,47.42,0.05,0.05605,50000
2298,281,6,6,0,16,117,31,7,0,108.28,0.05,0.05597,50000
2299,58,0,0,0,8,35,8,0,0,20.04,0.05,0.05591,50000
2300,28,0,0,0,2,14,4,0,0,4.09,0.05,0.05592,50000
2301,9,0,0,0,2,4,1,0,0,-6.48,0.05,0.056,50000
2302,69,0,0,0,8,42,9,0,0,25.77,0.05,0.05604,50000
2303,401,9,9,0,30,130,35,17,0,137.18,0.05,0.05587,50000
2304,65,0,0,0,6,33,9,0,0,21.4,0.05,0.05595,50000
2305,142,3,3,0,20,84,20,0,0,68.26,0.05,0.05609,50000
2306,401,7,7,0,30,116,39,8,0,131.38,0.05,0.05567,50000
2307,59,1,1,0,10,33,8,0,0,18.42,0.05,0.05571,50000
2308,8,0,0,0,3,3,1,0,0,-7.16,0.05,0.05571,50000
2309,35,1,1,0,2,20,5,0,0,9.75,0.05,0.05571,50000
2310,26,0,0,0,1,15,4,0,0,3.63,0.05,0.05567,50000
2311,333,8,8,0,19,123,37,5,0,124.14,0.05,0.05587,50000
2312,385,8,8,0,31,114,36,16,0,119.85,0.05,0.05607,50000
2313,21,0,0,0,5,11,3,0,0,1.58,0.05,0.05613,50000
2314,35,1,1,0,8,16,5,0,0,5.5,0.05,0.05608,50000
2315,12,0,0,0,5,6,2,0,0,-5.89,0.05,0.05606,50000
2316,21,1,1,0,3,10,3,0,0,1.08,0.05,0.05593,50000
2317,199,7,7,0,11,111,27,1,0,100.12,0.05,0.05609,50000
2318,130,4,4,0,21,73,17,0,0,59.25,0.05,0.05618,50000
2319,207,6,6,0,17,115,27,0,0,99.16,0.05,0.05627,50000
2320,141,4,4,0,9,83,20,0,0,70.13,0.05,0.05601,50000
2321,122,1,1,0,9,78,17,0,0,56.46,0.05,0.05613,50000
2322,48,0,0,0,8,27,7,0,0,14.59,0.05,0.05607,50000
2323,217,3,3,0,18,109,29,0,0,97.01,0.05,0.05611,50000
2324,27,0,0,0,1,15,4,0,0,4.56,0.05,0.05606,50000
2325,401,9,9,0,39,125,37,17,0,136.28,0.05,0.05635,50000
2326,15,0,0,0,5,7,2,0,0,-5.6,0.05,0.05625,50000
2327,311,7,7,0,72,118,33,0,0,106.33,0.05,0.05657,50000
2328,325,9,9,0,35,127,37,5,0,126.35,0.05,0.05631,50000
2329,42,0,0,0,4,26,6,0,0,13.36,0.05,0.05625,50000
2330,106,4,4,0,5,61,15,0,0,50.23,0.05,0.05633,50000
2331,20,0,0,0,6,11,3,0,0,-1.55,0.05,0.05629,50000
2332,401,8,8,0,31,124,34,21,0,132.63,0.05,0.05628,50000
2333,87,1,1,0,12,47,12,0,0,32.46,0.05,0.05631,50000
2334,20,0,0,0,7,9,3,0,0,-1.95,0.05,0.05612,50000
2335,101,3,3,0,14,69,14,0,0,50.23,0.05,0.05606,50000
2336,27,0,0,0,8,13,4,0,0,2.06,0.05,0.05605,50000
2337,13,0,0,0,3,8,2,0,0,-3.36,0.05,0.05596,50000
2338,137,3,3,0,8,78,19,0,0,64.61,0.05,0.05547,50000
2339,27,0,0,0,4,15,4,0,0,2.81,0.05,0.05548,50000
2340,162,5,5,0,15,93,23,0,0,80.16,0.05,0.05542,50000
2341,331,9,9,0,21,114,33,11,0,115.33,0.05,0.05563,50000
2342,226,6,6,0,21,114,30,0,0,100.63,0.05,0.05564,50000
2343,20,0,0,0,4,9,3,0,0,-0.95,0.05,0.05561,50000
2344,133,5,5,0,16,83,18,0,0,66.49,0.05,0.05563,50000
2345,15,0,0,0,3,6,2,0,0,-3.6,0.05,0.05576,50000
2346,111,4,4,0,8,67,15,0,0,54.98,0.05,0.05573,50000
2347,356,9,9,0,23,112,34,8,0,122.88,0.05,0.05643,50000
2348,86,3,3,0,14,47,12,0,0,37.28,0.05,0.05677,50000
2349,20,1,1,0,7,8,3,0,0,-2.15,0.05,0.05681,50000
2350,5,0,0,0,2,3,0,0,1,-12.9,0.05,0.05681,50000
2351,92,2,2,0,8,66,13,0,0,46.01,0.05,0.0567,50000
2352,291,9,9,0,12,122,35,1,0,130.88,0.05,0.05686,50000
2353,167,2,2,0,21,88,22,0,0,73.51,0.05,0.05683,50000
2354,82,0,0,0,61,12,3,0,0,-2.94,0.05,0.057,50000
2355,401,9,9,0,43,124,38,15,0,138.93,0.05,0.05676,50000
2356,230,4,4,0,17,109,31,0,0,100.45,0.05,0.05682,50000
2357,340,7,7,0,91,110,36,1,0,107.9,0.05,0.05697,50000
2358,31,1,1,0,8,15,4,0,0,3.73,0.05,0.05702,50000
2359,401,7,7,0,13,122,29,0,0,113.53,0.05,0.05785,50000
2360,42,0,0,0,9,23,6,0,0,9.36,0.05,0.05779,50000
2361,41,0,0,0,9,22,6,0,0,11.58,0.05,0.05781,50000
2362,20,0,0,0,7,10,3,0,0,-1.55,0.05,0.05783,50000
2363,218,8,8,0,23,99,28,1,0,95.89,0.05,0.05789,50000
2364,76,0,0,0,7,47,11,0,0,29.98,0.05,0.05791,50000
2365,30,0,0,0,5,15,4,0,0,1.05,0.05,0.05787,50000
2366,124,3,3,0,16,67,16,1,0,53.22,0.05,0.05783,50000
2367,61,0,0,0,10,37,8,0,0,19.88,0.05,0.05778,50000
2368,66,0,0,0,10,39,9,0,0,21.63,0.05,0.05768,50000
2369,114,3,3,0,14,66,16,0,0,53.57,0.05,0.05794,50000
2370,59,2,2,0,5,32,8,0,0,22.42,0.05,0.05807,50000
2371,41,0,0,0,10,15,6,0,0,4.28,0.05,0.05807,50000
2372,401,8,8,0,30,118,32,22,0,125.68,0.05,0.05822,50000
2373,401,7,7,0,17,121,34,17,0,130.83,0.05,0.05846,50000
2374,24,0,0,0,5,14,3,0,0,2.52,0.05,0.05842,50000
2375,21,0,0,0,2,12,3,0,0,1.38,0.05,0.0586,50000
2376,143,1,1,0,14,85,20,0,0,66.14,0.05,0.05868,50000
2377,57,3,3,0,7,30,8,0,0,22.26,0.05,0.05883,50000
2378,284,9,9,0,15,119,34,2,0,126.22,0.05,0.05903,50000
2379,50,1,1,0,14,26,7,0,0,13.75,0.05,0.05905,50000
2380,35,0,0,0,11,20,5,0,0,6.35,0.05,0.05898,50000
2381,118,2,2,0,14,63,16,0,0,49.64,0.05,0.05888,50000
2382,7,0,0,0,2,3,1,0,0,-6.59,0.05,0.05893,50000
2383,401,4,4,0,23,105,27,0,0,97.63,0.05,0.05922,50000
2384,401,7,7,0,19,115,36,5,0,125.73,0.05,0.05908,50000
2385,165,6,6,0,13,95,23,0,0,82.4,0.05,0.05895,50000
2386,20,1,1,0,3,11,3,0,0,0.55,0.05,0.05893,50000
2387,7,0,0,0,0,5,1,0,0,-5.84,0.05,0.05894,50000
2388,215,7,7,0,14,113,28,1,0,100.55,0.05,0.05918,50000
2389,45,1,1,0,5,17,6,0,0,9.6,0.05,0.05909,50000
2390,174,7,7,0,28,86,22,0,0,75.82,0.05,0.05899,50000
2391,177,6,6,0,12,104,25,0,0,91.71,0.05,0.05904,50000
2392,127,6,6,0,11,77,17,0,0,62.31,0.05,0.05886,50000
2393,95,1,1,0,11,65,13,0,0,43.45,0.05,0.05884,50000
2394,73,1,1,0,11,42,10,0,0,30.34,0.05,0.05888,50000
2395,283,8,8,0,22,115,31,6,0,111.19,0.05,0.05882,50000
2396,7,0,0,0,1,5,1,0,0,-6.29,0.05,0.05883,50000
2397,195,1,1,0,94,63,15,0,0,41.65,0.05,0.05872,50000
2398,53,0,0,0,5,28,7,0,0,14.89,0.05,0.0588,50000
2399,5,0,0,0,3,4,0,0,1,-12.45,0.05,0.0588,50000
2400,242,6,6,0,15,122,30,3,0,110.21,0.05,0.05842,50000
2401,7,0,0,0,0,3,1,0,0,-6.84,0.05,0.05842,50000
2402,89,2,2,0,7,52,12,0,0,38.27,0.05,0.05834,50000
2403,27,0,0,0,9,12,4,0,0,1.01,0.05,0.05835,50000
2404,223,6,6,0,53,95,25,0,0,82.04,0.05,0.05816,50000
2405,42,0,0,0,7,27,6,0,0,11.76,0.05,0.058,50000
2406,28,0,0,0,0,18,4,0,0,5.64,0.05,0.05781,50000
2407,7,0,0,0,0,5,1,0,0,-5.84,0.05,0.05781,50000
2408,28,0,0,0,7,14,4,0,0,2.34,0.05,0.05783,50000
2409,57,1,1,0,5,27,8,0,0,18.36,0.05,0.05769,50000
2410,80,1,1,0,8,41,11,0,0,28.75,0.05,0.05748,50000
2411,401,7,7,0,73,125,36,8,0,129.28,0.05,0.05665,50000
2412,105,3,3,0,12,70,14,0,0,50.05,0.05,0.05667,50000
2413,156,3,3,0,15,93,21,0,0,75.88,0.05,0.05643,50000
2414,53,2,2,0,8,29,7,0,0,18.14,0.05,0.05653,50000
2415,22,0,0,0,4,13,3,0,0,1.76,0.05,0.05643,50000
2416,85,5,5,0,14,42,12,0,0,35.3,0.05,0.05643,50000
2417,7,0,0,0,3,6,1,0,0,-6.94,0.05,0.05643,50000
2418,401,8,8,0,19,121,35,3,0,125.23,0.05,0.05622,50000
2419,88,1,1,0,7,57,12,0,0,37.79,0.05,0.05612,50000
2420,6,0,0,0,1,3,1,0,0,-6.52,0.05,0.05612,50000
2421,27,0,0,0,3,11,4,0,0,2.46,0.05,0.05616,50000
2422,262,3,3,0,126,87,21,0,0,62.16,0.05,0.05595,50000
2423,233,1,1,0,170,35,8,1,0,10.84,0.05,0.05594,50000
2424,93,2,2,0,6,49,13,0,0,38.69,0.05,0.05596,50000
2425,55,3,3,0,4,38,7,0,0,25.15,0.05,0.05554,50000
2426,150,8,8,0,15,89,21,0,0,80.35,0.05,0.05557,50000
2427,401,6,6,0,67,120,37,3,0,123.38,0.05,0.05585,50000
2428,200,0,0,0,161,18,5,0,0,-4.1,0.05,0.05598,50000
2429,113,0,0,0,18,61,16,0,0,43.84,0.05,0.05598,50000
2430,401,5,5,0,22,113,34,20,0,125.98,0.05,0.05542,50000
2431,401,9,9,0,31,119,35,17,0,131.63,0.05,0.05488,50000
2432,288,6,6,0,54,96,28,1,0,88.69,0.05,0.05511,50000
2433,304,9,9,0,20,120,39,3,0,126.22,0.05,0.05465,50000
2434,57,1,1,0,12,23,6,0,0,10.21,0.05,0.05465,50000
2435,5,0,0,0,3,2,0,0,1,-13.45,0.05,0.05463,50000
2436,80,2,2,0,14,47,11,0,0,31.8,0.05,0.05456,50000
2437,401,8,8,0,24,128,40,13,0,143.68,0.05,0.05425,50000
2438,44,3,3,0,4,31,6,0,0,19.17,0.05,0.05422,50000
2439,44,0,0,0,6,21,6,0,0,10.12,0.05,0.05418,50000
2440,81,2,2,0,8,42,11,0,0,32.78,0.05,0.05418,50000
2441,104,3,3,0,14,67,15,0,0,50.77,0.05,0.05413,50000
2442,29,0,0,0,6,16,4,0,0,4.27,0.05,0.05405,50000
2443,89,4,4,0,9,47,12,0,0,37.92,0.05,0.05397,50000
2444,29,0,0,0,5,13,4,0,0,1.82,0.05,0.05388,50000
2445,108,2,2,0,8,60,15,0,0,45.89,0.05,0.05382,50000
2446,12,0,0,0,2,6,2,0,0,-4.64,0.05,0.05382,50000
2447,57,1,1,0,8,36,8,0,0,20.91,0.05,0.05387,50000
2448,57,0,0,0,10,30,8,0,0,16.71,0.05,0.05379,50000
2449,30,1,1,0,5,15,4,0,0,3.1,0.05,0.05385,50000
2450,401,7,7,0,25,117,39,14,0,134.53,0.05,0.05381,50000
2451,15,0,0,0,1,7,2,0,0,-3.0,0.05,0.05377,50000
2452,116,3,3,0,16,66,15,1,0,52.83,0.05,0.05404,50000
2453,84,1,1,0,17,52,11,0,0,34.57,0.05,0.05402,50000
2454,6,0,0,0,1,1,1,0,0,-8.02,0.05,0.05402,50000
2455,401,7,7,0,147,108,30,1,0,103.08,0.05,0.05436,50000
2456,90,2,2,0,13,56,12,0,0,38.7,0.05,0.05416,50000
2457,401,7,7,0,14,116,33,8,0,120.98,0.05,0.05432,50000
2458,30,0,0,0,5,20,4,0,0,5.95,0.05,0.0544,50000
2459,114,0,0,0,12,70,15,0,0,49.37,0.05,0.05419,50000
2460,52,0,0,0,9,26,7,0,0,12.71,0.05,0.05418,50000
2461,77,3,3,0,8,42,10,0,0,29.56,0.05,0.05436,50000
2462,230,7,7,0,19,109,30,0,0,101.9,0.05,0.05459,50000
2463,127,2,2,0,10,73,17,0,0,58.16,0.05,0.05467,50000
2464,151,4,4,0,22,85,21,0,0,72.68,0.05,0.05485,50000
2465,22,1,1,0,4,9,3,0,0,0.61,0.05,0.0548,50000
2466,86,3,3,0,11,48,12,0,0,35.53,0.05,0.05489,50000
2467,66,1,1,0,10,39,9,0,0,24.23,0.05,0.0551,50000
2468,55,3,3,0,4,33,8,0,0,24.8,0.05,0.05521,50000
2469,35,0,0,0,6,17,5,0,0,6.45,0.05,0.05528,50000
2470,171,0,0,0,16,72,19,1,0,56.53,0.05,0.05538,50000
2471,9,0,0,0,2,1,1,0,0,-8.53,0.05,0.05538,50000
2472,401,6,6,0,35,126,31,24,0,128.43,0.05,0.05572,50000
2473,70,1,1,0,4,43,10,0,0,30.25,0.05,0.05586,50000
2474,401,9,9,0,30,120,37,18,0,134.13,0.05,0.0559,50000
2475,71,0,0,0,6,40,10,0,0,24.53,0.05,0.05599,50000
2476,72,1,1,0,6,48,10,0,0,31.86,0.05,0.05613,50000
2477,70,1,1,0,8,45,10,0,0,30.15,0.05,0.05619,50000
2478,37,1,1,0,3,20,5,0,0,7.61,0.05,0.0563,50000
2479,134,2,2,0,5,71,19,0,0,60.62,0.05,0.0563,50000
2480,344,9,9,0,27,114,39,5,0,131.82,0.05,0.05626,50000
2481,28,1,1,0,6,9,4,0,0,1.29,0.05,0.05626,50000
2482,21,0,0,0,9,9,3,0,0,-2.62,0.05,0.05616,50000
2483,73,3,3,0,5,50,10,0,0,36.14,0.05,0.05605,50000
2484,115,4,4,0,11,60,15,0,0,51.35,0.05,0.05622,50000
2485,113,4,4,0,6,68,16,0,0,53.99,0.05,0.05602,50000
2486,79,0,0,0,10,43,11,0,0,30.02,0.05,0.05609,50000
2487,147,5,5,0,7,90,20,0,0,75.66,0.05,0.05568,50000
2488,13,0,0,0,5,5,2,0,0,-5.11,0.05,0.05571,50000
2489,41,0,0,0,2,21,5,0,0,8.83,0.05,0.05552,50000
2490,364,9,9,0,33,127,36,9,0,124.37,0.05,0.05533,50000
2491,15,0,0,0,3,6,2,0,0,-5.3,0.05,0.05532,50000
2492,85,2,2,0,11,42,11,0,0,31.25,0.05,0.05543,50000
2493,172,4,4,0,10,94,23,1,0,82.56,0.05,0.05553,50000
2494,81,1,1,0,9,44,11,0,0,28.23,0.05,0.05576,50000
2495,174,6,6,0,9,99,24,0,0,86.92,0.05,0.05604,50000
2496,133,4,4,0,14,71,19,0,0,59.64,0.05,0.05616,50000
2497,14,0,0,0,5,5,2,0,0,-6.03,0.05,0.05616,50000
2498,74,2,2,0,9,51,10,0,0,33.17,0.05,0.05635,50000
2499,13,0,0,0,4,5,2,0,0,-6.61,0.05,0.05635,50000
2500,91,1,1,0,15,55,12,0,0,35.18,0.05,0.05626,50000
2501,66,0,0,0,7,38,9,0,0,23.58,0.05,0.05632,50000
2502,279,8,8,0,41,118,34,4,0,114.17,0.05,0.0559,50000
2503,401,8,8,0,27,113,33,19,0,121.33,0.05,0.05621,50000
2504,6,0,0,0,1,2,1,0,0,-6.87,0.05,0.05621,50000
2505,168,5,5,0,15,84,23,0,0,75.49,0.05,0.05626,50000
2506,401,7,7,0,44,118,35,20,0,128.33,0.05,0.05727,50000
2507,14,0,0,0,2,6,2,0,0,-4.18,0.05,0.0573,50000
2508,51,3,3,0,6,26,7,0,0,18.23,0.05,0.05732,50000
2509,16,1,1,0,6,7,2,0,0,-4.17,0.05,0.05735,50000
2510,160,4,4,0,10,85,21,1,0,74.0,0.05,0.05741,50000
2511,50,1,1,0,12,28,7,0,0,15.35,0.05,0.05744,50000
2512,336,9,9,0,42,122,37,7,0,121.98,0.05,0.05828,50000
2513,5,0,0,0,4,3,0,0,1,-12.0,0.05,0.0583,50000
2514,401,7,7,0,32,118,37,12,0,124.93,0.05,0.05826,50000
2515,346,9,9,0,15,123,38,6,0,137.48,0.05,0.05841,50000
2516,139,5,5,0,12,74,18,1,0,62.37,0.05,0.05858,50000
2517,6,0,0,0,1,3,1,0,0,-7.02,0.05,0.05858,50000
2518,157,5,5,0,17,86,21,0,0,72.96,0.05,0.05883,50000
2519,96,2,2,0,11,51,13,0,0,38.83,0.05,0.05896,50000
2520,126,3,3,0,4,80,18,0,0,66.28,0.05,0.05891,50000
2521,79,2,2,0,10,51,11,0,0,35.77,0.05,0.05904,50000
2522,7,0,0,0,2,2,1,0,0,-7.99,0.05,0.05904,50000
2523,137,5,5,0,17,75,19,0,0,63.31,0.05,0.0592,50000
2524,70,1,1,0,2,45,10,0,0,31.0,0.05,0.05946,50000
2525,75,3,3,0,10,42,10,0,0,30.5,0.05,0.05935,50000
2526,401,8,8,0,26,123,34,4,0,124.78,0.05,0.05946,50000
2527,27,1,1,0,6,15,4,0,0,3.71,0.05,0.05925,50000
2528,52,0,0,0,8,19,7,0,0,8.01,0.05,0.05918,50000
2529,137,2,2,0,9,77,19,0,0,60.46,0.05,0.05929,50000
2530,342,8,8,0,11,117,36,3,0,118.51,0.05,0.05913,50000
2531,7,0,0,0,1,4,1,0,0,-8.39,0.05,0.05913,50000
2532,44,1,1,0,3,22,6,0,0,10.42,0.05,0.05906,50000
2533,278,4,4,0,40,89,22,1,0,71.84,0.05,0.05873,50000
2534,104,4,4,0,9,68,14,0,0,50.67,0.05,0.05881,50000
2535,43,2,2,0,8,18,6,0,0,10.59,0.05,0.059,50000
2536,154,4,4,0,16,81,20,1,0,68.17,0.05,0.05876,50000
2537,50,1,1,0,8,26,7,0,0,14.5,0.05,0.05895,50000
2538,6,0,0,0,1,2,1,0,0,-7.52,0.05,0.05893,50000
2539,252,8,8,0,11,109,31,2,0,105.56,0.05,0.05872,50000
2540,121,5,5,0,21,62,16,1,0,52.78,0.05,0.05881,50000
2541,210,4,4,0,15,108,27,2,0,93.1,0.05,0.05887,50000
2542,20,0,0,0,6,8,3,0,0,-3.6,0.05,0.05887,50000
2543,20,0,0,0,6,11,3,0,0,-1.55,0.05,0.0588,50000
2544,27,1,1,0,5,13,4,0,0,4.26,0.05,0.05883,50000
2545,20,0,0,0,4,8,3,0,0,-2.75,0.05,0.05885,50000
2546,5,0,0,0,3,2,0,0,1,-13.45,0.05,0.05881,50000
2547,20,0,0,0,2,8,3,0,0,-2.1,0.05,0.05886,50000
2548,401,9,9,0,30,120,36,10,0,130.13,0.05,0.05975,50000
2549,401,7,7,0,35,117,37,18,0,128.38,0.05,0.05974,50000
2550,126,4,4,0,6,75,17,0,0,60.83,0.05,0.05967,50000
2551,172,8,8,0,18,90,24,0,0,85.51,0.05,0.05962,50000
2552,326,6,6,0,19,120,38,3,0,118.63,0.05,0.05945,50000
2553,64,3,3,0,7,36,8,0,0,23.57,0.05,0.0594,50000
2554,29,0,0,0,6,15,4,0,0,2.62,0.05,0.05917,50000
2555,20,1,1,0,4,11,3,0,0,0.05,0.05,0.05921,50000
2556,350,9,9,0,25,114,38,3,0,129.0,0.05,0.05897,50000
2557,69,1,1,0,10,32,9,0,0,21.32,0.05,0.05892,50000
2558,401,7,7,0,33,114,33,5,0,117.23,0.05,0.05875,50000
2559,185,4,4,0,18,98,24,0,0,81.9,0.05,0.05855,50000
2560,176,3,3,0,15,96,24,0,0,80.03,0.05,0.05858,50000
2561,44,1,1,0,7,21,6,0,0,9.67,0.05,0.0588,50000
2562,35,0,0,0,6,18,5,0,0,6.05,0.05,0.05869,50000
2563,85,1,1,0,9,53,12,0,0,38.25,0.05,0.05856,50000
2564,36,0,0,0,7,20,5,0,0,6.43,0.05,0.05841,50000
2565,22,0,0,0,3,13,3,0,0,-1.09,0.05,0.05845,50000
2566,401,8,8,0,17,127,40,1,0,134.23,0.05,0.0579,50000
2567,75,1,1,0,5,46,10,0,0,30.45,0.05,0.05801,50000
2568,156,7,7,0,9,87,22,0,0,78.18,0.05,0.05801,50000
2569,401,7,7,0,27,122,35,3,0,123.73,0.05,0.0576,50000
2570,383,9,9,0,22,122,38,9,0,134.94,0.05,0.0571,50000
2571,179,6,6,0,24,98,23,1,0,80.87,0.05,0.05667,50000
2572,331,8,8,0,24,118,36,4,0,115.63,0.05,0.05603,50000
2573,6,0,0,0,1,2,1,0,0,-7.92,0.05,0.05603,50000
2574,28,0,0,0,5,11,4,0,0,0.84,0.05,0.05599,50000
2575,72,0,0,0,8,43,10,0,0,28.36,0.05,0.05592,50000
2576,133,4,4,0,5,78,18,0,0,63.79,0.05,0.05608,50000
2577,85,1,1,0,13,50,11,0,0,32.75,0.05,0.05592,50000
2578,20,0,0,0,7,12,3,0,0,-1.15,0.05,0.05591,50000
2579,100,2,2,0,12,68,14,0,0,49.8,0.05,0.05589,50000
2580,6,0,0,0,1,3,1,0,0,-6.52,0.05,0.05589,50000
2581,15,0,0,0,4,5,2,0,0,-5.45,0.05,0.05591,50000
2582,126,3,3,0,3,75,17,0,0,60.93,0.05,0.05579,50000
2583,401,6,6,0,72,114,31,1,0,109.83,0.05,0.05588,50000
2584,68,0,0,0,12,38,9,0,0,20.79,0.05,0.05596,50000
2585,401,7,7,0,29,115,34,20,0,125.78,0.05,0.05579,50000
2586,282,9,9,0,18,120,34,2,0,116.96,0.05,0.05632,50000
2587,13,0,0,0,5,6,2,0,0,-4.81,0.05,0.05632,50000
2588,114,5,5,0,11,76,16,0,0,60.62,0.05,0.05636,50000
2589,177,4,4,0,12,105,25,0,0,90.51,0.05,0.05654,50000
2590,401,9,9,0,68,112,35,3,0,119.53,0.05,0.05715,50000
2591,89,2,2,0,7,56,12,0,0,40.92,0.05,0.05742,50000
2592,257,6,6,0,21,115,34,0,0,111.31,0.05,0.05721,50000
2593,296,8,8,0,11,127,36,3,0,123.58,0.05,0.05767,50000
2594,401,6,6,0,49,108,34,3,0,112.98,0.05,0.05715,50000
2595,7,0,0,0,2,1,1,0,0,-8.09,0.05,0.05715,50000
2596,245,5,5,0,17,101,31,1,0,96.8,0.05,0.0575,50000
2597,339,8,8,0,19,120,34,6,0,117.87,0.05,0.05804,50000
2598,8,0,0,0,1,5,1,0,0,-4.91,0.05,0.05804,50000
2599,148,4,4,0,13,80,19,1,0,65.54,0.05,0.05833,50000
2600,165,3,3,0,12,91,23,0,0,77.55,0.05,0.05828,50000
2601,7,0,0,0,2,2,1,0,0,-7.59,0.05,0.05828,50000
2602,138,3,3,0,10,82,19,0,0,67.39,0.05,0.05837,50000
2603,173,3,3,0,7,102,24,0,0,84.94,0.05,0.05856,50000
2604,66,1,1,0,10,42,9,0,0,25.08,0.05,0.05881,50000
2605,66,4,4,0,7,42,9,0,0,31.38,0.05,0.05898,50000
2606,297,9,9,0,24,126,35,3,0,131.51,0.05,0.05902,50000
2607,401,8,8,0,17,125,36,8,0,130.48,0.05,0.05939,50000
2608,28,0,0,0,7,15,4,0,0,1.64,0.05,0.05945,50000
2609,133,2,2,0,16,95,18,0,0,70.14,0.05,0.05955,50000
2610,287,8,8,0,18,120,34,2,0,115.61,0.05,0.05949,50000
2611,136,4,4,0,8,91,19,0,0,72.28,0.05,0.05941,50000
2612,15,0,0,0,4,6,2,0,0,-5.35,0.05,0.05935,50000
2613,95,4,4,0,17,57,13,0,0,43.6,0.05,0.05961,50000
2614,107,2,2,0,13,55,15,0,0,43.91,0.05,0.05985,50000
2615,401,8,8,0,48,127,38,9,0,135.23,0.05,0.06007,50000
2616,28,0,0,0,7,14,4,0,0,2.14,0.05,0.06008,50000
2617,23,0,0,0,2,14,3,0,0,2.34,0.05,0.06018,50000
2618,363,9,9,0,36,129,38,9,0,128.79,0.05,0.06068,50000
2619,133,3,3,0,18,78,18,0,0,59.09,0.05,0.06075,50000
2620,107,3,3,0,12,65,15,0,0,49.86,0.05,0.06085,50000
2621,7,0,0,0,1,6,1,0,0,-5.79,0.05,0.06088,50000
2622,136,3,3,0,9,74,19,0,0,61.48,0.05,0.06105,50000
2623,58,0,0,0,14,29,8,0,0,16.59,0.05,0.06122,50000
2624,393,8,8,0,46,132,40,9,0,133.54,0.05,0.06174,50000
2625,115,3,3,0,16,71,16,0,0,53.85,0.05,0.06194,50000
2626,401,6,6,0,22,126,33,1,0,121.18,0.05,0.062,50000
2627,401,9,9,0,32,120,37,15,0,134.13,0.05,0.06167,50000
2628,33,0,0,0,2,17,5,0,0,7.74,0.05,0.06164,50000
2629,321,7,7,0,21,125,37,7,0,125.38,0.05,0.06151,50000
2630,121,4,4,0,13,70,16,0,0,57.18,0.05,0.06164,50000
2631,29,0,0,0,5,14,4,0,0,2.32,0.05,0.06167,50000
2632,21,0,0,0,4,13,3,0,0,1.13,0.05,0.06167,50000
2633,85,1,1,0,7,49,12,0,0,35.9,0.05,0.06161,50000
2634,289,5,5,0,31,114,33,3,0,106.32,0.05,0.06152,50000
2635,387,9,9,0,31,113,37,14,0,131.41,0.05,0.06082,50000
2636,108,4,4,0,16,63,15,0,0,49.59,0.05,0.06074,50000
2637,57,3,3,0,3,38,8,0,0,26.61,0.05,0.06084,50000
2638,113,4,4,0,13,60,15,0,0,48.34,0.05,0.06076,50000
2639,34,0,0,0,9,16,5,0,0,4.52,0.05,0.06074,50000
2640,58,0,0,0,10,29,8,0,0,16.94,0.05,0.06061,50000
2641,334,8,8,0,40,121,35,9,0,117.97,0.05,0.06057,50000
2642,253,9,9,0,23,120,31,1,0,112.34,0.05,0.06057,50000
2643,98,0,0,0,7,64,14,0,0,44.34,0.05,0.06045,50000
2644,55,2,2,0,9,29,7,0,0,16.7,0.05,0.06031,50000
2645,20,0,0,0,6,10,3,0,0,-1.0,0.05,0.06012,50000
2646,401,9,9,0,59,132,40,8,0,142.28,0.05,0.06011,50000
2647,401,7,7,0,75,117,34,2,0,117.88,0.05,0.05967,50000
2648,122,3,3,0,14,65,17,0,0,54.11,0.05,0.05948,50000
2649,97,2,2,0,8,57,13,0,0,44.66,0.05,0.05981,50000
2650,279,8,8,0,29,110,29,9,0,105.57,0.05,0.05976,50000
2651,44,1,1,0,10,21,6,0,0,10.47,0.05,0.05972,50000
2652,138,3,3,0,6,89,19,0,0,69.64,0.05,0.05943,50000
2653,136,5,5,0,9,81,19,0,0,70.03,0.05,0.05952,50000
2654,401,8,8,0,22,135,41,13,0,150.13,0.05,0.05949,50000
2655,356,9,9,0,22,124,39,8,0,139.13,0.05,0.05944,50000
2656,368,9,9,0,27,129,38,11,0,130.84,0.05,0.0592,50000
2657,390,6,6,0,54,110,32,20,0,109.95,0.05,0.05847,50000
2658,27,0,0,0,7,11,4,0,0,0.61,0.05,0.05849,50000
2659,7,0,0,0,2,4,1,0,0,-7.34,0.05,0.05849,50000
2660,232,6,6,0,14,109,31,0,0,102.81,0.05,0.05769,50000
2661,51,0,0,0,11,27,7,0,0,12.88,0.05,0.05773,50000
2662,121,2,2,0,13,69,17,0,0,54.08,0.05,0.05748,50000
2663,401,8,8,0,24,126,41,11,0,142.83,0.05,0.05698,50000
2664,149,4,4,0,9,86,21,0,0,73.52,0.05,0.05684,50000
2665,379,8,8,0,12,127,34,13,0,124.27,0.05,0.05617,50000
2666,401,7,7,0,33,104,33,20,0,120.08,0.05,0.05575,50000
2667,354,9,9,0,28,124,40,5,0,138.92,0.05,0.05578,50000
2668,71,2,2,0,2,38,9,0,0,26.98,0.05,0.0559,50000
2669,6,0,0,0,1,2,1,0,0,-7.52,0.05,0.0559,50000
2670,347,8,8,0,19,132,41,5,0,135.16,0.05,0.05588,50000
2671,29,0,0,0,7,8,4,0,0,-2.03,0.05,0.05585,50000
2672,358,5,5,0,112,125,34,0,0,109.04,0.05,0.05598,50000
2673,357,9,9,0,24,114,36,9,0,117.46,0.05,0.05582,50000
2674,191,6,6,0,10,95,25,0,0,86.73,0.05,0.05562,50000
2675,401,8,8,0,31,133,38,16,0,143.73,0.05,0.05536,50000
2676,108,4,4,0,12,70,15,0,0,54.19,0.05,0.05552,50000
2677,67,3,3,0,6,36,9,0,0,27.16,0.05,0.05532,50000
2678,6,0,0,0,1,2,1,0,0,-7.92,0.05,0.05533,50000
2679,145,5,5,0,14,85,20,0,0,71.05,0.05,0.05499,50000
2680,401,8,8,0,21,118,33,11,0,122.93,0.05,0.05566,50000
2681,88,3,3,0,8,54,12,0,0,41.49,0.05,0.05525,50000
2682,305,8,8,0,30,116,37,3,0,117.15,0.05,0.05535,50000
2683,401,9,9,0,67,120,37,9,0,130.58,0.05,0.05533,50000
2684,154,4,4,0,7,89,21,0,0,75.72,0.05,0.0554,50000
2685,65,0,0,0,6,38,9,0,0,21.85,0.05,0.05537,50000
2686,132,2,2,0,8,73,18,0,0,60.81,0.05,0.05526,50000
2687,401,5,5,0,174,101,31,1,0,95.18,0.05,0.05487,50000
2688,50,2,2,0,9,28,7,0,0,18.6,0.05,0.05497,50000
2689,401,5,5,0,164,115,29,0,0,101.03,0.05,0.05453,50000
2690,228,3,3,0,55,94,23,0,0,77.89,0.05,0.05409,50000
2691,122,3,3,0,7,67,17,0,0,55.66,0.05,0.05411,50000
2692,401,8,8,0,23,131,37,15,0,137.73,0.05,0.0536,50000
2693,28,0,0,0,9,14,4,0,0,0.79,0.05,0.05345,50000
2694,396,8,8,0,20,121,35,9,0,118.48,0.05,0.0542,50000
2695,162,5,5,0,7,96,23,0,0,84.26,0.05,0.05408,50000
2696,58,3,3,0,11,27,8,0,0,18.54,0.05,0.05425,50000
2697,401,8,8,0,11,133,37,4,0,137.58,0.05,0.05435,50000
2698,161,5,5,0,10,86,22,0,0,74.58,0.05,0.05462,50000
2699,8,0,0,0,3,3,1,0,0,-7.16,0.05,0.05462,50000
2700,42,1,1,0,6,17,6,0,0,9.61,0.05,0.05456,50000
2701,62,0,0,0,6,46,9,0,0,28.21,0.05,0.05456,50000
2702,312,8,8,0,27,123,36,2,0,117.71,0.05,0.05491,50000
2703,5,0,0,0,3,4,0,0,1,-12.45,0.05,0.05495,50000
2704,63,1,1,0,11,41,9,0,0,26.69,0.05,0.05534,50000
2705,174,4,4,0,13,87,24,0,0,76.67,0.05,0.05542,50000
2706,82,1,1,0,9,47,11,0,0,33.16,0.05,0.0555,50000
2707,191,7,7,0,18,93,25,1,0,86.28,0.05,0.05561,50000
2708,21,0,0,0,5,10,3,0,0,-0.92,0.05,0.05561,50000
2709,246,4,4,0,23,113,33,0,0,106.68,0.05,0.0555,50000
2710,13,0,0,0,4,4,2,0,0,-7.01,0.05,0.05546,50000
2711,323,5,5,0,77,109,34,1,0,100.19,0.05,0.05556,50000
2712,181,8,8,0,13,94,24,0,0,87.73,0.05,0.05559,50000
2713,18,0,0,0,5,8,2,0,0,-4.06,0.05,0.05567,50000
2714,401,9,9,0,34,124,36,17,0,137.18,0.05,0.05544,50000
2715,36,0,0,0,7,22,5,0,0,6.48,0.05,0.05541,50000
2716,57,1,1,0,3,28,8,0,0,18.86,0.05,0.05538,50000
2717,126,1,1,0,16,75,17,0,0,54.43,0.05,0.05534,50000
2718,209,5,5,0,16,104,27,1,0,92.87,0.05,0.05504,50000
2719,27,2,2,0,6,14,4,0,0,4.21,0.05,0.05492,50000
2720,34,0,0,0,4,19,5,0,0,6.12,0.05,0.05493,50000
2721,145,3,3,0,5,88,20,0,0,72.55,0.05,0.05498,50000
2722,106,1,1,0,11,59,15,0,0,44.68,0.05,0.0548,50000
2723,392,9,9,0,54,116,35,8,0,116.26,0.05,0.05487,50000
2724,22,1,1,0,5,11,3,0,0,1.91,0.05,0.05483,50000
2725,342,9,9,0,17,117,30,9,0,110.81,0.05,0.05474,50000
2726,376,9,9,0,58,121,36,3,0,127.28,0.05,0.05419,50000
2727,73,1,1,0,8,46,10,0,0,29.64,0.05,0.05436,50000
2728,401,8,8,0,57,114,32,11,0,117.58,0.05,0.05385,50000
2729,384,9,9,0,32,109,35,9,0,114.57,0.05,0.05368,50000
2730,53,0,0,0,7,31,7,0,0,16.49,0.05,0.05366,50000
2731,44,1,1,0,3,28,6,0,0,14.37,0.05,0.05348,50000
2732,6,0,0,0,1,3,1,0,0,-7.02,0.05,0.05348,50000
2733,141,4,4,0,15,78,20,0,0,67.08,0.05,0.0536,50000
2734,21,1,1,0,5,10,3,0,0,-0.07,0.05,0.05379,50000
2735,52,0,0,0,9,23,7,0,0,11.31,0.05,0.05375,50000
2736,83,3,3,0,14,44,11,0,0,33.99,0.05,0.05386,50000
2737,401,9,9,0,35,126,34,11,0,131.18,0.05,0.05369,50000
2738,43,2,2,0,8,20,6,0,0,10.64,0.05,0.05372,50000
2739,15,0,0,0,0,9,2,0,0,-1.55,0.05,0.05369,50000
2740,401,6,6,0,17,113,32,2,0,113.33,0.05,0.05371,50000
2741,99,3,3,0,8,57,13,0,0,45.12,0.05,0.05387,50000
2742,91,4,4,0,12,52,12,0,0,38.83,0.05,0.05386,50000
2743,292,4,4,0,42,110,31,2,0,98.41,0.05,0.05387,50000
2744,50,1,1,0,9,24,7,0,0,14.2,0.05,0.05388,50000
2745,273,6,6,0,75,113,29,0,0,95.64,0.05,0.05406,50000
2746,177,3,3,0,12,96,24,0,0,81.86,0.05,0.05375,50000
2747,401,8,8,0,28,125,38,9,0,134.43,0.05,0.05337,50000
2748,303,8,10,0,23,130,37,0,0,135.99,0.05,0.05305,50000
2749,88,2,2,0,6,58,12,0,0,43.49,0.05,0.05297,50000
2750,94,3,3,0,6,57,13,0,0,42.77,0.05,0.05287,50000
2751,401,7,7,0,112,112,34,5,0,115.28,0.05,0.05243,50000
2752,162,2,2,0,6,87,22,0,0,73.61,0.05,0.05186,50000
2753,234,5,5,0,30,106,29,0,0,95.87,0.05,0.05185,50000
2754,51,0,0,0,4,29,7,0,0,16.88,0.05,0.05217,50000
2755,85,4,4,0,12,54,12,0,0,40.5,0.05,0.05219,50000
2756,51,1,1,0,6,31,7,0,0,17.88,0.05,0.05218,50000
2757,108,0,0,0,11,64,15,0,0,46.94,0.05,0.05219,50000
2758,177,7,7,0,14,92,24,0,0,81.26,0.05,0.05228,50000
2759,43,1,1,0,10,17,6,0,0,7.14,0.05,0.05231,50000
2760,130,2,2,0,12,69,18,0,0,56.2,0.05,0.05206,50000
2761,401,7,7,0,19,124,36,2,0,127.53,0.05,0.05151,50000
2762,164,3,3,0,44,72,18,0,0,57.22,0.05,0.05134,50000
2763,32,1,1,0,8,11,4,0,0,3.01,0.05,0.05136,50000
2764,36,0,0,0,0,22,5,0,0,10.43,0.05,0.05159,50000
2765,41,0,0,0,5,20,6,0,0,9.58,0.05,0.05157,50000
2766,27,1,1,0,7,13,4,0,0,2.16,0.05,0.05152,50000
2767,170,6,6,0,9,91,23,0,0,81.35,0.05,0.05174,50000
2768,106,1,1,0,8,67,15,0,0,49.28,0.05,0.05172,50000
2769,43,1,1,0,6,26,6,0,0,13.59,0.05,0.05168,50000
2770,5,0,0,0,0,1,0,0,1,-13.8,0.05,0.05168,50000
2771,68,2,2,0,4,44,10,0,0,33.94,0.05,0.05167,50000
2772,137,2,2,0,4,79,19,0,0,64.86,0.05,0.05181,50000
2773,5,0,0,0,1,2,0,0,1,-13.35,0.05,0.05181,50000
2774,14,0,0,0,1,5,2,0,0,-4.33,0.05,0.05181,50000
2775,216,6,6,0,14,112,28,1,0,99.83,0.05,0.05202,50000
2776,21,1,1,0,0,13,3,0,0,3.63,0.05,0.05198,50000
2777,401,6,6,0,27,120,37,1,0,125.73,0.05,0.0523,50000
2778,49,0,0,0,7,33,7,0,0,16.37,0.05,0.05232,50000
2779,401,9,9,0,24,120,36,11,0,131.68,0.05,0.05227,50000
2780,401,8,8,0,23,121,35,3,0,126.08,0.05,0.05255,50000
2781,36,0,0,0,5,17,5,0,0,6.38,0.05,0.05256,50000
2782,42,1,1,0,10,21,6,0,0,10.66,0.05,0.05252,50000
2783,94,2,2,0,7,56,13,0,0,43.02,0.05,0.05257,50000
2784,290,6,6,0,14,128,35,1,0,118.6,0.05,0.05294,50000
2785,268,7,7,0,23,132,35,0,0,122.64,0.05,0.05284,50000
2786,103,2,2,0,10,64,15,0,0,51.04,0.05,0.05303,50000
2787,43,1,1,0,3,27,6,0,0,14.89,0.05,0.05299,50000
2788,203,6,6,0,11,104,28,0,0,96.34,0.05,0.05285,50000
2789,171,5,5,0,10,97,23,0,0,83.58,0.05,0.05274,50000
2790,30,2,2,0,3,18,4,0,0,6.05,0.05,0.05271,50000
2791,131,1,1,0,15,82,17,0,0,58.68,0.05,0.05302,50000
2792,376,9,9,0,13,127,36,2,0,132.98,0.05,0.05341,50000
2793,80,1,1,0,2,46,11,0,0,32.85,0.05,0.05342,50000
2794,5,0,0,0,2,3,0,0,1,-12.9,0.05,0.05342,50000
2795,21,0,0,0,5,6,3,0,0,-4.02,0.05,0.05361,50000
2796,136,3,3,0,10,81,19,0,0,65.63,0.05,0.05349,50000
2797,76,3,3,0,9,38,10,0,0,27.63,0.05,0.05355,50000
2798,9,0,0,0,0,6,1,0,0,-4.88,0.05,0.05355,50000
2799,20,0,0,0,6,8,3,0,0,-1.5,0.05,0.05359,50000
2800,52,0,0,0,7,35,7,0,0,19.06,0.05,0.05367,50000
2801,58,1,1,0,3,34,8,0,0,21.34,0.05,0.05374,50000
2802,5,0,0,0,2,2,0,0,1,-13.4,0.05,0.05369,50000
2803,311,7,7,0,19,122,36,5,0,118.48,0.05,0.05408,50000
2804,38,0,0,0,6,19,5,0,0,5.89,0.05,0.05412,50000
2805,22,0,0,0,3,10,3,0,0,-0.84,0.05,0.05412,50000
2806,242,9,9,0,10,108,32,0,0,108.16,0.05,0.05448,50000
2807,348,9,9,0,27,125,37,3,0,132.64,0.05,0.05502,50000
2808,401,7,7,0,10,114,31,1,0,113.03,0.05,0.05608,50000
2809,115,2,2,0,8,60,15,0,0,46.75,0.05,0.05622,50000
2810,68,1,1,0,5,34,9,0,0,23.74,0.05,0.05633,50000
2811,262,8,8,0,21,116,35,0,0,112.96,0.05,0.05683,50000
2812,122,5,5,0,13,67,17,0,0,57.71,0.05,0.05694,50000
2813,191,4,4,0,19,98,26,0,0,86.33,0.05,0.05721,50000
2814,366,9,9,0,43,125,41,2,0,139.28,0.05,0.05708,50000
2815,37,0,0,0,4,22,5,0,0,9.56,0.05,0.057,50000
2816,401,8,8,0,34,130,36,6,0,133.28,0.05,0.05781,50000
2817,6,0,0,0,1,2,1,0,0,-7.92,0.05,0.05783,50000
2818,131,3,3,0,12,69,17,1,0,54.18,0.05,0.05798,50000
2819,40,0,0,0,10,18,5,0,0,4.65,0.05,0.05797,50000
2820,401,7,7,0,34,124,41,0,0,133.03,0.05,0.05876,50000
2821,48,2,2,0,7,27,7,0,0,17.39,0.05,0.05879,50000
2822,51,1,1,0,8,26,7,0,0,16.03,0.05,0.05876,50000
2823,242,7,7,0,18,112,32,0,0,108.16,0.05,0.05863,50000
2824,75,1,1,0,10,40,10,0,0,26.8,0.05,0.05855,50000
2825,197,6,6,0,18,95,27,0,0,90.21,0.05,0.05877,50000
2826,159,4,4,0,11,59,13,0,0,43.22,0.05,0.05843,50000
2827,401,8,8,0,19,132,38,5,0,137.58,0.05,0.05842,50000
2828,36,0,0,0,4,20,5,0,0,8.03,0.05,0.0584,50000
2829,5,0,0,0,3,3,1,0,0,-8.45,0.05,0.0584,50000
2830,401,9,9,0,12,115,39,1,0,131.73,0.05,0.05846,50000
2831,137,1,1,0,27,68,16,0,0,51.21,0.05,0.05856,50000
2832,99,1,1,0,14,60,14,0,0,43.42,0.05,0.05852,50000
2833,36,0,0,0,1,15,5,0,0,5.63,0.05,0.05848,50000
2834,19,1,1,0,3,9,3,0,0,0.37,0.05,0.05847,50000
2835,174,5,5,0,8,104,24,0,0,89.77,0.05,0.05851,50000
2836,401,7,7,0,112,116,33,1,0,113.88,0.05,0.05852,50000
2837,5,0,0,0,0,3,1,0,0,-5.8,0.05,0.05852,50000
2838,401,8,8,0,38,128,39,2,0,134.48,0.05,0.05853,50000
2839,102,0,0,0,10,56,14,0,0,40.21,0.05,0.05864,50000
2840,159,4,4,0,20,95,22,0,0,77.07,0.05,0.05849,50000
2841,30,1,1,0,5,12,4,0,0,2.0,0.05,0.05848,50000
2842,144,4,4,0,16,89,19,1,0,70.92,0.05,0.05867,50000
2843,109,3,3,0,11,74,15,0,0,55.57,0.05,0.05859,50000
2844,35,0,0,0,5,20,5,0,0,6.0,0.05,0.05874,50000
2845,12,0,0,0,3,6,2,0,0,-5.29,0.05,0.05874,50000
2846,27,0,0,0,5,12,4,0,0,3.76,0.05,0.05873,50000
2847,8,0,0,0,1,4,1,0,0,-5.91,0.05,0.05872,50000
2848,65,1,1,0,6,40,9,0,0,26.95,0.05,0.05872,50000
2849,140,1,1,0,12,59,15,0,0,42.95,0.05,0.05857,50000
2850,21,0,0,0,2,11,3,0,0,0.48,0.05,0.0586,50000
2851,101,2,2,0,12,70,14,0,0,47.53,0.05,0.05844,50000
2852,401,8,8,0,18,110,34,0,0,116.33,0.05,0.05837,50000
2853,79,1,1,0,12,42,11,0,0,29.22,0.05,0.05861,50000
2854,197,7,7,0,12,101,27,0,0,92.46,0.05,0.05837,50000
2855,20,1,1,0,6,9,3,0,0,0.05,0.05,0.05824,50000
2856,118,2,2,0,4,73,16,0,0,56.94,0.05,0.058,50000
2857,97,2,2,0,8,60,13,0,0,43.31,0.05,0.05797,50000
2858,378,9,9,0,17,131,36,12,0,138.94,0.05,0.05756,50000
2859,89,3,3,0,14,56,12,0,0,39.52,0.05,0.05723,50000
2860,23,0,0,0,4,12,3,0,0,0.69,0.05,0.05705,50000
2861,41,0,0,0,12,21,6,0,0,7.43,0.05,0.05702,50000
2862,5,0,0,0,2,3,0,0,1,-12.9,0.05,0.05702,50000
2863,61,1,1,0,7,31,8,0,0,20.13,0.05,0.05672,50000
2864,172,7,7,0,12,99,23,0,0,84.96,0.05,0.0564,50000
2865,225,4,4,0,15,103,21,0,0,78.25,0.05,0.05686,50000
2866,6,0,0,0,1,3,1,0,0,-7.42,0.05,0.05686,50000
2867,52,2,2,0,12,29,7,0,0,16.31,0.05,0.05678,50000
2868,22,0,0,0,4,12,3,0,0,-1.24,0.05,0.05676,50000
2869,21,0,0,0,5,10,3,0,0,0.18,0.05,0.05683,50000
2870,263,7,7,0,22,112,33,0,0,105.84,0.05,0.05618,50000
2871,224,7,7,0,17,118,31,0,0,108.32,0.05,0.05574,50000
2872,49,2,2,0,9,23,7,0,0,14.57,0.05,0.0557,50000
2873,401,9,9,0,25,124,37,12,0,135.33,0.05,0.05564,50000
2874,85,4,4,0,8,47,11,0,0,36.5,0.05,0.05564,50000
2875,332,7,7,0,23,118,34,2,0,111.46,0.05,0.05524,50000
2876,345,8,10,0,27,127,37,1,0,133.3,0.05,0.05471,50000
2877,381,9,9,0,28,132,40,5,0,141.78,0.05,0.05431,50000
2878,109,2,2,0,12,60,14,0,0,44.42,0.05,0.05407,50000
2879,179,6,6,0,11,97,24,0,0,85.67,0.05,0.05405,50000
2880,152,4,4,0,12,81,21,0,0,68.41,0.05,0.0541,50000
2881,210,5,5,0,8,103,28,0,0,93.55,0.05,0.05394,50000
2882,71,2,2,0,4,43,9,0,0,29.18,0.05,0.0541,50000
2883,117,5,5,0,8,74,15,0,0,58.01,0.05,0.05429,50000
2884,185,5,5,0,8,96,25,0,0,85.55,0.05,0.05454,50000
2885,78,1,1,0,13,39,9,0,0,25.29,0.05,0.05449,50000
2886,115,1,1,0,78,27,6,0,0,9.55,0.05,0.05429,50000
2887,98,1,1,0,11,53,13,0,0,38.74,0.05,0.0542,50000
2888,401,9,9,0,17,125,37,1,0,133.18,0.05,0.05407,50000
2889,37,0,0,0,4,20,5,0,0,8.76,0.05,0.05392,50000
2890,139,4,4,0,15,77,19,0,0,65.12,0.05,0.05395,50000
2891,37,0,0,0,2,19,5,0,0,7.91,0.05,0.05394,50000
2892,63,1,1,0,5,38,9,0,0,25.14,0.05,0.05406,50000
2893,21,1,1,0,7,13,3,0,0,0.48,0.05,0.054,50000
2894,102,4,4,0,10,52,13,1,0,42.01,0.05,0.05412,50000
2895,183,6,6,0,20,99,25,0,0,87.69,0.05,0.05391,50000
2896,75,1,1,0,14,45,10,0,0,28.45,0.05,0.05407,50000
2897,401,8,8,0,23,122,35,3,0,125.48,0.05,0.05373,50000
2898,329,9,9,0,15,119,37,3,0,130.37,0.05,0.05389,50000
2899,13,0,0,0,3,4,2,0,0,-5.86,0.05,0.05395,50000
2900,122,4,4,0,18,76,17,0,0,59.11,0.05,0.05397,50000
2901,5,0,0,0,1,2,0,0,1,-13.35,0.05,0.05398,50000
2902,155,5,5,0,15,84,21,1,0,73.9,0.05,0.05402,50000
2903,75,2,2,0,7,48,10,0,0,32.55,0.05,0.05407,50000
2904,401,7,7,0,17,125,40,1,0,134.93,0.05,0.05383,50000
2905,88,4,4,0,5,53,12,0,0,40.59,0.05,0.05383,50000
2906,27,0,0,0,5,11,4,0,0,0.86,0.05,0.05385,50000
2907,168,5,5,0,11,91,23,0,0,78.44,0.05,0.05349,50000
2908,174,4,4,0,11,95,23,0,0,79.02,0.05,0.05344,50000
2909,12,0,0,0,0,9,2,0,0,-2.14,0.05,0.05344,50000
2910,72,1,1,0,4,44,10,0,0,29.71,0.05,0.05334,50000
2911,98,1,1,0,11,56,13,0,0,38.59,0.05,0.05327,50000
2912,7,0,0,0,0,4,1,0,0,-6.34,0.05,0.05327,50000
2913,43,1,1,0,5,26,6,0,0,14.69,0.05,0.05338,50000
2914,5,0,0,0,0,1,1,0,0,-7.8,0.05,0.05338,50000
2915,101,2,2,0,7,50,14,0,0,41.68,0.05,0.05337,50000
2916,5,0,0,0,2,2,0,0,1,-12.9,0.05,0.05337,50000
2917,100,2,2,0,7,69,14,0,0,49.2,0.05,0.05327,50000
2918,27,2,2,0,3,13,4,0,0,3.61,0.05,0.05331,50000
2919,7,0,0,0,0,6,1,0,0,-4.84,0.05,0.05331,50000
2920,20,0,0,0,4,10,3,0,0,-1.25,0.05,0.05325,50000
2921,63,1,1,0,9,41,9,0,0,26.34,0.05,0.05328,50000
2922,58,3,3,0,4,40,8,0,0,26.59,0.05,0.0532,50000
2923,6,0,0,0,3,2,1,0,0,-9.47,0.05,0.05326,50000
2924,7,0,0,0,0,5,1,0,0,-6.74,0.05,0.05326,50000
2925,293,9,9,0,13,131,38,0,0,138.74,0.05,0.05396,50000
2926,401,8,8,0,20,121,34,18,0,130.73,0.05,0.05428,50000
2927,267,9,9,0,10,113,32,0,0,120.96,0.05,0.05358,50000
2928,65,3,3,0,9,46,9,0,0,31.6,0.05,0.05353,50000
2929,40,1,1,0,9,26,6,0,0,11.5,0.05,0.05352,50000
2930,43,2,2,0,6,24,6,0,0,13.89,0.05,0.05343,50000
2931,179,6,6,0,11,97,25,0,0,86.52,0.05,0.05349,50000
2932,36,0,0,0,8,20,5,0,0,5.73,0.05,0.05364,50000
2933,5,0,0,0,1,2,0,0,1,-13.35,0.05,0.05364,50000
2934,53,2,2,0,6,23,7,0,0,16.24,0.05,0.05352,50000
2935,370,8,10,0,24,113,36,8,0,128.35,0.05,0.05324,50000
2936,17,0,0,0,2,9,2,0,0,-3.49,0.05,0.05339,50000
2937,21,0,0,0,3,10,3,0,0,-0.47,0.05,0.05339,50000
2938,5,0,0,0,1,2,0,0,1,-12.85,0.05,0.05339,50000
2939,65,0,0,0,6,36,9,0,0,23.45,0.05,0.05359,50000
2940,401,9,9,0,12,118,37,1,0,127.98,0.05,0.05338,50000
2941,65,2,2,0,9,32,9,0,0,21.0,0.05,0.05346,50000
2942,66,2,2,0,22,27,7,0,0,14.58,0.05,0.0534,50000
2943,51,0,0,0,8,32,7,0,0,16.78,0.05,0.05336,50000
2944,401,9,9,0,14,128,38,4,0,135.63,0.05,0.05352,50000
2945,57,1,1,0,9,30,8,0,0,19.01,0.05,0.05339,50000
2946,59,1,1,0,8,35,8,0,0,19.67,0.05,0.0536,50000
2947,137,5,5,0,11,81,19,0,0,68.21,0.05,0.05349,50000
2948,401,6,6,0,77,89,26,0,0,87.03,0.05,0.05401,50000
2949,401,7,7,0,7,121,33,2,0,122.58,0.05,0.05385,50000
2950,170,2,2,0,12,94,23,0,0,77.5,0.05,0.05411,50000
2951,398,9,9,0,40,128,35,9,0,132.69,0.05,0.05425,50000
2952,116,3,3,0,22,62,15,0,0,47.38,0.05,0.05411,50000
2953,186,4,4,0,22,90,26,0,0,82.18,0.05,0.05403,50000
2954,36,0,0,0,3,23,5,0,0,10.48,0.05,0.05403,50000
2955,37,0,0,0,6,24,5,0,0,9.36,0.05,0.05399,50000
2956,41,1,1,0,7,18,6,0,0,9.93,0.05,0.05409,50000
2957,177,4,4,0,20,82,23,0,0,73.16,0.05,0.05401,50000
2958,401,8,8,0,15,128,35,9,0,133.08,0.05,0.05344,50000
2959,5,0,0,0,2,2,0,0,1,-13.4,0.05,0.05344,50000
2960,112,2,2,0,11,65,15,0,0,49.71,0.05,0.05359,50000
2961,20,0,0,0,6,10,3,0,0,-1.0,0.05,0.05357,50000
2962,56,2,2,0,7,35,8,0,0,22.28,0.05,0.05374,50000
2963,326,5,5,0,64,120,36,0,0,113.53,0.05,0.05343,50000
2964,336,7,7,0,85,119,35,0,0,111.83,0.05,0.05356,50000
2965,126,2,2,0,22,66,15,1,0,50.38,0.05,0.05345,50000
2966,27,0,0,0,5,15,4,0,0,3.76,0.05,0.05354,50000
2967,22,1,1,0,6,8,3,0,0,-2.09,0.05,0.05352,50000
2968,50,1,1,0,8,23,7,0,0,12.6,0.05,0.05367,50000
2969,7,0,0,0,1,6,1,0,0,-5.79,0.05,0.05364,50000
2970,58,0,0,0,11,29,8,0,0,14.49,0.05,0.0536,50000
2971,142,5,5,0,7,68,19,0,0,62.86,0.05,0.05359,50000
2972,5,0,0,0,1,2,1,0,0,-8.8,0.05,0.05359,50000
2973,401,8,8,0,39,104,31,0,0,108.48,0.05,0.05396,50000
2974,51,1,1,0,6,26,7,0,0,15.63,0.05,0.05416,50000
2975,63,2,2,0,13,37,9,0,0,24.94,0.05,0.05402,50000
2976,326,8,8,0,15,119,32,9,0,114.93,0.05,0.05412,50000
2977,20,0,0,0,6,9,3,0,0,-2.55,0.05,0.05413,50000
2978,146,2,2,0,30,64,14,2,0,48.38,0.05,0.05478,50000
2979,41,0,0,0,9,17,6,0,0,7.73,0.05,0.05474,50000
2980,38,1,1,0,3,16,5,0,0,8.14,0.05,0.05475,50000
2981,401,6,6,0,26,125,36,2,0,127.78,0.05,0.05443,50000
2982,158,6,6,0,10,94,22,0,0,80.89,0.05,0.05439,50000
2983,48,1,1,0,6,30,7,0,0,15.44,0.05,0.05443,50000
2984,7,0,0,0,2,3,1,0,0,-7.69,0.05,0.05444,50000
2985,44,1,1,0,4,26,6,0,0,13.42,0.05,0.05452,50000
2986,20,0,0,0,6,8,3,0,0,-1.95,0.05,0.05454,50000
2987,45,0,0,0,7,21,6,0,0,9.1,0.05,0.05451,50000
2988,138,3,3,0,10,87,18,1,0,66.44,0.05,0.0547,50000
2989,5,0,0,0,3,2,0,0,1,-13.45,0.05,0.0547,50000
2990,94,2,2,0,11,53,13,0,0,39.67,0.05,0.0551,50000
2991,205,3,3,0,19,107,28,0,0,93.25,0.05,0.055,50000
2992,58,0,0,0,4,34,8,0,0,20.14,0.05,0.05518,50000
2993,35,0,0,0,6,20,5,0,0,7.95,0.05,0.05529,50000
2994,309,7,7,0,47,98,30,0,0,94.12,0.05,0.05528,50000
2995,194,3,3,0,42,88,22,0,0,72.57,0.05,0.05539,50000
2996,339,9,9,0,16,129,38,2,0,137.47,0.05,0.05575,50000
2997,212,4,4,0,17,92,28,0,0,83.61,0.05,0.05591,50000
2998,126,2,2,0,30,64,14,0,0,43.88,0.05,0.05618,50000
2999,17,1,1,0,2,7,2,0,0,-2.99,0.05,0.0562,50000
3000,50,0,0,0,8,27,7,0,0,13.2,0.05,0.05631,50000
3001,338,9,9,0,55,117,33,7,0,113.14,0.05,0.05614,50000
3002,5,0,0,0,1,2,0,0,1,-12.85,0.05,0.05614,50000
3003,93,3,3,0,8,58,13,0,0,43.69,0.05,0.05623,50000
3004,59,0,0,0,7,29,8,0,0,17.82,0.05,0.05644,50000
3005,134,3,3,0,12,81,18,0,0,64.17,0.05,0.05636,50000
3006,261,8,8,0,16,121,32,2,0,113.73,0.05,0.05628,50000
3007,317,9,9,0,19,127,34,5,0,131.51,0.05,0.05581,50000
3008,55,1,1,0,5,30,6,0,0,15.6,0.05,0.05567,50000
3009,43,0,0,0,9,25,6,0,0,11.44,0.05,0.05576,50000
3010,179,4,4,0,10,102,25,0,0,87.67,0.05,0.0559,50000
3011,6,0,0,0,1,2,1,0,0,-7.37,0.05,0.05594,50000
3012,6,0,0,0,4,3,0,0,1,-13.02,0.05,0.05594,50000
3013,21,0,0,0,5,10,3,0,0,-0.02,0.05,0.05603,50000
3014,135,3,3,0,13,78,19,0,0,61.75,0.05,0.05608,50000
3015,6,0,0,0,1,2,1,0,0,-8.12,0.05,0.05608,50000
3016,5,0,0,0,1,2,0,0,1,-13.35,0.05,0.05606,50000
3017,255,6,6,0,17,112,33,1,0,108.9,0.05,0.05681,50000
3018,179,8,8,0,9,89,24,0,0,86.02,0.05,0.057,50000
3019,7,0,0,0,0,3,1,0,0,-6.59,0.05,0.057,50000
3020,401,8,8,0,28,119,37,3,0,128.03,0.05,0.0571,50000
3021,64,2,2,0,5,39,9,0,0,27.02,0.05,0.05725,50000
3022,319,7,7,0,22,120,38,3,0,121.97,0.05,0.05734,50000
3023,284,8,8,0,20,122,34,4,0,116.12,0.05,0.05784,50000
3024,134,4,4,0,18,73,17,1,0,59.22,0.05,0.05793,50000
3025,12,0,0,0,5,8,2,0,0,-4.89,0.05,0.05783,50000
3026,185,5,5,0,21,89,25,0,0,79.6,0.05,0.05828,50000
3027,401,9,9,0,32,136,38,17,0,145.98,0.05,0.05829,50000
3028,58,1,1,0,14,35,8,0,0,21.44,0.05,0.05813,50000
3029,6,0,0,0,1,2,1,0,0,-7.37,0.05,0.05813,50000
3030,298,7,7,0,18,114,35,5,0,115.34,0.05,0.0586,50000
3031,169,5,5,0,7,93,22,0,0,80.57,0.05,0.059,50000
3032,23,0,0,0,5,9,3,0,0,-2.11,0.05,0.05898,50000
3033,52,1,1,0,6,26,7,0,0,14.86,0.05,0.05904,50000
3034,181,6,6,0,17,90,22,2,0,80.03,0.05,0.05913,50000
3035,56,2,2,0,8,30,8,0,0,20.33,0.05,0.05904,50000
3036,29,0,0,0,10,10,4,0,0,-1.58,0.05,0.05907,50000
3037,109,3,3,0,8,67,15,0,0,50.72,0.05,0.0588,50000
3038,184,6,6,0,15,87,25,0,0,80.72,0.05,0.05911,50000
3039,79,1,1,0,8,44,11,0,0,31.77,0.05,0.05914,50000
3040,72,2,2,0,13,43,10,0,0,30.36,0.05,0.05925,50000
3041,104,2,2,0,15,61,14,0,0,44.62,0.05,0.05908,50000
3042,191,5,5,0,15,93,25,1,0,83.93,0.05,0.05927,50000
3043,58,0,0,0,8,29,8,0,0,16.99,0.05,0.0593,50000
3044,41,2,2,0,9,22,6,0,0,13.58,0.05,0.05943,50000
3045,401,7,7,0,15,121,37,0,0,126.43,0.05,0.05958,50000
3046,45,0,0,0,5,23,6,0,0,11.5,0.05,0.05965,50000
3047,83,3,3,0,9,48,11,0,0,34.39,0.05,0.05962,50000
3048,58,2,2,0,9,28,8,0,0,17.59,0.05,0.05986,50000
3049,20,0,0,0,8,6,3,0,0,-5.5,0.05,0.05984,50000
3050,123,2,2,0,60,41,10,1,0,24.09,0.05,0.06041,50000
3051,20,0,0,0,6,9,3,0,0,-0.45,0.05,0.06037,50000
3052,157,4,4,0,3,96,21,0,0,78.41,0.05,0.0601,50000
3053,29,1,1,0,3,17,4,0,0,6.57,0.05,0.05999,50000
3054,21,1,1,0,3,12,3,0,0,1.03,0.05,0.05996,50000
3055,37,0,0,0,6,22,5,0,0,8.91,0.05,0.05997,50000
3056,121,3,3,0,12,74,16,0,0,58.83,0.05,0.05991,50000
3057,105,0,0,0,9,61,14,0,0,44.65,0.05,0.06006,50000
3058,150,4,4,0,20,74,19,1,0,63.2,0.05,0.0601,50000
3059,43,0,0,0,12,25,6,0,0,10.24,0.05,0.06022,50000
3060,28,1,1,0,7,15,4,0,0,4.74,0.05,0.06019,50000
3061,150,5,5,0,13,77,20,1,0,68.8,0.05,0.06023,50000
3062,15,0,0,0,6,6,2,0,0,-6.4,0.05,0.06031,50000
3063,94,1,1,0,14,61,13,0,0,41.37,0.05,0.06021,50000
3064,401,7,7,0,85,121,37,8,0,127.73,0.05,0.06029,50000
3065,58,1,1,0,12,31,8,0,0,19.89,0.05,0.06022,50000
3066,164,4,4,0,14,83,22,1,0,72.02,0.05,0.06035,50000
3067,171,4,4,0,12,95,23,0,0,79.33,0.05,0.06022,50000
3068,279,7,7,0,18,116,33,4,0,112.52,0.05,0.06019,50000
3069,21,1,1,0,6,8,3,0,0,-2.12,0.05,0.06019,50000
3070,398,9,9,0,20,121,42,11,0,133.49,0.05,0.06064,50000
3071,20,0,0,0,8,7,3,0,0,-3.65,0.05,0.06061,50000
3072,5,0,0,0,0,2,1,0,0,-7.3,0.05,0.06061,50000
3073,73,1,1,0,9,39,10,0,0,26.64,0.05,0.06096,50000
3074,133,4,4,0,17,82,18,0,0,65.79,0.05,0.06125,50000
3075,14,0,0,0,6,4,2,0,0,-6.58,0.05,0.06126,50000
3076,7,0,0,0,2,3,1,0,0,-7.09,0.05,0.06126,50000
3077,87,1,1,0,9,61,12,0,0,41.51,0.05,0.06115,50000
3078,64,3,3,0,10,36,9,0,0,24.77,0.05,0.06104,50000
3079,36,0,0,0,5,17,5,0,0,6.23,0.05,0.06109,50000
3080,330,8,8,0,17,106,32,1,0,102.6,0.05,0.06073,50000
3081,202,3,3,0,13,96,26,1,0,84.26,0.05,0.06009,50000
3082,70,1,1,0,7,41,10,0,0,26.7,0.05,0.06009,50000
3083,177,5,5,0,16,104,25,0,0,89.71,0.05,0.05972,50000
3084,119,5,5,0,13,60,15,0,0,50.52,0.05,0.05997,50000
3085,148,4,4,0,10,87,20,0,0,71.69,0.05,0.06006,50000
3086,111,1,1,0,5,74,15,0,0,52.08,0.05,0.06016,50000
3087,118,1,1,0,14,68,16,0,0,50.84,0.05,0.06016,50000
3088,21,0,0,0,5,13,3,0,0,1.18,0.05,0.06014,50000
3089,401,9,9,0,24,113,38,12,0,133.73,0.05,0.05966,50000
3090,21,0,0,0,5,10,3,0,0,-1.52,0.05,0.0596,50000
3091,109,2,2,0,2,74,15,0,0,55.17,0.05,0.05949,50000
3092,79,1,1,0,6,45,11,0,0,32.77,0.05,0.0597,50000
3093,401,6,6,0,22,112,36,2,0,119.98,0.05,0.05913,50000
3094,107,3,3,0,15,64,15,0,0,51.06,0.05,0.05915,50000
3095,223,5,5,0,18,89,19,10,0,74.39,0.05,0.05945,50000
3096,401,7,7,0,35,121,36,16,0,131.98,0.05,0.05928,50000
3097,20,0,0,0,5,7,3,0,0,-3.5,0.05,0.05936,50000
3098,7,0,0,0,1,5,1,0,0,-6.79,0.05,0.05929,50000
3099,87,1,1,0,6,40,12,0,0,30.71,0.05,0.05919,50000
3100,401,4,4,0,35,119,31,23,0,121.23,0.05,0.05886,50000
3101,43,0,0,0,8,22,6,0,0,10.74,0.05,0.05887,50000
3102,22,1,1,0,3,14,3,0,0,3.66,0.05,0.05888,50000
3103,5,0,0,0,1,2,0,0,1,-13.35,0.05,0.05888,50000
3104,103,2,2,0,16,58,13,1,0,42.84,0.05,0.059,50000
3105,62,0,0,0,12,38,9,0,0,20.21,0.05,0.05917,50000
3106,171,7,7,0,11,106,24,0,0,93.03,0.05,0.05925,50000
3107,91,1,1,0,4,65,13,0,0,46.33,0.05,0.05914,50000
3108,351,9,9,0,49,119,39,3,0,122.93,0.05,0.05854,50000
3109,75,0,0,0,5,46,10,0,0,28.45,0.05,0.05836,50000
3110,239,5,5,0,23,114,31,1,0,104.27,0.05,0.05827,50000
3111,99,3,3,0,10,67,14,0,0,49.57,0.05,0.05826,50000
3112,401,7,7,0,71,113,35,12,0,123.08,0.05,0.05731,50000
3113,64,1,1,0,7,36,9,0,0,23.62,0.05,0.05723,50000
3114,43,2,2,0,5,27,6,0,0,15.14,0.05,0.05739,50000
3115,36,0,0,0,8,7,3,2,0,-3.77,0.05,0.05758,50000
3116,29,0,0,0,5,14,4,0,0,3.97,0.05,0.05766,50000
3117,20,0,0,0,7,7,3,0,0,-3.1,0.05,0.05784,50000
3118,93,2,2,0,13,58,13,0,0,42.89,0.05,0.05802,50000
3119,108,4,4,0,7,71,15,0,0,56.44,0.05,0.05795,50000
3120,31,1,1,0,2,9,3,1,0,-0.12,0.05,0.05789,50000
3121,77,1,1,0,8,49,11,0,0,33.91,0.05,0.05802,50000
3122,205,7,7,0,44,88,23,1,0,77.1,0.05,0.05785,50000
3123,336,7,7,0,19,124,36,1,0,118.18,0.05,0.05764,50000
3124,14,0,0,0,4,9,2,0,0,-2.53,0.05,0.05785,50000
3125,81,2,2,0,5,57,11,0,0,39.53,0.05,0.05807,50000
3126,97,2,2,0,11,49,13,0,0,36.11,0.05,0.05793,50000
3127,66,2,2,0,7,37,9,0,0,26.03,0.05,0.05807,50000
3128,87,2,2,0,9,50,12,0,0,37.11,0.05,0.05795,50000
3129,50,1,1,0,5,28,7,0,0,17.15,0.05,0.05782,50000
3130,401,9,9,0,39,122,38,14,0,135.63,0.05,0.05891,50000
3131,173,3,3,0,15,90,24,0,0,78.54,0.05,0.05912,50000
3132,8,0,0,0,2,3,1,0,0,-8.96,0.05,0.05911,50000
3133,297,8,8,0,30,126,34,4,0,115.36,0.05,0.05859,50000
3134,122,2,2,0,14,73,17,0,0,55.96,0.05,0.05837,50000
3135,71,2,2,0,5,43,10,0,0,30.68,0.05,0.05785,50000
3136,171,4,4,0,8,99,23,0,0,83.63,0.05,0.05783,50000
3137,355,9,9,0,17,127,42,3,0,143.3,0.05,0.05806,50000
3138,79,2,2,0,8,51,11,0,0,35.77,0.05,0.05828,50000
3139,401,6,6,0,16,101,29,8,0,105.08,0.05,0.05916,50000
3140,67,1,1,0,10,39,9,0,0,24.81,0.05,0.05921,50000
3141,401,9,9,0,12,128,38,4,0,136.88,0.05,0.06009,50000
3142,73,0,0,0,11,48,10,0,0,29.64,0.05,0.0599,50000
3143,27,0,0,0,2,16,4,0,0,4.71,0.05,0.05993,50000
3144,20,0,0,0,4,8,3,0,0,-1.15,0.05,0.06001,50000
3145,22,0,0,0,5,9,3,0,0,-3.09,0.05,0.06007,50000
3146,266,5,5,0,77,104,26,0,0,85.13,0.05,0.06115,50000
3147,20,0,0,0,3,8,3,0,0,-1.7,0.05,0.06121,50000
3148,202,5,5,0,14,106,28,0,0,96.31,0.05,0.0615,50000
3149,112,4,4,0,5,64,15,0,0,53.46,0.05,0.06115,50000
3150,27,0,0,0,3,15,4,0,0,3.21,0.05,0.06113,50000
3151,20,0,0,0,5,11,3,0,0,-0.95,0.05,0.06116,50000
3152,393,8,8,0,9,121,37,15,0,127.49,0.05,0.06154,50000
3153,104,1,1,0,43,36,9,0,0,22.07,0.05,0.06141,50000
3154,88,4,4,0,9,52,12,0,0,39.24,0.05,0.06133,50000
3155,82,3,3,0,8,49,11,0,0,36.46,0.05,0.06118,50000
3156,104,1,1,0,13,62,14,0,0,43.67,0.05,0.06125,50000
3157,341,9,9,0,22,127,38,2,0,136.68,0.05,0.06094,50000
3158,14,0,0,0,2,6,2,0,0,-3.78,0.05,0.06102,50000
3159,112,0,0,0,9,62,15,0,0,46.51,0.05,0.06139,50000
3160,5,0,0,0,1,3,0,0,1,-12.85,0.05,0.06139,50000
3161,6,0,0,0,1,3,1,0,0,-7.02,0.05,0.06146,50000
3162,32,0,0,0,6,18,4,0,0,5.11,0.05,0.06145,50000
3163,12,1,1,0,0,9,2,0,0,-0.14,0.05,0.06166,50000
3164,349,8,8,0,15,115,35,3,0,112.22,0.05,0.0622,50000
3165,124,6,6,0,3,74,17,0,0,63.97,0.05,0.06218,50000
3166,102,0,0,0,23,54,12,0,0,33.86,0.05,0.06195,50000
3167,87,2,2,0,7,55,12,0,0,40.11,0.05,0.06175,50000
3168,156,3,3,0,16,83,21,0,0,68.58,0.05,0.0617,50000
3169,126,5,5,0,13,76,18,0,0,63.18,0.05,0.06176,50000
3170,7,0,0,0,2,2,1,0,0,-8.19,0.05,0.06176,50000
3171,343,7,7,0,25,128,38,5,0,125.74,0.05,0.06239,50000
3172,110,2,2,0,55,35,8,0,0,18.65,0.05,0.06251,50000
3173,14,0,0,0,5,6,2,0,0,-5.43,0.05,0.06252,50000
3174,147,5,5,0,11,87,20,0,0,73.56,0.05,0.06225,50000
3175,353,9,9,0,22,132,36,9,0,129.79,0.05,0.06335,50000
3176,32,0,0,0,16,9,2,0,0,-3.94,0.05,0.06324,50000
3177,8,0,0,0,3,2,1,0,0,-7.66,0.05,0.06323,50000
3178,250,7,7,0,15,114,31,2,0,108.1,0.05,0.06301,50000
3179,116,3,3,0,11,68,16,0,0,53.68,0.05,0.0628,50000
3180,118,2,2,0,9,69,15,1,0,50.74,0.05,0.06255,50000
3181,177,5,5,0,18,93,24,0,0,81.36,0.05,0.06289,50000
3182,401,5,5,0,14,121,38,1,0,126.78,0.05,0.06256,50000
3183,401,5,5,0,277,73,15,0,0,48.03,0.05,0.06275,50000
3184,7,0,0,0,2,5,1,0,0,-7.39,0.05,0.06278,50000
3185,37,0,0,0,6,22,5,0,0,8.56,0.05,0.06281,50000
3186,401,8,8,0,68,118,33,11,0,119.68,0.05,0.06249,50000
3187,126,3,3,0,17,75,18,0,0,58.78,0.05,0.06294,50000
3188,5,0,0,0,1,2,0,0,1,-13.35,0.05,0.06294,50000
3189,63,0,0,0,7,40,9,0,0,23.39,0.05,0.0628,50000
3190,195,2,2,0,24,101,27,0,0,88.2,0.05,0.06339,50000
3191,110,3,3,0,10,63,15,0,0,50.25,0.05,0.0635,50000
3192,147,5,5,0,12,94,21,0,0,79.26,0.05,0.06381,50000
3193,8,0,0,0,1,4,1,0,0,-6.41,0.05,0.06374,50000
3194,217,5,5,0,18,108,30,0,0,98.31,0.05,0.06431,50000
3195,21,0,0,0,6,8,3,0,0,-1.47,0.05,0.06436,50000
3196,43,0,0,0,8,27,6,0,0,11.99,0.05,0.06418,50000
3197,33,0,0,0,5,12,4,1,0,2.14,0.05,0.06433,50000
3198,401,8,8,0,16,117,37,8,0,126.03,0.05,0.06338,50000
3199,28,0,0,0,7,13,4,0,0,1.59,0.05,0.06332,50000
3200,126,4,4,0,15,79,17,0,0,62.23,0.05,0.0627,50000
3201,401,7,7,0,21,128,36,0,0,128.48,0.05,0.06192,50000
3202,217,5,5,0,12,114,29,0,0,102.76,0.05,0.06154,50000
3203,15,0,0,0,1,6,2,0,0,-4.0,0.05,0.06151,50000
3204,401,7,7,0,12,124,35,2,0,127.98,0.05,0.06091,50000
3205,401,8,8,0,20,124,38,2,0,132.73,0.05,0.06059,50000
3206,21,0,0,0,4,13,3,0,0,1.63,0.05,0.0607,50000
3207,119,0,0,0,46,47,11,0,0,29.07,0.05,0.06106,50000
3208,352,7,7,0,47,117,36,3,0,113.96,0.05,0.06153,50000
3209,27,1,1,0,7,11,4,0,0,2.76,0.05,0.06158,50000
3210,63,2,2,0,9,41,9,0,0,26.64,0.05,0.06174,50000
3211,60,4,4,0,6,38,8,0,0,28.1,0.05,0.06163,50000
3212,80,2,2,0,7,49,11,0,0,34.4,0.05,0.06171,50000
3213,21,1,1,0,2,10,3,0,0,1.08,0.05,0.06171,50000
3214,12,0,0,0,5,5,2,0,0,-6.39,0.05,0.06154,50000
3215,401,7,7,0,59,135,35,3,0,130.28,0.05,0.06167,50000
3216,7,0,0,0,3,4,1,0,0,-7.99,0.05,0.06167,50000
3217,149,3,3,0,10,82,20,0,0,65.87,0.05,0.06132,50000
3218,28,0,0,0,7,15,4,0,0,2.79,0.05,0.06128,50000
3219,401,5,5,0,191,104,30,0,0,93.68,0.05,0.06118,50000
3220,58,1,1,0,11,30,8,0,0,17.39,0.05,0.06114,50000
3221,27,0,0,0,8,11,4,0,0,-1.34,0.05,0.06115,50000
3222,89,3,3,0,10,51,12,0,0,38.07,0.05,0.06119,50000
3223,153,4,4,0,9,79,20,0,0,68.14,0.05,0.06171,50000
3224,70,3,3,0,5,31,9,0,0,24.95,0.05,0.06197,50000
3225,106,5,5,0,4,66,14,0,0,52.98,0.05,0.06209,50000
3226,401,8,8,0,88,131,39,4,0,135.23,0.05,0.06161,50000
3227,42,0,0,0,1,27,6,0,0,13.01,0.05,0.06164,50000
3228,254,7,7,0,53,111,30,0,0,98.82,0.05,0.06097,50000
3229,401,7,7,0,37,122,36,2,0,126.28,0.05,0.06134,50000
3230,115,4,4,0,12,68,16,0,0,54.85,0.05,0.06109,50000
3231,401,7,7,0,130,120,36,3,0,121.88,0.05,0.061,50000
3232,44,0,0,0,6,27,6,0,0,14.22,0.05,0.0611,50000
3233,358,8,8,0,17,121,37,8,0,121.89,0.05,0.06097,50000
3234,28,0,0,0,8,15,4,0,0,1.59,0.05,0.0609,50000
3235,235,5,5,0,17,124,30,1,0,107.5,0.05,0.06061,50000
3236,53,1,1,0,7,23,7,0,0,12.99,0.05,0.06049,50000
3237,141,2,2,0,10,92,19,0,0,70.33,0.05,0.06011,50000
3238,33,0,0,0,7,20,5,0,0,5.84,0.05,0.06025,50000
3239,371,9,9,0,77,125,35,4,0,127.28,0.05,0.05952,50000
3240,401,7,7,0,22,126,37,15,0,132.28,0.05,0.05856,50000
3241,36,0,0,0,8,18,5,0,0,5.23,0.05,0.05848,50000
3242,94,3,3,0,7,57,13,0,0,45.17,0.05,0.05839,50000
3243,45,0,0,0,7,23,6,0,0,12.4,0.05,0.0585,50000
3244,22,0,0,0,6,11,3,0,0,-1.59,0.05,0.05854,50000
3245,65,0,0,0,4,44,9,0,0,27.3,0.05,0.0584,50000
3246,83,1,1,0,11,49,12,0,0,34.14,0.05,0.05812,50000
3247,128,3,3,0,14,73,17,1,0,60.04,0.05,0.05843,50000
3248,58,0,0,0,2,30,8,0,0,18.89,0.05,0.05831,50000
3249,295,7,7,0,32,124,35,2,0,117.2,0.05,0.05888,50000
3250,215,6,6,0,12,101,29,0,0,95.15,0.05,0.05947,50000
3251,136,6,6,0,9,81,19,0,0,69.33,0.05,0.05949,50000
3252,359,9,9,0,26,122,39,4,0,136.02,0.05,0.05971,50000
3253,23,0,0,0,4,11,3,0,0,0.29,0.05,0.05965,50000
3254,401,8,8,0,22,125,37,1,0,129.93,0.05,0.05991,50000
3255,27,0,0,0,7,12,4,0,0,0.66,0.05,0.05989,50000
3256,206,5,5,0,14,113,28,0,0,98.53,0.05,0.05986,50000
3257,401,6,6,0,19,105,29,1,0,103.53,0.05,0.05994,50000
3258,401,0,0,0,10,8,3,0,0,0.78,0.05,0.05937,50000
3259,20,0,0,0,3,9,3,0,0,-0.55,0.05,0.05938,50000
3260,46,0,0,0,3,31,6,0,0,13.88,0.05,0.05928,50000
3261,401,9,9,0,53,120,38,10,0,131.23,0.05,0.05929,50000
3262,140,3,3,0,17,75,19,0,0,61.45,0.05,0.05975,50000
3263,69,3,3,0,5,42,10,0,0,32.22,0.05,0.0595,50000
3264,196,6,6,0,16,95,25,0,0,83.78,0.05,0.05978,50000
3265,401,9,9,0,39,121,36,2,0,127.63,0.05,0.06078,50000
3266,22,0,0,0,5,9,3,0,0,-1.09,0.05,0.06086,50000
3267,114,6,6,0,7,66,16,0,0,55.82,0.05,0.06058,50000
3268,93,2,2,0,2,59,13,0,0,45.44,0.05,0.0606,50000
3269,6,0,0,0,1,3,1,0,0,-7.02,0.05,0.0606,50000
3270,91,0,0,0,8,64,13,0,0,42.23,0.05,0.06025,50000
3271,243,8,8,0,14,111,31,2,0,106.59,0.05,0.05985,50000
3272,390,9,9,0,47,129,41,7,0,142.7,0.05,0.05982,50000
3273,203,8,8,0,13,104,26,2,0,96.14,0.05,0.05969,50000
3274,21,1,1,0,7,9,3,0,0,-0.02,0.05,0.05969,50000
3275,5,0,0,0,0,3,1,0,0,-6.8,0.05,0.05969,50000
3276,214,7,7,0,15,102,29,0,0,97.02,0.05,0.05969,50000
3277,57,1,1,0,5,33,8,0,0,21.36,0.05,0.05965,50000
3278,101,1,1,0,13,62,14,0,0,44.58,0.05,0.0594,50000
3279,83,1,1,0,10,49,11,0,0,34.19,0.05,0.05973,50000
3280,68,0,0,0,10,37,9,0,0,21.74,0.05,0.05973,50000
3281,292,6,6,0,20,111,33,0,0,105.11,0.05,0.05912,50000
3282,44,1,1,0,10,20,6,0,0,9.97,0.05,0.0592,50000
3283,74,2,2,0,15,41,10,0,0,26.97,0.05,0.05924,50000
3284,401,6,6,0,29,123,37,2,0,127.08,0.05,0.05949,50000
3285,64,1,1,0,7,33,9,0,0,23.27,0.05,0.05959,50000
3286,93,2,2,0,12,53,13,0,0,38.94,0.05,0.05966,50000
3287,57,1,1,0,5,30,8,0,0,20.86,0.05,0.05986,50000
3288,70,2,2,0,8,42,10,0,0,30.15,0.05,0.05986,50000
3289,21,0,0,0,5,10,3,0,0,-0.82,0.05,0.05975,50000
3290,102,1,1,0,10,48,13,0,0,34.26,0.05,0.05998,50000
3291,231,3,3,0,20,112,30,1,0,98.78,0.05,0.06028,50000
3292,27,0,0,0,1,16,4,0,0,4.46,0.05,0.06025,50000
3293,16,0,0,0,4,4,2,0,0,-5.07,0.05,0.06021,50000
3294,289,7,7,0,17,123,37,2,0,121.32,0.05,0.06071,50000
3295,27,0,0,0,8,13,4,0,0,1.56,0.05,0.06069,50000
3296,15,0,0,0,4,5,2,0,0,-4.95,0.05,0.06069,50000
3297,106,2,2,0,17,56,14,0,0,40.83,0.05,0.06091,50000
3298,401,8,8,0,26,117,35,0,0,122.23,0.05,0.06073,50000
3299,401,8,8,0,36,121,42,1,0,134.18,0.05,0.06103,50000
3300,108,5,5,0,8,68,15,0,0,54.94,0.05,0.06087,50000
3301,72,1,1,0,10,29,10,0,0,22.01,0.05,0.06078,50000
3302,23,0,0,0,2,11,3,0,0,0.34,0.05,0.06074,50000
3303,157,5,5,0,21,79,21,0,0,67.76,0.05,0.06039,50000
3304,269,7,7,0,19,102,31,1,0,100.47,0.05,0.06009,50000
3305,7,0,0,0,2,3,1,0,0,-7.09,0.05,0.06018,50000
3306,226,4,4,0,7,112,31,0,0,102.73,0.05,0.06021,50000
3307,103,2,2,0,17,64,14,0,0,46.54,0.05,0.06014,50000
3308,280,8,8,0,41,102,31,0,0,99.3,0.05,0.05941,50000
3309,401,8,8,0,126,116,33,3,0,115.88,0.05,0.05927,50000
3310,71,2,2,0,8,44,10,0,0,31.68,0.05,0.05941,50000
3311,28,0,0,0,5,10,4,0,0,-0.01,0.05,0.05937,50000
3312,121,5,5,0,14,77,17,0,0,62.18,0.05,0.05968,50000
3313,190,4,4,0,42,87,20,1,0,69.9,0.05,0.05953,50000
3314,21,0,0,0,2,14,3,0,0,2.88,0.05,0.05959,50000
3315,41,1,1,0,6,20,6,0,0,9.18,0.05,0.05959,50000
3316,98,3,3,0,12,58,13,0,0,42.89,0.05,0.05913,50000
3317,117,4,4,0,7,69,16,0,0,56.71,0.05,0.05928,50000
3318,62,1,1,0,10,42,9,0,0,24.91,0.05,0.0593,50000
3319,401,8,8,0,24,124,37,10,0,133.28,0.05,0.05899,50000
3320,222,5,5,0,18,107,30,0,0,99.66,0.05,0.05854,50000
3321,117,0,0,0,10,75,16,0,0,53.61,0.05,0.05818,50000
3322,7,0,0,0,0,3,1,0,0,-7.09,0.05,0.05818,50000
3323,233,5,5,0,23,102,28,3,0,90.29,0.05,0.05778,50000
3324,45,1,1,0,8,22,6,0,0,9.35,0.05,0.05757,50000
3325,401,9,9,0,54,127,38,3,0,134.43,0.05,0.05686,50000
3326,401,5,5,0,16,118,34,2,0,120.43,0.05,0.05667,50000
3327,333,8,10,0,21,125,38,1,0,135.49,0.05,0.05699,50000
3328,82,1,1,0,8,47,11,0,0,32.46,0.05,0.05694,50000
3329,401,9,9,0,22,118,33,3,0,123.73,0.05,0.05718,50000
3330,104,3,3,0,12,57,14,0,0,43.47,0.05,0.05699,50000
3331,401,8,8,0,10,127,38,0,0,134.98,0.05,0.05676,50000
3332,34,0,0,0,6,12,4,0,0,1.97,0.05,0.05671,50000
3333,35,0,0,0,6,16,5,0,0,3.85,0.05,0.05667,50000
3334,21,0,0,0,4,12,3,0,0,-0.27,0.05,0.05663,50000
3335,401,8,8,0,21,128,34,2,0,127.53,0.05,0.05662,50000
3336,95,3,3,0,13,56,13,0,0,41.05,0.05,0.05632,50000
3337,137,4,4,0,15,79,19,0,0,63.06,0.05,0.0561,50000
3338,20,1,1,0,5,9,3,0,0,-0.75,0.05,0.05606,50000
3339,186,7,7,0,14,104,24,1,0,89.53,0.05,0.0563,50000
3340,401,8,8,0,43,125,33,0,0,121.68,0.05,0.05528,50000
3341,6,0,0,0,1,3,1,0,0,-6.92,0.05,0.05528,50000
3342,34,3,3,0,5,14,4,0,0,6.17,0.05,0.05509,50000
3343,282,9,9,0,25,113,34,2,0,123.41,0.05,0.05486,50000
3344,8,0,0,0,1,5,1,0,0,-5.91,0.05,0.05486,50000
3345,100,4,4,0,9,57,13,0,0,46.15,0.05,0.055,50000
3346,90,1,1,0,8,48,12,0,0,34.2,0.05,0.05504,50000
3347,28,0,0,0,9,16,4,0,0,2.54,0.05,0.05526,50000
3348,401,9,9,0,18,112,39,2,0,129.88,0.05,0.05535,50000
3349,138,3,3,0,11,85,19,0,0,69.69,0.05,0.05491,50000
3350,27,1,1,0,8,11,4,0,0,0.96,0.05,0.05474,50000
3351,127,1,1,0,13,74,17,0,0,56.66,0.05,0.05499,50000
3352,36,0,0,0,6,18,5,0,0,5.48,0.05,0.0549,50000
3353,20,0,0,0,4,11,3,0,0,0.05,0.05,0.05496,50000
3354,41,0,0,0,7,21,6,0,0,9.18,0.05,0.05492,50000
3355,390,8,8,0,79,112,34,9,0,109.25,0.05,0.05461,50000
3356,20,0,0,0,3,9,3,0,0,-0.6,0.05,0.0546,50000
3357,358,9,9,0,25,120,35,12,0,121.99,0.05,0.0546,50000
3358,38,1,1,0,1,21,5,0,0,9.79,0.05,0.05468,50000
3359,20,0,0,0,4,12,3,0,0,0.0,0.05,0.05467,50000
3360,162,6,6,0,13,89,21,1,0,76.11,0.05,0.05483,50000
3361,401,9,9,0,54,122,38,8,0,134.53,0.05,0.05495,50000
3362,237,6,6,0,29,113,32,0,0,102.81,0.05,0.05496,50000
3363,103,3,3,0,9,65,14,0,0,49.74,0.05,0.05492,50000
3364,401,8,8,0,23,110,33,9,0,120.63,0.05,0.05458,50000
3365,5,0,0,0,1,1,1,0,0,-8.75,0.05,0.05458,50000
3366,401,8,8,0,28,118,36,17,0,129.88,0.05,0.05454,50000
3367,345,9,9,0,16,127,37,7,0,137.5,0.05,0.05493,50000
3368,153,7,7,0,9,88,20,0,0,76.54,0.05,0.05482,50000
3369,45,1,1,0,7,22,6,0,0,11.25,0.05,0.05491,50000
3370,229,7,7,0,9,108,29,1,0,100.32,0.05,0.05519,50000
3371,63,0,0,0,12,37,9,0,0,22.89,0.05,0.05524,50000
3372,69,2,2,0,7,34,10,0,0,26.62,0.05,0.05524,50000
3373,21,0,0,0,7,10,3,0,0,-2.12,0.05,0.05522,50000
3374,20,1,1,0,6,8,3,0,0,-1.9,0.05,0.05537,50000
3375,15,0,0,0,1,7,2,0,0,-3.5,0.05,0.05539,50000
3376,120,5,5,0,17,72,16,0,0,56.6,0.05,0.05525,50000
3377,401,8,8,0,21,112,30,7,0,113.78,0.05,0.0557,50000
3378,5,0,0,0,4,3,0,0,1,-13.0,0.05,0.05572,50000
3379,5,0,0,0,2,3,0,0,1,-12.9,0.05,0.05572,50000
3380,134,2,2,0,10,77,18,0,0,60.57,0.05,0.05567,50000
3381,76,2,2,0,9,39,11,0,0,30.53,0.05,0.05602,50000
3382,158,2,2,0,69,54,13,0,0,36.09,0.05,0.05613,50000
3383,108,0,0,0,8,75,15,0,0,50.39,0.05,0.05637,50000
3384,20,0,0,0,6,10,3,0,0,-0.95,0.05,0.05638,50000
3385,401,7,7,0,27,121,37,2,0,126.78,0.05,0.05636,50000
3386,27,0,0,0,4,14,4,0,0,2.21,0.05,0.05632,50000
3387,100,4,4,0,6,61,14,0,0,49.5,0.05,0.05638,50000
3388,170,4,4,0,10,91,24,0,0,81.45,0.05,0.05642,50000
3389,15,0,0,0,3,6,2,0,0,-3.5,0.05,0.05645,50000
3390,106,3,3,0,3,63,15,0,0,51.58,0.05,0.05647,50000
3391,20,0,0,0,6,9,3,0,0,-1.9,0.05,0.05644,50000
3392,45,0,0,0,8,21,6,0,0,8.65,0.05,0.05651,50000
3393,120,4,4,0,10,72,16,0,0,58.95,0.05,0.05644,50000
3394,189,7,7,0,17,100,26,0,0,90.22,0.05,0.05603,50000
3395,178,2,2,0,14,98,25,0,0,82.79,0.05,0.05593,50000
3396,83,0,0,0,9,50,11,0,0,33.79,0.05,0.05592,50000
3397,401,8,8,0,17,118,39,1,0,130.13,0.05,0.05678,50000
3398,119,1,1,0,10,58,16,0,0,44.97,0.05,0.05693,50000
3399,69,1,1,0,4,40,9,0,0,25.02,0.05,0.05697,50000
3400,109,4,4,0,12,64,15,0,0,50.92,0.05,0.05744,50000
3401,401,8,8,0,27,119,42,12,0,138.58,0.05,0.05771,50000
3402,61,2,2,0,6,32,7,1,0,19.38,0.05,0.0578,50000
3403,13,0,0,0,6,4,2,0,0,-7.11,0.05,0.05785,50000
3404,184,3,3,0,8,109,25,0,0,90.12,0.05,0.0576,50000
3405,20,0,0,0,4,10,3,0,0,-1.5,0.05,0.05764,50000
3406,8,0,0,0,1,5,1,0,0,-6.31,0.05,0.05764,50000
3407,319,9,9,0,22,120,35,8,0,120.47,0.05,0.05744,50000
3408,50,0,0,0,10,25,7,0,0,12.2,0.05,0.05728,50000
3409,261,7,7,0,18,115,34,1,0,113.63,0.05,0.05703,50000
3410,48,2,2,0,1,36,7,0,0,22.69,0.05,0.05697,50000
3411,150,5,5,0,12,83,20,0,0,70.1,0.05,0.05715,50000
3412,42,0,0,0,11,17,6,0,0,5.46,0.05,0.0571,50000
3413,123,2,2,0,18,69,17,0,0,54.24,0.05,0.05705,50000
3414,401,8,10,0,27,120,36,17,0,136.58,0.05,0.0571,50000
3415,401,5,5,0,20,110,39,1,0,122.63,0.05,0.0566,50000
3416,163,6,6,0,18,90,21,1,0,75.14,0.05,0.05643,50000
3417,43,2,2,0,6,22,6,0,0,11.89,0.05,0.05632,50000
3418,61,3,3,0,7,28,8,0,0,21.53,0.05,0.05642,50000
3419,124,3,3,0,15,71,17,0,0,57.77,0.05,0.05656,50000
3420,129,4,4,0,11,81,18,0,0,65.97,0.05,0.05644,50000
3421,121,3,3,0,47,48,11,1,0,31.83,0.05,0.05662,50000
3422,20,0,0,0,6,10,3,0,0,-0.5,0.05,0.05654,50000
3423,180,5,5,0,38,84,20,0,0,69.65,0.05,0.05681,50000
3424,113,6,6,0,10,65,16,0,0,54.74,0.05,0.0568,50000
3425,137,3,3,0,16,76,19,0,0,60.66,0.05,0.05671,50000
3426,7,0,0,0,0,2,1,0,0,-7.59,0.05,0.05671,50000
3427,401,8,8,0,22,125,34,5,0,125.33,0.05,0.05666,50000
3428,401,6,6,0,28,129,37,5,0,132.38,0.05,0.05635,50000
3429,37,0,0,0,4,21,5,0,0,9.01,0.05,0.05635,50000
3430,401,9,9,0,29,128,37,8,0,134.63,0.05,0.05638,50000
3431,38,0,0,0,8,18,5,0,0,5.34,0.05,0.05624,50000
3432,27,0,0,0,8,12,4,0,0,-0.14,0.05,0.0562,50000
3433,191,6,6,0,14,102,25,0,0,88.83,0.05,0.05619,50000
3434,85,2,2,0,5,51,12,0,0,37.2,0.05,0.05598,50000
3435,401,8,8,0,18,124,39,15,0,139.88,0.05,0.05576,50000
3436,99,3,3,0,9,56,13,0,0,40.92,0.05,0.05556,50000
3437,106,3,3,0,10,65,15,0,0,50.13,0.05,0.056,50000
3438,29,2,2,0,6,15,4,0,0,6.27,0.05,0.056,50000
3439,20,0,0,0,6,12,3,0,0,-0.9,0.05,0.05598,50000
3440,36,1,1,0,3,21,5,0,0,9.83,0.05,0.05587,50000
3441,226,6,6,0,15,111,30,0,0,101.68,0.05,0.05558,50000
3442,401,8,8,0,19,117,34,20,0,129.08,0.05,0.05535,50000
3443,157,4,4,0,17,80,21,0,0,67.71,0.05,0.0553,50000
3444,42,0,0,0,2,25,6,0,0,12.11,0.05,0.05523,50000
3445,388,9,9,0,24,125,34,5,0,117.54,0.05,0.05575,50000
3446,62,0,0,0,8,33,9,0,0,20.81,0.05,0.05591,50000
3447,401,8,8,0,18,123,37,16,0,132.68,0.05,0.05596,50000
3448,401,8,8,0,40,120,40,14,0,139.98,0.05,0.05573,50000
3449,5,0,0,0,0,2,0,0,1,-12.8,0.05,0.0556,50000
3450,401,9,9,0,20,120,39,17,0,140.38,0.05,0.0558,50000
3451,97,2,2,0,8,52,13,0,0,39.61,0.05,0.05543,50000
3452,325,8,8,0,24,123,40,3,0,127.2,0.05,0.05534,50000
3453,226,4,4,0,13,114,30,0,0,99.88,0.05,0.05534,50000
3454,130,1,1,0,11,69,18,0,0,53.1,0.05,0.05548,50000
3455,401,7,7,0,129,120,38,0,0,122.93,0.05,0.05641,50000
3456,56,1,1,0,6,35,8,0,0,21.43,0.05,0.05646,50000
3457,21,0,0,0,7,9,3,0,0,-3.27,0.05,0.05647,50000
3458,21,0,0,0,7,10,3,0,0,-1.07,0.05,0.05654,50000
3459,34,1,1,0,8,18,5,0,0,7.62,0.05,0.05658,50000
3460,401,8,8,0,11,120,35,9,0,127.63,0.05,0.05692,50000
3461,28,0,0,0,4,13,4,0,0,3.79,0.05,0.05678,50000
3462,294,7,7,0,29,127,33,0,0,114.42,0.05,0.05727,50000
3463,209,5,5,0,15,107,29,0,0,95.27,0.05,0.0573,50000
3464,5,0,0,0,4,3,0,0,1,-13.0,0.05,0.0573,50000
3465,401,8,8,0,11,113,34,13,0,125.88,0.05,0.05733,50000
3466,87,2,2,0,12,54,12,0,0,37.71,0.05,0.05761,50000
3467,78,1,1,0,9,44,11,0,0,32.14,0.05,0.0578,50000
3468,401,7,7,0,21,120,37,3,0,126.43,0.05,0.05813,50000
3469,83,2,2,0,6,40,11,0,0,30.69,0.05,0.05812,50000
3470,5,0,0,0,1,2,0,0,1,-13.35,0.05,0.05813,50000
3471,113,2,2,0,6,68,15,0,0,52.14,0.05,0.05804,50000
3472,5,0,0,0,2,3,0,0,1,-12.9,0.05,0.05804,50000
3473,28,0,0,0,5,15,4,0,0,1.89,0.05,0.05798,50000
3474,364,9,9,0,34,128,39,8,0,139.57,0.05,0.05789,50000
3475,47,0,0,0,45,4,0,0,1,-14.89,0.05,0.05801,50000
3476,251,6,6,0,11,105,32,2,0,104.38,0.05,0.05841,50000
3477,103,2,2,0,11,57,14,0,0,43.19,0.05,0.05903,50000
3478,58,0,0,0,8,36,8,0,0,20.79,0.05,0.05905,50000
3479,71,3,3,0,5,44,10,0,0,32.03,0.05,0.0591,50000
3480,56,0,0,0,15,22,8,0,0,11.68,0.05,0.05885,50000
3481,401,7,7,0,38,126,35,15,0,132.73,0.05,0.05925,50000
3482,135,3,3,0,9,83,19,0,0,66.9,0.05,0.05881,50000
3483,198,5,5,0,15,94,27,0,0,88.14,0.05,0.05867,50000
3484,401,5,5,0,123,117,34,1,0,113.03,0.05,0.05832,50000
3485,245,7,7,0,11,111,31,1,0,105.3,0.05,0.05842,50000
3486,324,9,9,0,15,124,36,5,0,123.82,0.05,0.05819,50000
3487,312,8,10,0,22,122,38,3,0,134.41,0.05,0.05872,50000
3488,115,5,5,0,5,75,15,0,0,58.55,0.05,0.05864,50000
3489,304,3,3,0,149,87,23,1,0,64.32,0.05,0.05879,50000
3490,137,6,6,0,12,84,19,0,0,71.81,0.05,0.05869,50000
3491,119,4,4,0,15,82,17,0,0,62.52,0.05,0.0586,50000
3492,259,5,5,0,7,120,35,0,0,113.47,0.05,0.05854,50000
3493,135,5,5,0,8,75,19,0,0,65.4,0.05,0.05865,50000
3494,401,9,9,0,52,120,39,11,0,136.83,0.05,0.05848,50000
3495,156,6,6,0,21,85,20,0,0,72.53,0.05,0.05829,50000
3496,42,0,0,0,1,23,6,0,0,11.51,0.05,0.05834,50000
3497,401,6,6,0,17,112,33,10,0,119.33,0.05,0.05877,50000
3498,244,5,5,0,18,117,32,0,0,107.57,0.05,0.05888,50000
3499,54,0,0,0,12,30,7,0,0,14.52,0.05,0.05864,50000
3500,40,0,0,0,9,28,6,0,0,12.0,0.05,0.05844,50000
3501,5,0,0,0,1,1,0,0,1,-13.85,0.05,0.05833,50000
3502,43,0,0,0,7,23,6,0,0,10.84,0.05,0.05827,50000
3503,242,4,4,0,15,112,30,2,0,99.46,0.05,0.05798,50000
3504,210,5,5,0,20,96,28,1,0,89.7,0.05,0.05769,50000
3505,42,0,0,0,8,26,6,0,0,12.11,0.05,0.05746,50000
3506,8,0,0,0,1,5,1,0,0,-5.91,0.05,0.05749,50000
3507,401,7,7,0,31,128,39,7,0,137.13,0.05,0.05737,50000
3508,82,2,2,0,11,54,11,0,0,36.76,0.05,0.05736,50000
3509,153,6,6,0,13,90,21,0,0,75.14,0.05,0.05722,50000
3510,328,9,9,0,22,131,37,7,0,128.09,0.05,0.05742,50000
3511,246,4,4,0,15,117,32,2,0,107.38,0.05,0.05693,50000
3512,401,9,9,0,25,119,37,4,0,130.18,0.05,0.05631,50000
3513,401,7,7,0,19,119,37,1,0,125.93,0.05,0.0564,50000
3514,158,4,4,0,7,69,15,0,0,52.89,0.05,0.05622,50000
3515,130,3,3,0,5,85,18,0,0,68.0,0.05,0.05615,50000
3516,48,0,0,0,10,28,7,0,0,13.34,0.05,0.05613,50000
3517,240,6,6,0,49,105,28,0,0,92.4,0.05,0.05561,50000
3518,35,0,0,0,5,18,5,0,0,6.35,0.05,0.0556,50000
3519,302,8,10,0,19,126,35,2,0,132.71,0.05,0.05511,50000
3520,20,0,0,0,6,9,3,0,0,-1.45,0.05,0.05508,50000
3521,217,6,6,0,15,100,28,0,0,92.41,0.05,0.05509,50000
3522,82,1,1,0,12,45,11,0,0,29.26,0.05,0.05503,50000
3523,5,0,0,0,1,2,0,0,1,-13.35,0.05,0.05499,50000
3524,35,0,0,0,7,11,3,0,0,-1.4,0.05,0.0549,50000
3525,206,3,3,0,10,111,28,0,0,96.58,0.05,0.0543,50000
3526,34,0,0,0,5,15,5,0,0,4.42,0.05,0.05425,50000
3527,99,3,3,0,5,62,14,0,0,48.67,0.05,0.05429,50000
3528,21,1,1,0,5,11,3,0,0,-0.27,0.05,0.05433,50000
3529,334,6,6,0,98,115,32,0,0,100.02,0.05,0.05504,50000
3530,21,0,0,0,4,14,3,0,0,0.13,0.05,0.05509,50000
3531,74,2,2,0,5,48,9,0,0,32.07,0.05,0.05519,50000
3532,350,9,9,0,18,110,34,12,0,112.9,0.05,0.05499,50000
3533,34,1,1,0,8,17,5,0,0,6.92,0.05,0.05508,50000
3534,67,2,2,0,12,27,9,0,0,20.46,0.05,0.05529,50000
3535,128,2,2,0,15,75,17,0,0,58.69,0.05,0.05554,50000
3536,136,4,4,0,13,73,19,0,0,62.98,0.05,0.05544,50000
3537,175,1,1,0,15,95,24,0,0,78.7,0.05,0.05549,50000
3538,36,0,0,0,5,21,5,0,0,8.48,0.05,0.05545,50000
3539,20,0,0,0,6,10,3,0,0,-1.15,0.05,0.05542,50000
3540,37,0,0,0,9,16,5,0,0,4.26,0.05,0.05541,50000
3541,52,1,1,0,5,24,7,0,0,14.41,0.05,0.05526,50000
3542,29,0,0,0,8,14,4,0,0,1.07,0.05,0.05519,50000
3543,92,3,3,0,6,55,12,0,0,40.36,0.05,0.0552,50000
3544,36,0,0,0,1,18,5,0,0,7.53,0.05,0.05541,50000
3545,51,0,0,0,37,8,3,0,0,-5.07,0.05,0.05526,50000
3546,21,0,0,0,7,12,3,0,0,-1.42,0.05,0.05525,50000
3547,20,0,0,0,6,12,3,0,0,-0.8,0.05,0.05529,50000
3548,13,0,0,0,2,5,2,0,0,-4.86,0.05,0.05525,50000
3549,279,9,9,0,17,115,35,2,0,126.12,0.05,0.05552,50000
3550,262,6,6,0,24,116,34,1,0,108.31,0.05,0.05583,50000
3551,21,0,0,0,4,11,3,0,0,0.13,0.05,0.05572,50000
3552,401,5,5,0,113,107,30,0,0,100.28,0.05,0.05528,50000
3553,226,6,6,0,75,94,22,0,0,75.43,0.05,0.05526,50000
3554,401,9,9,0,26,117,35,17,0,130.53,0.05,0.0557,50000
3555,401,9,9,0,30,125,40,9,0,138.53,0.05,0.05531,50000
3556,27,0,0,0,7,15,4,0,0,2.16,0.05,0.0554,50000
3557,88,0,0,0,8,46,12,0,0,32.29,0.05,0.05559,50000
3558,21,0,0,0,5,8,3,0,0,-2.47,0.05,0.05568,50000
3559,38,0,0,0,5,17,5,0,0,5.94,0.05,0.05575,50000
3560,76,2,2,0,9,53,11,0,0,38.03,0.05,0.05576,50000
3561,363,9,9,0,23,123,37,8,0,124.39,0.05,0.05586,50000
3562,271,8,8,0,21,118,33,1,0,113.58,0.05,0.05573,50000
3563,18,0,0,0,4,6,2,0,0,-4.11,0.05,0.05582,50000
3564,23,0,0,0,1,11,3,0,0,1.04,0.05,0.05579,50000
3565,401,9,9,0,37,119,41,12,0,138.23,0.05,0.05552,50000
3566,8,0,0,0,1,6,1,0,0,-5.41,0.05,0.05554,50000
3567,139,4,4,0,10,83,19,0,0,69.32,0.05,0.05551,50000
3568,35,0,0,0,6,16,5,0,0,5.85,0.05,0.05564,50000
3569,126,5,5,0,7,68,18,0,0,60.08,0.05,0.05537,50000
3570,401,9,9,0,29,132,37,13,0,140.33,0.05,0.05548,50000
3571,401,6,6,0,32,120,36,12,0,129.08,0.05,0.05548,50000
3572,157,6,6,0,14,85,22,0,0,75.76,0.05,0.05533,50000
3573,200,5,5,0,12,95,26,0,0,86.1,0.05,0.05544,50000
3574,47,0,0,0,3,29,7,0,0,15.91,0.05,0.05546,50000
3575,33,0,0,0,8,17,4,0,0,2.89,0.05,0.05545,50000
3576,6,0,0,0,1,3,1,0,0,-7.02,0.05,0.05545,50000
3577,82,3,3,0,10,53,11,0,0,37.16,0.05,0.05556,50000
3578,71,0,0,0,11,36,9,0,0,19.63,0.05,0.05571,50000
3579,98,0,0,0,26,51,12,0,0,33.49,0.05,0.05598,50000
3580,57,0,0,0,1,33,8,0,0,21.21,0.05,0.0561,50000
3581,179,4,4,0,14,106,24,0,0,85.47,0.05,0.05611,50000
3582,240,9,9,0,23,116,30,1,0,107.4,0.05,0.0563,50000
3583,401,9,9,0,15,120,34,6,0,126.53,0.05,0.0567,50000
3584,257,4,4,0,28,112,28,7,0,100.26,0.05,0.0571,50000
3585,358,9,9,0,24,119,42,3,0,138.94,0.05,0.0567,50000
3586,393,9,9,0,20,124,38,10,0,137.74,0.05,0.05668,50000
3587,96,4,4,0,11,49,13,0,0,41.88,0.05,0.05686,50000
3588,66,1,1,0,12,46,9,0,0,26.98,0.05,0.05673,50000
3589,401,8,8,0,118,123,38,2,0,127.58,0.05,0.05677,50000
3590,177,3,3,0,13,96,24,0,0,81.46,0.05,0.05661,50000
3591,14,0,0,0,3,7,2,0,0,-4.63,0.05,0.05661,50000
3592,244,5,5,0,42,110,28,1,0,96.37,0.05,0.05711,50000
3593,79,0,0,0,15,50,11,0,0,31.22,0.05,0.0571,50000
3594,265,7,7,0,17,121,33,1,0,113.5,0.05,0.05701,50000
3595,33,0,0,0,7,15,5,0,0,3.79,0.05,0.05705,50000
3596,81,2,2,0,1,52,11,0,0,37.38,0.05,0.05698,50000
3597,149,5,5,0,7,94,21,0,0,77.72,0.05,0.05712,50000
3598,78,3,3,0,14,45,11,0,0,33.59,0.05,0.05701,50000
3599,401,6,6,0,95,118,35,0,0,117.18,0.05,0.05721,50000
3600,121,2,2,0,10,71,16,0,0,54.18,0.05,0.05724,50000
3601,130,4,4,0,10,75,18,0,0,62.75,0.05,0.05686,50000
3602,182,5,5,0,14,84,23,1,0,76.86,0.05,0.05683,50000
3603,132,7,7,0,5,77,19,0,0,69.86,0.05,0.0568,50000
3604,248,0,0,0,210,17,4,0,0,-10.91,0.05,0.05663,50000
3605,239,8,8,0,14,114,32,0,0,108.57,0.05,0.05636,50000
3606,401,8,8,0,20,115,35,11,0,127.63,0.05,0.05643,50000
3607,56,0,0,0,9,36,8,0,0,19.43,0.05,0.05625,50000
3608,78,3,3,0,24,38,9,0,0,24.74,0.05,0.05625,50000
3609,129,3,3,0,11,77,18,0,0,63.22,0.05,0.05631,50000
3610,63,2,2,0,11,30,8,0,0,20.54,0.05,0.05609,50000
3611,331,9,9,0,28,126,34,9,0,133.33,0.05,0.05693,50000
3612,381,6,6,0,20,122,33,2,0,110.83,0.05,0.0568,50000
3613,127,3,3,0,10,72,17,0,0,56.51,0.05,0.0569,50000
3614,29,0,0,0,5,13,4,0,0,2.72,0.05,0.05694,50000
3615,20,0,0,0,7,7,3,0,0,-4.15,0.05,0.05696,50000
3616,255,7,7,0,38,108,27,5,0,96.65,0.05,0.05697,50000
3617,27,0,0,0,6,12,4,0,0,1.31,0.05,0.05702,50000
3618,122,4,4,0,14,68,17,0,0,57.76,0.05,0.05712,50000
3619,127,0,0,0,11,70,17,0,0,50.31,0.05,0.05743,50000
3620,36,0,0,0,6,17,5,0,0,5.43,0.05,0.05759,50000
3621,240,9,9,0,20,113,31,0,0,107.05,0.05,0.05761,50000
3622,302,9,9,0,17,119,32,7,0,115.46,0.05,0.05837,50000
3623,42,1,1,0,7,22,6,0,0,9.96,0.05,0.05849,50000
3624,318,7,7,0,34,124,38,4,0,122.14,0.05,0.05781,50000
3625,254,6,6,0,18,113,32,0,0,106.27,0.05,0.05838,50000
3626,158,4,4,0,7,91,21,0,0,75.79,0.05,0.05822,50000
3627,401,9,9,0,23,113,32,8,0,119.68,0.05,0.05769,50000
3628,37,0,0,0,2,21,5,0,0,8.66,0.05,0.05764,50000
3629,131,4,4,0,11,78,18,0,0,63.48,0.05,0.05743,50000
3630,96,0,0,0,13,54,13,0,0,36.38,0.05,0.05739,50000
3631,130,4,4,0,16,74,18,0,0,61.8,0.05,0.05744,50000
3632,76,3,3,0,9,36,11,0,0,30.28,0.05,0.05748,50000
3633,173,6,6,0,12,95,23,0,0,84.44,0.05,0.05754,50000
3634,401,8,8,0,18,127,37,3,0,132.53,0.05,0.05705,50000
3635,20,0,0,0,5,10,3,0,0,-0.4,0.05,0.05697,50000
3636,401,6,6,0,26,131,37,14,0,137.98,0.05,0.05708,50000
3637,401,7,7,0,21,120,32,5,0,121.13,0.05,0.05703,50000
3638,7,0,0,0,3,5,1,0,0,-7.99,0.05,0.05703,50000
3639,5,0,0,0,1,1,0,0,1,-13.85,0.05,0.05701,50000
3640,255,7,7,0,19,113,34,0,0,110.9,0.05,0.0566,50000
3641,146,8,8,0,13,83,19,0,0,73.98,0.05,0.05636,50000
3642,72,2,2,0,14,36,10,0,0,27.16,0.05,0.0562,50000
3643,21,0,0,0,6,9,3,0,0,-1.92,0.05,0.05614,50000
3644,96,3,3,0,7,55,13,0,0,40.88,0.05,0.05608,50000
3645,50,1,1,0,10,28,7,0,0,16.15,0.05,0.05595,50000
3646,6,0,0,0,1,3,1,0,0,-7.62,0.05,0.05595,50000
3647,126,3,3,0,20,71,17,0,0,56.03,0.05,0.0562,50000
3648,20,1,1,0,3,10,3,0,0,1.35,0.05,0.05619,50000
3649,105,3,3,0,8,67,15,0,0,53.7,0.05,0.05609,50000
3650,27,0,0,0,5,11,4,0,0,0.86,0.05,0.05611,50000
3651,247,9,9,0,18,116,34,0,0,113.36,0.05,0.05611,50000
3652,84,2,2,0,10,44,11,0,0,30.17,0.05,0.05585,50000
3653,49,0,0,0,5,28,7,0,0,15.32,0.05,0.05596,50000
3654,164,4,4,0,17,90,22,0,0,74.07,0.05,0.05564,50000
3655,401,8,8,0,39,127,38,16,0,137.43,0.05,0.05585,50000
3656,7,0,0,0,3,4,1,0,0,-8.49,0.05,0.05585,50000
3657,58,4,4,0,5,37,8,0,0,26.59,0.05,0.05584,50000
3658,36,0,0,0,7,17,5,0,0,4.83,0.05,0.05582,50000
3659,71,2,2,0,15,42,10,0,0,26.88,0.05,0.0559,50000
3660,20,0,0,0,6,9,3,0,0,-2.55,0.05,0.05598,50000
3661,76,2,2,0,13,42,10,0,0,28.28,0.05,0.05593,50000
3662,86,5,5,0,9,52,12,0,0,42.88,0.05,0.05618,50000
3663,20,0,0,0,4,11,3,0,0,-0.25,0.05,0.05625,50000
3664,255,8,8,0,19,110,29,5,0,102.6,0.05,0.05639,50000
3665,28,0,0,0,7,13,4,0,0,2.24,0.05,0.05635,50000
3666,357,9,9,0,26,114,38,9,0,123.71,0.05,0.05668,50000
3667,7,0,0,0,1,3,1,0,0,-7.79,0.05,0.05668,50000
3668,12,0,0,0,4,5,2,0,0,-5.09,0.05,0.05679,50000
3669,15,0,0,0,1,5,2,0,0,-4.85,0.05,0.05684,50000
3670,113,2,2,0,5,76,16,0,0,58.79,0.05,0.05715,50000
3671,115,3,3,0,9,69,15,1,0,53.65,0.05,0.05705,50000
3672,21,0,0,0,4,12,3,0,0,0.63,0.05,0.057,50000
3673,49,1,1,0,8,30,7,0,0,17.32,0.05,0.05714,50000
3674,102,2,2,0,10,52,14,0,0,43.36,0.05,0.05698,50000
3675,94,3,3,0,7,49,13,0,0,39.62,0.05,0.05692,50000
3676,225,6,6,0,17,120,31,0,0,107.0,0.05,0.05717,50000
3677,187,4,4,0,13,103,25,1,0,87.31,0.05,0.05711,50000
3678,158,5,5,0,9,86,22,0,0,75.34,0.05,0.0573,50000
3679,107,4,4,0,10,66,14,0,0,49.51,0.05,0.05717,50000
3680,125,2,2,0,21,71,17,0,0,54.3,0.05,0.0571,50000
3681,401,9,9,0,38,119,37,15,0,133.73,0.05,0.05673,50000
3682,20,0,0,0,8,12,3,0,0,-1.2,0.05,0.05672,50000
3683,35,0,0,0,4,20,5,0,0,8.45,0.05,0.05657,50000
3684,134,4,4,0,7,82,18,0,0,64.32,0.05,0.05626,50000
3685,337,8,8,0,17,125,36,8,0,123.36,0.05,0.05595,50000
3686,401,8,8,0,40,125,36,17,0,133.23,0.05,0.05557,50000
3687,13,0,0,0,5,5,2,0,0,-5.11,0.05,0.05571,50000
3688,143,3,3,0,12,89,20,0,0,71.69,0.05,0.05563,50000
3689,83,2,2,0,10,43,11,0,0,31.84,0.05,0.05631,50000
3690,34,1,1,0,4,19,5,0,0,8.02,0.05,0.0564,50000
3691,40,1,1,0,6,16,5,0,0,5.45,0.05,0.05642,50000
3692,34,0,0,0,4,16,5,0,0,4.97,0.05,0.05671,50000
3693,106,1,1,0,5,72,15,0,0,54.98,0.05,0.05679,50000
3694,138,1,1,0,8,80,18,1,0,60.89,0.05,0.05718,50000
3695,264,8,8,0,12,117,33,3,0,112.72,0.05,0.05745,50000
3696,20,0,0,0,6,8,3,0,0,-3.45,0.05,0.05736,50000
3697,90,1,1,0,8,61,12,0,0,42.5,0.05,0.05732,50000
3698,112,3,3,0,13,74,16,0,0,56.91,0.05,0.05737,50000
3699,308,9,9,0,23,124,35,6,0,121.99,0.05,0.05761,50000
3700,8,0,0,0,1,5,1,0,0,-5.91,0.05,0.05775,50000
3701,5,0,0,0,3,3,0,0,1,-12.95,0.05,0.05775,50000
3702,85,0,0,0,14,43,12,0,0,29.6,0.05,0.05789,50000
3703,275,7,7,0,14,123,33,3,0,114.65,0.05,0.05794,50000
3704,188,4,4,0,12,97,25,0,0,85.54,0.05,0.05772,50000
3705,115,1,1,0,4,63,15,0,0,47.55,0.05,0.05754,50000
3706,21,1,1,0,3,8,3,0,0,0.08,0.05,0.05753,50000
3707,43,0,0,0,5,24,6,0,0,11.14,0.05,0.05733,50000
3708,401,8,8,0,38,117,35,18,0,126.93,0.05,0.05819,50000
3709,117,3,3,0,16,68,16,0,0,53.61,0.05,0.05824,50000
3710,7,0,0,0,0,3,1,0,0,-6.99,0.05,0.05824,50000
3711,206,7,7,0,26,94,25,1,0,85.68,0.05,0.05842,50000
3712,73,1,1,0,16,42,10,0,0,26.04,0.05,0.05838,50000
3713,231,8,8,0,10,112,29,2,0,105.53,0.05,0.05856,50000
3714,20,0,0,0,6,8,3,0,0,-1.95,0.05,0.05853,50000
3715,106,2,2,0,11,61,15,0,0,46.98,0.05,0.059,50000
3716,95,4,4,0,14,56,13,0,0,45.6,0.05,0.05914,50000
3717,75,2,2,0,9,47,10,0,0,33.05,0.05,0.05911,50000
3718,15,1,1,0,4,5,2,0,0,-4.35,0.05,0.05909,50000
3719,131,3,3,0,11,81,18,0,0,66.08,0.05,0.05922,50000
3720,7,0,0,0,0,6,1,0,0,-4.84,0.05,0.05922,50000
3721,401,8,8,0,12,129,35,17,0,136.28,0.05,0.05905,50000
3722,109,2,2,0,17,61,15,0,0,45.82,0.05,0.05902,50000
3723,15,0,0,0,3,6,2,0,0,-3.85,0.05,0.059,50000
3724,13,0,0,0,6,5,2,0,0,-6.61,0.05,0.05904,50000
3725,29,0,0,0,3,19,4,0,0,6.47,0.05,0.0591,50000
3726,117,3,3,0,11,63,16,0,0,50.46,0.05,0.05904,50000
3727,20,0,0,0,6,10,3,0,0,-1.0,0.05,0.05906,50000
3728,369,9,9,0,25,127,36,13,0,137.17,0.05,0.05916,50000
3729,401,9,9,0,34,118,38,16,0,136.23,0.05,0.05939,50000
3730,110,4,4,0,8,70,15,0,0,53.25,0.05,0.059,50000
3731,172,4,4,0,16,100,23,0,0,81.36,0.05,0.05888,50000
3732,401,9,9,0,16,127,37,10,0,138.23,0.05,0.0579,50000
3733,88,3,3,0,10,51,12,0,0,39.94,0.05,0.05826,50000
3734,70,1,1,0,6,48,10,0,0,32.8,0.05,0.05817,50000
3735,87,1,1,0,8,45,12,0,0,32.36,0.05,0.05798,50000
3736,5,0,0,0,1,2,0,0,1,-13.35,0.05,0.05791,50000
3737,203,5,5,0,32,107,27,0,0,92.89,0.05,0.05809,50000
3738,231,7,7,0,20,109,31,0,0,103.08,0.05,0.05798,50000
3739,21,0,0,0,6,8,3,0,0,-3.52,0.05,0.058,50000
3740,56,2,2,0,6,31,8,0,0,20.28,0.05,0.05823,50000
3741,131,4,4,0,8,79,18,0,0,63.33,0.05,0.05806,50000
3742,66,1,1,0,4,35,9,0,0,23.13,0.05,0.05795,50000
3743,343,7,7,0,81,109,30,6,0,101.84,0.05,0.05797,50000
3744,7,0,0,0,1,5,1,0,0,-6.79,0.05,0.05797,50000
3745,236,8,8,0,13,109,32,0,0,105.63,0.05,0.05809,50000
3746,42,0,0,0,7,27,6,0,0,11.31,0.05,0.05811,50000
3747,182,3,3,0,17,113,25,0,0,90.21,0.05,0.05813,50000
3748,71,2,2,0,5,39,10,0,0,28.53,0.05,0.05848,50000
3749,55,2,2,0,9,23,7,0,0,12.6,0.05,0.05861,50000
3750,5,0,0,0,1,2,1,0,0,-8.25,0.05,0.05858,50000
3751,79,1,1,0,8,45,11,0,0,32.27,0.05,0.05885,50000
3752,175,3,3,0,17,94,24,0,0,78.8,0.05,0.05867,50000
3753,358,9,9,0,25,124,33,14,0,120.79,0.05,0.05842,50000
3754,183,1,1,0,10,95,24,1,0,79.49,0.05,0.05806,50000
3755,28,1,1,0,9,16,4,0,0,5.04,0.05,0.05811,50000
3756,190,4,4,0,12,105,26,0,0,90.7,0.05,0.05801,50000
3757,56,1,1,0,7,27,8,0,0,16.88,0.05,0.05814,50000
3758,42,1,1,0,7,27,6,0,0,13.16,0.05,0.05817,50000
3759,21,0,0,0,5,13,3,0,0,-0.27,0.05,0.05821,50000
3760,37,0,0,0,6,19,5,0,0,7.91,0.05,0.05806,50000
3761,21,0,0,0,5,11,3,0,0,0.08,0.05,0.05811,50000
3762,31,0,0,0,5,12,4,0,0,2.43,0.05,0.05821,50000
3763,20,1,1,0,5,10,3,0,0,1.5,0.05,0.05819,50000
3764,31,0,0,0,7,15,4,0,0,3.53,0.05,0.05817,50000
3765,304,8,8,0,17,124,34,7,0,119.62,0.05,0.05838,50000
3766,253,8,8,0,17,109,32,1,0,104.59,0.05,0.05854,50000
3767,114,2,2,0,10,73,16,0,0,56.27,0.05,0.05847,50000
3768,190,4,4,0,8,93,26,0,0,84.75,0.05,0.05842,50000
3769,265,7,7,0,17,114,31,3,0,106.8,0.05,0.05885,50000
3770,401,9,9,0,23,117,36,8,0,127.93,0.05,0.05881,50000
3771,138,2,2,0,15,85,19,0,0,68.14,0.05,0.05891,50000
3772,14,0,0,0,2,6,2,0,0,-4.28,0.05,0.05888,50000
3773,401,9,9,0,29,114,35,9,0,126.38,0.05,0.05916,50000
3774,48,0,0,0,6,23,7,0,0,10.34,0.05,0.05902,50000
3775,117,3,3,0,9,62,16,0,0,49.76,0.05,0.05905,50000
3776,27,1,1,0,1,11,4,0,0,2.06,0.05,0.05907,50000
3777,269,7,7,0,22,124,37,0,0,120.27,0.05,0.0592,50000
3778,108,2,2,0,11,61,15,0,0,48.69,0.05,0.05886,50000
3779,401,8,8,0,19,127,40,13,0,142.28,0.05,0.05893,50000
3780,116,3,3,0,7,69,16,0,0,54.68,0.05,0.05903,50000
3781,5,0,0,0,3,2,1,0,0,-9.45,0.05,0.05903,50000
3782,8,0,0,0,1,5,1,0,0,-5.41,0.05,0.05897,50000
3783,286,9,9,0,17,115,33,2,0,113.63,0.05,0.05877,50000
3784,150,3,3,0,13,79,20,1,0,65.85,0.05,0.05871,50000
3785,299,7,7,0,23,123,35,3,0,117.77,0.05,0.05894,50000
3786,113,4,4,0,11,69,16,0,0,55.34,0.05,0.05904,50000
3787,127,5,5,0,18,75,18,0,0,60.66,0.05,0.05863,50000
3788,21,0,0,0,5,11,3,0,0,0.08,0.05,0.05866,50000
3789,13,0,0,0,4,6,2,0,0,-3.91,0.05,0.05871,50000
3790,310,7,7,0,50,121,35,1,0,115.15,0.05,0.05912,50000
3791,246,5,5,0,18,118,32,1,0,108.08,0.05,0.05954,50000
3792,20,1,1,0,4,11,3,0,0,1.05,0.05,0.05961,50000
3793,7,0,0,0,0,6,1,0,0,-5.34,0.05,0.05961,50000
3794,177,6,6,0,22,99,24,0,0,86.01,0.05,0.05911,50000
3795,7,0,0,0,2,3,1,0,0,-7.09,0.05,0.05913,50000
3796,227,8,8,0,18,114,31,0,0,107.76,0.05,0.05918,50000
3797,137,2,2,0,12,93,19,0,0,71.46,0.05,0.05941,50000
3798,14,0,0,0,0,7,2,0,0,-3.13,0.05,0.05929,50000
3799,231,6,6,0,18,107,30,1,0,99.48,0.05,0.0592,50000
3800,304,9,9,0,25,114,35,4,0,126.42,0.05,0.0597,50000
3801,290,8,8,0,24,124,38,2,0,124.05,0.05,0.05951,50000
3802,20,0,0,0,6,10,3,0,0,-2.45,0.05,0.05954,50000
3803,21,0,0,0,4,11,3,0,0,-1.52,0.05,0.05956,50000
3804,401,7,7,0,74,119,34,7,0,119.58,0.05,0.05992,50000
3805,395,8,8,0,74,123,32,12,0,113.45,0.05,0.05944,50000
3806,74,1,1,0,10,45,10,0,0,30.82,0.05,0.05942,50000
3807,171,5,5,0,16,92,23,0,0,80.08,0.05,0.05904,50000
3808,240,6,6,0,13,110,31,1,0,104.4,0.05,0.05876,50000
3809,237,6,6,0,21,114,31,2,0,105.11,0.05,0.0584,50000
3810,29,1,1,0,3,16,4,0,0,6.22,0.05,0.05838,50000
3811,7,0,0,0,0,6,1,0,0,-4.34,0.05,0.05838,50000
3812,48,1,1,0,10,27,7,0,0,15.24,0.05,0.05837,50000
3813,21,0,0,0,7,12,3,0,0,-1.02,0.05,0.05831,50000
3814,142,3,3,0,6,94,20,0,0,75.56,0.05,0.05819,50000
3815,352,9,9,0,8,117,34,10,0,118.76,0.05,0.0578,50000
3816,151,3,3,0,9,92,20,0,0,73.23,0.05,0.05792,50000
3817,401,4,4,0,233,88,22,0,0,68.98,0.05,0.05787,50000
3818,7,0,0,0,2,2,1,0,0,-7.99,0.05,0.05787,50000
3819,401,8,8,0,18,125,39,11,0,138.28,0.05,0.05762,50000
3820,158,7,7,0,17,84,22,0,0,75.34,0.05,0.05748,50000
3821,401,9,9,0,29,116,36,1,0,125.78,0.05,0.057,50000
3822,124,4,4,0,6,74,17,0,0,60.17,0.05,0.05698,50000
3823,59,1,1,0,6,32,8,0,0,18.82,0.05,0.05687,50000
3824,278,6,6,0,22,114,35,2,0,111.59,0.05,0.05625,50000
3825,382,9,9,0,11,124,37,13,0,138.81,0.05,0.05589,50000
3826,93,2,2,0,11,60,13,0,0,43.94,0.05,0.05573,50000
3827,116,4,4,0,4,66,16,0,0,55.48,0.05,0.05559,50000
3828,228,8,8,0,4,110,28,2,0,103.19,0.05,0.05575,50000
3829,228,5,5,0,66,92,24,0,0,78.24,0.05,0.05607,50000
3830,108,3,3,0,11,56,15,0,0,46.74,0.05,0.05595,50000
3831,328,8,8,0,9,131,33,10,0,123.64,0.05,0.05612,50000
3832,150,5,5,0,14,76,20,0,0,66.3,0.05,0.05586,50000
3833,145,3,3,0,16,77,19,0,0,62.9,0.05,0.05561,50000
3834,13,0,0,0,6,3,2,0,0,-7.61,0.05,0.0556,50000
3835,92,4,4,0,4,62,13,0,0,48.91,0.05,0.05603,50000
3836,48,0,0,0,9,19,6,1,0,9.74,0.05,0.05604,50000
3837,56,1,1,0,9,30,8,0,0,17.28,0.05,0.05581,50000
3838,50,2,2,0,8,22,7,0,0,12.95,0.05,0.05578,50000
3839,21,0,0,0,3,11,3,0,0,1.08,0.05,0.05585,50000
3840,63,1,1,0,6,35,9,0,0,23.34,0.05,0.05583,50000
3841,27,0,0,0,6,15,4,0,0,1.56,0.05,0.05584,50000
3842,87,3,3,0,15,48,12,0,0,37.71,0.05,0.05588,50000
3843,5,0,0,0,2,2,0,0,1,-13.4,0.05,0.05588,50000
3844,122,3,3,0,11,69,16,1,0,55.76,0.05,0.05541,50000
3845,20,0,0,0,6,13,3,0,0,-0.45,0.05,0.05541,50000
3846,38,0,0,0,7,17,5,0,0,6.09,0.05,0.05548,50000
3847,72,0,0,0,13,38,10,0,0,24.26,0.05,0.05556,50000
3848,321,9,9,0,8,111,33,2,0,111.73,0.05,0.05569,50000
3849,282,8,8,0,19,125,34,2,0,115.26,0.05,0.05544,50000
3850,234,5,5,0,33,117,29,0,0,102.42,0.05,0.05523,50000
3851,165,4,4,0,16,93,22,0,0,76.45,0.05,0.05484,50000
3852,401,9,9,0,18,127,35,8,0,130.93,0.05,0.05503,50000
3853,41,1,1,0,9,25,5,0,0,11.03,0.05,0.0548,50000
3854,5,0,0,0,0,2,0,0,1,-13.3,0.05,0.0548,50000
3855,28,0,0,0,0,16,4,0,0,4.64,0.05,0.05488,50000
3856,80,2,2,0,3,47,11,0,0,34.8,0.05,0.05493,50000
3857,66,0,0,0,9,34,9,0,0,19.98,0.05,0.05504,50000
3858,156,5,5,0,21,89,22,0,0,74.18,0.05,0.05512,50000
3859,173,4,4,0,23,90,24,0,0,79.19,0.05,0.05518,50000
3860,401,9,9,0,37,121,36,3,0,126.58,0.05,0.05556,50000
3861,319,9,9,0,20,123,36,2,0,131.77,0.05,0.0556,50000
3862,6,0,0,0,1,3,1,0,0,-7.62,0.05,0.0556,50000
3863,5,0,0,0,2,2,0,0,1,-13.4,0.05,0.0556,50000
3864,70,2,2,0,5,44,9,0,0,30.3,0.05,0.0555,50000
3865,202,7,7,0,8,112,27,0,0,98.76,0.05,0.05574,50000
3866,90,3,3,0,16,55,13,0,0,41.5,0.05,0.05559,50000
3867,253,8,8,0,12,110,33,0,0,109.89,0.05,0.05569,50000
3868,195,3,3,0,8,102,27,0,0,89.65,0.05,0.0558,50000
3869,164,2,2,0,13,90,22,0,0,73.37,0.05,0.05571,50000
3870,401,8,8,0,26,120,37,14,0,135.58,0.05,0.05575,50000
3871,59,0,0,0,8,36,8,0,0,19.57,0.05,0.05596,50000
3872,35,0,0,0,7,22,5,0,0,7.8,0.05,0.05585,50000
3873,130,5,5,0,14,75,18,0,0,64.35,0.05,0.05586,50000
3874,47,1,1,0,6,29,7,0,0,17.36,0.05,0.05598,50000
3875,94,1,1,0,11,52,13,0,0,38.77,0.05,0.05611,50000
3876,58,2,2,0,4,37,8,0,0,24.64,0.05,0.05595,50000
3877,118,3,3,0,10,65,16,0,0,53.29,0.05,0.05593,50000
3878,401,8,8,0,53,113,38,2,0,124.93,0.05,0.05617,50000
3879,321,9,9,0,22,124,36,4,0,132.73,0.05,0.05643,50000
3880,401,7,7,0,17,116,34,16,0,127.33,0.05,0.0568,50000
3881,58,3,3,0,9,35,8,0,0,23.84,0.05,0.05668,50000
3882,41,0,0,0,7,19,6,0,0,7.53,0.05,0.05673,50000
3883,176,5,5,0,22,87,24,0,0,78.18,0.05,0.05706,50000
3884,22,0,0,0,6,8,3,0,0,-1.54,0.05,0.05704,50000
3885,401,7,7,0,21,116,33,18,0,125.33,0.05,0.05682,50000
3886,6,0,0,0,1,3,1,0,0,-7.12,0.05,0.05682,50000
3887,63,2,2,0,6,31,9,0,0,20.49,0.05,0.05676,50000
3888,378,8,8,0,136,109,29,2,0,93.24,0.05,0.05645,50000
3889,52,0,0,0,6,9,3,0,0,-2.39,0.05,0.05632,50000
3890,7,0,0,0,3,4,1,0,0,-7.49,0.05,0.05632,50000
3891,401,8,8,0,38,119,36,15,0,131.28,0.05,0.05646,50000
3892,42,0,0,0,5,27,6,0,0,11.71,0.05,0.05593,50000
3893,7,0,0,0,2,3,1,0,0,-7.09,0.05,0.05593,50000
3894,298,5,5,0,25,122,33,0,0,111.34,0.05,0.05593,50000
3895,401,8,8,0,26,123,40,3,0,134.48,0.05,0.05685,50000
3896,28,0,0,0,5,15,4,0,0,3.89,0.05,0.05692,50000
3897,110,1,1,0,82,14,4,0,0,-0.25,0.05,0.05673,50000
3898,183,6,6,0,14,100,23,2,0,86.44,0.05,0.05688,50000
3899,59,0,0,0,8,35,8,0,0,20.12,0.05,0.05699,50000
3900,119,4,4,0,9,64,16,0,0,53.92,0.05,0.05682,50000
3901,43,0,0,0,8,25,6,0,0,11.59,0.05,0.05673,50000
3902,43,0,0,0,10,26,6,0,0,10.39,0.05,0.05676,50000
3903,122,2,2,0,16,76,17,0,0,57.06,0.05,0.05676,50000
3904,401,9,9,0,39,122,34,20,0,131.98,0.05,0.05674,50000
3905,73,1,1,0,7,34,10,0,0,21.89,0.05,0.05662,50000
3906,32,0,0,0,4,15,4,0,0,3.21,0.05,0.05678,50000
3907,51,3,3,0,10,27,7,0,0,18.78,0.05,0.05688,50000
3908,28,1,1,0,6,17,4,0,0,6.29,0.05,0.05692,50000
3909,27,0,0,0,5,14,4,0,0,3.01,0.05,0.05705,50000
3910,12,0,0,0,0,8,2,0,0,-3.04,0.05,0.05703,50000
3911,72,2,2,0,13,49,10,0,0,32.46,0.05,0.05673,50000
3912,336,7,7,0,21,104,30,1,0,97.93,0.05,0.0565,50000
3913,401,8,8,0,35,126,40,12,0,138.53,0.05,0.05643,50000
3914,30,0,0,0,8,17,4,0,0,4.25,0.05,0.05649,50000
3915,96,3,3,0,6,72,14,0,0,54.58,0.05,0.05628,50000
3916,64,2,2,0,10,37,9,0,0,26.22,0.05,0.05631,50000
3917,27,0,0,0,5,14,4,0,0,3.26,0.05,0.05634,50000
3918,390,6,6,0,125,102,34,3,0,96.15,0.05,0.05636,50000
3919,342,9,9,0,56,111,35,7,0,115.31,0.05,0.05642,50000
3920,36,1,1,0,7,19,5,0,0,8.63,0.05,0.05643,50000
3921,85,4,4,0,9,56,12,0,0,41.45,0.05,0.05646,50000
3922,142,2,2,0,12,84,20,0,0,67.06,0.05,0.05637,50000
3923,35,0,0,0,5,18,5,0,0,7.15,0.05,0.05614,50000
3924,105,1,1,0,11,66,14,0,0,46.95,0.05,0.05624,50000
3925,5,0,0,0,3,3,0,0,1,-12.95,0.05,0.05624,50000
3926,27,0,0,0,3,12,4,0,0,2.26,0.05,0.05624,50000
3927,114,0,0,0,8,60,16,0,0,46.87,0.05,0.05656,50000
3928,376,9,9,0,38,123,35,15,0,124.43,0.05,0.05623,50000
3929,64,1,1,0,11,30,9,0,0,19.22,0.05,0.05622,50000
3930,135,3,3,0,18,73,19,0,0,62.5,0.05,0.05625,50000
3931,151,5,5,0,6,88,21,0,0,76.68,0.05,0.0558,50000
3932,7,0,0,0,0,3,1,0,0,-6.59,0.05,0.0558,50000
3933,95,1,1,0,10,57,13,0,0,41.7,0.05,0.05585,50000
3934,34,0,0,0,7,19,5,0,0,4.77,0.05,0.05589,50000
3935,148,3,3,0,13,87,21,0,0,70.84,0.05,0.0558,50000
3936,71,3,3,0,8,48,10,0,0,32.68,0.05,0.05561,50000
3937,299,5,5,0,13,92,25,0,0,81.52,0.05,0.05557,50000
3938,152,2,2,0,13,83,20,0,0,65.11,0.05,0.0553,50000
3939,144,2,2,0,15,83,20,0,0,65.92,0.05,0.05547,50000
3940,55,2,2,0,9,29,8,0,0,20.8,0.05,0.05547,50000
3941,101,3,3,0,6,67,14,0,0,50.33,0.05,0.05533,50000
3942,36,0,0,0,10,21,5,0,0,6.73,0.05,0.05529,50000
3943,147,3,3,0,9,82,20,0,0,68.01,0.05,0.05509,50000
3944,316,8,10,0,23,123,34,5,0,130.33,0.05,0.05493,50000
3945,96,0,0,0,12,58,13,0,0,39.13,0.05,0.05491,50000
3946,69,0,0,0,12,42,10,0,0,26.82,0.05,0.05503,50000
3947,401,9,9,0,20,119,37,15,0,133.58,0.05,0.05542,50000
3948,401,9,9,0,21,130,37,17,0,140.48,0.05,0.05502,50000
3949,176,2,2,0,20,93,24,0,0,78.73,0.05,0.05495,50000
3950,66,4,4,0,4,36,9,0,0,26.88,0.05,0.0548,50000
3951,21,0,0,0,2,12,3,0,0,1.88,0.05,0.05473,50000
3952,110,3,3,0,4,62,16,0,0,51.5,0.05,0.05463,50000
3953,7,0,0,0,0,3,1,0,0,-6.59,0.05,0.05463,50000
3954,401,9,9,0,19,123,30,4,0,118.48,0.05,0.05427,50000
3955,401,8,8,0,35,114,33,19,0,122.43,0.05,0.05371,50000
3956,401,6,6,0,21,119,34,16,0,125.98,0.05,0.05375,50000
3957,147,3,3,0,14,84,20,0,0,69.51,0.05,0.05407,50000
3958,27,0,0,0,4,14,4,0,0,2.61,0.05,0.05416,50000
3959,53,0,0,0,9,26,7,0,0,11.44,0.05,0.05417,50000
3960,159,2,2,0,22,87,22,0,0,69.17,0.05,0.05434,50000
3961,20,0,0,0,8,10,3,0,0,-3.1,0.05,0.05428,50000
3962,379,9,9,0,46,130,36,9,0,126.02,0.05,0.0536,50000
3963,401,9,9,0,26,113,35,17,0,127.63,0.05,0.0533,50000
3964,22,0,0,0,6,11,3,0,0,0.01,0.05,0.05329,50000
3965,103,2,2,0,5,60,14,0,0,46.24,0.05,0.05354,50000
3966,147,4,4,0,12,90,21,0,0,75.86,0.05,0.05363,50000
3967,215,5,5,0,16,104,29,0,0,95.5,0.05,0.0537,50000
3968,392,8,8,0,38,129,39,9,0,129.11,0.05,0.05365,50000
3969,331,9,9,0,23,126,38,4,0,126.93,0.05,0.05362,50000
3970,294,7,7,0,71,114,29,0,0,99.42,0.05,0.05373,50000
3971,92,2,2,0,11,53,13,0,0,40.21,0.05,0.05363,50000
3972,108,1,1,0,8,59,15,0,0,44.44,0.05,0.05408,50000
3973,48,0,0,0,7,27,7,0,0,15.99,0.05,0.05402,50000
3974,401,8,8,0,33,123,34,21,0,132.78,0.05,0.05415,50000
3975,94,2,2,0,13,52,13,0,0,39.12,0.05,0.05433,50000
3976,295,8,8,0,8,108,31,4,0,104.4,0.05,0.05399,50000
3977,7,0,0,0,0,5,1,0,0,-5.84,0.05,0.05399,50000
3978,41,0,0,0,7,21,6,0,0,10.48,0.05,0.05393,50000
3979,53,0,0,0,13,27,7,0,0,12.34,0.05,0.05386,50000
3980,137,5,5,0,10,92,19,0,0,73.26,0.05,0.05383,50000
3981,191,3,3,0,11,92,25,1,0,81.53,0.05,0.05408,50000
3982,58,1,1,0,11,25,8,0,0,15.24,0.05,0.05431,50000
3983,391,8,8,0,23,116,37,17,0,124.68,0.05,0.05418,50000
3984,191,6,6,0,12,94,26,0,0,88.18,0.05,0.05381,50000
3985,179,1,1,0,117,34,8,0,0,13.57,0.05,0.05406,50000
3986,61,3,3,0,5,34,8,0,0,25.03,0.05,0.05405,50000
3987,99,1,1,0,14,56,13,1,0,38.52,0.05,0.05417,50000
3988,122,1,1,0,20,78,17,0,0,56.11,0.05,0.05424,50000
3989,25,0,0,0,5,13,3,0,0,0.6,0.05,0.05423,50000
3990,21,0,0,0,1,13,3,0,0,1.53,0.05,0.05433,50000
3991,28,0,0,0,4,15,4,0,0,4.04,0.05,0.05443,50000
3992,401,9,9,0,17,123,37,16,0,136.68,0.05,0.05466,50000
3993,63,0,0,0,15,37,8,1,0,18.94,0.05,0.05473,50000
3994,20,1,1,0,6,10,3,0,0,-0.15,0.05,0.05481,50000
3995,204,3,3,0,22,109,26,1,0,91.77,0.05,0.05448,50000
3996,57,1,1,0,5,35,8,0,0,21.86,0.05,0.0545,50000
3997,383,9,9,0,21,125,38,13,0,140.84,0.05,0.05471,50000
3998,151,5,5,0,5,82,20,0,0,71.18,0.05,0.05503,50000
3999,118,3,3,0,13,70,16,0,0,52.99,0.05,0.05542,50000
4000,123,5,5,0,8,64,17,0,0,56.04,0.05,0.05574,50000
