round,steps,score,coins,invalid_actions,waited,crates,good_bombs,useless_bombs,suicidal_bombs,reward_sum,epsilon,mean_loss,buffer
1,22,0,0,0,9,2,1,0,0,-13.69,0.9994,0.0,22
2,6,0,0,0,3,3,0,0,1,-15.97,0.9987,0.0,28
3,7,0,0,0,2,2,1,0,0,-12.54,0.9981,0.0,35
4,24,0,0,0,14,1,1,0,0,-14.28,0.9975,0.0,59
5,36,0,0,0,11,3,1,0,0,-13.77,0.9968,0.0,95
6,45,0,0,0,23,3,1,0,0,-14.55,0.9962,0.0,140
7,5,0,0,0,2,0,0,1,0,-14.3,0.9956,0.0,145
8,14,0,0,0,4,1,1,0,0,-13.38,0.9949,0.0,159
9,55,0,0,0,18,3,2,0,0,-15.0,0.9943,0.0,214
10,19,0,0,0,7,2,0,0,1,-16.73,0.9937,0.0,233
11,68,0,0,0,21,0,0,1,0,-16.51,0.993,0.0,301
12,28,0,0,0,14,2,1,0,0,-14.06,0.9924,0.0,329
13,13,0,0,0,7,2,0,0,1,-16.81,0.9918,0.0,342
14,17,0,0,0,5,3,0,0,1,-16.49,0.9911,0.0,359
15,95,0,0,0,46,4,2,0,0,-17.1,0.9905,0.0,454
16,26,0,0,0,7,1,1,0,0,-13.07,0.9899,0.0,480
17,29,0,0,0,15,2,1,0,0,-14.13,0.9892,0.0,509
18,75,0,0,0,34,1,1,0,0,-15.4,0.9886,0.0,584
19,41,0,0,0,13,3,1,0,0,-13.97,0.988,0.0,625
20,13,0,0,0,6,2,1,0,0,-13.36,0.9873,0.0,638
21,32,0,0,0,11,1,1,0,0,-14.29,0.9867,0.0,670
22,5,0,0,0,3,1,1,0,0,-13.35,0.9861,0.0,675
23,36,0,0,0,19,2,1,0,0,-14.47,0.9854,0.0,711
24,35,0,0,0,10,1,1,0,0,-13.6,0.9848,0.0,746
25,79,0,0,0,25,2,1,0,0,-15.63,0.9842,0.0,825
26,12,0,0,0,7,0,0,1,0,-14.69,0.9835,0.0,837
27,19,0,0,0,6,1,1,0,0,-13.78,0.9829,0.0,856
28,7,0,0,0,1,0,0,1,0,-14.29,0.9823,0.0,863
29,20,0,0,0,4,1,1,0,0,-13.7,0.9816,0.0,883
30,79,0,0,0,23,5,2,0,0,-14.23,0.981,0.0,962
31,6,0,0,0,3,1,1,0,0,-13.37,0.9804,0.0,968
32,62,0,0,0,22,1,1,1,0,-14.94,0.9797,0.0,1030
33,21,0,0,0,8,3,1,0,0,-12.42,0.9791,0.0,1051
34,90,0,0,0,31,3,1,0,0,-15.85,0.9785,0.0,1141
35,23,0,0,0,6,1,1,0,0,-12.96,0.9778,0.0,1164
36,46,0,0,0,10,1,1,0,0,-14.52,0.9772,0.0,1210
37,36,0,0,0,6,2,1,1,0,-14.62,0.9766,0.0,1246
38,144,0,0,0,62,3,0,0,1,-21.88,0.9759,0.0,1390
39,55,0,0,0,18,1,1,0,0,-14.6,0.9753,0.0,1445
40,33,0,0,0,12,1,1,0,0,-14.36,0.9747,0.0,1478
41,57,0,0,0,13,3,2,0,0,-14.99,0.974,0.0,1535
42,54,0,0,0,17,4,1,0,0,-14.13,0.9734,0.0,1589
43,12,0,0,0,4,1,1,0,0,-13.54,0.9728,0.0,1601
44,35,0,0,0,15,1,1,0,0,-14.55,0.9721,0.0,1636
45,24,0,0,0,8,2,0,0,1,-17.08,0.9715,0.0,1660
46,12,0,0,0,5,1,1,0,0,-13.59,0.9709,0.0,1672
47,40,0,0,0,13,1,1,0,0,-14.55,0.9702,0.0,1712
48,54,0,0,0,17,1,1,0,0,-15.03,0.9696,0.0,1766
49,65,0,0,0,24,0,0,1,0,-15.7,0.969,0.0,1831
50,16,0,0,0,5,3,2,0,0,-13.57,0.9683,0.0,1847
51,39,0,0,0,16,2,1,0,0,-14.38,0.9677,0.0,1886
52,77,0,0,0,19,4,2,0,0,-15.09,0.9671,0.0,1963
53,7,0,0,0,3,2,1,0,0,-12.69,0.9664,0.0,1970
54,8,0,0,0,2,0,0,1,0,-14.36,0.9658,0.0,1978
55,11,0,0,0,3,5,1,0,0,-12.07,0.9652,0.0,1989
56,25,0,0,0,8,1,0,0,1,-17.4,0.9645,0.20939,2014
57,18,0,0,0,10,1,1,0,0,-13.96,0.9639,0.21964,2032
58,156,0,0,0,43,1,1,1,0,-19.97,0.9633,0.29119,2188
59,10,0,0,0,3,0,0,1,0,-13.95,0.9626,0.27623,2198
60,60,0,0,0,15,0,0,1,0,-14.75,0.962,0.26476,2258
61,45,0,0,0,12,2,1,0,0,-13.4,0.9614,0.28431,2303
62,146,0,0,0,54,0,0,1,0,-19.02,0.9607,0.28932,2449
63,16,0,0,0,3,3,1,0,0,-12.07,0.9601,0.28934,2465
64,41,0,0,0,13,2,1,0,0,-14.27,0.9595,0.28238,2506
65,56,0,0,0,15,2,1,0,0,-13.77,0.9588,0.2818,2562
66,56,0,0,0,27,2,1,0,0,-15.07,0.9582,0.28178,2618
67,10,0,0,0,3,1,1,0,0,-12.75,0.9576,0.2839,2628
68,230,0,0,0,75,3,2,0,0,-20.85,0.9569,0.27077,2858
69,31,0,0,0,9,3,1,0,0,-13.37,0.9563,0.27,2889
70,95,1,1,0,35,2,2,0,0,-15.35,0.9557,0.26095,2984
71,72,1,1,0,20,6,2,0,0,-12.84,0.955,0.26002,3056
72,22,0,0,0,7,1,1,0,0,-12.99,0.9544,0.26375,3078
73,107,0,0,0,32,1,1,0,0,-16.84,0.9538,0.26354,3185
74,19,0,0,0,7,1,1,0,0,-13.83,0.9531,0.26125,3204
75,10,0,0,0,4,1,1,0,0,-13.5,0.9525,0.26125,3214
76,10,0,0,0,6,2,0,0,1,-16.5,0.9519,0.25942,3224
77,27,0,0,0,5,2,1,0,0,-13.39,0.9512,0.26303,3251
78,13,0,0,0,7,5,1,0,0,-12.11,0.9506,0.26435,3264
79,44,0,0,0,17,2,1,0,0,-14.53,0.95,0.26554,3308
80,21,0,0,0,13,2,1,0,0,-13.87,0.9493,0.26043,3329
81,5,0,0,0,3,4,0,0,1,-15.45,0.9487,0.26043,3334
82,56,0,0,0,15,0,0,1,0,-14.67,0.9481,0.25915,3390
83,61,0,0,0,13,1,1,0,0,-14.97,0.9474,0.26187,3451
84,19,0,0,0,8,1,1,0,0,-12.58,0.9468,0.26111,3470
85,42,0,0,0,13,1,1,0,0,-14.59,0.9462,0.26045,3512
86,14,0,0,0,3,2,1,0,0,-12.13,0.9455,0.26162,3526
87,7,0,0,0,2,1,1,0,0,-12.84,0.9449,0.26162,3533
88,21,0,0,0,8,0,0,1,0,-13.62,0.9443,0.26068,3554
89,64,0,0,0,32,3,0,0,1,-18.78,0.9436,0.26139,3618
90,19,0,0,0,10,1,1,0,0,-13.48,0.943,0.26202,3637
91,9,0,0,0,3,0,0,1,0,-14.43,0.9424,0.26202,3646
92,23,0,0,0,9,0,0,1,0,-15.01,0.9417,0.26371,3669
93,6,0,0,0,2,2,1,0,0,-13.02,0.9411,0.26371,3675
94,8,0,0,0,2,1,1,0,0,-13.16,0.9405,0.26267,3683
95,11,0,0,0,2,2,1,0,0,-12.22,0.9398,0.26267,3694
96,6,0,0,0,1,1,1,0,0,-13.27,0.9392,0.26329,3700
97,17,0,0,0,4,0,0,1,0,-14.64,0.9386,0.26318,3717
98,11,0,0,0,2,1,1,0,0,-12.12,0.9379,0.264,3728
99,77,0,0,0,30,3,1,0,0,-14.64,0.9373,0.26356,3805
100,69,0,0,0,27,3,1,0,0,-15.03,0.9367,0.26714,3874
101,28,0,0,0,11,3,1,0,0,-13.61,0.936,0.26752,3902
102,15,0,0,0,3,2,1,0,0,-13.25,0.9354,0.26838,3917
103,129,0,0,0,42,4,4,0,0,-18.58,0.9348,0.27039,4046
104,22,0,0,0,8,2,1,0,0,-13.64,0.9341,0.26944,4068
105,50,0,0,0,22,2,1,0,0,-14.7,0.9335,0.2731,4118
106,59,0,0,0,25,4,1,0,0,-14.43,0.9329,0.27268,4177
107,41,0,0,0,12,2,1,0,0,-13.32,0.9322,0.27104,4218
108,14,0,0,0,5,2,1,0,0,-12.43,0.9316,0.2711,4232
109,103,0,0,0,40,2,1,0,0,-16.86,0.931,0.27163,4335
110,26,0,0,0,9,0,0,1,0,-15.07,0.9303,0.2709,4361
111,44,0,0,0,18,1,1,0,0,-14.88,0.9297,0.2671,4405
112,189,0,0,0,55,7,3,0,0,-19.03,0.9291,0.26418,4594
113,25,0,0,0,6,2,1,0,0,-12.5,0.9284,0.2636,4619
114,28,0,0,0,12,4,1,0,0,-13.36,0.9278,0.26296,4647
115,91,0,0,0,34,0,0,1,0,-16.72,0.9272,0.2622,4738
116,65,0,0,0,22,3,2,0,0,-15.4,0.9265,0.26149,4803
117,117,0,0,0,37,2,2,0,0,-16.29,0.9259,0.26116,4920
118,21,0,0,0,10,3,1,0,0,-12.92,0.9253,0.26028,4941
119,49,0,0,0,22,1,1,0,0,-13.88,0.9246,0.26016,4990
120,52,0,0,0,15,2,1,0,0,-14.59,0.924,0.25989,5042
121,22,0,0,0,9,2,1,0,0,-13.69,0.9234,0.25984,5064
122,28,0,0,0,12,1,1,0,0,-14.26,0.9227,0.26099,5092
123,10,0,0,0,4,3,0,0,1,-16.3,0.9221,0.26099,5102
124,39,0,0,0,11,0,0,1,0,-15.43,0.9215,0.26205,5141
125,46,0,0,0,18,3,1,1,0,-15.12,0.9208,0.26166,5187
126,25,0,0,0,10,1,1,0,0,-13.4,0.9202,0.26149,5212
127,10,0,0,0,4,1,1,0,0,-13.5,0.9196,0.26276,5222
128,30,0,0,0,7,2,1,0,0,-12.85,0.9189,0.26385,5252
129,17,0,0,0,6,0,0,1,0,-14.74,0.9183,0.26299,5269
130,67,0,0,0,18,2,1,0,0,-15.04,0.9177,0.26441,5336
131,11,0,0,0,4,5,1,0,0,-12.32,0.917,0.26432,5347
132,24,0,0,0,6,0,0,1,0,-14.88,0.9164,0.26413,5371
133,18,0,0,0,7,2,1,0,0,-13.31,0.9158,0.26411,5389
134,26,0,0,0,5,0,0,1,0,-13.97,0.9151,0.26444,5415
135,93,0,0,0,38,1,1,0,0,-16.36,0.9145,0.26323,5508
136,22,0,0,0,9,2,1,0,0,-12.79,0.9139,0.26368,5530
137,84,1,1,0,26,5,1,1,0,-15.28,0.9132,0.26215,5614
138,57,0,0,0,18,1,1,0,0,-15.14,0.9126,0.26282,5671
139,9,0,0,0,3,2,0,0,1,-16.53,0.912,0.26355,5680
140,14,0,0,0,4,3,1,0,0,-12.98,0.9113,0.26355,5694
141,140,0,0,0,55,4,1,0,0,-16.85,0.9107,0.26465,5834
142,33,0,0,0,10,1,1,0,0,-13.36,0.9101,0.26473,5867
143,17,0,0,0,6,1,1,0,0,-13.74,0.9094,0.26454,5884
144,41,0,0,0,16,1,1,0,0,-13.42,0.9088,0.26451,5925
145,29,0,0,0,14,2,1,0,0,-13.38,0.9082,0.26503,5954
146,7,0,0,0,4,2,1,0,0,-13.14,0.9075,0.26503,5961
147,32,0,0,0,12,0,0,2,0,-16.14,0.9069,0.26491,5993
148,49,0,0,0,19,4,2,0,0,-15.03,0.9063,0.26463,6042
149,45,0,0,0,14,3,1,0,0,-14.1,0.9056,0.26439,6087
150,56,0,0,0,24,2,1,0,0,-15.12,0.905,0.26379,6143
151,5,0,0,0,0,1,1,0,0,-12.3,0.9044,0.2639,6148
152,64,0,0,0,25,2,1,0,0,-15.13,0.9037,0.26301,6212
153,18,0,0,0,6,2,1,0,0,-13.06,0.9031,0.26302,6230
154,91,0,0,0,30,2,1,0,0,-15.22,0.9025,0.26235,6321
155,26,0,0,0,9,1,1,0,0,-14.07,0.9018,0.2621,6347
156,27,0,0,0,12,1,0,0,1,-17.64,0.9012,0.26169,6374
157,6,0,0,0,1,0,0,1,0,-14.27,0.9006,0.26169,6380
158,16,0,0,0,5,0,0,1,0,-13.37,0.8999,0.26109,6396
159,20,0,0,0,6,3,1,0,0,-13.0,0.8993,0.26094,6416
160,27,0,0,0,12,1,1,0,0,-14.24,0.8987,0.26107,6443
161,68,0,0,0,22,3,2,0,0,-14.26,0.898,0.2585,6511
162,60,0,0,0,20,3,1,0,0,-14.7,0.8974,0.25692,6571
163,43,0,0,0,12,1,1,0,0,-13.26,0.8968,0.25712,6614
164,23,0,0,0,13,2,1,0,0,-13.71,0.8961,0.25688,6637
165,36,0,0,0,16,2,1,0,0,-14.32,0.8955,0.25642,6673
166,16,0,0,0,10,2,1,0,0,-13.62,0.8949,0.2564,6689
167,68,0,0,0,16,2,1,1,0,-15.56,0.8942,0.25455,6757
168,40,0,0,0,15,1,1,0,0,-14.65,0.8936,0.25485,6797
169,18,0,0,0,4,1,0,0,1,-17.06,0.893,0.25419,6815
170,45,0,0,0,20,2,0,0,1,-17.9,0.8923,0.25324,6860
171,14,0,0,0,6,4,1,0,0,-12.58,0.8917,0.2537,6874
172,17,0,0,0,7,3,0,0,1,-16.59,0.8911,0.25316,6891
173,23,0,0,0,13,2,1,0,0,-13.71,0.8904,0.25334,6914
174,41,0,0,0,10,2,1,0,0,-13.92,0.8898,0.25268,6955
175,27,0,0,0,10,1,1,0,0,-14.14,0.8892,0.2526,6982
176,48,0,0,0,13,1,1,0,0,-13.81,0.8885,0.2515,7030
177,76,0,0,0,24,3,1,0,0,-15.22,0.8879,0.25054,7106
178,27,0,0,0,8,3,1,0,0,-12.34,0.8873,0.25012,7133
179,86,0,0,0,29,6,3,2,0,-16.17,0.8866,0.24828,7219
180,54,0,0,0,15,1,1,0,0,-14.93,0.886,0.24754,7273
181,234,0,0,0,74,4,1,1,0,-20.88,0.8854,0.24523,7507
182,105,0,0,0,26,2,1,0,0,-14.8,0.8847,0.24437,7612
183,34,0,0,0,11,5,1,0,0,-12.93,0.8841,0.24374,7646
184,10,0,0,0,3,0,0,1,0,-14.45,0.8835,0.24365,7656
185,30,0,0,0,9,2,1,0,0,-13.85,0.8828,0.24315,7686
186,7,0,0,0,3,0,0,1,0,-14.39,0.8822,0.24315,7693
187,49,0,0,0,22,4,2,0,0,-15.18,0.8816,0.24274,7742
188,66,0,0,0,19,0,0,2,0,-17.97,0.8809,0.24127,7808
189,53,0,0,0,17,2,0,0,1,-17.91,0.8803,0.24042,7861
190,70,0,0,0,35,0,0,2,0,-18.05,0.8797,0.23952,7931
191,121,0,0,0,48,1,1,1,0,-18.72,0.879,0.2393,8052
192,62,0,0,0,19,2,1,0,0,-13.69,0.8784,0.23856,8114
193,17,0,0,0,5,3,1,0,0,-12.89,0.8778,0.23847,8131
194,44,0,0,0,22,2,0,0,1,-18.18,0.8771,0.23786,8175
195,55,0,0,0,18,1,1,0,0,-14.2,0.8765,0.2367,8230
196,13,0,0,0,3,1,1,0,0,-13.51,0.8759,0.2363,8243
197,20,0,0,0,9,0,0,1,0,-14.95,0.8752,0.23651,8263
198,7,0,0,0,3,1,1,0,0,-13.19,0.8746,0.23651,8270
199,31,0,0,0,14,0,0,1,0,-14.52,0.874,0.23569,8301
200,66,0,0,0,18,3,0,0,1,-17.92,0.8733,0.23504,8367
201,70,0,0,0,21,2,1,0,0,-15.05,0.8727,0.23377,8437
202,16,0,0,0,7,0,0,1,0,-14.77,0.8721,0.23364,8453
203,27,0,0,0,10,3,1,0,0,-13.54,0.8714,0.23332,8480
204,7,0,0,0,3,2,1,0,0,-13.09,0.8708,0.23332,8487
205,39,0,0,0,13,3,2,0,0,-13.53,0.8702,0.23267,8526
206,12,0,0,0,3,1,1,0,0,-12.59,0.8695,0.23281,8538
207,32,0,0,0,17,0,0,1,0,-15.59,0.8689,0.23242,8570
208,75,1,1,0,28,3,2,0,0,-15.1,0.8683,0.23184,8645
209,23,0,0,0,12,1,1,0,0,-14.16,0.8676,0.2316,8668
210,52,0,0,0,22,3,0,0,1,-17.84,0.867,0.23151,8720
211,49,0,0,0,18,2,1,0,0,-14.68,0.8664,0.23134,8769
212,50,0,0,0,22,3,2,0,0,-14.6,0.8657,0.23091,8819
213,36,0,0,0,13,1,1,0,0,-14.47,0.8651,0.23039,8855
214,48,0,0,0,21,2,1,0,0,-14.81,0.8645,0.22991,8903
215,21,0,0,0,8,1,1,0,0,-13.02,0.8638,0.22997,8924
216,42,0,0,0,9,1,1,0,0,-13.49,0.8632,0.23009,8966
217,31,0,0,0,12,1,1,0,0,-14.32,0.8626,0.23046,8997
218,7,0,0,0,3,0,0,1,0,-14.39,0.8619,0.23046,9004
219,401,1,1,0,131,7,3,1,0,-13.27,0.8613,0.22598,9404
220,43,0,0,0,14,1,1,0,0,-14.66,0.8607,0.22526,9447
221,47,0,0,0,16,0,0,1,0,-15.84,0.86,0.22534,9494
222,7,0,0,0,2,1,1,0,0,-12.44,0.8594,0.22534,9501
223,217,1,1,0,66,8,3,0,0,-18.34,0.8588,0.22355,9718
224,79,0,0,0,17,4,1,0,0,-14.23,0.8581,0.22297,9797
225,7,0,0,0,3,3,1,0,0,-12.79,0.8575,0.22297,9804
226,18,0,0,0,7,0,0,1,0,-14.81,0.8569,0.223,9822
227,7,0,0,0,0,0,0,1,0,-13.04,0.8562,0.22264,9829
228,70,0,0,0,25,3,1,0,0,-15.15,0.8556,0.2217,9899
229,9,0,0,0,2,2,1,0,0,-11.78,0.855,0.22172,9908
230,10,0,0,0,2,0,0,1,0,-14.4,0.8543,0.22172,9918
231,86,0,0,0,30,6,1,0,0,-14.62,0.8537,0.22146,10004
232,92,0,0,0,33,3,2,1,0,-17.69,0.8531,0.22088,10096
233,293,1,1,0,97,5,3,1,0,-24.81,0.8524,0.21644,10389
234,26,0,0,0,7,2,1,0,0,-12.77,0.8518,0.21613,10415
235,51,0,0,0,10,4,2,0,0,-14.02,0.8512,0.21434,10466
236,50,0,0,0,12,3,1,0,0,-14.1,0.8505,0.21462,10516
237,34,0,0,0,9,1,1,0,0,-13.53,0.8499,0.21397,10550
238,16,0,0,0,7,1,1,0,0,-13.77,0.8493,0.21371,10566
239,38,0,0,0,18,4,1,0,0,-13.66,0.8486,0.21317,10604
240,44,0,0,0,18,3,1,0,0,-14.28,0.848,0.2118,10648
241,14,0,0,0,2,1,1,0,0,-13.48,0.8474,0.2117,10662
242,9,0,0,0,2,1,1,0,0,-12.08,0.8467,0.2117,10671
243,12,0,0,0,3,2,1,0,0,-12.49,0.8461,0.21128,10683
244,115,0,0,0,30,0,0,1,0,-17.9,0.8455,0.20939,10798
245,18,0,0,0,8,3,2,0,0,-13.76,0.8448,0.20936,10816
246,115,0,0,0,33,5,2,1,0,-17.95,0.8442,0.20919,10931
247,309,0,0,0,115,6,4,1,0,-27.13,0.8436,0.20501,11240
248,6,0,0,0,1,1,1,0,0,-12.17,0.8429,0.20501,11246
249,128,1,1,0,43,5,2,0,0,-15.91,0.8423,0.20232,11374
250,48,0,0,0,18,2,1,0,0,-14.46,0.8417,0.20194,11422
251,67,0,0,0,16,0,0,3,0,-18.24,0.841,0.20084,11489
252,63,0,0,0,20,1,1,0,0,-14.46,0.8404,0.20034,11552
253,27,0,0,0,9,0,0,1,0,-15.09,0.8398,0.20072,11579
254,31,0,0,0,4,1,1,0,0,-13.22,0.8391,0.19948,11610
255,5,0,0,0,0,0,0,1,0,-14.2,0.8385,0.19948,11615
256,6,0,0,0,4,2,1,0,0,-12.92,0.8379,0.19929,11621
257,24,0,0,0,9,2,1,0,0,-12.83,0.8372,0.19882,11645
258,86,0,0,0,39,2,1,0,0,-15.27,0.8366,0.19703,11731
259,45,0,0,0,22,3,1,0,0,-14.1,0.836,0.19624,11776
260,13,0,0,0,5,0,0,1,0,-14.61,0.8353,0.19624,11789
261,15,0,0,0,5,1,1,0,0,-13.65,0.8347,0.1962,11804
262,12,0,0,0,1,2,1,0,0,-12.69,0.8341,0.19554,11816
263,39,0,0,0,12,1,1,0,0,-14.48,0.8334,0.19464,11855
264,27,0,0,0,6,4,1,0,0,-12.84,0.8328,0.19377,11882
265,308,0,0,0,81,4,4,1,0,-25.71,0.8322,0.18639,12190
266,7,0,0,0,5,3,0,0,1,-16.09,0.8315,0.18625,12197
267,13,0,0,0,4,2,1,0,0,-12.16,0.8309,0.18599,12210
268,24,0,0,0,3,1,1,0,0,-13.73,0.8303,0.1856,12234
269,41,0,0,0,17,4,2,0,0,-14.77,0.8296,0.18489,12275
270,11,0,0,0,2,2,1,0,0,-12.42,0.829,0.18489,12286
271,146,0,0,0,46,3,2,0,0,-18.22,0.8284,0.18393,12432
272,119,0,0,0,34,3,2,0,0,-16.68,0.8277,0.18291,12551
273,57,0,0,0,17,2,1,1,0,-15.09,0.8271,0.18177,12608
274,104,0,0,0,39,2,2,1,0,-18.03,0.8265,0.18081,12712
275,25,0,0,0,9,1,1,0,0,-14.05,0.8258,0.18061,12737
276,77,0,0,0,16,1,1,0,0,-15.44,0.8252,0.18022,12814
277,5,0,0,0,3,1,0,0,1,-16.75,0.8246,0.17988,12819
278,27,0,0,0,6,4,1,0,0,-12.14,0.8239,0.17983,12846
279,50,0,0,0,19,2,1,0,0,-14.75,0.8233,0.17857,12896
280,76,0,0,0,24,2,0,0,1,-18.92,0.8227,0.17813,12972
281,128,0,0,0,49,2,2,1,0,-19.51,0.822,0.17576,13100
282,28,0,0,0,13,1,1,0,0,-14.31,0.8214,0.17454,13128
283,80,0,0,0,33,3,2,0,0,-16.65,0.8208,0.17365,13208
284,8,0,0,0,4,1,1,0,0,-13.46,0.8201,0.17287,13216
285,30,0,0,0,8,2,1,0,0,-13.6,0.8195,0.17239,13246
286,10,0,0,0,7,1,1,0,0,-13.45,0.8189,0.1718,13256
287,79,0,0,0,25,5,3,2,0,-18.13,0.8182,0.17057,13335
288,8,0,0,0,2,1,1,0,0,-13.36,0.8176,0.17057,13343
289,50,0,0,0,23,1,1,0,0,-15.25,0.817,0.16885,13393
290,83,0,0,0,24,4,1,0,0,-15.06,0.8163,0.16797,13476
291,32,0,0,0,9,2,1,0,0,-13.69,0.8157,0.16798,13508
292,50,0,0,0,11,3,1,0,0,-13.65,0.8151,0.16745,13558
293,5,0,0,0,3,2,1,0,0,-12.85,0.8144,0.16745,13563
294,50,0,0,0,18,1,1,1,0,-16.6,0.8138,0.16714,13613
295,103,0,0,0,36,3,3,0,0,-17.36,0.8132,0.16506,13716
296,36,0,0,0,10,5,1,1,0,-14.32,0.8125,0.16368,13752
297,68,0,0,0,24,5,2,0,0,-14.06,0.8119,0.16277,13820
298,55,0,0,0,33,1,1,1,0,-17.25,0.8113,0.16192,13875
299,70,0,0,0,24,4,2,0,0,-14.4,0.8106,0.1604,13945
300,23,0,0,0,12,1,1,0,0,-14.16,0.81,0.15966,13968
301,111,0,0,0,30,0,0,1,0,-17.82,0.8094,0.15713,14079
302,27,0,0,0,5,2,2,0,0,-13.49,0.8087,0.15699,14106
303,82,0,0,0,25,3,1,0,0,-15.19,0.8081,0.15654,14188
304,19,0,0,0,9,2,0,0,1,-17.03,0.8075,0.15646,14207
305,25,0,0,0,8,1,1,0,0,-14.0,0.8068,0.15613,14232
306,127,0,0,0,45,4,1,0,0,-16.79,0.8062,0.15444,14359
307,334,0,0,0,109,2,2,0,0,-25.13,0.8056,0.1519,14693
308,14,0,0,0,4,1,1,0,0,-13.58,0.8049,0.15192,14707
309,13,0,0,0,2,1,1,0,0,-11.96,0.8043,0.15187,14720
310,36,0,0,0,14,2,1,0,0,-14.22,0.8037,0.15133,14756
311,262,0,0,0,105,4,2,0,0,-23.59,0.803,0.14884,15018
312,33,0,0,0,7,3,1,1,0,-15.11,0.8024,0.14858,15051
313,51,0,0,0,15,2,1,0,0,-14.57,0.8018,0.14795,15102
314,40,0,0,0,15,1,1,0,0,-14.45,0.8011,0.14731,15142
315,26,0,0,0,9,0,0,1,0,-15.07,0.8005,0.14708,15168
316,6,0,0,0,3,1,1,0,0,-13.37,0.7999,0.14708,15174
317,28,0,0,0,11,1,1,0,0,-14.01,0.7992,0.14679,15202
318,23,0,0,0,6,1,1,0,0,-12.56,0.7986,0.14733,15225
319,14,0,0,0,4,4,1,0,0,-12.48,0.798,0.14763,15239
320,67,0,0,0,23,2,2,0,0,-15.09,0.7973,0.14686,15306
321,9,0,0,0,2,0,0,1,0,-14.38,0.7967,0.14691,15315
322,35,0,0,0,9,3,1,0,0,-13.45,0.7961,0.1468,15350
323,107,0,0,0,34,5,2,0,0,-16.04,0.7954,0.14592,15457
324,7,0,0,0,3,2,0,0,1,-16.29,0.7948,0.14592,15464
325,107,1,1,0,35,5,2,2,0,-16.59,0.7942,0.14473,15571
326,126,0,0,0,58,1,1,0,0,-18.32,0.7935,0.14357,15697
327,237,0,0,0,68,1,1,0,0,-20.34,0.7929,0.14208,15934
328,54,0,0,0,19,0,0,1,0,-16.13,0.7923,0.14095,15988
329,28,0,0,0,10,2,1,0,0,-13.86,0.7916,0.14059,16016
330,26,0,0,0,15,1,1,0,0,-14.17,0.791,0.1401,16042
331,6,0,0,0,2,0,0,1,0,-14.32,0.7904,0.13972,16048
332,202,1,1,0,48,6,4,1,0,-19.74,0.7897,0.1387,16250
333,8,0,0,0,3,1,1,0,0,-12.91,0.7891,0.13847,16258
334,16,0,0,0,7,2,1,0,0,-13.47,0.7885,0.13852,16274
335,14,0,0,0,2,0,0,1,0,-14.48,0.7878,0.13889,16288
336,96,0,0,0,23,4,1,0,0,-14.17,0.7872,0.13845,16384
337,27,0,0,0,11,3,2,0,0,-13.49,0.7866,0.13827,16411
338,19,0,0,0,6,1,1,0,0,-13.28,0.7859,0.13824,16430
339,134,0,0,0,26,4,2,0,0,-16.58,0.7853,0.13693,16564
340,10,0,0,0,5,0,0,1,0,-14.55,0.7847,0.13693,16574
341,120,0,0,0,28,2,1,0,0,-16.6,0.784,0.13538,16694
342,14,0,0,0,0,0,0,1,0,-13.68,0.7834,0.13518,16708
343,61,0,0,0,16,3,2,0,0,-14.42,0.7828,0.13441,16769
344,95,0,0,0,40,3,1,0,0,-16.4,0.7821,0.13388,16864
345,117,0,0,0,35,0,0,1,0,-18.19,0.7815,0.13183,16981
346,55,0,0,0,18,2,1,0,0,-13.3,0.7809,0.13106,17036
347,17,0,0,0,7,6,1,0,0,-12.29,0.7802,0.13058,17053
348,41,0,0,0,16,1,1,0,0,-13.82,0.7796,0.13029,17094
349,218,0,0,0,63,3,3,0,0,-20.71,0.779,0.12811,17312
350,54,0,0,0,23,1,1,0,0,-14.03,0.7783,0.12802,17366
351,112,0,0,0,32,4,2,0,0,-16.14,0.7777,0.12709,17478
352,103,0,0,0,28,1,1,0,0,-16.56,0.7771,0.12567,17581
353,65,0,0,0,21,5,2,0,0,-14.95,0.7764,0.12532,17646
354,154,0,0,0,44,6,1,0,0,-16.88,0.7758,0.12385,17800
355,26,0,0,0,2,0,0,2,0,-15.62,0.7752,0.12369,17826
356,29,0,0,0,15,1,1,0,0,-14.43,0.7745,0.12352,17855
357,52,0,0,0,8,3,2,0,0,-14.24,0.7739,0.1233,17907
358,126,0,0,0,36,8,4,0,0,-15.92,0.7733,0.12272,18033
359,20,0,0,0,12,4,1,0,0,-13.0,0.7726,0.12254,18053
360,115,0,0,0,27,0,0,1,0,-17.75,0.772,0.12218,18168
361,51,0,0,0,11,3,0,0,1,-17.27,0.7714,0.122,18219
362,59,0,0,0,20,2,1,1,0,-16.58,0.7707,0.12266,18278
363,19,0,0,0,8,1,1,0,0,-13.88,0.7701,0.12274,18297
364,19,0,0,0,8,2,1,0,0,-13.38,0.7695,0.12267,18316
365,18,0,0,0,3,5,1,0,0,-11.71,0.7688,0.12278,18334
366,189,0,0,0,54,3,1,1,0,-20.18,0.7682,0.12373,18523
367,16,0,0,0,6,1,1,0,0,-13.72,0.7676,0.12325,18539
368,53,0,0,0,28,4,1,0,0,-14.46,0.7669,0.12356,18592
369,92,0,0,0,19,2,2,1,0,-15.99,0.7663,0.12377,18684
370,54,0,0,0,12,3,1,0,0,-14.18,0.7657,0.12423,18738
371,72,0,0,0,25,1,1,1,0,-17.39,0.765,0.12436,18810
372,52,0,0,0,25,3,1,0,0,-14.79,0.7644,0.12404,18862
373,6,0,0,0,3,2,0,0,1,-16.27,0.7638,0.12411,18868
374,23,0,0,0,11,2,0,0,1,-17.01,0.7631,0.12426,18891
375,45,0,0,0,12,1,1,0,0,-14.6,0.7625,0.12424,18936
376,81,0,0,0,30,5,2,0,0,-15.52,0.7619,0.12396,19017
377,54,0,0,0,20,2,0,0,1,-18.08,0.7612,0.12365,19071
378,52,0,0,0,22,1,1,1,0,-16.04,0.7606,0.12341,19123
379,150,0,0,0,40,2,1,0,0,-17.8,0.76,0.12524,19273
380,22,0,0,0,5,1,1,0,0,-13.79,0.7593,0.12522,19295
381,32,0,0,0,17,2,1,0,0,-13.79,0.7587,0.12533,19327
382,122,1,1,0,44,8,4,0,0,-16.04,0.7581,0.12541,19449
383,95,0,0,0,27,0,0,1,0,-17.35,0.7574,0.12508,19544
384,5,0,0,0,2,0,0,1,0,-14.3,0.7568,0.12508,19549
385,191,0,0,0,48,5,3,0,0,-19.12,0.7562,0.12434,19740
386,57,0,0,0,15,1,1,0,0,-14.79,0.7555,0.124,19797
387,104,0,0,0,28,1,1,0,0,-16.58,0.7549,0.12425,19901
388,9,0,0,0,2,2,1,0,0,-11.58,0.7543,0.12444,19910
389,47,0,0,0,10,3,2,0,0,-14.84,0.7536,0.12422,19957
390,12,0,0,0,1,0,0,1,0,-14.39,0.753,0.1243,19969
391,10,0,0,0,5,3,1,0,0,-12.75,0.7524,0.1243,19979
392,11,0,0,0,2,1,1,0,0,-12.92,0.7517,0.12457,19990
393,79,0,0,0,16,1,1,0,0,-14.98,0.7511,0.12438,20069
394,38,0,0,0,8,1,1,0,0,-14.26,0.7505,0.12474,20107
395,48,0,0,0,19,3,1,0,0,-14.41,0.7498,0.12491,20155
396,15,0,0,0,6,1,1,0,0,-12.4,0.7492,0.1248,20170
397,144,0,0,0,36,2,1,0,0,-17.28,0.7486,0.12421,20314
398,25,0,0,0,9,3,0,0,1,-16.85,0.7479,0.12418,20339
399,83,0,0,0,22,2,2,0,0,-15.46,0.7473,0.1242,20422
400,69,0,0,0,15,4,0,0,1,-17.53,0.7467,0.1246,20491
401,98,0,0,0,24,2,2,0,0,-15.16,0.746,0.12373,20589
402,88,0,0,0,26,3,1,0,0,-15.56,0.7454,0.12351,20677
403,49,0,0,0,11,2,2,0,0,-14.13,0.7448,0.12301,20726
404,48,0,0,0,15,4,1,0,0,-13.91,0.7441,0.12278,20774
405,127,0,0,0,43,2,0,0,1,-20.69,0.7435,0.12153,20901
406,11,0,0,0,4,1,1,0,0,-13.52,0.7429,0.12168,20912
407,41,0,0,0,10,2,1,0,0,-13.92,0.7422,0.12188,20953
408,55,0,0,0,17,2,0,0,1,-17.95,0.7416,0.12134,21008
409,172,0,0,0,59,4,1,0,0,-18.39,0.741,0.12195,21180
410,32,0,0,0,13,1,1,0,0,-14.39,0.7403,0.1216,21212
411,23,0,0,0,8,2,1,0,0,-13.66,0.7397,0.1217,21235
412,150,2,2,0,30,5,2,2,0,-17.9,0.7391,0.12133,21385
413,64,0,0,0,19,1,1,2,0,-16.43,0.7384,0.12179,21449
414,197,0,0,0,48,3,2,1,0,-19.64,0.7378,0.12123,21646
415,17,0,0,0,8,2,1,0,0,-13.54,0.7372,0.1207,21663
416,12,0,0,0,1,1,1,0,0,-13.39,0.7365,0.12085,21675
417,10,0,0,0,3,3,1,0,0,-11.55,0.7359,0.12052,21685
418,92,0,0,0,24,1,1,0,0,-16.14,0.7353,0.12068,21777
419,10,0,0,0,3,2,1,0,0,-13.15,0.7346,0.12068,21787
420,58,0,0,0,21,3,1,0,0,-14.71,0.734,0.12093,21845
421,51,0,0,0,17,3,1,0,0,-14.37,0.7334,0.12096,21896
422,32,0,0,0,9,1,1,0,0,-13.29,0.7327,0.12104,21928
423,110,0,0,0,24,3,2,0,0,-15.7,0.7321,0.12209,22038
424,18,0,0,0,2,1,1,0,0,-13.56,0.7315,0.12247,22056
425,373,1,1,0,81,9,4,0,0,-20.81,0.7308,0.12099,22429
426,16,0,0,0,7,2,1,0,0,-11.97,0.7302,0.12105,22445
427,32,0,0,0,15,1,1,0,0,-13.59,0.7296,0.12118,22477
428,63,0,0,0,25,4,2,0,0,-15.41,0.7289,0.12134,22540
429,217,0,0,0,82,4,2,0,0,-20.54,0.7283,0.12167,22757
430,17,0,0,0,9,3,0,0,1,-16.69,0.7277,0.12148,22774
431,106,0,0,0,32,8,3,0,0,-15.52,0.727,0.12137,22880
432,14,0,0,0,6,3,1,0,0,-12.88,0.7264,0.12137,22894
433,30,0,0,0,10,3,2,0,0,-13.7,0.7258,0.12165,22924
434,25,0,0,0,6,2,1,0,0,-13.1,0.7251,0.12195,22949
435,248,0,0,0,73,4,1,1,0,-21.61,0.7245,0.12317,23197
436,126,2,2,0,56,3,2,0,0,-15.92,0.7239,0.12231,23323
437,33,0,0,0,6,1,1,0,0,-12.96,0.7232,0.12243,23356
438,82,0,0,0,23,1,1,0,0,-15.39,0.7226,0.12206,23438
439,268,0,0,0,76,2,1,1,0,-21.66,0.722,0.12205,23706
440,31,0,0,0,11,2,0,0,1,-17.37,0.7213,0.12234,23737
441,26,0,0,0,5,0,0,1,0,-14.87,0.7207,0.12228,23763
442,15,0,0,0,4,1,1,0,0,-12.7,0.7201,0.12252,23778
443,17,0,0,0,4,3,1,0,0,-11.54,0.7194,0.12244,23795
444,244,0,0,0,81,11,4,0,0,-19.63,0.7188,0.12366,24039
445,5,0,0,0,3,4,0,0,1,-15.45,0.7182,0.12366,24044
446,14,0,0,0,7,1,1,0,0,-13.73,0.7175,0.1237,24058
447,8,0,0,0,3,1,1,0,0,-12.51,0.7169,0.12361,24066
448,44,0,0,0,14,2,1,0,0,-14.18,0.7163,0.12383,24110
449,42,0,0,0,15,2,1,0,0,-12.89,0.7156,0.12387,24152
450,204,0,0,0,61,3,2,0,0,-19.73,0.715,0.12305,24356
451,76,0,0,0,19,2,2,0,0,-14.97,0.7144,0.12294,24432
452,12,0,0,0,3,0,0,1,0,-13.79,0.7137,0.12294,24444
453,8,0,0,0,3,1,1,0,0,-13.21,0.7131,0.12297,24452
454,143,0,0,0,34,2,1,0,0,-17.16,0.7125,0.12299,24595
455,20,0,0,0,9,2,1,0,0,-13.65,0.7118,0.12313,24615
456,30,1,1,0,9,3,2,0,0,-12.85,0.7112,0.123,24645
457,16,0,0,0,7,1,1,0,0,-13.77,0.7106,0.12289,24661
458,114,1,1,0,34,3,2,0,0,-16.18,0.7099,0.12363,24775
459,53,0,0,0,19,2,0,0,1,-18.01,0.7093,0.12348,24828
460,16,0,0,0,8,3,0,0,1,-16.42,0.7087,0.12345,24844
461,28,0,0,0,9,0,0,1,0,-13.81,0.708,0.12369,24872
462,122,0,0,0,34,9,5,0,0,-17.34,0.7074,0.12469,24994
463,31,0,0,0,13,1,1,1,0,-15.97,0.7068,0.12491,25025
464,7,0,0,0,4,2,1,0,0,-13.14,0.7061,0.12491,25032
465,103,0,0,0,37,7,2,0,0,-16.11,0.7055,0.12604,25135
466,49,0,0,0,13,5,3,0,0,-14.73,0.7049,0.12607,25184
467,28,0,0,0,7,5,1,0,0,-12.81,0.7042,0.1264,25212
468,91,0,0,0,32,4,2,0,0,-16.12,0.7036,0.12592,25303
469,10,0,0,0,6,1,0,0,1,-17.0,0.703,0.12591,25313
470,78,0,0,0,16,0,0,1,0,-16.46,0.7023,0.1255,25391
471,112,0,0,0,20,5,3,0,0,-15.94,0.7017,0.12558,25503
472,26,0,0,0,1,0,0,1,0,-13.77,0.7011,0.12623,25529
473,63,1,1,0,26,3,1,1,0,-14.66,0.7004,0.12651,25592
474,119,0,0,0,36,1,1,2,0,-19.68,0.6998,0.12664,25711
475,65,0,0,0,17,7,2,0,0,-14.15,0.6992,0.12681,25776
476,46,0,0,0,14,5,1,0,0,-13.32,0.6985,0.12706,25822
477,16,0,0,0,7,1,1,0,0,-12.87,0.6979,0.1271,25838
478,16,0,0,0,5,3,2,0,0,-13.57,0.6973,0.12729,25854
479,75,0,0,0,28,2,1,0,0,-15.5,0.6966,0.12747,25929
480,12,0,0,0,8,1,1,0,0,-13.74,0.696,0.12713,25941
481,50,0,0,0,25,1,1,0,0,-15.35,0.6954,0.12679,25991
482,75,0,0,0,18,1,1,0,0,-14.2,0.6947,0.12607,26066
483,387,1,1,0,106,4,3,2,0,-27.04,0.6941,0.12207,26453
484,113,0,0,0,27,4,2,0,0,-15.81,0.6935,0.12121,26566
485,67,0,0,0,9,2,1,0,0,-14.59,0.6928,0.12087,26633
486,401,1,1,0,114,5,3,0,0,-12.12,0.6922,0.11753,27033
487,401,0,0,0,105,6,5,1,0,-14.07,0.6916,0.11582,27433
488,20,0,0,0,5,2,1,0,0,-12.75,0.6909,0.11555,27453
489,34,0,0,0,11,2,1,0,0,-13.83,0.6903,0.11522,27487
490,129,0,0,0,30,2,1,2,0,-18.48,0.6897,0.11431,27616
491,70,0,0,0,28,5,2,0,0,-14.3,0.689,0.11402,27686
492,101,0,0,0,28,0,0,1,0,-17.52,0.6884,0.11337,27787
493,23,0,0,0,7,4,1,0,0,-13.01,0.6878,0.11347,27810
494,10,0,0,0,4,1,1,0,0,-13.5,0.6871,0.11347,27820
495,94,0,0,0,35,2,1,0,0,-15.73,0.6865,0.11289,27914
496,26,0,0,0,8,3,0,0,1,-16.82,0.6859,0.11288,27940
497,16,0,0,0,5,2,1,0,0,-12.27,0.6852,0.11283,27956
498,42,0,0,0,10,2,0,0,1,-17.34,0.6846,0.11247,27998
499,25,0,0,0,5,2,1,1,0,-14.35,0.684,0.1127,28023
500,17,0,0,0,2,1,1,0,0,-12.84,0.6833,0.11267,28040
501,54,0,0,0,25,2,1,0,0,-15.13,0.6827,0.11187,28094
502,63,0,0,0,27,2,1,0,0,-15.41,0.6821,0.11135,28157
503,144,0,0,0,22,1,1,3,0,-20.68,0.6814,0.11162,28301
504,38,0,0,0,17,3,1,0,0,-13.91,0.6808,0.11146,28339
505,14,0,0,0,3,1,1,0,0,-12.43,0.6802,0.11127,28353
506,119,0,0,0,33,0,0,2,0,-18.93,0.6795,0.1107,28472
507,89,0,0,0,28,2,1,2,0,-18.18,0.6789,0.11108,28561
508,89,0,0,0,49,3,0,0,1,-19.93,0.6783,0.11079,28650
509,314,0,0,0,107,3,1,1,0,-25.73,0.6776,0.11115,28964
510,23,0,0,0,8,1,1,0,0,-13.76,0.677,0.111,28987
511,62,0,0,0,22,3,1,0,0,-14.64,0.6764,0.11081,29049
512,401,0,0,0,111,4,2,0,0,-13.37,0.6757,0.10898,29449
513,40,0,0,0,11,2,1,0,0,-13.65,0.6751,0.10857,29489
514,401,1,1,0,112,4,3,0,0,-11.92,0.6745,0.10756,29889
515,36,0,0,0,7,1,1,0,0,-12.87,0.6738,0.10749,29925
516,11,0,0,0,7,1,1,0,0,-13.47,0.6732,0.10744,29936
517,9,0,0,0,3,3,1,0,0,-12.63,0.6726,0.10744,29945
518,21,0,0,0,4,2,1,0,0,-13.42,0.6719,0.10742,29966
519,59,0,0,0,27,3,1,0,0,-15.03,0.6713,0.10712,30025
520,7,0,0,0,3,4,1,0,0,-12.49,0.6707,0.10704,30032
521,26,0,0,0,6,1,1,0,0,-13.92,0.67,0.10684,30058
522,21,0,0,0,2,0,0,1,0,-13.32,0.6694,0.10674,30079
523,399,0,0,0,123,3,2,1,0,-27.53,0.6688,0.10596,30478
524,131,1,1,0,32,5,3,1,0,-16.32,0.6681,0.10498,30609
525,44,0,0,0,13,4,2,0,0,-13.93,0.6675,0.10512,30653
526,45,0,0,0,12,1,1,1,0,-15.4,0.6669,0.10513,30698
527,46,0,0,0,17,1,1,0,0,-14.17,0.6662,0.10456,30744
528,17,0,0,0,4,2,1,1,0,-14.74,0.6656,0.10418,30761
529,85,0,0,0,16,0,0,1,0,-16.6,0.665,0.10358,30846
530,33,0,0,0,13,1,1,0,0,-14.41,0.6643,0.10328,30879
531,200,0,0,0,56,4,2,0,0,-18.9,0.6637,0.10233,31079
532,28,0,0,0,5,3,1,0,0,-13.31,0.6631,0.10194,31107
533,43,0,0,0,7,2,1,0,0,-14.01,0.6624,0.10197,31150
534,96,0,0,0,36,3,2,0,0,-17.12,0.6618,0.10161,31246
535,31,0,0,0,10,1,1,0,0,-13.32,0.6612,0.10153,31277
536,41,0,0,0,12,2,1,0,0,-14.02,0.6605,0.1015,31318
537,12,0,0,0,1,2,1,0,0,-12.19,0.6599,0.10173,31330
538,38,0,0,0,10,2,1,0,0,-13.86,0.6593,0.10149,31368
539,67,0,0,0,12,0,0,1,0,-16.04,0.6586,0.10141,31435
540,81,0,0,0,25,2,2,2,0,-18.17,0.658,0.10083,31516
541,46,0,0,0,11,10,3,0,0,-11.37,0.6574,0.10098,31562
542,6,0,0,0,1,1,1,0,0,-12.37,0.6567,0.10117,31568
543,78,0,0,0,26,3,1,0,0,-15.36,0.6561,0.10097,31646
544,102,0,0,0,24,1,1,1,0,-17.54,0.6555,0.10121,31748
545,40,0,0,0,7,2,1,0,0,-13.95,0.6548,0.10086,31788
546,40,0,0,0,19,2,1,0,0,-14.05,0.6542,0.1004,31828
547,131,0,0,0,27,1,1,1,0,-17.37,0.6536,0.09987,31959
548,242,1,1,0,77,4,3,0,0,-20.19,0.6529,0.09918,32201
549,75,0,0,0,14,3,1,0,0,-14.2,0.6523,0.0992,32276
550,110,0,0,0,49,5,2,0,0,-17.45,0.6517,0.0992,32386
551,52,0,0,0,10,2,1,0,0,-13.64,0.651,0.09916,32438
552,80,0,0,0,24,4,2,0,0,-15.4,0.6504,0.09877,32518
553,81,0,0,0,24,4,1,1,0,-15.72,0.6498,0.09835,32599
554,17,0,0,0,7,5,1,0,0,-12.59,0.6491,0.0981,32616
555,101,0,0,0,22,5,2,0,0,-15.32,0.6485,0.09731,32717
556,49,0,0,0,18,0,0,1,0,-15.98,0.6479,0.09738,32766
557,70,0,0,0,13,1,1,0,0,-14.45,0.6472,0.09727,32836
558,58,0,0,0,33,0,0,1,0,-16.01,0.6466,0.09716,32894
559,132,0,0,0,37,3,3,0,0,-17.79,0.646,0.09623,33026
560,20,0,0,0,5,2,1,0,0,-13.45,0.6453,0.09601,33046
561,19,0,0,0,7,3,0,0,1,-16.43,0.6447,0.0959,33065
562,59,0,0,0,15,2,2,0,0,-15.63,0.6441,0.09544,33124
563,15,0,0,0,3,2,1,1,0,-13.95,0.6434,0.09558,33139
564,37,0,0,0,10,2,1,0,0,-12.74,0.6428,0.09586,33176
565,67,0,0,0,24,2,1,0,0,-15.14,0.6422,0.09543,33243
566,230,0,0,0,71,4,2,1,0,-20.55,0.6415,0.09574,33473
567,23,0,0,0,7,1,1,0,0,-13.91,0.6409,0.09562,33496
568,27,0,0,0,4,4,1,0,0,-11.84,0.6403,0.09524,33523
569,19,0,0,0,6,1,1,0,0,-13.78,0.6396,0.09536,33542
570,23,0,0,0,7,2,1,0,0,-13.41,0.639,0.09524,33565
571,89,0,0,0,18,1,1,0,0,-14.38,0.6384,0.09564,33654
572,20,0,0,0,5,0,0,1,0,-13.45,0.6377,0.09581,33674
573,21,0,0,0,3,1,1,0,0,-13.67,0.6371,0.0957,33695
574,127,0,0,0,43,2,1,1,0,-18.29,0.6365,0.09535,33822
575,64,0,0,0,30,4,0,0,1,-18.38,0.6358,0.09534,33886
576,72,0,0,0,12,4,2,0,0,-14.34,0.6352,0.09504,33958
577,11,0,0,0,3,1,1,0,0,-13.47,0.6346,0.09507,33969
578,36,0,0,0,5,1,1,0,0,-13.17,0.6339,0.09521,34005
579,153,0,0,0,33,3,2,0,0,-18.11,0.6333,0.09576,34158
580,40,0,0,0,11,1,1,0,0,-14.45,0.6327,0.09598,34198
581,22,0,0,0,1,2,1,0,0,-12.39,0.632,0.09603,34220
582,281,1,1,0,65,3,3,0,0,-20.77,0.6314,0.09655,34501
583,45,0,0,0,12,1,1,0,0,-13.7,0.6308,0.09668,34546
584,67,0,0,0,26,3,1,0,0,-14.24,0.6301,0.09686,34613
585,122,1,1,0,46,3,2,0,0,-16.14,0.6295,0.09738,34735
586,191,0,0,0,59,3,2,0,0,-18.27,0.6289,0.0982,34926
587,123,0,0,0,30,5,3,0,0,-15.56,0.6282,0.09813,35049
588,167,0,0,0,42,1,1,2,0,-19.24,0.6276,0.0984,35216
589,22,0,0,0,9,0,0,1,0,-14.09,0.627,0.09853,35238
590,87,0,0,0,53,2,1,0,0,-17.19,0.6263,0.09902,35325
591,37,0,0,0,12,0,0,1,0,-15.44,0.6257,0.09914,35362
592,95,0,0,0,37,3,0,0,1,-19.65,0.6251,0.09846,35457
593,91,0,0,0,24,4,3,0,0,-16.42,0.6244,0.09889,35548
594,94,0,0,0,23,4,1,0,0,-13.93,0.6238,0.09928,35642
595,112,0,0,0,21,3,2,1,0,-16.69,0.6232,0.10006,35754
596,160,0,0,0,55,6,3,1,0,-19.35,0.6225,0.10138,35914
597,83,0,0,0,22,1,1,0,0,-14.66,0.6219,0.10184,35997
598,27,0,0,0,8,5,2,0,0,-13.74,0.6213,0.10185,36024
599,123,0,0,0,32,1,1,0,0,-16.26,0.6206,0.10277,36147
600,289,0,0,0,81,3,2,2,0,-23.63,0.62,0.10285,36436
601,399,2,2,0,137,10,5,0,0,-24.53,0.6194,0.10308,36835
602,232,0,0,0,76,2,1,0,0,-21.04,0.6187,0.10314,37067
603,40,0,0,0,15,0,0,1,0,-15.65,0.6181,0.10329,37107
604,273,0,0,0,82,5,3,0,0,-21.36,0.6175,0.10425,37380
605,74,0,0,0,32,3,1,0,0,-15.58,0.6168,0.10438,37454
606,65,0,0,0,14,1,1,0,0,-15.1,0.6162,0.1044,37519
607,332,0,0,0,107,7,4,0,0,-23.49,0.6156,0.10436,37851
608,19,0,0,0,2,2,1,0,0,-11.78,0.6149,0.10435,37870
609,91,0,0,0,21,1,1,1,0,-17.17,0.6143,0.10471,37961
610,16,0,0,0,3,4,1,0,0,-12.67,0.6137,0.1049,37977
611,66,0,0,0,9,1,1,0,0,-14.67,0.613,0.10491,38043
612,83,0,0,0,21,3,2,0,0,-15.51,0.6124,0.10515,38126
613,33,0,0,0,6,0,0,1,0,-14.56,0.6118,0.10545,38159
614,401,0,0,0,150,15,5,1,0,-13.92,0.6111,0.1073,38559
615,87,0,0,0,26,2,1,1,0,-16.64,0.6105,0.10826,38646
616,69,0,0,0,20,1,1,0,0,-14.18,0.6099,0.10794,38715
617,103,0,0,0,17,0,0,1,0,-17.01,0.6092,0.10892,38818
618,126,0,0,0,31,5,1,0,0,-14.87,0.6086,0.10901,38944
619,194,0,0,0,44,2,1,0,0,-18.68,0.608,0.1094,39138
620,94,0,0,0,22,2,1,0,0,-15.58,0.6073,0.10925,39232
621,43,0,0,0,9,3,2,0,0,-14.31,0.6067,0.10928,39275
622,31,0,0,0,10,1,1,0,0,-13.32,0.6061,0.10947,39306
623,20,0,0,0,5,1,1,0,0,-13.75,0.6054,0.10966,39326
624,56,0,0,0,10,3,1,0,0,-14.12,0.6048,0.10935,39382
625,19,0,0,0,5,2,1,0,0,-13.23,0.6042,0.10946,39401
626,28,0,0,0,13,2,1,0,0,-14.01,0.6035,0.10956,39429
627,349,0,0,0,95,7,4,2,0,-26.13,0.6029,0.10996,39778
628,77,0,0,0,19,1,1,1,0,-17.19,0.6023,0.11002,39855
629,76,0,0,0,14,3,2,0,0,-15.62,0.6016,0.11025,39931
630,80,0,0,0,16,2,1,1,0,-15.5,0.601,0.111,40011
631,63,0,0,0,9,3,2,0,0,-14.31,0.6004,0.11117,40074
632,7,0,0,0,3,2,1,0,0,-13.09,0.5997,0.11112,40081
633,125,0,0,0,42,2,2,1,0,-18.2,0.5991,0.11075,40206
634,39,0,0,0,20,1,1,0,0,-13.58,0.5985,0.11117,40245
635,150,0,0,0,42,6,2,0,0,-15.9,0.5978,0.11133,40395
636,401,0,0,0,141,5,2,3,0,-17.77,0.5972,0.11156,40795
637,121,0,0,0,26,1,1,0,0,-16.82,0.5966,0.11178,40916
638,293,0,0,0,77,5,3,1,0,-23.31,0.5959,0.1134,41209
639,49,0,0,0,13,1,1,1,0,-14.63,0.5953,0.11344,41258
640,79,0,0,0,40,2,1,0,0,-15.68,0.5947,0.1133,41337
641,103,0,0,0,31,2,2,0,0,-15.61,0.594,0.11367,41440
642,24,0,0,0,6,3,0,0,1,-16.68,0.5934,0.11358,41464
643,132,0,0,0,31,6,2,0,0,-16.09,0.5928,0.11381,41596
644,188,1,1,0,71,4,3,1,0,-19.41,0.5921,0.11315,41784
645,81,0,0,0,34,4,1,0,0,-15.52,0.5915,0.11322,41865
646,15,0,0,0,2,2,1,0,0,-13.2,0.5909,0.11312,41880
647,395,0,0,0,99,4,4,2,0,-27.65,0.5902,0.11236,42275
648,155,0,0,0,42,6,3,0,0,-17.4,0.5896,0.11259,42430
649,180,0,0,0,30,5,3,1,0,-18.5,0.589,0.11245,42610
650,81,0,0,0,34,6,3,0,0,-15.12,0.5883,0.11247,42691
651,11,0,0,0,5,4,0,0,1,-16.07,0.5877,0.11247,42702
652,204,0,0,0,43,4,3,0,0,-19.63,0.5871,0.11144,42906
653,99,0,0,0,22,5,1,0,0,-14.08,0.5864,0.11272,43005
654,216,0,0,0,87,8,4,1,0,-22.37,0.5858,0.11302,43221
655,35,0,0,0,7,2,1,1,0,-14.15,0.5852,0.11278,43256
656,21,0,0,0,6,1,1,0,0,-13.82,0.5845,0.11265,43277
657,26,0,0,0,10,4,1,0,0,-13.22,0.5839,0.11273,43303
658,40,0,0,0,14,2,1,0,0,-14.3,0.5833,0.11247,43343
659,15,0,0,0,4,0,0,1,0,-14.1,0.5826,0.11245,43358
660,5,0,0,0,2,1,1,0,0,-13.3,0.582,0.11248,43363
661,283,0,0,0,88,4,2,2,0,-25.16,0.5814,0.11261,43646
662,167,0,0,0,33,2,1,0,0,-17.79,0.5807,0.11154,43813
663,60,0,0,0,11,2,1,0,0,-13.25,0.5801,0.11102,43873
664,105,1,1,0,21,4,3,0,0,-15.05,0.5795,0.1105,43978
665,25,0,0,0,11,3,0,0,1,-16.95,0.5788,0.11033,44003
666,57,0,0,0,10,3,1,0,0,-13.04,0.5782,0.11002,44060
667,86,0,0,0,37,1,1,0,0,-16.67,0.5776,0.11001,44146
668,34,0,0,0,14,1,1,0,0,-14.48,0.5769,0.10979,44180
669,21,0,0,0,5,2,1,0,0,-13.47,0.5763,0.10987,44201
670,354,0,0,0,94,3,1,1,0,-24.18,0.5757,0.10898,44555
671,16,0,0,0,5,1,1,0,0,-13.67,0.575,0.10906,44571
672,126,0,0,0,26,3,2,0,0,-16.12,0.5744,0.10932,44697
673,207,0,0,0,52,2,2,1,0,-19.54,0.5738,0.10985,44904
674,401,2,2,0,120,7,3,0,0,-11.02,0.5731,0.10876,45304
675,34,0,0,0,12,3,1,0,0,-13.38,0.5725,0.10868,45338
676,132,0,0,0,42,4,2,0,0,-16.34,0.5719,0.10838,45470
677,50,0,0,0,11,1,1,0,0,-13.75,0.5712,0.1081,45520
678,171,0,0,0,33,1,1,0,0,-18.17,0.5706,0.10733,45691
679,130,0,0,0,50,4,0,0,1,-20.5,0.57,0.10706,45821
680,42,0,0,0,22,1,1,0,0,-15.04,0.5693,0.10704,45863
681,58,0,0,0,29,2,1,0,0,-13.91,0.5687,0.10652,45921
682,33,0,0,0,6,1,1,0,0,-14.06,0.5681,0.10649,45954
683,23,0,0,0,8,2,1,0,0,-12.36,0.5674,0.10625,45977
684,143,0,0,0,37,7,3,0,0,-15.81,0.5668,0.10549,46120
685,296,0,0,0,137,5,2,0,0,-25.17,0.5662,0.10374,46416
686,31,0,0,0,15,2,0,0,1,-17.37,0.5655,0.10351,46447
687,9,0,0,0,7,3,1,0,0,-12.83,0.5649,0.10346,46456
688,401,0,0,0,110,3,2,1,0,-14.92,0.5643,0.10269,46856
689,29,0,0,0,10,1,1,0,0,-14.18,0.5636,0.10269,46885
690,126,0,0,0,52,2,2,0,0,-17.52,0.563,0.10228,47011
691,63,0,0,0,14,1,1,0,0,-15.06,0.5624,0.10171,47074
692,171,0,0,0,45,4,0,0,1,-21.27,0.5617,0.10196,47245
693,70,0,0,0,17,0,0,1,0,-15.45,0.5611,0.10189,47315
694,35,1,1,0,8,2,2,0,0,-13.2,0.5605,0.10169,47350
695,19,0,0,0,4,1,1,0,0,-12.78,0.5598,0.10162,47369
696,124,0,0,0,45,2,1,0,0,-16.83,0.5592,0.1017,47493
697,221,0,0,0,63,6,2,1,0,-20.87,0.5586,0.1004,47714
698,230,0,0,0,60,2,2,1,0,-22.5,0.5579,0.09996,47944
699,92,0,0,0,19,1,1,0,0,-15.89,0.5573,0.09983,48036
700,102,0,0,0,35,2,1,0,0,-15.29,0.5567,0.09992,48138
701,95,0,0,0,54,1,1,0,0,-17.0,0.556,0.09992,48233
702,37,0,0,0,14,4,1,0,0,-13.64,0.5554,0.10002,48270
703,138,0,0,0,27,6,1,0,0,-15.71,0.5548,0.09985,48408
704,124,0,0,0,37,4,2,1,0,-18.23,0.5541,0.09945,48532
705,9,0,0,0,5,2,0,0,1,-16.63,0.5535,0.09945,48541
706,68,0,0,0,15,0,0,1,0,-15.31,0.5529,0.09928,48609
707,39,0,0,0,9,3,0,0,1,-17.13,0.5522,0.09922,48648
708,12,0,0,0,4,3,0,0,1,-16.14,0.5516,0.09918,48660
709,99,0,0,0,26,4,0,0,1,-18.88,0.551,0.099,48759
710,106,1,1,0,30,2,2,0,0,-15.12,0.5503,0.09917,48865
711,181,0,0,0,39,0,0,4,0,-21.27,0.5497,0.0978,49046
712,162,0,0,0,33,2,2,0,0,-18.19,0.5491,0.09724,49208
713,73,1,1,0,26,7,3,0,0,-14.06,0.5484,0.09743,49281
714,56,0,0,0,10,1,1,0,0,-14.72,0.5478,0.09751,49337
715,130,0,0,0,53,1,1,0,0,-18.35,0.5472,0.09731,49467
716,55,0,0,0,25,4,1,0,0,-14.35,0.5465,0.09762,49522
717,24,0,0,0,11,2,1,0,0,-13.83,0.5459,0.09773,49546
718,106,0,0,0,22,3,1,0,0,-15.52,0.5453,0.09806,49652
719,304,0,0,0,93,9,5,1,0,-23.93,0.5446,0.0983,49956
720,35,0,0,0,6,2,1,0,0,-12.9,0.544,0.09851,49991
721,39,0,0,0,9,2,2,0,0,-14.33,0.5434,0.09834,50000
722,27,0,0,0,4,4,1,0,0,-12.24,0.5427,0.09835,50000
723,129,0,0,0,53,6,2,1,0,-18.33,0.5421,0.09876,50000
724,401,1,1,0,85,9,2,2,0,-12.57,0.5415,0.09907,50000
725,66,0,0,0,20,3,0,0,1,-18.22,0.5408,0.09895,50000
726,132,0,0,0,46,2,1,0,0,-17.74,0.5402,0.09918,50000
727,401,1,1,0,92,8,3,1,0,-11.72,0.5396,0.09945,50000
728,5,0,0,0,1,1,1,0,0,-13.25,0.5389,0.09945,50000
729,219,0,0,0,38,1,1,0,0,-19.18,0.5383,0.10008,50000
730,121,0,0,0,25,3,2,0,0,-16.67,0.5377,0.09932,50000
731,33,0,0,0,8,1,1,1,0,-15.76,0.537,0.09924,50000
732,45,0,0,0,10,1,1,0,0,-13.6,0.5364,0.09912,50000
733,36,0,0,0,7,2,1,0,0,-13.87,0.5358,0.09936,50000
734,325,2,2,0,128,11,4,0,0,-21.5,0.5351,0.10069,50000
735,48,0,0,0,13,1,1,0,0,-14.71,0.5345,0.10089,50000
736,52,0,0,0,11,4,2,0,0,-13.99,0.5339,0.10064,50000
737,50,0,0,0,25,5,2,0,0,-14.05,0.5332,0.10083,50000
738,47,0,0,0,17,2,1,0,0,-14.39,0.5326,0.10056,50000
739,60,0,0,0,9,3,1,0,0,-14.15,0.532,0.10172,50000
740,198,1,1,0,47,4,2,0,0,-18.21,0.5313,0.10287,50000
741,14,0,0,0,8,1,1,0,0,-13.58,0.5307,0.10283,50000
742,127,1,1,0,21,4,3,0,0,-15.19,0.5301,0.10298,50000
743,147,0,0,0,61,1,1,1,0,-18.59,0.5294,0.10315,50000
744,47,0,0,0,13,2,0,0,1,-17.59,0.5288,0.10344,50000
745,176,2,2,0,28,13,5,0,0,-14.82,0.5282,0.10448,50000
746,16,0,0,0,7,1,1,0,0,-12.87,0.5275,0.10464,50000
747,21,0,0,0,10,3,1,0,0,-13.22,0.5269,0.10467,50000
748,110,0,0,0,34,4,2,0,0,-15.3,0.5263,0.10532,50000
749,42,0,0,0,14,2,0,0,1,-17.74,0.5256,0.10539,50000
750,53,1,1,0,14,6,2,0,0,-12.46,0.525,0.10496,50000
751,260,1,1,0,81,4,1,1,0,-21.45,0.5244,0.10513,50000
752,5,0,0,0,1,1,1,0,0,-13.25,0.5237,0.10506,50000
753,73,0,0,0,23,3,2,0,0,-15.11,0.5231,0.10524,50000
754,29,0,0,0,8,2,1,0,0,-13.78,0.5225,0.10559,50000
755,89,0,0,0,41,3,1,1,0,-17.13,0.5218,0.10586,50000
756,110,0,0,0,32,4,2,0,0,-16.5,0.5212,0.1062,50000
757,19,0,0,0,13,2,1,0,0,-13.83,0.5206,0.10634,50000
758,11,0,0,0,5,2,0,0,1,-16.67,0.5199,0.10634,50000
759,42,0,0,0,6,2,1,0,0,-13.74,0.5193,0.10604,50000
760,222,0,0,0,71,1,1,0,0,-21.09,0.5187,0.10759,50000
761,55,0,0,0,16,1,1,2,0,-17.8,0.518,0.10792,50000
762,63,0,0,0,33,1,1,0,0,-16.01,0.5174,0.10827,50000
763,99,0,0,0,48,2,1,0,0,-16.68,0.5168,0.10907,50000
764,84,0,0,0,17,1,1,0,0,-15.63,0.5161,0.10992,50000
765,58,1,1,0,8,2,2,1,0,-14.86,0.5155,0.11059,50000
766,25,0,0,0,2,4,1,0,0,-12.8,0.5149,0.11047,50000
767,182,0,0,0,80,5,1,0,0,-19.34,0.5142,0.1112,50000
768,5,0,0,0,1,1,1,0,0,-13.25,0.5136,0.1112,50000
769,77,0,0,0,12,2,1,0,0,-13.44,0.513,0.11141,50000
770,209,0,0,0,69,1,1,1,0,-21.93,0.5123,0.11178,50000
771,24,0,0,0,5,2,1,0,0,-13.53,0.5117,0.11195,50000
772,183,0,0,0,108,1,1,0,0,-22.16,0.5111,0.11277,50000
773,143,0,0,0,42,4,2,1,0,-19.26,0.5104,0.11342,50000
774,75,0,0,0,13,1,1,1,0,-16.05,0.5098,0.11362,50000
775,176,0,0,0,54,1,1,2,0,-20.92,0.5092,0.11394,50000
776,11,0,0,0,2,4,1,0,0,-11.62,0.5085,0.11397,50000
777,151,0,0,0,39,3,2,1,0,-18.47,0.5079,0.11461,50000
778,59,0,0,0,21,3,1,0,0,-14.53,0.5073,0.11505,50000
779,131,0,0,0,63,1,1,0,0,-18.87,0.5066,0.11554,50000
780,55,0,0,0,7,2,2,0,0,-13.85,0.506,0.11557,50000
781,12,0,0,0,1,3,1,0,0,-11.89,0.5054,0.11558,50000
782,97,0,0,0,16,7,2,0,0,-14.34,0.5047,0.11536,50000
783,198,0,0,0,47,1,1,0,0,-19.21,0.5041,0.11657,50000
784,17,0,0,0,4,1,1,0,0,-12.34,0.5035,0.11655,50000
785,193,1,1,0,33,2,1,1,0,-17.01,0.5028,0.1166,50000
786,178,0,0,0,36,6,3,0,0,-17.56,0.5022,0.11713,50000
787,164,0,0,0,43,2,1,1,0,-19.03,0.5016,0.11784,50000
788,15,0,0,0,6,2,1,0,0,-12.1,0.5009,0.11765,50000
789,105,0,0,0,42,2,1,0,0,-16.3,0.5003,0.11773,50000
790,44,0,0,0,17,5,1,0,0,-12.73,0.4997,0.11794,50000
791,27,0,0,0,7,3,1,0,0,-13.39,0.499,0.11797,50000
792,24,0,0,0,8,4,1,0,0,-13.08,0.4984,0.11811,50000
793,147,0,0,0,53,3,0,0,1,-21.49,0.4978,0.11804,50000
794,59,0,0,0,19,3,2,0,0,-14.63,0.4971,0.11789,50000
795,401,0,0,0,73,6,3,0,0,-11.37,0.4965,0.11831,50000
796,247,2,2,0,54,5,3,0,0,-17.64,0.4959,0.11824,50000
797,176,0,0,0,77,3,2,0,0,-20.77,0.4952,0.11847,50000
798,54,0,0,0,21,1,1,0,0,-14.73,0.4946,0.11852,50000
799,222,0,0,0,62,1,1,1,0,-20.64,0.494,0.11812,50000
800,5,0,0,0,1,0,0,1,0,-14.25,0.4933,0.11812,50000
801,119,0,0,0,52,5,3,0,0,-18.68,0.4927,0.11837,50000
802,401,0,0,0,95,1,1,1,0,-13.37,0.4921,0.11691,50000
803,401,0,0,0,147,1,1,0,0,-15.57,0.4914,0.11504,50000
804,236,0,0,0,108,2,1,0,0,-22.72,0.4908,0.1148,50000
805,115,0,0,0,20,8,2,0,0,-14.8,0.4902,0.11493,50000
806,8,0,0,0,3,0,0,1,0,-14.41,0.4895,0.11493,50000
807,80,0,0,0,29,6,2,0,0,-14.75,0.4889,0.11483,50000
808,401,1,1,0,68,6,3,0,0,-9.92,0.4883,0.11415,50000
809,113,0,0,0,57,4,1,0,0,-17.31,0.4876,0.11431,50000
810,12,0,0,0,3,2,1,0,0,-12.09,0.487,0.11419,50000
811,25,0,0,0,15,2,0,0,1,-17.25,0.4864,0.11376,50000
812,144,0,0,0,58,5,2,2,0,-19.78,0.4857,0.11306,50000
813,172,0,0,0,27,2,1,0,0,-17.39,0.4851,0.11243,50000
814,296,2,2,0,70,6,4,1,0,-20.42,0.4845,0.1115,50000
815,133,0,0,0,24,3,1,0,0,-14.86,0.4838,0.11053,50000
816,37,0,0,0,10,4,2,0,0,-14.14,0.4832,0.11046,50000
817,34,0,0,0,5,1,1,0,0,-12.73,0.4826,0.11115,50000
818,354,0,0,0,106,4,2,0,0,-25.08,0.4819,0.11033,50000
819,18,0,0,0,4,4,1,0,0,-12.76,0.4813,0.11018,50000
820,342,0,0,0,101,9,4,4,0,-28.69,0.4807,0.11082,50000
821,25,0,0,0,6,2,1,0,0,-13.4,0.48,0.11091,50000
822,401,1,1,0,81,7,4,2,0,-13.97,0.4794,0.10939,50000
823,78,0,0,0,26,2,1,1,0,-16.56,0.4788,0.10891,50000
824,7,0,0,0,1,2,1,0,0,-12.99,0.4781,0.10891,50000
825,50,1,1,0,14,5,2,0,0,-12.6,0.4775,0.1086,50000
826,179,0,0,0,64,6,3,0,0,-17.68,0.4769,0.10737,50000
827,378,1,1,0,120,9,4,0,0,-22.66,0.4762,0.10634,50000
828,119,0,0,0,22,5,2,0,0,-16.08,0.4756,0.10599,50000
829,14,0,0,0,2,0,0,1,0,-14.48,0.475,0.10611,50000
830,401,1,1,0,121,3,1,1,0,-13.27,0.4743,0.10404,50000
831,178,0,0,0,103,3,2,2,0,-23.31,0.4737,0.10363,50000
832,177,0,0,0,44,2,1,1,0,-19.54,0.4731,0.10294,50000
833,70,0,0,0,13,8,2,0,0,-13.95,0.4724,0.1031,50000
834,140,0,0,0,37,4,2,0,0,-16.95,0.4718,0.10271,50000
835,27,0,0,0,4,0,0,1,0,-13.54,0.4712,0.10258,50000
836,29,0,0,0,2,2,1,0,0,-12.18,0.4705,0.10283,50000
837,379,0,0,0,130,6,3,0,0,-25.88,0.4699,0.10108,50000
838,104,0,0,0,19,3,1,0,0,-15.03,0.4693,0.10088,50000
839,138,1,1,0,27,7,4,1,0,-16.01,0.4686,0.10055,50000
840,143,1,1,0,38,2,1,1,0,-17.16,0.468,0.10047,50000
841,401,0,0,0,84,3,2,3,0,-15.92,0.4674,0.10001,50000
842,11,0,0,0,2,1,1,0,0,-11.92,0.4667,0.10008,50000
843,110,1,1,0,14,3,2,0,0,-13.4,0.4661,0.09985,50000
844,15,0,0,0,4,1,1,0,0,-13.4,0.4655,0.09995,50000
845,109,0,0,0,79,3,0,0,1,-22.03,0.4648,0.09977,50000
846,58,0,0,0,8,3,2,0,0,-13.46,0.4642,0.09943,50000
847,82,0,0,0,11,1,1,0,0,-15.29,0.4636,0.09868,50000
848,20,0,0,0,4,2,1,0,0,-13.2,0.4629,0.09861,50000
849,17,0,0,0,5,5,1,0,0,-12.29,0.4623,0.09857,50000
850,401,0,0,0,152,4,3,0,0,-14.72,0.4617,0.09615,50000
851,160,0,0,0,92,3,1,0,0,-20.3,0.461,0.09635,50000
852,80,0,0,0,16,1,0,0,1,-18.9,0.4604,0.09606,50000
853,143,0,0,0,41,2,1,0,0,-17.71,0.4598,0.09547,50000
854,33,0,0,0,4,5,1,0,0,-11.46,0.4591,0.09521,50000
855,34,0,0,0,19,2,1,0,0,-14.43,0.4585,0.09484,50000
856,175,1,1,0,52,6,3,0,0,-16.8,0.4579,0.09556,50000
857,75,0,0,0,18,1,1,0,0,-14.2,0.4572,0.0957,50000
858,60,0,0,0,12,5,1,1,0,-15.3,0.4566,0.09524,50000
859,176,0,0,0,43,2,2,1,0,-18.87,0.456,0.096,50000
860,14,0,0,0,3,2,1,0,0,-11.93,0.4553,0.09591,50000
861,147,0,0,0,27,2,2,0,0,-17.09,0.4547,0.09635,50000
862,43,0,0,0,19,3,0,0,1,-17.71,0.4541,0.09635,50000
863,138,0,0,0,54,4,2,0,0,-18.16,0.4534,0.09588,50000
864,11,0,0,0,4,1,1,0,0,-12.22,0.4528,0.09585,50000
865,131,0,0,0,24,4,2,0,0,-16.52,0.4522,0.09552,50000
866,23,0,0,0,5,4,1,0,0,-12.51,0.4515,0.09548,50000
867,39,0,0,0,16,2,1,0,0,-13.28,0.4509,0.09554,50000
868,401,0,0,0,156,0,0,0,0,-15.82,0.4503,0.09626,50000
869,168,1,1,0,90,6,2,0,0,-19.16,0.4496,0.09654,50000
870,98,0,0,0,15,4,2,0,0,-14.81,0.449,0.09609,50000
871,77,0,0,0,17,2,1,0,0,-14.99,0.4484,0.09582,50000
872,295,0,0,0,111,3,3,0,0,-24.15,0.4477,0.09566,50000
873,108,1,1,0,15,3,2,0,0,-14.31,0.4471,0.09541,50000
874,89,0,0,0,20,4,2,1,0,-16.28,0.4465,0.09514,50000
875,281,1,1,0,64,11,4,0,0,-18.42,0.4458,0.09459,50000
876,401,0,0,0,65,7,3,2,0,-13.57,0.4452,0.094,50000
877,97,0,0,0,46,1,1,0,0,-16.44,0.4446,0.09358,50000
878,320,1,1,0,61,9,4,1,0,-20.45,0.4439,0.0922,50000
879,93,1,1,0,11,4,2,0,0,-13.41,0.4433,0.09146,50000
880,33,0,0,0,16,6,3,0,0,-12.96,0.4427,0.09113,50000
881,157,1,1,0,28,3,2,0,0,-16.34,0.442,0.09097,50000
882,41,0,0,0,10,1,1,0,0,-13.12,0.4414,0.09115,50000
883,42,0,0,0,9,1,1,0,0,-14.19,0.4408,0.09116,50000
884,201,1,1,0,58,4,2,1,0,-18.42,0.4401,0.09101,50000
885,255,0,0,0,51,4,3,1,0,-20.75,0.4395,0.09108,50000
886,401,1,1,0,87,4,2,0,0,-10.82,0.4389,0.09152,50000
887,313,0,0,0,48,10,5,1,0,-21.66,0.4382,0.09136,50000
888,101,0,0,0,22,1,1,1,0,-17.02,0.4376,0.09146,50000
889,158,0,0,0,20,6,2,0,0,-15.36,0.437,0.09137,50000
890,34,0,0,0,17,1,1,0,0,-13.53,0.4363,0.09167,50000
891,401,1,1,0,75,4,2,0,0,-9.57,0.4357,0.09112,50000
892,331,0,0,0,60,4,1,1,0,-22.42,0.4351,0.08965,50000
893,118,1,1,0,38,5,2,1,0,-15.66,0.4344,0.09051,50000
894,373,0,0,0,48,0,0,1,0,-23.06,0.4338,0.09036,50000
895,12,0,0,0,1,2,1,0,0,-13.09,0.4332,0.09032,50000
896,291,0,0,0,41,2,2,3,0,-25.27,0.4325,0.09096,50000
897,401,0,0,0,60,0,0,0,0,-11.02,0.4319,0.09054,50000
898,164,0,0,0,31,5,2,0,0,-16.63,0.4313,0.09016,50000
899,7,0,0,0,0,1,1,0,0,-12.34,0.4306,0.09016,50000
900,228,1,1,0,35,7,5,1,0,-19.41,0.43,0.0907,50000
901,43,0,0,0,20,1,1,0,0,-14.96,0.4294,0.09055,50000
902,96,0,0,0,15,0,0,1,0,-16.77,0.4287,0.09028,50000
903,93,0,0,0,38,1,1,0,0,-16.36,0.4281,0.09016,50000
904,171,0,0,0,43,2,2,2,0,-20.97,0.4275,0.09036,50000
905,401,1,1,0,70,6,3,1,0,-10.82,0.4268,0.08993,50000
906,92,0,0,0,46,0,0,1,0,-18.24,0.4262,0.08957,50000
907,119,1,1,0,58,4,3,0,0,-15.78,0.4256,0.08873,50000
908,327,0,0,0,52,4,1,1,0,-22.74,0.4249,0.08753,50000
909,18,0,0,0,4,2,0,0,1,-16.76,0.4243,0.08758,50000
910,11,0,0,0,2,2,1,0,0,-12.22,0.4237,0.08752,50000
911,153,0,0,0,21,2,1,0,0,-16.71,0.423,0.0877,50000
912,10,0,0,0,3,1,1,0,0,-12.15,0.4224,0.08767,50000
913,401,0,0,0,82,6,3,2,0,-13.27,0.4218,0.0857,50000
914,85,0,0,0,34,1,1,0,0,-16.5,0.4211,0.08543,50000
915,45,0,0,0,8,1,1,0,0,-13.1,0.4205,0.08491,50000
916,9,0,0,0,3,1,1,0,0,-13.43,0.4199,0.08481,50000
917,363,0,0,0,110,7,3,2,0,-26.06,0.4192,0.08426,50000
918,67,0,0,0,11,2,1,0,0,-14.49,0.4186,0.08407,50000
919,207,0,0,0,35,5,2,0,0,-17.99,0.418,0.08339,50000
920,401,0,0,0,55,7,4,0,0,-10.17,0.4173,0.0822,50000
921,98,0,0,0,29,3,1,0,0,-15.91,0.4167,0.08275,50000
922,279,0,0,0,40,7,2,0,0,-18.98,0.4161,0.08192,50000
923,151,1,1,0,82,4,2,1,0,-19.82,0.4154,0.08208,50000
924,27,0,0,0,6,1,1,0,0,-13.74,0.4148,0.08197,50000
925,401,0,0,0,100,3,1,1,0,-14.62,0.4142,0.0822,50000
926,5,0,0,0,4,2,1,0,0,-12.9,0.4135,0.08214,50000
927,159,0,0,0,23,4,2,0,0,-17.23,0.4129,0.08237,50000
928,401,0,0,0,85,8,3,0,0,-11.37,0.4123,0.08175,50000
929,250,1,1,0,53,4,2,1,0,-19.45,0.4116,0.08024,50000
930,65,0,0,0,18,1,1,0,0,-15.1,0.411,0.07964,50000
931,76,0,0,0,16,3,2,0,0,-15.32,0.4104,0.07961,50000
932,26,0,0,0,5,0,0,1,0,-13.97,0.4097,0.07963,50000
933,378,0,0,0,51,5,3,2,0,-22.61,0.4091,0.07937,50000
934,165,1,1,0,26,6,3,0,0,-15.1,0.4085,0.07841,50000
935,159,0,0,0,26,4,1,0,0,-15.58,0.4078,0.07803,50000
936,121,0,0,0,15,3,1,0,0,-15.67,0.4072,0.07744,50000
937,401,0,0,0,53,0,0,0,0,-10.67,0.4066,0.07648,50000
938,38,0,0,0,7,1,1,1,0,-15.41,0.4059,0.07661,50000
939,121,0,0,0,68,3,1,1,0,-19.12,0.4053,0.07679,50000
940,163,0,0,0,25,7,2,0,0,-16.31,0.4047,0.07578,50000
941,401,0,0,0,105,11,3,0,0,-10.67,0.404,0.07517,50000
942,13,0,0,0,5,2,0,0,1,-16.71,0.4034,0.07507,50000
943,401,0,0,0,52,5,4,2,0,-12.72,0.4028,0.07387,50000
944,66,0,0,0,7,0,0,1,0,-15.77,0.4021,0.0737,50000
945,113,0,0,0,38,2,2,0,0,-17.46,0.4015,0.07346,50000
946,401,1,1,0,58,3,2,2,0,-11.82,0.4009,0.07277,50000
947,379,0,0,0,67,4,3,0,0,-24.53,0.4002,0.07163,50000
948,29,0,0,0,4,4,1,0,0,-12.48,0.3996,0.0716,50000
949,231,0,0,0,30,1,1,0,0,-19.22,0.399,0.07094,50000
950,401,0,0,0,66,3,2,0,0,-11.02,0.3983,0.07107,50000
951,330,0,0,0,40,3,1,2,0,-24.3,0.3977,0.07061,50000
952,282,0,0,0,38,2,2,0,0,-19.94,0.3971,0.06949,50000
953,401,0,0,0,58,7,4,0,0,-10.02,0.3964,0.06907,50000
954,295,0,0,0,35,5,3,1,0,-20.45,0.3958,0.06934,50000
955,152,0,0,0,20,3,2,0,0,-16.14,0.3952,0.06935,50000
956,156,1,1,0,16,2,1,1,0,-16.42,0.3945,0.06932,50000
957,99,0,0,0,9,4,1,0,0,-14.63,0.3939,0.069,50000
958,208,1,1,0,41,4,2,0,0,-18.11,0.3933,0.06902,50000
959,401,0,0,0,57,6,3,1,0,-12.97,0.3926,0.06839,50000
960,401,0,0,0,70,1,1,1,0,-13.02,0.392,0.06671,50000
961,10,0,0,0,8,1,1,0,0,-13.7,0.3914,0.0667,50000
962,61,0,0,0,8,2,1,0,0,-13.02,0.3907,0.06692,50000
963,401,0,0,0,155,4,2,2,0,-18.37,0.3901,0.06584,50000
964,216,0,0,0,21,1,1,0,0,-17.57,0.3895,0.0655,50000
965,193,0,0,0,18,1,1,0,0,-17.86,0.3888,0.06535,50000
966,64,0,0,0,25,4,1,1,0,-15.93,0.3882,0.06539,50000
967,30,0,0,0,13,1,1,0,0,-14.35,0.3876,0.06533,50000
968,336,0,0,0,85,8,3,3,0,-25.47,0.3869,0.0648,50000
969,118,0,0,0,17,1,1,0,0,-15.21,0.3863,0.06464,50000
970,281,0,0,0,95,3,1,1,0,-23.67,0.3857,0.06434,50000
971,26,0,0,0,5,1,1,0,0,-12.57,0.385,0.06441,50000
972,166,0,0,0,27,2,1,0,0,-17.47,0.3844,0.06464,50000
973,76,0,0,0,9,2,1,0,0,-13.27,0.3838,0.06493,50000
974,177,0,0,0,22,4,2,0,0,-16.94,0.3831,0.06506,50000
975,312,0,0,0,56,2,0,0,1,-25.24,0.3825,0.06495,50000
976,6,0,0,0,1,2,1,0,0,-12.07,0.3819,0.065,50000
977,401,0,0,0,41,6,2,1,0,-10.87,0.3812,0.06526,50000
978,195,0,0,0,35,3,0,0,1,-21.55,0.3806,0.06469,50000
979,401,0,0,0,47,6,2,2,0,-12.82,0.38,0.06491,50000
980,258,0,0,0,41,3,2,1,0,-19.81,0.3793,0.06394,50000
981,401,0,0,0,58,0,0,0,0,-10.92,0.3787,0.06384,50000
982,228,0,0,0,38,1,1,1,0,-19.46,0.3781,0.06351,50000
983,172,0,0,0,18,6,2,0,0,-16.64,0.3774,0.06339,50000
984,277,0,0,0,47,6,3,0,0,-19.89,0.3768,0.063,50000
985,234,0,0,0,34,1,1,0,0,-19.48,0.3762,0.06205,50000
986,105,0,0,0,17,0,0,3,0,-19.45,0.3755,0.06171,50000
987,209,0,0,0,40,5,3,0,0,-18.28,0.3749,0.06117,50000
988,72,0,0,0,7,3,2,0,0,-14.19,0.3743,0.06153,50000
989,61,0,0,0,10,1,1,0,0,-14.82,0.3736,0.06179,50000
990,234,0,0,0,62,9,4,0,0,-19.08,0.373,0.06105,50000
991,18,0,0,0,3,0,0,1,0,-13.71,0.3724,0.06087,50000
992,241,2,2,0,32,6,4,1,0,-16.62,0.3717,0.06058,50000
993,401,0,0,0,56,0,0,2,0,-12.82,0.3711,0.06022,50000
994,107,0,0,0,15,0,0,2,0,-17.29,0.3705,0.06012,50000
995,252,0,0,0,46,6,2,1,0,-19.64,0.3698,0.05992,50000
996,401,0,0,0,50,0,0,0,0,-10.52,0.3692,0.05955,50000
997,401,1,1,0,49,3,3,1,0,-11.17,0.3686,0.05947,50000
998,48,0,0,0,11,5,3,0,0,-13.61,0.3679,0.05951,50000
999,90,0,0,0,29,4,2,0,0,-15.95,0.3673,0.05973,50000
1000,50,0,0,0,8,5,1,0,0,-13.1,0.3667,0.05973,50000
1001,34,0,0,0,3,1,1,0,0,-13.03,0.366,0.05973,50000
1002,32,0,0,0,7,3,1,0,0,-12.99,0.3654,0.05985,50000
1003,398,1,1,0,62,5,3,1,0,-22.96,0.3648,0.05955,50000
1004,85,0,0,0,10,0,0,1,0,-16.3,0.3641,0.05947,50000
1005,25,0,0,0,6,2,1,0,0,-13.4,0.3635,0.05938,50000
1006,364,1,1,0,50,7,4,0,0,-19.68,0.3629,0.05902,50000
1007,18,0,0,0,4,3,1,0,0,-12.66,0.3622,0.05889,50000
1008,117,0,0,0,81,3,0,0,1,-22.09,0.3616,0.05871,50000
1009,244,0,0,0,28,2,2,0,0,-19.18,0.361,0.05876,50000
1010,96,0,0,0,19,10,4,0,0,-14.97,0.3603,0.05838,50000
1011,116,0,0,0,16,2,2,0,0,-15.42,0.3597,0.05835,50000
1012,114,0,0,0,13,1,1,0,0,-15.13,0.3591,0.05877,50000
1013,9,0,0,0,4,1,1,0,0,-13.48,0.3584,0.05877,50000
1014,401,0,0,0,43,0,1,2,0,-13.17,0.3578,0.0584,50000
1015,41,0,0,0,2,3,1,0,0,-12.32,0.3572,0.05824,50000
1016,401,1,1,0,46,4,2,1,0,-10.52,0.3565,0.05806,50000
1017,60,0,0,0,7,1,1,0,0,-13.35,0.3559,0.0576,50000
1018,143,0,0,0,20,5,2,0,0,-15.66,0.3553,0.05762,50000
1019,88,1,1,0,19,5,2,0,0,-14.31,0.3546,0.0572,50000
1020,96,0,0,0,7,1,1,0,0,-14.47,0.354,0.05743,50000
1021,256,0,0,0,31,7,3,1,0,-19.37,0.3534,0.0572,50000
1022,24,0,0,0,2,3,2,0,0,-12.08,0.3527,0.05712,50000
1023,125,0,0,0,20,3,1,0,0,-15.8,0.3521,0.05753,50000
1024,20,0,0,0,3,2,1,0,0,-12.45,0.3515,0.05751,50000
1025,362,0,0,0,52,11,4,0,0,-20.54,0.3508,0.05703,50000
1026,144,0,0,0,11,1,1,0,0,-15.03,0.3502,0.05722,50000
1027,27,0,0,0,14,3,1,0,0,-13.54,0.3496,0.05727,50000
1028,35,0,0,0,6,3,2,0,0,-14.0,0.3489,0.0572,50000
1029,66,0,0,0,7,2,1,0,0,-13.17,0.3483,0.05709,50000
1030,75,0,0,0,44,1,1,2,0,-19.6,0.3477,0.05721,50000
1031,5,0,0,0,0,1,1,0,0,-12.3,0.347,0.05721,50000
1032,79,0,0,0,12,7,2,0,0,-13.58,0.3464,0.05725,50000
1033,163,0,0,0,16,2,1,0,0,-16.66,0.3458,0.05712,50000
1034,401,0,0,0,48,1,1,0,0,-10.22,0.3451,0.05736,50000
1035,401,1,1,0,118,2,2,1,0,-14.72,0.3445,0.05706,50000
1036,183,0,0,0,23,6,4,0,0,-18.21,0.3439,0.05688,50000
1037,149,0,0,0,16,3,2,0,0,-16.18,0.3432,0.05725,50000
1038,401,1,1,0,47,4,2,1,0,-10.17,0.3426,0.05673,50000
1039,401,1,1,0,52,2,2,2,0,-11.02,0.342,0.0572,50000
1040,24,0,0,0,2,1,1,0,0,-13.48,0.3413,0.0572,50000
1041,235,0,0,0,32,15,3,1,0,-17.2,0.3407,0.05712,50000
1042,125,1,1,0,25,5,2,1,0,-15.55,0.3401,0.05746,50000
1043,41,0,0,0,4,1,1,0,0,-12.82,0.3394,0.05748,50000
1044,329,0,0,0,42,0,0,3,0,-23.68,0.3388,0.05753,50000
1045,29,0,0,0,7,2,0,0,1,-17.13,0.3382,0.05748,50000
1046,401,0,0,0,45,7,4,0,0,-11.12,0.3375,0.05656,50000
1047,14,0,0,0,3,2,1,0,0,-12.53,0.3369,0.05648,50000
1048,47,0,0,0,10,2,1,0,0,-13.14,0.3363,0.05668,50000
1049,39,0,0,0,28,1,1,0,0,-15.28,0.3356,0.05654,50000
1050,401,1,1,0,48,6,3,0,0,-8.82,0.335,0.05613,50000
1051,98,0,0,0,13,5,1,0,0,-14.31,0.3344,0.05601,50000
1052,401,0,0,0,42,7,3,0,0,-10.02,0.3337,0.05586,50000
1053,352,0,0,0,41,8,2,2,0,-23.19,0.3331,0.05517,50000
1054,401,1,1,0,50,3,2,2,0,-11.42,0.3325,0.05494,50000
1055,401,0,0,0,37,6,3,0,0,-9.17,0.3318,0.05465,50000
1056,176,0,0,0,21,1,1,0,0,-17.67,0.3312,0.05399,50000
1057,401,0,0,0,51,3,1,1,0,-11.37,0.3306,0.05359,50000
1058,7,0,0,0,0,4,1,0,0,-11.24,0.3299,0.05363,50000
1059,25,0,0,0,3,3,0,0,1,-16.55,0.3293,0.05342,50000
1060,102,0,0,0,15,3,1,0,0,-15.29,0.3287,0.05377,50000
1061,401,0,0,0,106,7,2,0,0,-11.87,0.328,0.05351,50000
1062,401,0,0,0,49,6,3,0,0,-10.57,0.3274,0.05321,50000
1063,375,0,0,0,47,2,2,0,0,-23.35,0.3268,0.05201,50000
1064,84,0,0,0,12,1,1,0,0,-15.38,0.3261,0.05221,50000
1065,323,0,0,0,48,3,2,0,0,-21.46,0.3255,0.05215,50000
1066,401,2,2,0,109,4,3,0,0,-11.07,0.3249,0.05183,50000
1067,63,0,0,0,6,1,1,0,0,-14.66,0.3242,0.05125,50000
1068,156,0,0,0,16,3,1,0,0,-16.22,0.3236,0.05054,50000
1069,401,0,0,0,48,3,3,1,0,-11.52,0.323,0.05011,50000
1070,61,0,0,0,24,2,1,0,0,-15.22,0.3223,0.04972,50000
1071,213,0,0,0,21,2,1,1,0,-18.01,0.3217,0.04972,50000
1072,401,0,0,0,38,5,3,3,0,-12.72,0.3211,0.04931,50000
1073,14,0,0,0,3,2,1,0,0,-13.23,0.3204,0.04931,50000
1074,401,1,1,0,38,6,4,0,0,-8.12,0.3198,0.04899,50000
1075,183,0,0,0,29,3,2,0,0,-16.61,0.3192,0.04844,50000
1076,189,0,0,0,25,3,0,0,1,-20.73,0.3185,0.04816,50000
1077,266,1,1,0,33,5,2,0,0,-17.97,0.3179,0.04769,50000
1078,15,0,0,0,4,2,1,0,0,-13.3,0.3173,0.0476,50000
1079,259,0,0,0,25,1,1,0,0,-19.53,0.3166,0.04678,50000
1080,401,1,1,0,38,5,3,2,0,-10.72,0.316,0.04661,50000
1081,401,1,1,0,48,2,1,1,0,-10.32,0.3154,0.04612,50000
1082,10,0,0,0,1,0,0,1,0,-13.45,0.3147,0.04607,50000
1083,401,0,0,0,32,2,1,2,0,-11.12,0.3141,0.04546,50000
1084,126,0,0,0,28,2,2,0,0,-17.62,0.3135,0.04486,50000
1085,401,0,0,0,42,2,2,3,0,-14.12,0.3128,0.04522,50000
1086,293,0,0,0,37,3,2,0,0,-20.11,0.3122,0.04538,50000
1087,92,0,0,0,8,2,1,1,0,-15.84,0.3116,0.04528,50000
1088,401,1,1,0,49,7,4,0,0,-8.77,0.3109,0.04469,50000
1089,145,0,0,0,14,1,1,1,0,-17.5,0.3103,0.04443,50000
1090,401,1,1,0,45,7,2,0,0,-8.12,0.3097,0.04487,50000
1091,9,0,0,0,2,2,1,0,0,-13.08,0.309,0.04487,50000
1092,401,1,1,0,35,6,2,1,0,-9.37,0.3084,0.04446,50000
1093,109,0,0,0,19,3,0,0,1,-19.03,0.3078,0.04399,50000
1094,196,0,0,0,20,1,1,1,0,-18.82,0.3071,0.04411,50000
1095,144,1,1,0,17,5,3,0,0,-14.73,0.3065,0.04408,50000
1096,199,0,0,0,19,6,3,0,0,-16.53,0.3059,0.04384,50000
1097,106,0,0,0,10,1,1,0,0,-15.72,0.3052,0.04376,50000
1098,21,0,0,0,3,2,1,0,0,-13.37,0.3046,0.04377,50000
1099,8,0,0,0,2,1,1,0,0,-13.16,0.304,0.04377,50000
1100,209,0,0,0,17,7,3,0,0,-17.33,0.3033,0.04336,50000
1101,25,0,0,0,4,1,1,0,0,-12.5,0.3027,0.0433,50000
1102,26,0,0,0,1,6,1,0,0,-11.27,0.3021,0.0432,50000
1103,156,0,0,0,13,4,2,0,0,-16.07,0.3014,0.04291,50000
1104,401,0,0,0,43,8,2,0,0,-8.77,0.3008,0.04231,50000
1105,107,0,0,0,14,4,1,1,0,-16.64,0.3002,0.04237,50000
1106,43,0,0,0,19,2,1,0,0,-14.61,0.2995,0.04239,50000
1107,141,0,0,0,15,5,3,0,0,-16.07,0.2989,0.0423,50000
1108,401,0,0,0,45,4,2,2,0,-11.67,0.2983,0.04299,50000
1109,8,0,0,0,1,1,1,0,0,-13.31,0.2976,0.04299,50000
1110,36,0,0,0,8,2,0,0,1,-17.32,0.297,0.04284,50000
1111,401,1,1,0,67,10,4,0,0,-8.77,0.2964,0.04385,50000
1112,323,0,0,0,47,2,1,4,0,-25.61,0.2957,0.04381,50000
1113,49,0,0,0,6,1,1,0,0,-14.38,0.2951,0.04384,50000
1114,38,0,0,0,3,1,1,0,0,-14.01,0.2945,0.044,50000
1115,76,0,0,0,11,2,1,0,0,-13.97,0.2938,0.04393,50000
1116,50,0,0,0,5,1,1,0,0,-14.35,0.2932,0.04392,50000
1117,10,0,0,0,3,2,1,0,0,-13.15,0.2926,0.04392,50000
1118,88,0,0,0,8,1,1,0,0,-15.26,0.2919,0.04397,50000
1119,401,0,0,0,50,1,1,5,0,-16.72,0.2913,0.04442,50000
1120,108,0,0,0,16,2,2,0,0,-14.76,0.2907,0.04465,50000
1121,401,2,2,0,45,6,4,0,0,-8.07,0.29,0.04478,50000
1122,179,0,0,0,24,4,2,0,0,-17.08,0.2894,0.04457,50000
1123,401,0,0,0,38,0,0,2,0,-11.92,0.2888,0.04422,50000
1124,271,1,1,0,29,3,3,0,0,-19.57,0.2881,0.04475,50000
1125,329,1,1,0,42,5,3,0,0,-19.48,0.2875,0.04488,50000
1126,401,0,0,0,117,6,2,0,0,-13.52,0.2869,0.04464,50000
1127,401,0,0,0,33,3,1,0,0,-9.67,0.2862,0.0446,50000
1128,215,0,0,0,32,7,2,1,0,-18.1,0.2856,0.04399,50000
1129,108,0,0,0,10,2,2,0,0,-15.06,0.285,0.04385,50000
1130,41,0,0,0,3,3,1,0,0,-13.27,0.2843,0.04372,50000
1131,401,2,2,0,35,7,3,0,0,-6.37,0.2837,0.04369,50000
1132,401,0,0,0,47,2,1,0,0,-9.97,0.2831,0.04395,50000
1133,62,0,0,0,11,2,2,1,0,-15.69,0.2824,0.04391,50000
1134,401,2,2,0,48,4,2,1,0,-9.02,0.2818,0.04288,50000
1135,401,0,0,0,40,1,1,1,0,-10.62,0.2812,0.04241,50000
1136,22,0,0,0,5,2,1,0,0,-12.19,0.2805,0.04237,50000
1137,154,0,0,0,13,2,2,0,0,-17.03,0.2799,0.04239,50000
1138,103,0,0,0,10,1,1,0,0,-14.76,0.2793,0.0424,50000
1139,97,0,0,0,7,2,2,0,0,-14.69,0.2786,0.04254,50000
1140,53,0,0,0,9,3,0,0,1,-17.21,0.278,0.04295,50000
1141,401,0,0,0,46,5,3,1,0,-11.02,0.2774,0.04272,50000
1142,401,0,0,0,42,4,3,0,0,-10.02,0.2767,0.04214,50000
1143,171,0,0,0,19,5,1,0,0,-16.07,0.2761,0.04243,50000
1144,291,0,0,0,31,5,1,0,0,-19.07,0.2755,0.04292,50000
1145,401,0,0,0,35,0,0,0,0,-9.77,0.2748,0.04176,50000
1146,95,0,0,0,18,4,2,0,0,-15.1,0.2742,0.04148,50000
1147,401,1,1,0,46,12,4,1,0,-8.92,0.2736,0.04146,50000
1148,401,0,0,0,28,0,0,0,0,-9.42,0.2729,0.04062,50000
1149,372,0,0,0,40,3,3,1,0,-22.74,0.2723,0.03913,50000
1150,31,0,0,0,2,0,0,1,0,-14.32,0.2717,0.0391,50000
1151,218,0,0,0,27,1,1,0,0,-18.81,0.271,0.03858,50000
1152,401,0,0,0,48,13,6,1,0,-10.72,0.2704,0.03807,50000
1153,401,0,0,0,43,1,1,0,0,-9.97,0.2698,0.03869,50000
1154,401,0,0,0,32,9,3,0,0,-8.42,0.2691,0.03863,50000
1155,338,1,1,0,41,3,3,0,0,-20.71,0.2685,0.03804,50000
1156,401,0,0,0,38,3,3,1,0,-10.17,0.2679,0.03784,50000
1157,62,0,0,0,3,4,1,0,0,-12.69,0.2672,0.03807,50000
1158,65,0,0,0,11,4,1,0,0,-13.85,0.2666,0.0382,50000
1159,36,0,0,0,6,4,2,0,0,-12.42,0.266,0.03789,50000
1160,401,0,0,0,33,0,0,0,0,-9.67,0.2653,0.03796,50000
1161,229,0,0,0,28,1,1,0,0,-18.18,0.2647,0.03842,50000
1162,67,1,1,0,31,4,1,1,0,-15.09,0.2641,0.03831,50000
1163,274,0,0,0,35,11,5,0,0,-16.83,0.2634,0.03835,50000
1164,224,0,0,0,26,6,2,0,0,-16.98,0.2628,0.0381,50000
1165,401,0,0,0,183,3,1,0,0,-16.77,0.2622,0.03826,50000
1166,401,0,0,0,29,2,1,0,0,-9.07,0.2615,0.03798,50000
1167,401,1,1,0,43,5,3,1,0,-10.17,0.2609,0.03836,50000
1168,102,0,0,0,17,4,1,0,0,-14.89,0.2603,0.03839,50000
1169,165,0,0,0,15,2,1,1,0,-16.35,0.2596,0.03842,50000
1170,401,1,1,0,36,5,2,0,0,-8.12,0.259,0.03839,50000
1171,36,0,0,0,5,3,1,0,0,-12.97,0.2584,0.03849,50000
1172,401,1,1,0,40,4,3,0,0,-7.92,0.2577,0.03857,50000
1173,370,0,0,0,42,4,2,1,0,-22.8,0.2571,0.03752,50000
1174,401,0,0,0,33,4,3,0,0,-9.37,0.2565,0.03685,50000
1175,401,0,0,0,50,3,2,1,0,-11.82,0.2558,0.03676,50000
1176,188,0,0,0,19,4,2,0,0,-17.21,0.2552,0.03637,50000
1177,321,2,2,0,33,4,3,3,0,-21.67,0.2546,0.03611,50000
1178,401,0,0,0,34,1,1,3,0,-12.32,0.2539,0.03687,50000
1179,401,0,0,0,38,0,0,0,0,-9.92,0.2533,0.03723,50000
1180,23,0,0,0,6,2,1,0,0,-13.56,0.2527,0.03719,50000
1181,102,0,0,0,10,1,1,1,0,-16.44,0.252,0.03723,50000
1182,62,0,0,0,5,1,1,0,0,-14.59,0.2514,0.0372,50000
1183,401,0,0,0,42,3,2,0,0,-9.62,0.2508,0.03732,50000
1184,28,0,0,0,6,2,0,0,1,-17.06,0.2501,0.03708,50000
1185,19,0,0,0,6,4,0,0,1,-16.28,0.2495,0.03712,50000
1186,401,0,0,0,30,1,1,1,0,-10.12,0.2489,0.03626,50000
1187,330,0,0,0,27,1,1,0,0,-19.75,0.2482,0.03585,50000
1188,90,0,0,0,8,1,1,0,0,-15.3,0.2476,0.03593,50000
1189,401,0,0,0,21,5,2,0,0,-7.82,0.247,0.03566,50000
1190,45,0,0,0,6,1,1,0,0,-13.0,0.2463,0.03546,50000
1191,48,0,0,0,3,1,1,0,0,-14.01,0.2457,0.03554,50000
1192,7,0,0,0,2,3,1,0,0,-11.24,0.2451,0.03554,50000
1193,69,0,0,0,9,2,1,1,0,-14.93,0.2444,0.03566,50000
1194,61,0,0,0,11,4,2,0,0,-13.77,0.2438,0.0355,50000
1195,139,0,0,0,10,1,1,0,0,-16.38,0.2432,0.03592,50000
1196,254,0,0,0,19,2,1,0,0,-18.83,0.2425,0.03591,50000
1197,297,0,0,0,52,5,2,1,0,-21.54,0.2419,0.03547,50000
1198,215,0,0,0,96,1,1,0,0,-20.9,0.2413,0.03543,50000
1199,36,0,0,0,4,1,1,1,0,-14.72,0.2406,0.03521,50000
1200,169,0,0,0,20,2,1,1,0,-17.98,0.24,0.03526,50000
1201,126,0,0,0,13,2,1,0,0,-14.77,0.2394,0.03512,50000
1202,401,0,0,0,40,6,4,0,0,-9.02,0.2387,0.03504,50000
1203,401,0,0,0,24,2,1,0,0,-8.72,0.2381,0.03597,50000
1204,141,0,0,0,10,6,2,0,0,-15.22,0.2375,0.03584,50000
1205,401,0,0,0,30,1,1,0,0,-9.72,0.2368,0.03545,50000
1206,243,0,0,0,16,6,2,0,0,-17.96,0.2362,0.03537,50000
1207,401,0,0,0,34,1,1,2,0,-11.12,0.2356,0.03528,50000
1208,261,0,0,0,19,3,1,1,0,-20.27,0.2349,0.03577,50000
1209,401,0,0,0,28,0,0,0,0,-9.42,0.2343,0.03631,50000
1210,201,0,0,0,10,2,1,0,0,-17.12,0.2337,0.03601,50000
1211,35,0,0,0,2,1,1,0,0,-12.4,0.233,0.03604,50000
1212,401,0,0,0,26,1,1,2,0,-11.12,0.2324,0.03579,50000
1213,92,0,0,0,5,4,1,2,0,-16.19,0.2318,0.03576,50000
1214,262,0,0,0,10,3,2,0,0,-18.74,0.2311,0.0362,50000
1215,401,0,0,0,28,6,3,0,0,-8.42,0.2305,0.03625,50000
1216,231,1,1,0,23,3,1,1,0,-17.37,0.2299,0.03625,50000
1217,401,0,0,0,26,1,1,0,0,-9.92,0.2292,0.03586,50000
1218,30,0,0,0,3,1,1,0,0,-12.75,0.2286,0.03595,50000
1219,401,1,1,0,41,4,2,1,0,-9.87,0.228,0.03523,50000
1220,401,0,0,0,43,7,4,0,0,-9.57,0.2273,0.03495,50000
1221,401,0,0,0,34,3,2,3,0,-14.22,0.2267,0.03499,50000
1222,401,1,1,0,39,1,1,0,0,-8.57,0.2261,0.03491,50000
1223,48,0,0,0,4,1,1,0,0,-14.26,0.2254,0.0353,50000
1224,401,0,0,0,24,3,2,2,0,-11.42,0.2248,0.03499,50000
1225,401,0,0,0,22,2,1,1,0,-9.82,0.2242,0.03389,50000
1226,199,0,0,0,13,3,2,0,0,-18.03,0.2235,0.03426,50000
1227,396,0,0,0,35,1,1,3,0,-25.17,0.2229,0.03376,50000
1228,110,0,0,0,17,5,3,0,0,-14.25,0.2223,0.03367,50000
1229,156,0,0,0,13,1,1,1,0,-18.07,0.2216,0.03392,50000
1230,401,0,0,0,43,5,3,2,0,-12.57,0.221,0.03357,50000
1231,401,0,0,0,31,4,2,0,0,-9.37,0.2204,0.0328,50000
1232,401,0,0,0,23,5,2,0,0,-8.27,0.2197,0.03238,50000
1233,401,0,0,0,36,8,3,2,0,-10.52,0.2191,0.03178,50000
1234,401,0,0,0,40,3,2,0,0,-10.12,0.2185,0.03248,50000
1235,160,1,1,0,21,3,2,1,0,-17.65,0.2178,0.0322,50000
1236,55,0,0,0,7,2,0,0,1,-17.65,0.2172,0.0322,50000
1237,82,0,0,0,12,4,0,0,1,-17.84,0.2166,0.03167,50000
1238,401,1,1,0,32,4,2,0,0,-7.82,0.2159,0.03131,50000
1239,380,1,1,0,33,6,3,2,0,-21.95,0.2153,0.03165,50000
1240,291,0,0,0,24,5,2,1,0,-19.42,0.2147,0.03184,50000
1241,47,0,0,0,4,0,0,1,0,-13.94,0.214,0.03187,50000
1242,401,0,0,0,27,2,2,1,0,-9.77,0.2134,0.03165,50000
1243,401,0,0,0,35,2,1,1,0,-10.57,0.2128,0.03212,50000
1244,401,0,0,0,27,4,3,0,0,-9.57,0.2121,0.03213,50000
1245,401,0,0,0,29,4,3,0,0,-10.17,0.2115,0.03229,50000
1246,401,0,0,0,28,1,1,2,0,-11.22,0.2109,0.03216,50000
1247,128,0,0,0,11,7,2,0,0,-15.11,0.2102,0.03233,50000
1248,245,0,0,0,23,0,0,2,0,-20.05,0.2096,0.03231,50000
1249,123,0,0,0,8,1,1,2,0,-16.66,0.209,0.03246,50000
1250,401,0,0,0,24,1,1,3,0,-13.02,0.2083,0.0325,50000
1251,401,0,0,0,23,0,0,0,0,-9.17,0.2077,0.03232,50000
1252,401,0,0,0,20,4,2,0,0,-8.82,0.2071,0.03223,50000
1253,401,0,0,0,25,3,2,0,0,-9.07,0.2064,0.03175,50000
1254,401,1,1,0,30,5,2,1,0,-7.82,0.2058,0.03193,50000
1255,401,0,0,0,21,0,0,0,0,-9.07,0.2052,0.03199,50000
1256,130,0,0,0,15,2,1,0,0,-15.95,0.2045,0.03179,50000
1257,377,0,0,0,36,8,3,2,0,-22.14,0.2039,0.03163,50000
1258,401,0,0,0,29,0,0,0,0,-9.47,0.2033,0.03139,50000
1259,401,0,0,0,28,5,1,0,0,-8.62,0.2026,0.03117,50000
1260,194,1,1,0,13,2,2,2,0,-19.83,0.202,0.03109,50000
1261,128,0,0,0,16,4,2,0,0,-16.06,0.2014,0.03034,50000
1262,401,1,1,0,29,5,3,1,0,-9.17,0.2007,0.03009,50000
1263,86,0,0,0,9,2,1,0,0,-13.67,0.2001,0.0301,50000
1264,401,0,0,0,34,0,0,2,0,-12.12,0.1995,0.03012,50000
1265,44,0,0,0,8,3,0,0,1,-17.18,0.1988,0.03005,50000
1266,233,0,0,0,15,1,1,0,0,-18.51,0.1982,0.03005,50000
1267,131,0,0,0,17,3,0,0,1,-19.37,0.1976,0.02996,50000
1268,30,0,0,0,4,2,0,0,1,-17.0,0.1969,0.03006,50000
1269,401,0,0,0,19,1,1,0,0,-8.77,0.1963,0.03003,50000
1270,243,0,0,0,96,3,0,0,1,-25.56,0.1957,0.02971,50000
1271,46,0,0,0,5,1,1,0,0,-13.37,0.195,0.03,50000
1272,401,2,2,0,22,8,4,0,0,-5.07,0.1944,0.02901,50000
1273,401,0,0,0,18,0,0,0,0,-8.92,0.1938,0.02984,50000
1274,106,0,0,0,10,3,1,0,0,-15.12,0.1931,0.02989,50000
1275,333,1,1,0,28,4,2,0,0,-19.96,0.1925,0.02984,50000
1276,401,0,0,0,37,3,1,0,0,-9.47,0.1919,0.02971,50000
1277,329,0,0,0,122,3,0,0,1,-28.38,0.1912,0.02935,50000
1278,401,0,0,0,20,8,3,0,0,-8.12,0.1906,0.02888,50000
1279,401,0,0,0,31,1,1,0,0,-9.37,0.19,0.02908,50000
1280,79,0,0,0,5,3,2,0,0,-13.33,0.1893,0.02878,50000
1281,55,0,0,0,5,6,2,0,0,-12.55,0.1887,0.02871,50000
1282,22,0,0,0,1,2,1,0,0,-12.39,0.1881,0.02868,50000
1283,401,0,0,0,36,10,5,1,0,-10.52,0.1874,0.02895,50000
1284,172,0,0,0,16,5,2,0,0,-14.94,0.1868,0.0288,50000
1285,401,0,0,0,17,0,0,0,0,-8.87,0.1862,0.02858,50000
1286,401,0,0,0,22,1,1,0,0,-8.92,0.1855,0.02829,50000
1287,28,0,0,0,4,2,1,0,0,-13.36,0.1849,0.02829,50000
1288,401,0,0,0,26,3,2,3,0,-12.52,0.1843,0.02808,50000
1289,401,1,1,0,29,4,3,1,0,-8.57,0.1836,0.02793,50000
1290,401,0,0,0,27,1,1,0,0,-9.17,0.183,0.02781,50000
1291,401,0,0,0,41,5,1,0,0,-9.22,0.1824,0.02739,50000
1292,60,0,0,0,10,3,0,0,1,-17.4,0.1817,0.02754,50000
1293,44,0,0,0,6,2,0,0,1,-17.18,0.1811,0.02747,50000
1294,401,0,0,0,18,1,1,0,0,-9.12,0.1805,0.02694,50000
1295,401,0,0,0,19,2,1,0,0,-8.47,0.1798,0.02717,50000
1296,159,0,0,0,8,0,0,1,0,-16.38,0.1792,0.02684,50000
1297,401,0,0,0,20,4,2,0,0,-8.82,0.1786,0.02623,50000
1298,148,0,0,0,16,2,1,0,0,-16.36,0.1779,0.02585,50000
1299,388,0,0,0,37,3,2,1,0,-22.11,0.1773,0.02503,50000
1300,254,0,0,0,16,1,0,0,1,-22.38,0.1767,0.02474,50000
1301,401,0,0,0,22,3,1,0,0,-9.12,0.176,0.02441,50000
1302,198,0,0,0,12,0,0,1,0,-18.66,0.1754,0.02368,50000
1303,258,1,1,0,16,4,2,0,0,-17.46,0.1748,0.02359,50000
1304,401,1,1,0,16,3,2,1,0,-8.92,0.1741,0.0231,50000
1305,401,1,1,0,28,8,3,1,0,-8.12,0.1735,0.02289,50000
1306,64,0,0,0,3,2,0,0,1,-17.23,0.1729,0.02281,50000
1307,328,0,0,0,14,3,2,0,0,-18.56,0.1722,0.02281,50000
1308,288,0,0,0,22,5,3,3,0,-24.16,0.1716,0.02174,50000
1309,401,0,0,0,28,3,1,0,0,-9.02,0.171,0.02178,50000
1310,401,0,0,0,16,0,0,0,0,-8.82,0.1703,0.02125,50000
1311,401,0,0,0,17,0,0,0,0,-8.87,0.1697,0.02122,50000
1312,346,0,0,0,16,6,3,0,0,-19.92,0.1691,0.02111,50000
1313,401,0,0,0,27,1,1,0,0,-9.17,0.1684,0.02035,50000
1314,401,2,2,0,27,7,3,1,0,-6.87,0.1678,0.01975,50000
1315,401,0,0,0,32,0,0,0,0,-9.62,0.1672,0.01955,50000
1316,86,0,0,0,5,1,1,0,0,-14.17,0.1665,0.01962,50000
1317,401,0,0,0,26,1,2,0,0,-10.12,0.1659,0.01949,50000
1318,401,1,1,0,34,5,3,3,0,-11.32,0.1653,0.01925,50000
1319,401,0,0,0,23,2,1,1,0,-10.27,0.1646,0.01937,50000
1320,401,0,0,0,20,1,1,0,0,-8.82,0.164,0.01939,50000
1321,401,0,0,0,26,4,1,0,0,-8.72,0.1634,0.01993,50000
1322,401,0,0,0,17,1,1,1,0,-9.87,0.1627,0.02016,50000
1323,401,0,0,0,19,0,0,0,0,-8.97,0.1621,0.02001,50000
1324,264,1,1,0,49,5,2,0,0,-19.13,0.1615,0.02012,50000
1325,401,0,0,0,25,2,1,2,0,-10.77,0.1608,0.01968,50000
1326,324,0,0,0,21,1,1,0,0,-19.33,0.1602,0.01959,50000
1327,401,0,0,0,26,0,0,0,0,-9.32,0.1596,0.01951,50000
1328,401,0,0,0,19,2,2,0,0,-9.77,0.1589,0.0198,50000
1329,249,0,0,0,14,1,1,0,0,-18.78,0.1583,0.01972,50000
1330,401,0,0,0,23,1,1,0,0,-8.97,0.1577,0.02003,50000
1331,199,0,0,0,15,5,3,1,0,-17.13,0.157,0.01997,50000
1332,401,0,0,0,25,3,2,0,0,-9.07,0.1564,0.01963,50000
1333,401,0,0,0,22,1,1,0,0,-8.92,0.1558,0.01971,50000
1334,401,2,2,0,36,5,2,2,0,-8.82,0.1551,0.01942,50000
1335,401,1,1,0,26,8,4,0,0,-8.17,0.1545,0.01955,50000
1336,401,1,1,0,18,5,2,0,0,-7.22,0.1539,0.01965,50000
1337,48,0,0,0,7,3,1,0,0,-12.51,0.1532,0.01974,50000
1338,295,1,1,0,18,6,3,0,0,-17.3,0.1526,0.01983,50000
1339,401,0,0,0,22,1,1,0,0,-8.92,0.152,0.01955,50000
1340,401,0,0,0,26,0,0,0,0,-9.32,0.1513,0.01962,50000
1341,401,0,0,0,16,1,1,0,0,-8.62,0.1507,0.0198,50000
1342,401,0,0,0,23,0,0,0,0,-9.17,0.1501,0.01947,50000
1343,401,0,0,0,17,1,1,1,0,-11.07,0.1494,0.01889,50000
1344,401,0,0,0,12,0,0,0,0,-8.62,0.1488,0.01889,50000
1345,401,0,0,0,21,0,0,1,0,-9.87,0.1482,0.0189,50000
1346,324,0,0,0,20,2,2,0,0,-20.38,0.1475,0.01848,50000
1347,401,0,0,0,18,2,2,0,0,-8.52,0.1469,0.01821,50000
1348,384,0,0,0,36,3,0,0,1,-25.38,0.1463,0.01828,50000
1349,401,0,0,0,21,0,0,0,0,-9.07,0.1456,0.01773,50000
1350,401,0,0,0,19,1,1,0,0,-8.77,0.145,0.01764,50000
1351,401,1,1,0,29,3,2,1,0,-9.97,0.1444,0.01722,50000
1352,401,0,0,0,34,0,0,0,0,-9.72,0.1437,0.01655,50000
1353,277,0,0,0,18,6,3,0,0,-19.84,0.1431,0.01656,50000
1354,401,0,0,0,11,0,0,0,0,-8.57,0.1425,0.01636,50000
1355,401,0,0,0,18,1,1,0,0,-8.72,0.1418,0.01648,50000
1356,227,0,0,0,12,3,1,0,0,-17.64,0.1412,0.01652,50000
1357,401,0,0,0,19,5,2,0,0,-8.62,0.1406,0.01622,50000
1358,401,0,0,0,22,1,1,0,0,-9.72,0.1399,0.01609,50000
1359,199,0,0,0,8,1,1,0,0,-17.48,0.1393,0.01596,50000
1360,401,0,0,0,17,0,0,0,0,-8.87,0.1387,0.0163,50000
1361,401,0,0,0,18,0,0,0,0,-8.92,0.138,0.0159,50000
1362,401,0,0,0,25,0,0,0,0,-9.27,0.1374,0.01568,50000
1363,157,0,0,0,7,2,0,0,1,-19.49,0.1368,0.01563,50000
1364,401,0,0,0,20,0,0,1,0,-9.82,0.1361,0.01535,50000
1365,401,0,0,0,19,0,0,0,0,-8.97,0.1355,0.01523,50000
1366,135,0,0,0,7,1,0,0,1,-19.55,0.1349,0.01504,50000
1367,401,0,0,0,26,3,1,0,0,-9.22,0.1342,0.01524,50000
1368,401,0,0,0,28,1,1,2,0,-12.42,0.1336,0.01484,50000
1369,237,0,0,0,17,3,0,0,1,-21.49,0.133,0.01492,50000
1370,401,0,0,0,23,4,1,0,0,-8.87,0.1323,0.01477,50000
1371,292,0,0,0,20,3,2,0,0,-19.44,0.1317,0.01472,50000
1372,54,0,0,0,3,3,1,0,0,-13.73,0.1311,0.01492,50000
1373,401,0,0,0,11,1,1,1,0,-10.37,0.1304,0.01496,50000
1374,302,0,0,0,22,3,2,0,0,-19.24,0.1298,0.01476,50000
1375,401,0,0,0,20,0,0,0,0,-9.02,0.1292,0.01447,50000
1376,401,0,0,0,18,0,0,0,0,-8.92,0.1285,0.01453,50000
1377,401,0,0,0,15,0,0,0,0,-8.77,0.1279,0.01466,50000
1378,7,0,0,0,3,2,0,0,1,-16.49,0.1273,0.01466,50000
1379,401,0,0,0,11,0,0,0,0,-8.57,0.1266,0.01454,50000
1380,401,2,2,0,23,3,1,0,0,-5.97,0.126,0.01425,50000
1381,401,0,0,0,19,0,0,0,0,-8.97,0.1254,0.01391,50000
1382,401,1,1,0,16,5,2,0,0,-6.72,0.1247,0.01375,50000
1383,401,0,0,0,18,0,0,0,0,-8.92,0.1241,0.01372,50000
1384,401,0,0,0,20,3,2,0,0,-8.72,0.1235,0.01326,50000
1385,52,0,0,0,2,1,1,0,0,-14.24,0.1228,0.01331,50000
1386,210,0,0,0,14,3,2,0,0,-16.8,0.1222,0.01348,50000
1387,401,1,1,0,18,4,2,0,0,-6.72,0.1216,0.01343,50000
1388,401,0,0,0,16,0,0,0,0,-8.82,0.1209,0.01338,50000
1389,401,0,0,0,20,0,0,0,0,-9.02,0.1203,0.01334,50000
1390,401,0,0,0,18,0,0,0,0,-8.92,0.1197,0.01368,50000
1391,401,0,0,0,17,0,0,0,0,-8.87,0.119,0.01314,50000
1392,401,0,0,0,23,5,2,1,0,-9.87,0.1184,0.01318,50000
1393,401,0,0,0,13,2,1,0,0,-8.57,0.1178,0.01315,50000
1394,401,0,0,0,8,3,1,0,0,-7.62,0.1171,0.01282,50000
1395,401,0,0,0,14,1,1,0,0,-8.52,0.1165,0.01244,50000
1396,401,0,0,0,21,5,3,0,0,-9.07,0.1159,0.01214,50000
1397,314,0,0,0,13,2,1,0,0,-19.73,0.1152,0.01219,50000
1398,401,0,0,0,19,1,1,0,0,-8.77,0.1146,0.01235,50000
1399,401,0,0,0,14,1,1,1,0,-10.52,0.114,0.01209,50000
1400,41,0,0,0,3,2,1,0,0,-13.57,0.1133,0.01211,50000
1401,401,0,0,0,10,5,1,0,0,-7.92,0.1127,0.01187,50000
1402,401,0,0,0,20,2,2,0,0,-10.22,0.1121,0.01156,50000
1403,401,0,0,0,17,5,2,1,0,-9.72,0.1114,0.0113,50000
1404,401,0,0,0,16,1,1,0,0,-8.62,0.1108,0.01109,50000
1405,401,0,0,0,16,4,2,0,0,-8.62,0.1102,0.01097,50000
1406,401,0,0,0,21,1,1,0,0,-8.87,0.1095,0.01091,50000
1407,401,0,0,0,13,1,1,0,0,-8.47,0.1089,0.0103,50000
1408,401,0,0,0,16,0,0,0,0,-8.82,0.1083,0.00992,50000
1409,401,0,0,0,17,3,2,0,0,-8.87,0.1076,0.00958,50000
1410,287,0,0,0,15,4,2,0,0,-17.89,0.107,0.00942,50000
1411,401,0,0,0,21,1,1,0,0,-8.87,0.1064,0.00918,50000
1412,401,0,0,0,16,0,0,0,0,-8.82,0.1057,0.00896,50000
1413,401,0,0,0,15,1,1,0,0,-8.57,0.1051,0.00859,50000
1414,401,0,0,0,16,1,1,0,0,-8.62,0.1045,0.0088,50000
1415,401,0,0,0,13,4,2,0,0,-8.87,0.1038,0.00897,50000
1416,401,0,0,0,20,0,0,0,0,-9.02,0.1032,0.00879,50000
1417,401,0,0,0,23,3,2,1,0,-10.07,0.1026,0.00883,50000
1418,401,0,0,0,7,0,0,0,0,-8.37,0.1019,0.00849,50000
1419,180,0,0,0,4,0,0,1,0,-17.9,0.1013,0.00838,50000
1420,229,0,0,0,14,2,1,0,0,-18.08,0.1007,0.00851,50000
1421,401,0,0,0,12,0,0,0,0,-8.62,0.1,0.00837,50000
1422,401,0,0,0,22,3,2,0,0,-9.62,0.0994,0.00797,50000
1423,201,0,0,0,13,4,0,0,1,-20.07,0.0988,0.00809,50000
1424,401,1,1,0,18,1,1,0,0,-7.52,0.0981,0.00805,50000
1425,84,0,0,0,6,2,0,0,1,-17.98,0.0975,0.00802,50000
1426,336,0,0,0,10,4,1,1,0,-19.32,0.0969,0.00797,50000
1427,401,1,1,0,14,1,1,0,0,-7.32,0.0962,0.00815,50000
1428,401,0,0,0,15,0,0,0,0,-8.77,0.0956,0.00842,50000
1429,401,0,0,0,20,4,1,0,0,-8.62,0.095,0.00843,50000
1430,401,0,0,0,15,2,1,0,0,-8.27,0.0943,0.00849,50000
1431,401,0,0,0,14,0,0,0,0,-8.72,0.0937,0.00898,50000
1432,401,0,0,0,9,0,0,0,0,-8.47,0.0931,0.00892,50000
1433,401,0,0,0,11,1,1,0,0,-8.77,0.0924,0.00887,50000
1434,401,0,0,0,9,0,0,0,0,-8.47,0.0918,0.00912,50000
1435,401,0,0,0,11,4,2,1,0,-9.42,0.0912,0.00942,50000
1436,401,0,0,0,12,1,1,1,0,-9.32,0.0905,0.00939,50000
1437,401,0,0,0,18,2,1,0,0,-8.42,0.0899,0.0088,50000
1438,401,1,1,0,18,2,1,0,0,-7.22,0.0893,0.00856,50000
1439,401,0,0,0,13,1,1,0,0,-9.27,0.0886,0.00867,50000
1440,401,1,1,0,20,1,2,0,0,-8.62,0.088,0.00916,50000
1441,401,0,0,0,6,4,2,0,0,-7.72,0.0874,0.00918,50000
1442,401,0,0,0,19,0,0,1,0,-9.77,0.0867,0.00975,50000
1443,401,0,0,0,10,2,1,0,0,-8.42,0.0861,0.00993,50000
1444,401,0,0,0,18,8,3,0,0,-7.82,0.0855,0.0098,50000
1445,401,0,0,0,13,3,2,0,0,-9.07,0.0848,0.01001,50000
1446,401,0,0,0,16,0,0,0,0,-8.82,0.0842,0.01011,50000
1447,267,0,0,0,11,3,2,0,0,-17.99,0.0836,0.00986,50000
1448,5,0,0,0,3,3,0,0,1,-16.15,0.0829,0.00986,50000
1449,401,0,0,0,16,3,2,0,0,-8.62,0.0823,0.00959,50000
1450,275,0,0,0,8,2,1,0,0,-17.4,0.0817,0.00939,50000
1451,401,0,0,0,9,0,0,1,0,-9.27,0.081,0.00946,50000
1452,401,0,0,0,18,4,2,1,0,-9.42,0.0804,0.00909,50000
1453,401,0,0,0,6,0,0,0,0,-8.32,0.0798,0.00904,50000
1454,401,1,1,0,15,1,1,1,0,-8.57,0.0791,0.0092,50000
1455,401,0,0,0,8,4,1,0,0,-7.72,0.0785,0.00914,50000
1456,401,0,0,0,13,0,0,0,0,-8.67,0.0779,0.00922,50000
1457,401,0,0,0,9,0,0,0,0,-8.47,0.0772,0.00901,50000
1458,401,0,0,0,13,3,1,0,0,-7.87,0.0766,0.00911,50000
1459,401,0,0,0,15,0,0,0,0,-8.77,0.076,0.00918,50000
1460,401,0,0,0,8,5,1,0,0,-8.02,0.0753,0.00881,50000
1461,401,0,0,0,14,1,1,0,0,-8.52,0.0747,0.00848,50000
1462,401,0,0,0,14,3,1,0,0,-8.92,0.0741,0.00828,50000
1463,401,1,1,0,10,2,1,0,0,-7.22,0.0734,0.00817,50000
1464,401,0,0,0,15,1,1,0,0,-8.57,0.0728,0.00747,50000
1465,401,0,0,0,12,1,1,0,0,-8.42,0.0722,0.0074,50000
1466,401,0,0,0,6,0,0,0,0,-8.32,0.0715,0.00744,50000
1467,401,0,0,0,9,1,1,0,0,-8.27,0.0709,0.00723,50000
1468,401,0,0,0,9,1,1,0,0,-8.67,0.0703,0.00729,50000
1469,401,0,0,0,8,0,0,0,0,-8.42,0.0696,0.0073,50000
1470,401,0,0,0,18,0,0,1,0,-10.52,0.069,0.00713,50000
1471,55,0,0,0,3,3,0,0,1,-17.15,0.0684,0.00707,50000
1472,401,0,0,0,10,0,0,0,0,-8.52,0.0677,0.00696,50000
1473,401,0,0,0,9,5,2,1,0,-9.17,0.0671,0.00698,50000
1474,401,0,0,0,13,12,4,1,0,-7.87,0.0665,0.00696,50000
1475,401,0,0,0,12,4,2,1,0,-9.97,0.0658,0.00699,50000
1476,401,0,0,0,11,1,1,0,0,-8.37,0.0652,0.00691,50000
1477,401,0,0,0,12,4,1,1,0,-9.12,0.0646,0.0068,50000
1478,401,0,0,0,7,0,0,0,0,-8.37,0.0639,0.00697,50000
1479,401,0,0,0,10,0,0,0,0,-8.52,0.0633,0.00661,50000
1480,401,0,0,0,10,0,0,0,0,-8.52,0.0627,0.00682,50000
1481,401,0,0,0,12,5,2,0,0,-8.92,0.062,0.00692,50000
1482,184,0,0,0,4,3,0,0,1,-19.78,0.0614,0.00687,50000
1483,401,0,0,0,19,6,3,0,0,-8.72,0.0608,0.00699,50000
1484,401,0,0,0,10,0,0,0,0,-8.52,0.0601,0.00705,50000
1485,342,0,0,0,11,5,1,0,0,-17.99,0.0595,0.00696,50000
1486,272,0,0,0,8,4,2,0,0,-17.24,0.0589,0.00678,50000
1487,401,0,0,0,8,0,0,1,0,-10.02,0.0582,0.00672,50000
1488,401,0,0,0,8,2,1,0,0,-7.92,0.0576,0.00666,50000
1489,401,0,0,0,13,1,1,0,0,-9.27,0.057,0.0067,50000
1490,401,0,0,0,5,0,0,0,0,-8.27,0.0563,0.00653,50000
1491,172,0,0,0,8,2,0,0,1,-20.04,0.0557,0.0065,50000
1492,30,0,0,0,4,2,0,0,1,-17.0,0.0551,0.00651,50000
1493,401,0,0,0,12,0,0,0,0,-8.62,0.0544,0.00642,50000
1494,401,0,0,0,4,0,0,0,0,-8.22,0.0538,0.00669,50000
1495,401,0,0,0,9,2,1,0,0,-7.92,0.0532,0.00694,50000
1496,401,0,0,0,7,0,0,0,0,-8.37,0.0525,0.00694,50000
1497,124,0,0,0,8,2,1,1,0,-15.18,0.0519,0.00689,50000
1498,401,0,0,0,5,0,0,0,0,-8.27,0.0513,0.00662,50000
1499,401,0,0,0,105,2,1,0,0,-13.57,0.0506,0.00658,50000
1500,401,0,0,0,8,1,1,0,0,-8.62,0.05,0.00666,50000
1501,401,0,0,0,7,0,0,0,0,-8.37,0.05,0.00641,50000
1502,401,0,0,0,7,1,1,1,0,-9.77,0.05,0.00648,50000
1503,401,0,0,0,6,0,0,0,0,-8.32,0.05,0.00635,50000
1504,401,0,0,0,12,2,2,0,0,-8.87,0.05,0.00614,50000
1505,401,0,0,0,5,0,0,0,0,-8.27,0.05,0.00626,50000
1506,401,0,0,0,5,3,2,0,0,-8.37,0.05,0.00625,50000
1507,401,0,0,0,12,2,1,0,0,-8.12,0.05,0.00609,50000
1508,401,0,0,0,8,2,1,1,0,-9.12,0.05,0.0061,50000
1509,401,0,0,0,7,1,1,1,0,-9.37,0.05,0.0064,50000
1510,401,0,0,0,8,0,0,0,0,-8.42,0.05,0.00633,50000
1511,401,0,0,0,7,0,0,0,0,-8.37,0.05,0.00616,50000
1512,401,0,0,0,11,1,1,0,0,-8.77,0.05,0.00619,50000
1513,401,0,0,0,2,0,0,0,0,-8.12,0.05,0.00627,50000
1514,401,0,0,0,8,2,1,0,0,-8.22,0.05,0.00616,50000
1515,401,0,0,0,11,0,0,0,0,-8.57,0.05,0.00607,50000
1516,401,0,0,0,7,0,0,0,0,-8.37,0.05,0.00566,50000
1517,401,0,0,0,4,0,0,0,0,-8.22,0.05,0.00579,50000
1518,401,0,0,0,9,1,1,0,0,-8.27,0.05,0.00585,50000
1519,401,0,0,0,4,0,0,0,0,-8.22,0.05,0.00583,50000
1520,401,0,0,0,11,0,0,0,0,-8.57,0.05,0.00553,50000
1521,401,0,0,0,6,0,0,0,0,-8.32,0.05,0.00541,50000
1522,401,0,0,0,7,0,0,0,0,-8.37,0.05,0.00523,50000
1523,401,0,0,0,4,0,0,0,0,-8.22,0.05,0.00507,50000
1524,401,0,0,0,4,0,0,0,0,-8.22,0.05,0.00496,50000
1525,401,0,0,0,14,0,0,0,0,-8.72,0.05,0.00466,50000
1526,401,0,0,0,9,4,2,0,0,-8.27,0.05,0.00442,50000
1527,104,0,0,0,4,3,0,0,1,-17.78,0.05,0.00447,50000
1528,401,0,0,0,10,2,1,0,0,-8.02,0.05,0.00442,50000
1529,401,0,0,0,6,1,1,0,0,-8.92,0.05,0.00461,50000
1530,401,0,0,0,12,0,0,0,0,-8.62,0.05,0.00429,50000
1531,338,1,1,0,7,5,2,0,0,-18.51,0.05,0.0042,50000
1532,401,0,0,0,8,1,1,0,0,-8.22,0.05,0.00419,50000
1533,401,2,2,0,8,3,1,0,0,-5.62,0.05,0.00408,50000
1534,401,0,0,0,7,2,1,0,0,-7.97,0.05,0.00418,50000
1535,401,0,0,0,14,2,1,0,0,-8.12,0.05,0.0042,50000
1536,401,0,0,0,9,0,0,0,0,-8.47,0.05,0.00427,50000
1537,401,0,0,0,5,0,0,0,0,-8.27,0.05,0.00414,50000
1538,401,0,0,0,2,0,0,0,0,-8.12,0.05,0.00391,50000
1539,401,0,0,0,3,0,0,0,0,-8.17,0.05,0.0038,50000
1540,401,0,0,0,11,0,0,1,0,-9.77,0.05,0.00375,50000
1541,401,0,0,0,5,0,0,0,0,-8.27,0.05,0.00381,50000
1542,401,0,0,0,12,0,0,0,0,-8.62,0.05,0.00365,50000
1543,401,0,0,0,15,3,1,0,0,-7.97,0.05,0.00391,50000
1544,401,0,0,0,58,0,0,0,0,-10.92,0.05,0.00397,50000
1545,401,0,0,0,17,4,1,0,0,-8.17,0.05,0.00391,50000
1546,401,0,0,0,6,0,0,1,0,-9.92,0.05,0.00401,50000
1547,401,0,0,0,9,0,0,0,0,-8.47,0.05,0.00402,50000
1548,401,0,0,0,5,2,1,0,0,-7.77,0.05,0.0038,50000
1549,401,0,0,0,8,1,1,0,0,-8.22,0.05,0.00376,50000
1550,401,0,0,0,6,3,1,0,0,-8.22,0.05,0.00376,50000
1551,401,0,0,0,6,0,0,0,0,-8.32,0.05,0.00377,50000
1552,401,0,0,0,4,1,1,0,0,-8.02,0.05,0.00377,50000
1553,401,0,0,0,6,2,1,0,0,-7.82,0.05,0.00407,50000
1554,401,0,0,0,10,0,0,0,0,-8.52,0.05,0.00382,50000
1555,401,0,0,0,9,5,2,0,0,-8.77,0.05,0.00388,50000
1556,401,0,0,0,3,3,1,0,0,-7.82,0.05,0.00375,50000
1557,401,0,0,0,4,0,0,0,0,-8.22,0.05,0.00381,50000
1558,401,0,0,0,10,2,1,0,0,-8.02,0.05,0.00377,50000
1559,401,0,0,0,7,0,0,0,0,-8.37,0.05,0.00367,50000
1560,401,0,0,0,165,2,1,0,0,-16.57,0.05,0.00367,50000
1561,401,0,0,0,11,1,1,0,0,-8.77,0.05,0.00368,50000
1562,401,0,0,0,12,0,0,0,0,-8.62,0.05,0.00385,50000
1563,401,0,0,0,5,2,1,0,0,-8.57,0.05,0.00367,50000
1564,401,0,0,0,5,2,1,0,0,-8.57,0.05,0.0037,50000
1565,401,0,0,0,8,0,0,0,0,-8.42,0.05,0.00377,50000
1566,401,0,0,0,10,0,0,0,0,-8.52,0.05,0.00393,50000
1567,401,0,0,0,6,0,0,0,0,-8.32,0.05,0.00398,50000
1568,401,0,0,0,10,0,0,0,0,-8.52,0.05,0.004,50000
1569,401,0,0,0,5,0,0,0,0,-8.27,0.05,0.00384,50000
1570,401,0,0,0,6,0,0,0,0,-8.32,0.05,0.0038,50000
1571,401,0,0,0,5,2,1,1,0,-9.37,0.05,0.00388,50000
1572,401,0,0,0,12,2,1,0,0,-8.12,0.05,0.00377,50000
1573,401,1,1,0,8,8,2,0,0,-6.22,0.05,0.00346,50000
1574,401,0,0,0,4,0,0,0,0,-8.22,0.05,0.00364,50000
1575,401,0,0,0,10,0,0,0,0,-8.52,0.05,0.00352,50000
1576,401,0,0,0,12,0,0,0,0,-8.62,0.05,0.00366,50000
1577,401,0,0,0,12,2,1,0,0,-8.52,0.05,0.0035,50000
1578,401,0,0,0,5,0,0,0,0,-8.27,0.05,0.00357,50000
1579,401,0,0,0,7,0,0,0,0,-8.37,0.05,0.00358,50000
1580,401,0,0,0,10,0,0,0,0,-8.52,0.05,0.00347,50000
1581,401,0,0,0,6,1,1,0,0,-8.12,0.05,0.00334,50000
1582,401,0,0,0,11,2,1,0,0,-8.47,0.05,0.00325,50000
1583,401,0,0,0,16,2,2,2,0,-10.42,0.05,0.00318,50000
1584,401,0,0,0,8,1,1,0,0,-8.67,0.05,0.00301,50000
1585,401,0,0,0,8,2,2,0,0,-9.22,0.05,0.00298,50000
1586,401,0,0,0,7,1,1,0,0,-8.97,0.05,0.00279,50000
1587,273,0,0,0,8,2,2,0,0,-19.56,0.05,0.00283,50000
1588,401,0,0,0,5,0,0,0,0,-8.27,0.05,0.00278,50000
1589,401,0,0,0,10,0,0,0,0,-8.52,0.05,0.00288,50000
1590,401,0,0,0,4,0,0,0,0,-8.22,0.05,0.00273,50000
1591,401,0,0,0,8,0,0,0,0,-8.42,0.05,0.00252,50000
1592,401,1,1,0,18,2,2,0,0,-8.12,0.05,0.00255,50000
1593,401,0,0,0,6,0,0,0,0,-8.32,0.05,0.00262,50000
1594,401,0,0,0,6,0,0,0,0,-8.32,0.05,0.00244,50000
1595,401,0,0,0,9,0,0,0,0,-8.47,0.05,0.00256,50000
1596,401,0,0,0,7,1,1,0,0,-8.82,0.05,0.00238,50000
1597,401,0,0,0,8,0,0,0,0,-8.42,0.05,0.00242,50000
1598,401,1,1,0,10,2,2,1,0,-8.92,0.05,0.00239,50000
1599,401,0,0,0,4,0,0,0,0,-8.22,0.05,0.00243,50000
1600,401,0,0,0,9,0,0,0,0,-8.47,0.05,0.0027,50000
1601,401,0,0,0,11,1,1,0,0,-8.77,0.05,0.0029,50000
1602,401,0,0,0,5,0,0,0,0,-8.27,0.05,0.003,50000
1603,401,1,1,0,6,3,2,0,0,-7.47,0.05,0.00305,50000
1604,401,0,0,0,8,0,0,0,0,-8.42,0.05,0.00309,50000
1605,401,0,0,0,10,1,1,0,0,-8.32,0.05,0.00313,50000
1606,401,0,0,0,11,6,2,0,0,-7.97,0.05,0.00316,50000
1607,297,0,0,0,9,4,1,1,0,-19.59,0.05,0.00318,50000
1608,401,0,0,0,4,0,0,0,0,-8.22,0.05,0.00311,50000
1609,401,0,0,0,4,0,0,0,0,-8.22,0.05,0.00307,50000
1610,401,0,0,0,6,3,1,0,0,-7.92,0.05,0.00309,50000
1611,401,1,1,0,13,3,2,1,0,-9.17,0.05,0.00317,50000
1612,401,0,0,0,5,0,0,0,0,-8.27,0.05,0.00327,50000
1613,401,0,0,0,5,3,1,0,0,-7.87,0.05,0.00318,50000
1614,401,0,0,0,7,2,1,0,0,-8.27,0.05,0.00326,50000
1615,401,1,1,0,6,2,1,0,0,-6.62,0.05,0.00338,50000
1616,401,0,0,0,8,2,1,0,0,-7.92,0.05,0.00352,50000
1617,288,0,0,0,9,3,0,0,1,-22.11,0.05,0.00344,50000
1618,401,0,0,0,10,0,0,0,0,-8.52,0.05,0.00357,50000
1619,377,0,0,0,10,0,0,1,0,-21.64,0.05,0.00368,50000
1620,401,0,0,0,10,1,1,0,0,-8.32,0.05,0.00379,50000
1621,401,0,0,0,12,2,1,1,0,-9.32,0.05,0.00329,50000
1622,401,1,1,0,10,4,2,0,0,-6.42,0.05,0.0036,50000
1623,401,0,0,0,7,0,0,0,0,-8.37,0.05,0.00356,50000
1624,401,0,0,0,11,0,0,0,0,-8.57,0.05,0.0038,50000
1625,401,0,0,0,6,2,1,0,0,-8.62,0.05,0.004,50000
1626,401,0,0,0,5,0,0,0,0,-8.27,0.05,0.00388,50000
1627,401,0,0,0,7,2,3,0,0,-7.62,0.05,0.00396,50000
1628,401,0,0,0,10,0,0,0,0,-8.52,0.05,0.00395,50000
1629,401,0,0,0,8,0,0,0,0,-8.42,0.05,0.00388,50000
1630,319,0,0,0,10,1,0,0,1,-23.38,0.05,0.00387,50000
1631,401,0,0,0,7,3,1,0,0,-7.57,0.05,0.00389,50000
1632,401,0,0,0,7,0,0,1,0,-9.17,0.05,0.00389,50000
1633,401,0,0,0,4,0,0,0,0,-8.22,0.05,0.00394,50000
1634,237,0,0,0,6,2,0,0,1,-21.24,0.05,0.00402,50000
1635,401,0,0,0,9,0,0,0,0,-8.47,0.05,0.00412,50000
1636,401,0,0,0,12,2,1,0,0,-8.52,0.05,0.0041,50000
1637,401,1,1,0,6,2,1,0,0,-7.02,0.05,0.00402,50000
1638,401,0,0,0,10,2,1,0,0,-8.37,0.05,0.0041,50000
1639,401,0,0,0,15,0,0,0,0,-8.77,0.05,0.00424,50000
1640,401,0,0,0,7,0,0,0,0,-8.37,0.05,0.00421,50000
1641,401,0,0,0,3,0,0,0,0,-8.17,0.05,0.00412,50000
1642,177,0,0,0,8,2,2,0,0,-17.24,0.05,0.00416,50000
1643,401,0,0,0,7,3,1,0,0,-8.42,0.05,0.00385,50000
1644,401,0,0,0,6,0,0,0,0,-8.32,0.05,0.00381,50000
1645,401,0,0,0,3,0,0,0,0,-8.17,0.05,0.00384,50000
1646,401,0,0,0,17,2,1,0,0,-8.37,0.05,0.00362,50000
1647,39,0,0,0,2,2,1,0,0,-12.78,0.05,0.00361,50000
1648,401,0,0,0,6,0,0,0,0,-8.32,0.05,0.00365,50000
1649,401,0,0,0,10,0,0,0,0,-8.52,0.05,0.00354,50000
1650,401,0,0,0,15,2,1,1,0,-9.07,0.05,0.00366,50000
1651,401,0,0,0,8,0,0,0,0,-8.42,0.05,0.00357,50000
1652,401,0,0,0,6,0,0,0,0,-8.32,0.05,0.0036,50000
1653,401,1,1,0,11,2,1,0,0,-7.27,0.05,0.00357,50000
1654,401,0,0,0,7,0,0,0,0,-8.37,0.05,0.00352,50000
1655,401,0,0,0,5,0,0,0,0,-8.27,0.05,0.00365,50000
1656,108,0,0,0,5,1,1,0,0,-15.51,0.05,0.00357,50000
1657,401,0,0,0,7,0,0,0,0,-8.37,0.05,0.00339,50000
1658,401,0,0,0,12,0,0,0,0,-8.62,0.05,0.00319,50000
1659,401,0,0,0,7,0,0,0,0,-8.37,0.05,0.00331,50000
1660,19,0,0,0,3,3,0,0,1,-16.23,0.05,0.00331,50000
1661,401,0,0,0,11,0,0,0,0,-8.57,0.05,0.00332,50000
1662,401,0,0,0,4,0,0,0,0,-8.22,0.05,0.00308,50000
1663,401,0,0,0,8,3,1,0,0,-7.62,0.05,0.00296,50000
1664,401,0,0,0,9,1,1,0,0,-8.37,0.05,0.00338,50000
1665,145,0,0,0,4,2,0,0,1,-19.3,0.05,0.00333,50000
1666,401,0,0,0,11,2,1,0,0,-8.07,0.05,0.00349,50000
1667,401,0,0,0,5,0,0,0,0,-8.27,0.05,0.00349,50000
1668,401,0,0,0,16,5,3,0,0,-7.62,0.05,0.00357,50000
1669,254,0,0,0,3,6,1,0,0,-16.63,0.05,0.00357,50000
1670,316,0,0,0,4,4,3,0,0,-19.72,0.05,0.00343,50000
1671,401,0,0,0,10,4,2,0,0,-8.32,0.05,0.00357,50000
1672,401,0,0,0,11,2,2,1,0,-9.37,0.05,0.0035,50000
1673,401,0,0,0,10,0,0,0,0,-8.52,0.05,0.00365,50000
1674,401,0,0,0,5,1,1,1,0,-9.67,0.05,0.00367,50000
1675,401,0,0,0,10,1,1,0,0,-8.32,0.05,0.00397,50000
1676,401,0,0,0,10,1,1,0,0,-9.12,0.05,0.00409,50000
1677,401,0,0,0,6,1,1,0,0,-8.92,0.05,0.00423,50000
1678,401,0,0,0,4,0,0,0,0,-8.22,0.05,0.00422,50000
1679,401,2,2,0,9,4,1,0,0,-5.77,0.05,0.00443,50000
1680,5,0,0,0,1,1,0,0,1,-16.65,0.05,0.00443,50000
1681,401,0,0,0,5,0,0,0,0,-8.27,0.05,0.00452,50000
1682,401,0,0,0,6,2,1,0,0,-8.87,0.05,0.0043,50000
1683,401,0,0,0,4,0,0,0,0,-8.22,0.05,0.00444,50000
1684,401,0,0,0,8,0,0,0,0,-8.42,0.05,0.00433,50000
1685,401,0,0,0,9,0,0,0,0,-8.47,0.05,0.00437,50000
1686,401,0,0,0,7,0,0,0,0,-8.37,0.05,0.00403,50000
1687,401,0,0,0,4,1,1,0,0,-8.02,0.05,0.00412,50000
1688,401,0,0,0,13,0,0,0,0,-8.67,0.05,0.00418,50000
1689,401,0,0,0,10,0,0,0,0,-8.52,0.05,0.00397,50000
1690,16,0,0,0,0,4,1,0,0,-12.02,0.05,0.00397,50000
1691,401,0,0,0,10,2,1,0,0,-8.02,0.05,0.0039,50000
1692,401,0,0,0,8,0,0,0,0,-8.42,0.05,0.00411,50000
1693,401,0,0,0,4,0,0,0,0,-8.22,0.05,0.0041,50000
1694,401,0,0,0,10,1,1,0,0,-8.32,0.05,0.00437,50000
1695,401,0,0,0,10,0,0,0,0,-8.52,0.05,0.00422,50000
1696,401,0,0,0,7,0,0,1,0,-9.97,0.05,0.00421,50000
1697,401,0,0,0,9,0,0,0,0,-8.47,0.05,0.00408,50000
1698,401,0,0,0,6,0,0,0,0,-8.32,0.05,0.00411,50000
1699,401,0,0,0,10,2,1,0,0,-8.02,0.05,0.00423,50000
1700,103,0,0,0,3,4,0,0,1,-17.41,0.05,0.00423,50000
1701,401,0,0,0,6,0,0,0,0,-8.32,0.05,0.00417,50000
1702,239,0,0,0,5,2,1,0,0,-17.63,0.05,0.00408,50000
1703,401,0,0,0,9,0,0,0,0,-8.47,0.05,0.00406,50000
1704,401,0,0,0,18,1,1,2,0,-10.32,0.05,0.00437,50000
1705,401,1,1,0,7,2,1,0,0,-7.07,0.05,0.00432,50000
1706,401,1,1,0,12,4,1,0,0,-6.72,0.05,0.00459,50000
1707,401,0,0,0,5,0,0,0,0,-8.27,0.05,0.00484,50000
1708,395,0,0,0,15,3,0,0,1,-24.55,0.05,0.00484,50000
1709,401,0,0,0,7,0,0,0,0,-8.37,0.05,0.00488,50000
1710,401,1,1,0,9,3,1,0,0,-6.87,0.05,0.00521,50000
1711,401,0,0,0,7,0,0,0,0,-8.37,0.05,0.00532,50000
1712,401,0,0,0,5,0,0,0,0,-8.27,0.05,0.00562,50000
1713,235,0,0,0,7,2,1,0,0,-17.65,0.05,0.00576,50000
1714,401,1,1,0,3,2,1,0,0,-7.27,0.05,0.0054,50000
1715,401,0,0,0,11,0,0,0,0,-8.57,0.05,0.00523,50000
1716,401,0,0,0,13,3,2,0,0,-8.77,0.05,0.00553,50000
1717,401,0,0,0,9,0,0,0,0,-8.47,0.05,0.00562,50000
1718,401,0,0,0,1,0,0,0,0,-8.07,0.05,0.00574,50000
1719,401,0,0,0,8,2,1,0,0,-8.32,0.05,0.00583,50000
1720,401,1,1,0,10,2,1,0,0,-7.22,0.05,0.00569,50000
1721,401,0,0,0,5,3,1,0,0,-7.87,0.05,0.00576,50000
1722,401,0,0,0,7,0,0,0,0,-8.37,0.05,0.00574,50000
1723,401,1,1,0,11,1,1,0,0,-7.27,0.05,0.00575,50000
1724,401,0,0,0,15,5,2,0,0,-7.87,0.05,0.00544,50000
1725,401,0,0,0,12,0,0,0,0,-8.62,0.05,0.00543,50000
1726,401,0,0,0,6,1,1,0,0,-8.22,0.05,0.00536,50000
1727,139,0,0,0,3,2,1,0,0,-15.73,0.05,0.00529,50000
1728,401,0,0,0,8,0,0,0,0,-8.42,0.05,0.00522,50000
1729,35,0,0,0,5,2,0,0,1,-17.15,0.05,0.00525,50000
1730,401,0,0,0,7,0,0,0,0,-8.37,0.05,0.00531,50000
1731,8,0,0,0,3,1,1,0,0,-13.41,0.05,0.00531,50000
1732,401,0,0,0,3,0,0,0,0,-8.17,0.05,0.00527,50000
1733,401,0,0,0,9,0,0,0,0,-8.47,0.05,0.00474,50000
1734,401,0,0,0,6,0,0,0,0,-8.32,0.05,0.00529,50000
1735,401,0,0,0,7,2,1,0,0,-7.87,0.05,0.00541,50000
1736,401,0,0,0,3,0,0,0,0,-8.17,0.05,0.00546,50000
1737,268,0,0,0,2,0,0,2,0,-20.36,0.05,0.00553,50000
1738,401,0,0,0,17,3,2,0,0,-8.97,0.05,0.00567,50000
1739,401,0,0,0,10,5,2,0,0,-8.02,0.05,0.00532,50000
1740,401,1,1,0,6,1,2,0,0,-8.72,0.05,0.00543,50000
1741,401,0,0,0,6,2,1,0,0,-8.22,0.05,0.00513,50000
1742,401,1,1,0,14,8,3,0,0,-6.52,0.05,0.00501,50000
1743,401,0,0,0,8,0,0,0,0,-8.42,0.05,0.00492,50000
1744,401,0,0,0,7,0,0,0,0,-8.37,0.05,0.00514,50000
1745,401,0,0,0,6,0,0,0,0,-8.32,0.05,0.00519,50000
1746,242,0,0,0,2,3,1,0,0,-17.24,0.05,0.00533,50000
1747,401,0,0,0,11,0,0,0,0,-8.57,0.05,0.00537,50000
1748,401,0,0,0,19,0,0,0,0,-8.97,0.05,0.00573,50000
1749,401,0,0,0,7,2,1,1,0,-9.87,0.05,0.00566,50000
1750,401,0,0,0,7,0,0,0,0,-8.37,0.05,0.00569,50000
1751,401,0,0,0,4,0,0,0,0,-8.22,0.05,0.00568,50000
1752,65,0,0,0,0,2,1,0,0,-13.2,0.05,0.00566,50000
1753,401,0,0,0,9,4,1,0,0,-7.87,0.05,0.00554,50000
1754,401,1,1,0,10,2,1,0,0,-6.82,0.05,0.00552,50000
1755,401,0,0,0,9,0,0,0,0,-8.47,0.05,0.0055,50000
1756,401,0,0,0,12,2,1,0,0,-8.92,0.05,0.00498,50000
1757,401,0,0,0,7,3,1,0,0,-8.37,0.05,0.0048,50000
1758,401,0,0,0,7,0,0,0,0,-8.37,0.05,0.00454,50000
1759,401,0,0,0,8,0,0,0,0,-8.42,0.05,0.00447,50000
1760,156,0,0,0,5,1,1,0,0,-15.17,0.05,0.00447,50000
1761,401,0,0,0,9,1,1,0,0,-8.27,0.05,0.00433,50000
1762,401,1,1,0,11,1,1,0,0,-7.17,0.05,0.00419,50000
1763,401,0,0,0,5,2,2,0,0,-8.67,0.05,0.00422,50000
1764,401,0,0,0,8,4,2,0,0,-8.22,0.05,0.0042,50000
1765,401,0,0,0,4,0,0,0,0,-8.22,0.05,0.00412,50000
1766,401,0,0,0,10,0,0,0,0,-8.52,0.05,0.00406,50000
1767,401,0,0,0,7,2,1,0,0,-8.67,0.05,0.0044,50000
1768,401,0,0,0,4,2,1,0,0,-8.12,0.05,0.00437,50000
1769,401,0,0,0,9,2,1,0,0,-7.97,0.05,0.00421,50000
1770,401,0,0,0,5,0,0,0,0,-8.27,0.05,0.00408,50000
1771,401,0,0,0,9,2,1,0,0,-8.37,0.05,0.00396,50000
1772,401,0,0,0,4,0,0,0,0,-8.22,0.05,0.0038,50000
1773,401,0,0,0,5,0,0,0,0,-8.27,0.05,0.00384,50000
1774,401,1,1,0,10,1,1,0,0,-7.12,0.05,0.00417,50000
1775,401,0,0,0,13,0,0,0,0,-8.67,0.05,0.00416,50000
1776,401,0,0,0,5,0,0,0,0,-8.27,0.05,0.00406,50000
1777,401,0,0,0,10,0,0,0,0,-8.52,0.05,0.00396,50000
1778,17,0,0,0,1,1,1,0,0,-13.49,0.05,0.00391,50000
1779,401,0,0,0,11,2,1,0,0,-8.47,0.05,0.00415,50000
1780,401,0,0,0,6,1,1,0,0,-8.12,0.05,0.00438,50000
1781,401,0,0,0,10,7,3,0,0,-7.52,0.05,0.00456,50000
1782,401,0,0,0,5,0,0,0,0,-8.27,0.05,0.00456,50000
1783,401,0,0,0,3,0,0,0,0,-8.17,0.05,0.00464,50000
1784,401,0,0,0,6,4,1,0,0,-7.22,0.05,0.00471,50000
1785,401,0,0,0,8,0,0,0,0,-8.42,0.05,0.00468,50000
1786,401,0,0,0,8,0,0,0,0,-8.42,0.05,0.00454,50000
1787,401,0,0,0,10,0,0,0,0,-8.52,0.05,0.00456,50000
1788,401,0,0,0,8,6,1,0,0,-7.12,0.05,0.00409,50000
1789,401,0,0,0,6,0,0,0,0,-8.32,0.05,0.00393,50000
1790,401,0,0,0,6,1,1,0,0,-8.12,0.05,0.00401,50000
1791,401,0,0,0,13,2,1,0,0,-8.17,0.05,0.00392,50000
1792,401,0,0,0,13,0,0,0,0,-8.67,0.05,0.00392,50000
1793,401,0,0,0,11,3,1,0,0,-7.77,0.05,0.00389,50000
1794,401,0,0,0,6,0,0,0,0,-8.32,0.05,0.00388,50000
1795,401,0,0,0,9,1,1,0,0,-8.67,0.05,0.00357,50000
1796,401,1,1,0,7,4,2,0,0,-6.57,0.05,0.00364,50000
1797,401,0,0,0,11,2,1,0,0,-8.47,0.05,0.00389,50000
1798,401,0,0,0,6,0,0,0,0,-8.32,0.05,0.00396,50000
1799,401,0,0,0,13,0,0,0,0,-8.67,0.05,0.0038,50000
1800,401,0,0,0,6,0,0,0,0,-8.32,0.05,0.00354,50000
1801,401,0,0,0,5,0,0,0,0,-8.27,0.05,0.00328,50000
1802,401,0,0,0,6,0,0,0,0,-8.32,0.05,0.00336,50000
1803,401,1,1,0,11,4,1,0,0,-6.27,0.05,0.00339,50000
1804,401,0,0,0,11,2,1,0,0,-8.07,0.05,0.00329,50000
1805,401,0,0,0,10,0,0,0,0,-8.52,0.05,0.00334,50000
1806,401,0,0,0,7,3,2,1,0,-10.07,0.05,0.00349,50000
1807,401,0,0,0,9,0,0,0,0,-8.47,0.05,0.00335,50000
1808,401,0,0,0,6,0,0,0,0,-8.32,0.05,0.00341,50000
1809,401,0,0,0,11,1,1,0,0,-8.37,0.05,0.00331,50000
1810,401,0,0,0,12,2,1,0,0,-8.12,0.05,0.00319,50000
1811,401,0,0,0,8,0,0,0,0,-8.42,0.05,0.00331,50000
1812,401,0,0,0,3,0,0,0,0,-8.17,0.05,0.00352,50000
1813,401,0,0,0,8,0,0,0,0,-8.42,0.05,0.00347,50000
1814,401,0,0,0,5,0,0,0,0,-8.27,0.05,0.00351,50000
1815,401,0,0,0,8,0,0,0,0,-8.42,0.05,0.00347,50000
1816,401,0,0,0,14,2,2,0,0,-8.32,0.05,0.00327,50000
1817,401,0,0,0,12,0,0,0,0,-8.62,0.05,0.00299,50000
1818,401,1,1,0,9,5,2,0,0,-7.57,0.05,0.00296,50000
1819,401,0,0,0,5,0,0,0,0,-8.27,0.05,0.00287,50000
1820,401,0,0,0,5,0,0,0,0,-8.27,0.05,0.0028,50000
1821,401,0,0,0,8,1,1,0,0,-8.62,0.05,0.00275,50000
1822,401,0,0,0,6,2,1,0,0,-7.82,0.05,0.00266,50000
1823,401,0,0,0,8,0,0,0,0,-8.42,0.05,0.0028,50000
1824,401,0,0,0,9,0,0,0,0,-8.47,0.05,0.00291,50000
1825,401,0,0,0,6,0,0,0,0,-8.32,0.05,0.00288,50000
1826,275,0,0,0,9,3,0,0,1,-21.85,0.05,0.00274,50000
1827,401,0,0,0,14,1,1,0,0,-8.92,0.05,0.00269,50000
1828,108,0,0,0,7,2,0,0,1,-18.51,0.05,0.00277,50000
1829,203,0,0,0,4,3,1,0,0,-16.76,0.05,0.00266,50000
1830,401,0,0,0,9,0,0,0,0,-8.47,0.05,0.00273,50000
1831,401,0,0,0,5,3,1,0,0,-7.87,0.05,0.00281,50000
1832,401,0,0,0,6,10,3,0,0,-6.52,0.05,0.0027,50000
1833,401,0,0,0,7,0,0,0,0,-8.37,0.05,0.00273,50000
1834,401,0,0,0,4,0,0,0,0,-8.22,0.05,0.0026,50000
1835,401,0,0,0,16,0,0,2,0,-10.42,0.05,0.00276,50000
1836,401,1,1,0,7,2,1,0,0,-6.67,0.05,0.0027,50000
1837,401,1,1,0,26,3,2,0,0,-8.22,0.05,0.00274,50000
1838,401,0,0,0,10,1,1,0,0,-9.12,0.05,0.00284,50000
1839,401,1,1,0,5,2,1,0,0,-6.57,0.05,0.0028,50000
1840,401,0,0,0,8,0,0,0,0,-8.42,0.05,0.00268,50000
1841,401,1,1,0,9,3,1,0,0,-6.47,0.05,0.00271,50000
1842,401,0,0,0,7,0,0,0,0,-8.37,0.05,0.00269,50000
1843,401,0,0,0,9,0,0,0,0,-8.47,0.05,0.00293,50000
1844,401,0,0,0,9,1,1,1,0,-9.47,0.05,0.00307,50000
1845,401,0,0,0,7,3,1,2,0,-10.37,0.05,0.00307,50000
1846,401,0,0,0,8,0,0,2,0,-10.42,0.05,0.00306,50000
1847,401,1,1,0,8,5,2,0,0,-6.62,0.05,0.00314,50000
1848,401,0,0,0,16,2,1,0,0,-8.72,0.05,0.00309,50000
1849,401,0,0,0,92,2,1,0,0,-12.12,0.05,0.0032,50000
1850,401,0,0,0,11,0,0,0,0,-8.57,0.05,0.00314,50000
1851,401,0,0,0,8,0,0,0,0,-8.42,0.05,0.00314,50000
1852,401,0,0,0,6,2,1,0,0,-8.22,0.05,0.00317,50000
1853,401,0,0,0,8,0,0,0,0,-8.42,0.05,0.00294,50000
1854,401,0,0,0,12,3,1,0,0,-8.62,0.05,0.00289,50000
1855,401,0,0,0,5,1,1,0,0,-8.07,0.05,0.00283,50000
1856,401,0,0,0,12,3,3,0,0,-8.42,0.05,0.00283,50000
1857,401,0,0,0,5,0,0,0,0,-8.27,0.05,0.00286,50000
1858,401,0,0,0,3,0,0,0,0,-8.17,0.05,0.00278,50000
1859,401,0,0,0,10,4,2,0,0,-7.92,0.05,0.00285,50000
1860,386,0,0,0,12,2,0,0,1,-24.52,0.05,0.00294,50000
1861,401,0,0,0,5,4,2,0,0,-8.07,0.05,0.00303,50000
1862,401,0,0,0,10,0,0,0,0,-8.52,0.05,0.00313,50000
1863,401,0,0,0,7,0,0,0,0,-8.37,0.05,0.00299,50000
1864,401,0,0,0,5,0,0,0,0,-8.27,0.05,0.00284,50000
1865,401,0,0,0,7,0,0,0,0,-8.37,0.05,0.00266,50000
1866,265,0,0,0,13,3,0,0,1,-21.85,0.05,0.00264,50000
1867,165,0,0,0,7,2,0,0,1,-19.85,0.05,0.00273,50000
1868,401,0,0,0,5,0,0,0,0,-8.27,0.05,0.00272,50000
1869,401,0,0,0,10,7,2,0,0,-7.02,0.05,0.0028,50000
1870,401,0,0,0,5,5,2,0,0,-6.97,0.05,0.0026,50000
1871,401,0,0,0,9,3,1,0,0,-8.07,0.05,0.00273,50000
1872,401,0,0,0,6,0,0,0,0,-8.32,0.05,0.00272,50000
1873,401,0,0,0,9,1,1,0,0,-8.27,0.05,0.00261,50000
1874,401,0,0,0,7,3,2,0,0,-7.67,0.05,0.00274,50000
1875,401,1,1,0,14,4,2,0,0,-6.62,0.05,0.00279,50000
1876,401,0,0,0,6,2,1,0,0,-7.82,0.05,0.0028,50000
1877,401,1,1,0,8,2,2,0,0,-7.62,0.05,0.00275,50000
1878,401,1,1,0,10,3,1,1,0,-7.42,0.05,0.00283,50000
1879,401,0,0,0,8,0,0,0,0,-8.42,0.05,0.003,50000
1880,401,0,0,0,3,0,0,0,0,-8.17,0.05,0.0029,50000
1881,59,0,0,0,1,1,1,0,0,-14.33,0.05,0.00289,50000
1882,401,1,1,0,7,5,2,0,0,-6.67,0.05,0.00281,50000
1883,401,0,0,0,8,0,0,0,0,-8.42,0.05,0.00277,50000
1884,401,1,1,0,6,5,2,0,0,-6.02,0.05,0.0027,50000
1885,401,0,0,0,9,0,0,0,0,-8.47,0.05,0.00255,50000
1886,401,0,0,0,4,0,0,0,0,-8.22,0.05,0.00262,50000
1887,401,0,0,0,5,1,1,0,0,-8.47,0.05,0.00258,50000
1888,401,0,0,0,11,2,1,0,0,-8.07,0.05,0.00251,50000
1889,401,0,0,0,5,2,2,0,0,-8.67,0.05,0.00267,50000
1890,51,0,0,0,2,2,1,0,0,-13.72,0.05,0.00267,50000
1891,401,0,0,0,8,0,0,0,0,-8.42,0.05,0.00263,50000
1892,401,0,0,0,4,0,0,0,0,-8.22,0.05,0.00264,50000
1893,401,0,0,0,10,0,0,0,0,-8.52,0.05,0.00251,50000
1894,401,0,0,0,11,1,1,0,0,-8.37,0.05,0.00244,50000
1895,401,0,0,0,8,0,0,1,0,-9.22,0.05,0.00234,50000
1896,401,1,1,0,6,2,1,0,0,-7.02,0.05,0.00231,50000
1897,401,0,0,0,9,0,0,0,0,-8.47,0.05,0.00247,50000
1898,401,0,0,0,5,0,0,0,0,-8.27,0.05,0.0024,50000
1899,401,0,0,0,10,0,0,0,0,-8.52,0.05,0.00244,50000
1900,401,0,0,0,8,0,0,0,0,-8.42,0.05,0.00226,50000
1901,401,0,0,0,8,0,0,0,0,-8.42,0.05,0.00225,50000
1902,401,0,0,0,9,0,0,0,0,-8.47,0.05,0.00227,50000
1903,401,0,0,0,11,0,0,0,0,-8.57,0.05,0.0022,50000
1904,191,0,0,0,4,4,1,0,0,-16.22,0.05,0.00219,50000
1905,401,0,0,0,11,0,0,0,0,-8.57,0.05,0.00229,50000
1906,401,0,0,0,9,0,0,0,0,-8.47,0.05,0.00239,50000
1907,115,0,0,0,3,2,1,0,0,-15.05,0.05,0.00244,50000
1908,401,0,0,0,2,0,0,1,0,-8.92,0.05,0.00242,50000
1909,125,0,0,0,1,1,1,0,0,-15.45,0.05,0.00241,50000
1910,199,0,0,0,4,4,1,0,0,-15.48,0.05,0.00245,50000
1911,401,0,0,0,7,0,0,0,0,-8.37,0.05,0.00255,50000
1912,375,0,0,0,9,3,0,0,1,-23.85,0.05,0.00274,50000
1913,401,0,0,0,7,0,0,0,0,-8.37,0.05,0.00255,50000
1914,401,0,0,0,15,2,1,0,0,-8.67,0.05,0.00254,50000
1915,401,0,0,0,5,0,0,0,0,-8.27,0.05,0.00279,50000
1916,401,1,1,0,11,4,2,0,0,-6.42,0.05,0.0028,50000
1917,401,0,0,0,11,0,0,0,0,-8.57,0.05,0.00285,50000
1918,375,0,0,0,4,2,0,0,1,-23.9,0.05,0.00282,50000
1919,401,0,0,0,7,0,0,0,0,-8.37,0.05,0.00271,50000
1920,401,1,1,0,9,2,1,0,0,-6.77,0.05,0.00256,50000
1921,401,0,0,0,5,1,1,0,0,-8.87,0.05,0.00256,50000
1922,401,0,0,0,8,0,0,0,0,-8.42,0.05,0.00274,50000
1923,401,0,0,0,8,0,0,0,0,-8.42,0.05,0.00266,50000
1924,401,0,0,0,4,0,0,0,0,-8.22,0.05,0.00281,50000
1925,401,0,0,0,14,4,1,0,0,-8.42,0.05,0.00287,50000
1926,401,0,0,0,9,0,0,0,0,-8.47,0.05,0.00288,50000
1927,401,0,0,0,8,1,1,0,0,-9.02,0.05,0.00274,50000
1928,401,0,0,0,6,3,2,0,0,-8.02,0.05,0.00269,50000
1929,401,1,1,0,9,5,1,0,0,-6.67,0.05,0.00245,50000
1930,401,0,0,0,3,0,0,0,0,-8.17,0.05,0.00259,50000
1931,401,0,0,0,8,0,0,0,0,-8.42,0.05,0.00242,50000
1932,401,0,0,0,6,0,0,0,0,-8.32,0.05,0.00243,50000
1933,401,0,0,0,10,0,0,0,0,-8.52,0.05,0.00249,50000
1934,401,0,0,0,6,1,1,0,0,-8.12,0.05,0.00255,50000
1935,401,0,0,0,6,0,0,0,0,-8.32,0.05,0.00243,50000
1936,401,0,0,0,9,0,0,0,0,-8.47,0.05,0.00248,50000
1937,401,0,0,0,8,0,0,0,0,-8.42,0.05,0.00262,50000
1938,401,0,0,0,5,1,1,0,0,-8.07,0.05,0.00268,50000
1939,401,0,0,0,7,0,0,0,0,-8.37,0.05,0.00271,50000
1940,401,0,0,0,12,3,1,0,0,-8.22,0.05,0.00274,50000
1941,401,0,0,0,9,0,0,0,0,-8.47,0.05,0.00272,50000
1942,260,0,0,0,11,1,1,0,0,-18.65,0.05,0.00257,50000
1943,401,0,0,0,9,0,0,0,0,-8.47,0.05,0.00254,50000
1944,401,0,0,0,5,0,0,0,0,-8.27,0.05,0.00264,50000
1945,401,0,0,0,7,0,0,0,0,-8.37,0.05,0.00251,50000
1946,401,0,0,0,6,0,0,2,0,-11.12,0.05,0.00261,50000
1947,401,0,0,0,5,0,0,0,0,-8.27,0.05,0.00276,50000
1948,401,0,0,0,4,0,0,0,0,-8.22,0.05,0.0028,50000
1949,401,0,0,0,6,0,0,0,0,-8.32,0.05,0.00299,50000
1950,401,0,0,0,2,0,0,0,0,-8.12,0.05,0.00303,50000
1951,173,0,0,0,4,1,1,0,0,-16.76,0.05,0.00297,50000
1952,358,0,0,0,8,1,1,0,0,-20.66,0.05,0.00324,50000
1953,401,0,0,0,6,1,1,0,0,-8.52,0.05,0.00325,50000
1954,401,1,1,0,10,4,1,0,0,-6.62,0.05,0.00329,50000
1955,401,0,0,0,7,0,0,0,0,-8.37,0.05,0.00325,50000
1956,401,0,0,0,11,2,1,0,0,-8.52,0.05,0.00326,50000
1957,401,0,0,0,8,1,1,0,0,-9.02,0.05,0.00328,50000
1958,401,0,0,0,6,3,1,0,0,-7.52,0.05,0.00326,50000
1959,401,0,0,0,3,0,0,0,0,-8.17,0.05,0.00344,50000
1960,401,1,1,0,6,2,1,0,0,-7.42,0.05,0.00346,50000
1961,401,0,0,0,6,2,1,0,0,-8.62,0.05,0.00347,50000
1962,401,0,0,0,11,0,0,0,0,-8.57,0.05,0.00346,50000
1963,401,0,0,0,6,0,0,0,0,-8.32,0.05,0.00352,50000
1964,383,0,0,0,12,0,0,1,0,-21.06,0.05,0.0037,50000
1965,401,0,0,0,8,0,0,0,0,-8.42,0.05,0.00393,50000
1966,401,0,0,0,2,0,0,0,0,-8.12,0.05,0.00396,50000
1967,401,0,0,0,5,0,0,0,0,-8.27,0.05,0.00377,50000
1968,401,0,0,0,11,0,0,0,0,-8.57,0.05,0.00374,50000
1969,401,0,0,0,7,0,0,0,0,-8.37,0.05,0.00384,50000
1970,401,0,0,0,6,0,0,1,0,-9.12,0.05,0.00375,50000
1971,401,0,0,0,7,0,0,0,0,-8.37,0.05,0.00371,50000
1972,401,0,0,0,8,2,2,0,0,-8.82,0.05,0.0038,50000
1973,401,0,0,0,10,4,2,0,0,-8.32,0.05,0.00377,50000
1974,401,0,0,0,6,0,0,0,0,-8.32,0.05,0.00371,50000
1975,401,0,0,0,9,2,1,0,0,-7.97,0.05,0.00374,50000
1976,401,0,0,0,12,1,1,0,0,-9.22,0.05,0.00389,50000
1977,401,0,0,0,6,1,1,0,0,-8.12,0.05,0.00369,50000
1978,401,0,0,0,4,0,0,0,0,-8.22,0.05,0.00374,50000
1979,401,0,0,0,11,0,0,0,0,-8.57,0.05,0.00369,50000
1980,401,0,0,0,10,0,0,1,0,-9.32,0.05,0.00358,50000
1981,401,0,0,0,8,0,0,0,0,-8.42,0.05,0.00363,50000
1982,401,0,0,0,9,0,0,0,0,-8.47,0.05,0.00377,50000
1983,401,0,0,0,9,1,1,0,0,-8.67,0.05,0.0039,50000
1984,401,0,0,0,8,0,0,0,0,-8.42,0.05,0.00383,50000
1985,401,0,0,0,7,1,1,1,0,-8.97,0.05,0.00348,50000
1986,401,0,0,0,5,0,0,0,0,-8.27,0.05,0.00348,50000
1987,29,0,0,0,2,2,1,0,0,-12.38,0.05,0.00348,50000
1988,401,0,0,0,8,3,1,1,0,-9.22,0.05,0.00356,50000
1989,401,0,0,0,5,0,0,0,0,-8.27,0.05,0.00374,50000
1990,401,0,0,0,4,0,0,0,0,-8.22,0.05,0.00369,50000
1991,24,0,0,0,3,1,1,0,0,-13.53,0.05,0.00359,50000
1992,401,0,0,0,8,2,1,0,0,-8.32,0.05,0.00354,50000
1993,401,0,0,0,12,3,1,0,0,-7.82,0.05,0.00357,50000
1994,366,0,0,0,3,1,1,0,0,-20.07,0.05,0.00331,50000
1995,401,0,0,0,4,0,0,0,0,-8.22,0.05,0.00326,50000
1996,401,0,0,0,5,0,0,0,0,-8.27,0.05,0.0033,50000
1997,171,0,0,0,5,2,1,0,0,-16.27,0.05,0.00328,50000
1998,401,0,0,0,8,0,0,0,0,-8.42,0.05,0.00328,50000
1999,401,0,0,0,8,0,0,0,0,-8.42,0.05,0.00341,50000
2000,401,1,1,0,7,5,2,0,0,-6.72,0.05,0.00346,50000
2001,202,0,0,0,5,1,1,0,0,-16.09,0.05,0.00329,50000
2002,401,0,0,0,3,0,0,0,0,-8.17,0.05,0.0031,50000
2003,401,0,0,0,6,0,0,0,0,-8.32,0.05,0.0032,50000
2004,214,0,0,0,7,2,1,0,0,-16.33,0.05,0.00312,50000
2005,401,0,0,0,9,2,1,0,0,-7.97,0.05,0.00319,50000
2006,401,0,0,0,12,0,0,0,0,-8.62,0.05,0.00318,50000
2007,401,0,0,0,5,0,0,0,0,-8.27,0.05,0.00308,50000
2008,401,0,0,0,8,1,1,0,0,-8.22,0.05,0.00308,50000
2009,401,1,1,0,6,4,2,0,0,-6.12,0.05,0.00303,50000
2010,401,0,0,0,3,0,0,0,0,-8.17,0.05,0.00315,50000
2011,401,0,0,0,4,0,0,0,0,-8.22,0.05,0.00295,50000
2012,401,0,0,0,6,5,2,0,0,-8.22,0.05,0.00294,50000
2013,401,0,0,0,8,0,0,0,0,-8.42,0.05,0.00293,50000
2014,401,0,2,0,8,1,1,0,0,-6.82,0.05,0.00303,50000
2015,401,0,0,0,8,0,0,1,0,-9.62,0.05,0.00315,50000
2016,401,0,0,0,4,0,0,0,0,-8.22,0.05,0.00314,50000
2017,271,0,0,0,18,3,2,0,0,-18.92,0.05,0.00303,50000
2018,401,0,0,0,7,0,0,0,0,-8.37,0.05,0.00319,50000
2019,401,0,0,0,9,0,0,0,0,-8.47,0.05,0.0032,50000
2020,401,0,0,0,11,1,1,0,0,-8.37,0.05,0.00305,50000
2021,401,0,0,0,11,2,1,0,0,-8.07,0.05,0.00337,50000
2022,401,0,0,0,2,1,1,0,0,-8.32,0.05,0.00351,50000
2023,401,0,0,0,6,0,0,0,0,-8.32,0.05,0.00355,50000
2024,401,1,1,0,15,2,1,0,0,-7.87,0.05,0.00352,50000
2025,18,0,0,0,4,2,0,0,1,-16.76,0.05,0.00351,50000
2026,401,0,0,0,6,0,0,0,0,-8.32,0.05,0.00371,50000
2027,401,0,0,0,11,1,1,0,0,-8.37,0.05,0.00355,50000
2028,401,0,0,0,6,0,0,0,0,-8.32,0.05,0.00367,50000
2029,401,0,0,0,7,0,0,0,0,-8.37,0.05,0.0037,50000
2030,112,0,0,0,4,2,0,0,1,-18.64,0.05,0.00387,50000
2031,401,0,0,0,4,0,0,0,0,-8.22,0.05,0.00401,50000
2032,401,0,0,0,11,0,0,0,0,-8.57,0.05,0.00416,50000
2033,401,0,0,0,7,0,0,0,0,-8.37,0.05,0.00417,50000
2034,208,0,0,0,11,1,1,0,0,-17.81,0.05,0.00407,50000
2035,401,0,0,0,24,5,2,0,0,-9.12,0.05,0.00403,50000
2036,401,0,0,0,5,1,1,0,0,-8.87,0.05,0.00407,50000
2037,401,0,0,0,9,0,0,0,0,-8.47,0.05,0.00416,50000
2038,401,0,0,0,8,0,0,0,0,-8.42,0.05,0.00412,50000
2039,401,0,0,0,9,0,0,0,0,-8.47,0.05,0.00411,50000
2040,401,0,0,0,13,2,1,0,0,-8.97,0.05,0.00415,50000
2041,401,0,0,0,6,0,0,0,0,-8.32,0.05,0.00429,50000
2042,401,0,0,0,7,0,0,0,0,-8.37,0.05,0.00417,50000
2043,401,0,0,0,5,0,0,0,0,-8.27,0.05,0.0039,50000
2044,401,0,0,0,5,0,0,0,0,-8.27,0.05,0.00407,50000
2045,40,0,0,0,3,2,1,0,0,-13.55,0.05,0.00396,50000
2046,401,0,0,0,10,1,1,0,0,-8.32,0.05,0.0039,50000
2047,401,0,0,0,5,1,1,0,0,-8.87,0.05,0.00397,50000
2048,401,0,0,0,8,3,1,0,0,-7.62,0.05,0.00374,50000
2049,401,0,0,0,106,1,1,0,0,-13.92,0.05,0.00377,50000
2050,401,0,0,0,10,6,3,0,0,-7.82,0.05,0.00369,50000
2051,135,0,0,0,4,2,0,0,1,-19.1,0.05,0.00372,50000
2052,401,0,0,0,6,4,1,0,0,-8.02,0.05,0.00351,50000
2053,401,0,0,0,9,0,0,0,0,-8.47,0.05,0.00341,50000
2054,401,0,0,0,7,2,2,0,0,-8.87,0.05,0.00308,50000
2055,401,0,0,0,10,1,1,1,0,-9.12,0.05,0.00301,50000
2056,401,0,0,0,11,0,0,0,0,-8.57,0.05,0.00329,50000
2057,401,0,0,0,6,0,0,0,0,-8.32,0.05,0.00316,50000
2058,401,0,0,0,11,2,1,0,0,-8.07,0.05,0.00302,50000
2059,401,0,0,0,5,0,0,0,0,-8.27,0.05,0.00298,50000
2060,401,0,0,0,8,2,1,1,0,-9.17,0.05,0.00314,50000
2061,401,0,0,0,11,0,0,0,0,-8.57,0.05,0.00297,50000
2062,401,0,0,0,10,2,2,0,0,-8.82,0.05,0.0027,50000
2063,401,0,0,0,7,0,0,0,0,-8.37,0.05,0.00266,50000
2064,401,0,0,0,10,0,0,0,0,-8.52,0.05,0.00272,50000
2065,401,0,0,0,7,0,0,0,0,-8.37,0.05,0.00254,50000
2066,401,0,0,0,6,1,1,0,0,-8.52,0.05,0.00251,50000
2067,401,0,0,0,6,2,1,0,0,-8.87,0.05,0.00259,50000
2068,401,0,0,0,8,1,1,0,0,-8.62,0.05,0.00269,50000
2069,401,0,0,0,14,3,2,0,0,-8.42,0.05,0.0027,50000
2070,401,1,1,0,13,3,1,0,0,-7.12,0.05,0.00271,50000
2071,401,0,0,0,10,1,1,0,0,-8.32,0.05,0.00268,50000
2072,401,0,0,0,13,2,1,0,0,-8.97,0.05,0.00274,50000
2073,401,0,0,0,3,0,0,0,0,-8.17,0.05,0.0028,50000
2074,401,0,0,0,8,0,0,0,0,-8.42,0.05,0.00308,50000
2075,401,0,0,0,7,0,0,0,0,-8.37,0.05,0.00317,50000
2076,401,1,1,0,8,3,1,0,0,-6.42,0.05,0.00296,50000
2077,197,0,0,0,5,3,2,0,0,-16.09,0.05,0.00298,50000
2078,401,0,0,0,9,8,3,0,0,-6.77,0.05,0.00302,50000
2079,401,0,0,0,8,0,0,0,0,-8.42,0.05,0.00308,50000
2080,401,0,0,0,10,1,1,0,0,-8.32,0.05,0.00292,50000
2081,401,1,1,0,12,3,2,1,0,-8.32,0.05,0.00303,50000
2082,401,0,0,0,6,0,0,0,0,-8.32,0.05,0.00305,50000
2083,401,0,0,0,7,2,1,0,0,-7.87,0.05,0.00307,50000
2084,401,0,0,0,8,0,0,0,0,-8.42,0.05,0.00312,50000
2085,208,0,0,0,1,1,0,0,1,-20.71,0.05,0.00314,50000
2086,401,0,0,0,4,0,0,0,0,-8.22,0.05,0.0032,50000
2087,401,1,1,0,11,5,2,0,0,-6.87,0.05,0.00328,50000
2088,401,0,0,0,10,0,0,0,0,-8.52,0.05,0.00319,50000
2089,401,0,0,0,7,0,0,0,0,-8.37,0.05,0.00313,50000
2090,401,0,0,0,11,1,1,0,0,-8.37,0.05,0.00312,50000
2091,401,0,0,0,9,2,1,0,0,-8.37,0.05,0.00328,50000
2092,401,0,0,0,6,0,0,0,0,-8.32,0.05,0.00323,50000
2093,401,0,0,0,5,1,1,0,0,-8.07,0.05,0.00323,50000
2094,401,0,0,0,6,0,0,0,0,-8.32,0.05,0.00313,50000
2095,401,0,0,0,9,1,1,1,0,-9.07,0.05,0.00307,50000
2096,401,0,0,0,5,0,0,0,0,-8.27,0.05,0.00298,50000
2097,401,0,0,0,10,2,2,0,0,-9.72,0.05,0.00295,50000
2098,401,0,0,0,4,0,0,0,0,-8.22,0.05,0.00289,50000
2099,401,0,0,0,12,2,1,1,0,-9.32,0.05,0.00302,50000
2100,59,0,0,0,0,1,1,0,0,-13.38,0.05,0.00319,50000
2101,47,0,0,0,0,2,0,0,1,-16.94,0.05,0.00316,50000
2102,401,0,0,0,14,4,2,0,0,-8.12,0.05,0.00319,50000
2103,127,0,0,0,3,2,0,0,1,-18.69,0.05,0.00319,50000
2104,134,0,0,0,5,2,0,0,1,-18.93,0.05,0.00317,50000
2105,140,0,0,0,4,2,0,0,1,-19.2,0.05,0.00315,50000
2106,401,1,1,0,9,1,1,0,0,-7.47,0.05,0.0031,50000
2107,401,0,0,0,6,0,0,0,0,-8.32,0.05,0.00322,50000
2108,401,0,0,0,13,0,0,0,0,-8.67,0.05,0.00303,50000
2109,257,0,0,0,10,2,2,0,0,-18.54,0.05,0.00309,50000
2110,401,0,0,0,7,0,0,0,0,-8.37,0.05,0.0032,50000
2111,401,0,0,0,6,1,1,1,0,-9.72,0.05,0.00321,50000
2112,401,0,0,0,13,2,1,0,0,-8.12,0.05,0.00343,50000
2113,401,0,0,0,6,0,0,0,0,-8.32,0.05,0.0035,50000
2114,401,0,0,0,13,2,1,0,0,-8.97,0.05,0.00371,50000
2115,401,0,0,0,10,2,1,0,0,-8.82,0.05,0.00359,50000
2116,401,0,0,0,5,0,0,0,0,-8.27,0.05,0.00373,50000
2117,401,0,0,0,9,0,0,0,0,-8.47,0.05,0.00363,50000
2118,401,0,0,0,15,2,1,0,0,-8.27,0.05,0.00377,50000
2119,221,0,0,0,11,2,1,1,0,-17.27,0.05,0.00369,50000
2120,401,0,0,0,13,0,0,0,0,-8.67,0.05,0.00372,50000
2121,401,0,0,0,3,3,1,0,0,-7.77,0.05,0.00394,50000
2122,401,0,0,0,1,0,0,0,0,-8.07,0.05,0.00408,50000
2123,401,0,0,0,14,2,1,0,0,-8.32,0.05,0.00396,50000
2124,401,0,0,0,5,0,0,1,0,-9.87,0.05,0.00373,50000
2125,401,0,0,0,11,1,1,0,0,-8.37,0.05,0.00374,50000
2126,401,0,0,0,5,0,0,0,0,-8.27,0.05,0.00366,50000
2127,401,0,0,0,10,0,0,0,0,-8.52,0.05,0.0037,50000
2128,401,0,0,0,8,0,0,0,0,-8.42,0.05,0.00356,50000
2129,401,0,0,0,8,0,0,0,0,-8.42,0.05,0.00375,50000
2130,401,0,0,0,6,0,1,0,0,-8.42,0.05,0.00343,50000
2131,128,0,0,0,6,2,0,0,1,-18.86,0.05,0.00344,50000
2132,401,0,0,0,8,0,0,0,0,-8.42,0.05,0.00343,50000
2133,401,1,1,0,5,1,1,0,0,-6.87,0.05,0.0033,50000
2134,401,0,0,0,12,1,1,0,0,-8.82,0.05,0.00331,50000
2135,401,0,0,0,9,0,0,0,0,-8.47,0.05,0.0031,50000
2136,401,0,0,0,10,0,0,0,0,-8.52,0.05,0.00305,50000
2137,401,0,0,0,12,2,1,0,0,-8.92,0.05,0.00313,50000
2138,401,0,0,0,4,0,0,0,0,-8.22,0.05,0.00339,50000
2139,401,0,0,0,13,1,1,0,0,-8.87,0.05,0.00336,50000
2140,401,0,0,0,4,2,1,0,0,-8.52,0.05,0.00326,50000
2141,401,0,0,0,8,0,0,0,0,-8.42,0.05,0.00311,50000
2142,401,0,0,0,5,0,0,0,0,-8.27,0.05,0.00303,50000
2143,401,0,0,0,7,0,0,0,0,-8.37,0.05,0.00301,50000
2144,163,0,0,0,9,3,0,0,1,-19.61,0.05,0.00299,50000
2145,401,1,1,0,4,3,1,1,0,-7.82,0.05,0.00292,50000
2146,401,0,0,0,9,5,1,0,0,-8.12,0.05,0.00295,50000
2147,401,0,0,0,9,0,0,1,0,-10.07,0.05,0.00299,50000
2148,401,0,0,0,10,2,1,0,0,-8.42,0.05,0.00304,50000
2149,401,0,0,0,31,2,1,0,0,-9.07,0.05,0.00309,50000
2150,401,0,0,0,8,4,2,0,0,-8.62,0.05,0.003,50000
2151,401,0,0,0,11,0,0,0,0,-8.57,0.05,0.00296,50000
2152,401,0,0,0,10,2,1,0,0,-8.02,0.05,0.00296,50000
2153,401,0,0,0,6,0,0,0,0,-8.32,0.05,0.00297,50000
2154,401,0,0,0,2,0,0,0,0,-8.12,0.05,0.0029,50000
2155,401,0,0,0,7,1,1,0,0,-9.12,0.05,0.00285,50000
2156,401,0,0,0,10,4,1,0,0,-8.22,0.05,0.0029,50000
2157,401,0,0,0,15,0,0,0,0,-8.77,0.05,0.00284,50000
2158,401,0,0,0,8,0,0,0,0,-8.42,0.05,0.00273,50000
2159,401,0,0,0,5,2,1,0,0,-8.17,0.05,0.00269,50000
2160,401,0,0,0,11,1,1,1,0,-9.17,0.05,0.00262,50000
2161,401,0,0,0,5,1,1,0,0,-8.87,0.05,0.00265,50000
2162,401,0,0,0,7,0,0,0,0,-8.37,0.05,0.00273,50000
2163,401,0,0,0,8,4,1,0,0,-8.12,0.05,0.00278,50000
2164,401,0,0,0,14,0,0,0,0,-8.72,0.05,0.00285,50000
2165,401,0,0,0,10,0,0,0,0,-8.52,0.05,0.00288,50000
2166,401,0,0,0,2,0,0,0,0,-8.12,0.05,0.00305,50000
2167,401,0,0,0,9,8,2,0,0,-7.52,0.05,0.00306,50000
2168,401,0,0,0,8,0,0,0,0,-8.42,0.05,0.0029,50000
2169,401,0,0,0,11,1,1,0,0,-8.77,0.05,0.00294,50000
2170,401,0,0,0,8,0,0,0,0,-8.42,0.05,0.00311,50000
2171,401,0,0,0,10,1,1,0,0,-8.92,0.05,0.0031,50000
2172,401,0,0,0,11,2,1,0,0,-8.07,0.05,0.003,50000
2173,401,0,0,0,10,0,0,0,0,-8.52,0.05,0.00301,50000
2174,401,1,1,0,9,2,1,0,0,-7.57,0.05,0.00301,50000
2175,401,0,0,0,1,0,0,0,0,-8.07,0.05,0.00304,50000
2176,401,2,2,0,11,8,3,0,0,-4.87,0.05,0.00298,50000
2177,401,0,0,0,6,0,0,0,0,-8.32,0.05,0.00295,50000
2178,401,0,0,0,10,0,0,0,0,-8.52,0.05,0.00301,50000
2179,401,1,1,0,18,4,1,0,0,-6.62,0.05,0.00302,50000
2180,401,0,0,0,10,4,1,1,0,-8.72,0.05,0.00309,50000
2181,401,0,0,0,7,0,0,0,0,-8.37,0.05,0.00306,50000
2182,401,0,0,0,12,0,0,0,0,-8.62,0.05,0.00299,50000
2183,401,0,0,0,8,1,1,0,0,-9.02,0.05,0.00289,50000
2184,401,0,0,0,7,2,1,0,0,-8.27,0.05,0.00276,50000
2185,401,0,0,0,9,0,0,1,0,-9.27,0.05,0.00267,50000
2186,401,0,0,0,5,0,0,0,0,-8.27,0.05,0.00251,50000
2187,401,0,0,0,6,0,0,0,0,-8.32,0.05,0.00247,50000
2188,242,0,0,0,8,1,1,0,0,-18.34,0.05,0.00249,50000
2189,401,0,0,0,9,0,0,0,0,-8.47,0.05,0.00238,50000
2190,401,0,0,0,13,1,1,0,0,-8.87,0.05,0.00248,50000
2191,401,0,0,0,3,0,0,0,0,-8.17,0.05,0.00229,50000
2192,401,0,0,0,9,5,1,0,0,-7.52,0.05,0.00235,50000
2193,401,0,0,0,2,0,0,0,0,-8.12,0.05,0.00241,50000
2194,401,0,0,0,8,2,1,0,0,-8.32,0.05,0.00229,50000
2195,401,0,0,0,5,0,0,0,0,-8.27,0.05,0.00227,50000
2196,401,0,0,0,14,1,1,0,0,-8.92,0.05,0.00225,50000
2197,401,0,0,0,117,0,0,0,0,-13.87,0.05,0.00226,50000
2198,401,0,0,0,4,0,0,0,0,-8.22,0.05,0.0021,50000
2199,401,0,0,0,2,0,0,0,0,-8.12,0.05,0.00204,50000
2200,401,0,0,0,16,2,1,2,0,-10.42,0.05,0.00186,50000
2201,401,0,0,0,6,2,1,0,0,-7.82,0.05,0.00183,50000
2202,401,0,0,0,6,0,0,0,0,-8.32,0.05,0.00186,50000
2203,401,0,0,0,7,1,1,0,0,-8.57,0.05,0.00185,50000
2204,401,0,0,0,7,0,1,0,0,-9.07,0.05,0.00208,50000
2205,401,0,0,0,7,0,0,0,0,-8.37,0.05,0.00218,50000
2206,401,0,0,0,13,1,1,0,0,-8.47,0.05,0.00227,50000
2207,401,0,0,0,7,0,0,0,0,-8.37,0.05,0.00246,50000
2208,401,0,0,0,12,0,0,0,0,-8.62,0.05,0.0026,50000
2209,401,0,0,0,5,3,1,0,0,-7.87,0.05,0.00267,50000
2210,401,0,0,0,13,2,1,1,0,-9.37,0.05,0.00264,50000
2211,401,0,0,0,12,1,1,0,0,-8.42,0.05,0.00275,50000
2212,401,0,0,0,10,0,0,0,0,-8.52,0.05,0.00281,50000
2213,401,0,0,0,8,1,1,0,0,-9.02,0.05,0.00273,50000
2214,273,0,0,0,86,2,1,0,0,-21.66,0.05,0.00278,50000
2215,401,0,0,0,6,0,0,0,0,-8.32,0.05,0.00282,50000
2216,401,0,0,0,7,0,0,0,0,-8.37,0.05,0.00297,50000
2217,401,0,0,0,5,2,1,0,0,-8.17,0.05,0.00297,50000
2218,401,1,1,0,7,2,1,0,0,-7.07,0.05,0.00288,50000
2219,401,0,0,0,9,6,2,0,0,-8.67,0.05,0.00292,50000
2220,401,0,0,0,10,3,1,0,0,-8.12,0.05,0.0029,50000
2221,401,0,0,0,8,0,0,0,0,-8.42,0.05,0.00296,50000
2222,401,0,0,0,9,0,0,0,0,-8.47,0.05,0.00289,50000
2223,401,0,0,0,11,0,0,1,0,-9.77,0.05,0.00292,50000
2224,401,0,0,0,14,3,2,0,0,-8.42,0.05,0.0028,50000
2225,401,0,0,0,7,4,2,0,0,-8.17,0.05,0.00268,50000
2226,401,0,0,0,12,1,1,0,0,-8.82,0.05,0.00266,50000
2227,401,0,0,0,10,0,0,1,0,-9.32,0.05,0.00258,50000
2228,273,0,0,0,11,3,1,0,0,-18.31,0.05,0.00235,50000
2229,401,0,0,0,9,1,1,0,0,-9.07,0.05,0.00249,50000
2230,401,0,0,0,9,0,0,0,0,-8.47,0.05,0.0025,50000
2231,401,0,0,0,14,2,1,0,0,-8.22,0.05,0.0024,50000
2232,401,0,0,0,4,0,0,0,0,-8.22,0.05,0.00235,50000
2233,401,0,0,0,7,0,0,0,0,-8.37,0.05,0.00238,50000
2234,401,1,1,0,13,2,1,0,0,-6.97,0.05,0.00234,50000
2235,401,0,0,0,7,0,0,0,0,-8.37,0.05,0.00225,50000
2236,401,0,0,0,5,0,0,0,0,-8.27,0.05,0.00221,50000
2237,401,0,0,0,6,0,0,0,0,-8.32,0.05,0.00218,50000
2238,401,0,0,0,8,1,1,0,0,-8.22,0.05,0.00217,50000
2239,401,0,0,0,5,0,0,0,0,-8.27,0.05,0.00213,50000
2240,401,0,0,0,8,0,0,0,0,-8.42,0.05,0.00213,50000
2241,401,0,0,0,4,2,1,0,0,-7.72,0.05,0.00222,50000
2242,401,0,0,0,8,5,1,0,0,-7.42,0.05,0.00219,50000
2243,401,0,0,0,6,0,0,0,0,-8.32,0.05,0.00227,50000
2244,401,0,0,0,14,1,1,0,0,-8.52,0.05,0.00218,50000
2245,401,0,0,0,12,4,2,0,0,-8.02,0.05,0.00212,50000
2246,401,0,0,0,13,0,0,0,0,-8.67,0.05,0.00211,50000
2247,401,0,0,0,11,2,1,0,0,-9.02,0.05,0.00208,50000
2248,401,0,0,0,9,0,0,0,0,-8.47,0.05,0.0021,50000
2249,401,0,0,0,14,2,1,1,0,-9.82,0.05,0.00199,50000
2250,401,0,0,0,10,0,0,0,0,-8.52,0.05,0.00193,50000
2251,401,0,0,0,11,0,0,0,0,-8.57,0.05,0.00188,50000
2252,401,0,0,0,6,0,0,0,0,-8.32,0.05,0.00186,50000
2253,401,2,2,0,3,2,1,0,0,-6.07,0.05,0.00186,50000
2254,401,0,0,0,3,0,0,0,0,-8.17,0.05,0.00181,50000
2255,401,0,0,0,10,4,1,0,0,-7.42,0.05,0.00181,50000
2256,401,0,0,0,7,0,0,0,0,-8.37,0.05,0.00182,50000
2257,401,0,0,0,9,1,1,0,0,-8.27,0.05,0.00182,50000
2258,401,0,0,0,11,7,3,0,0,-7.87,0.05,0.00183,50000
2259,401,0,0,0,16,3,2,1,0,-9.72,0.05,0.00176,50000
2260,401,0,0,0,4,0,0,1,0,-9.42,0.05,0.00168,50000
2261,401,0,0,0,17,1,1,1,0,-9.47,0.05,0.00163,50000
2262,401,0,0,0,8,0,0,0,0,-8.42,0.05,0.00165,50000
2263,401,0,0,0,7,0,0,0,0,-8.37,0.05,0.00157,50000
2264,401,0,0,0,9,1,1,0,0,-8.27,0.05,0.00172,50000
2265,329,0,0,0,9,3,0,0,1,-22.93,0.05,0.00174,50000
2266,401,1,1,0,4,2,1,0,0,-6.92,0.05,0.00177,50000
2267,401,0,0,0,5,0,0,0,0,-8.27,0.05,0.00171,50000
2268,401,0,0,0,9,0,0,0,0,-8.47,0.05,0.00173,50000
2269,401,0,0,0,6,0,0,0,0,-8.32,0.05,0.00185,50000
2270,401,0,0,0,6,0,0,0,0,-8.32,0.05,0.00185,50000
2271,401,0,0,0,8,0,0,0,0,-8.42,0.05,0.0019,50000
2272,401,0,0,0,3,1,1,1,0,-9.17,0.05,0.00195,50000
2273,401,0,0,0,10,1,1,0,0,-8.72,0.05,0.00194,50000
2274,401,0,0,0,7,0,0,0,0,-8.37,0.05,0.00193,50000
2275,401,0,0,0,10,0,0,0,0,-8.52,0.05,0.00197,50000
2276,401,0,0,0,9,6,3,0,0,-8.32,0.05,0.00199,50000
2277,401,1,1,0,10,5,2,0,0,-6.02,0.05,0.00202,50000
2278,66,0,0,0,4,1,0,0,1,-18.02,0.05,0.00201,50000
2279,401,0,0,0,8,0,0,0,0,-8.42,0.05,0.00193,50000
2280,401,0,0,0,10,4,2,0,0,-7.92,0.05,0.002,50000
2281,401,0,0,0,5,2,1,0,0,-7.77,0.05,0.00205,50000
2282,401,0,0,0,9,0,0,0,0,-8.47,0.05,0.00197,50000
2283,401,0,0,0,8,0,0,0,0,-8.42,0.05,0.00195,50000
2284,401,0,0,0,9,0,0,0,0,-8.47,0.05,0.00207,50000
2285,401,0,0,0,4,0,0,0,0,-8.22,0.05,0.00191,50000
2286,401,0,0,0,5,0,0,0,0,-8.27,0.05,0.00195,50000
2287,401,0,0,0,10,4,2,0,0,-8.72,0.05,0.00193,50000
2288,401,0,0,0,10,0,0,1,0,-9.72,0.05,0.00209,50000
2289,401,0,0,0,9,1,1,0,0,-8.67,0.05,0.00203,50000
2290,401,0,0,0,9,0,0,0,0,-8.47,0.05,0.00193,50000
2291,401,0,0,0,9,1,1,0,0,-8.67,0.05,0.00194,50000
2292,401,0,0,0,7,0,0,0,0,-8.37,0.05,0.00185,50000
2293,401,0,0,0,10,0,0,0,0,-8.52,0.05,0.00185,50000
2294,401,1,1,0,10,5,2,0,0,-6.42,0.05,0.00178,50000
2295,401,0,0,0,12,0,0,0,0,-8.62,0.05,0.00175,50000
2296,401,0,0,0,7,0,0,0,0,-8.37,0.05,0.00173,50000
2297,13,0,0,0,3,3,0,0,1,-16.31,0.05,0.00172,50000
2298,401,0,0,0,7,0,0,0,0,-8.37,0.05,0.00167,50000
2299,401,0,0,0,8,0,0,0,0,-8.42,0.05,0.00173,50000
2300,401,0,0,0,3,0,0,0,0,-8.17,0.05,0.0017,50000
2301,401,0,0,0,7,1,1,0,0,-8.57,0.05,0.00167,50000
2302,401,0,0,0,6,0,0,0,0,-8.32,0.05,0.00159,50000
2303,401,0,0,0,8,2,1,0,0,-8.62,0.05,0.00162,50000
2304,401,0,0,0,11,0,0,0,0,-8.57,0.05,0.00163,50000
2305,401,0,0,0,8,0,0,0,0,-8.42,0.05,0.00148,50000
2306,48,0,0,0,2,2,1,0,0,-13.86,0.05,0.00147,50000
2307,401,0,0,0,6,0,0,0,0,-8.32,0.05,0.00156,50000
2308,76,0,0,0,3,3,1,0,0,-12.67,0.05,0.00154,50000
2309,24,0,0,0,0,2,1,0,0,-12.78,0.05,0.00154,50000
2310,79,0,0,0,5,2,1,0,0,-14.63,0.05,0.00153,50000
2311,401,0,0,0,11,0,0,0,0,-8.57,0.05,0.00165,50000
2312,401,1,1,0,12,2,1,0,0,-7.32,0.05,0.00147,50000
2313,401,0,0,0,11,0,0,0,0,-8.57,0.05,0.00147,50000
2314,183,0,0,0,7,1,1,0,0,-17.11,0.05,0.00142,50000
2315,401,0,0,0,5,0,0,0,0,-8.27,0.05,0.0014,50000
2316,401,1,1,0,7,1,1,0,0,-6.97,0.05,0.00141,50000
2317,401,0,0,0,5,0,0,0,1,-12.67,0.05,0.00142,50000
2318,401,0,0,0,8,0,0,1,0,-9.62,0.05,0.00141,50000
2319,401,1,1,0,9,2,2,0,0,-8.47,0.05,0.0016,50000
2320,401,0,0,0,3,0,0,1,0,-9.77,0.05,0.00161,50000
2321,401,0,0,0,7,2,1,0,0,-7.87,0.05,0.00172,50000
2322,401,1,1,0,10,2,1,0,0,-6.82,0.05,0.00179,50000
2323,401,0,0,0,7,2,1,0,0,-8.27,0.05,0.0017,50000
2324,246,0,0,0,6,2,0,0,1,-21.42,0.05,0.00169,50000
2325,401,0,0,0,12,5,2,0,0,-7.32,0.05,0.0017,50000
2326,401,0,0,0,9,0,0,0,0,-8.47,0.05,0.00176,50000
2327,401,0,0,0,8,0,0,0,0,-8.42,0.05,0.00183,50000
2328,201,0,0,0,7,3,1,0,0,-16.87,0.05,0.00185,50000
2329,401,0,0,0,7,1,1,0,0,-8.17,0.05,0.00198,50000
2330,401,1,1,0,12,1,1,1,0,-8.42,0.05,0.00199,50000
2331,289,0,0,0,12,3,0,0,1,-22.28,0.05,0.00203,50000
2332,401,0,0,0,6,0,0,0,0,-8.32,0.05,0.00203,50000
2333,401,0,0,0,9,0,0,0,0,-8.47,0.05,0.00192,50000
2334,401,0,0,0,5,0,0,0,0,-8.27,0.05,0.002,50000
2335,401,0,0,0,8,4,1,0,0,-7.32,0.05,0.00199,50000
2336,401,0,0,0,12,3,1,0,0,-8.12,0.05,0.00229,50000
2337,401,1,1,0,8,2,1,0,0,-7.12,0.05,0.00223,50000
2338,401,0,0,0,8,0,0,0,0,-8.42,0.05,0.00229,50000
2339,401,0,0,0,6,0,0,0,0,-8.32,0.05,0.00233,50000
2340,401,0,0,0,11,1,1,0,0,-8.37,0.05,0.00213,50000
2341,401,0,0,0,7,0,0,0,0,-8.37,0.05,0.00223,50000
2342,401,0,0,0,12,2,1,0,0,-8.02,0.05,0.0021,50000
2343,401,0,0,0,11,1,1,0,0,-8.77,0.05,0.002,50000
2344,401,0,0,0,9,0,0,1,0,-9.27,0.05,0.00199,50000
2345,401,0,0,0,5,3,1,0,0,-8.22,0.05,0.00201,50000
2346,401,0,0,0,9,0,0,0,0,-8.47,0.05,0.00208,50000
2347,401,0,0,0,9,0,0,0,0,-8.47,0.05,0.002,50000
2348,401,0,0,0,4,0,0,0,0,-8.22,0.05,0.00192,50000
2349,401,0,0,0,9,3,1,0,0,-7.92,0.05,0.00182,50000
2350,401,0,0,0,12,2,1,0,0,-8.12,0.05,0.00179,50000
2351,401,0,0,0,5,0,0,0,0,-8.27,0.05,0.00191,50000
2352,401,0,0,0,9,0,0,0,0,-8.47,0.05,0.00191,50000
2353,401,0,0,0,13,2,2,0,0,-8.27,0.05,0.00191,50000
2354,401,0,0,0,11,0,0,0,0,-8.57,0.05,0.00197,50000
2355,401,0,0,0,7,1,1,0,0,-8.17,0.05,0.00221,50000
2356,401,0,0,0,9,1,1,0,0,-8.37,0.05,0.00198,50000
2357,401,0,0,0,15,3,2,0,0,-9.27,0.05,0.00195,50000
2358,401,0,0,0,7,0,0,0,0,-8.37,0.05,0.00199,50000
2359,401,0,0,0,8,0,0,0,0,-8.42,0.05,0.00197,50000
2360,401,0,0,0,8,0,0,0,0,-8.42,0.05,0.00203,50000
2361,401,1,1,0,8,1,1,0,0,-7.42,0.05,0.00207,50000
2362,16,0,0,0,0,3,1,0,0,-12.12,0.05,0.00207,50000
2363,401,0,0,0,8,0,0,0,0,-8.42,0.05,0.0021,50000
2364,401,0,0,0,8,0,0,0,0,-8.42,0.05,0.00215,50000
2365,401,0,0,0,3,0,0,0,0,-8.17,0.05,0.00217,50000
2366,401,0,0,0,11,2,1,0,0,-8.07,0.05,0.00209,50000
2367,401,0,0,0,5,1,1,0,0,-8.47,0.05,0.00202,50000
2368,401,0,0,0,7,1,1,0,0,-8.17,0.05,0.00209,50000
2369,401,0,0,0,1,0,0,0,0,-8.07,0.05,0.00207,50000
2370,401,0,0,0,8,0,0,0,0,-8.42,0.05,0.00209,50000
2371,401,0,0,0,5,0,0,0,0,-8.27,0.05,0.00238,50000
2372,401,0,0,0,0,1,1,0,0,-8.22,0.05,0.00244,50000
2373,401,0,0,0,9,1,1,0,0,-8.67,0.05,0.00242,50000
2374,401,0,0,0,5,0,0,0,0,-8.27,0.05,0.0024,50000
2375,401,0,0,0,4,0,0,0,0,-8.22,0.05,0.00226,50000
2376,401,0,0,0,8,0,0,0,0,-8.42,0.05,0.00219,50000
2377,401,0,0,0,10,0,0,0,0,-8.52,0.05,0.00227,50000
2378,401,0,0,0,8,0,0,0,0,-8.42,0.05,0.00228,50000
2379,401,0,0,0,13,0,0,0,0,-8.67,0.05,0.00244,50000
2380,401,0,0,0,6,0,0,0,0,-8.32,0.05,0.00249,50000
2381,401,0,0,0,4,0,0,0,0,-8.22,0.05,0.00244,50000
2382,23,0,0,0,3,3,0,0,1,-16.51,0.05,0.00244,50000
2383,401,0,0,0,8,0,0,0,0,-8.42,0.05,0.0023,50000
2384,235,0,0,0,10,5,2,0,0,-17.6,0.05,0.00231,50000
2385,401,0,0,0,10,3,2,0,0,-8.62,0.05,0.0023,50000
2386,58,0,0,0,4,2,0,0,1,-17.56,0.05,0.00229,50000
2387,401,0,0,0,15,5,2,0,0,-8.27,0.05,0.00224,50000
2388,401,0,0,0,11,0,0,0,0,-8.57,0.05,0.00228,50000
2389,401,0,0,0,6,0,0,0,0,-8.32,0.05,0.00228,50000
2390,401,0,0,0,11,3,1,0,0,-7.77,0.05,0.00234,50000
2391,401,0,0,0,11,2,1,0,0,-8.47,0.05,0.0024,50000
2392,401,0,0,0,4,2,1,0,0,-7.72,0.05,0.00246,50000
2393,401,0,0,0,15,0,0,0,0,-8.77,0.05,0.0023,50000
2394,401,0,0,0,7,1,1,0,0,-8.17,0.05,0.00232,50000
2395,401,0,0,0,7,0,1,0,0,-8.47,0.05,0.00228,50000
2396,401,0,0,0,14,2,1,0,0,-8.22,0.05,0.00224,50000
2397,401,0,0,0,11,0,0,0,0,-8.57,0.05,0.00227,50000
2398,401,0,0,0,11,0,0,0,0,-8.57,0.05,0.0022,50000
2399,401,0,0,0,14,7,2,0,0,-7.07,0.05,0.00206,50000
2400,401,0,0,0,6,0,0,0,0,-8.32,0.05,0.00209,50000
2401,401,0,0,0,3,1,1,0,0,-7.97,0.05,0.0019,50000
2402,401,0,0,0,7,0,0,0,0,-8.37,0.05,0.00189,50000
2403,401,0,0,0,8,2,1,0,0,-8.32,0.05,0.00208,50000
2404,401,0,0,0,4,2,1,1,0,-8.47,0.05,0.00215,50000
2405,401,0,0,0,9,0,0,0,0,-8.47,0.05,0.00218,50000
2406,401,0,0,0,9,0,0,0,0,-8.47,0.05,0.00223,50000
2407,401,0,0,0,9,2,1,0,0,-8.37,0.05,0.0023,50000
2408,401,0,0,0,9,3,1,0,0,-8.07,0.05,0.00226,50000
2409,401,1,1,0,15,2,1,1,0,-8.67,0.05,0.00248,50000
2410,401,0,0,0,12,0,0,1,0,-9.82,0.05,0.00244,50000
2411,401,0,0,0,7,0,0,0,0,-8.37,0.05,0.00242,50000
2412,401,0,0,0,9,3,1,0,0,-7.67,0.05,0.00232,50000
2413,401,0,0,0,6,0,0,0,0,-8.32,0.05,0.00224,50000
2414,401,0,0,0,12,0,0,0,0,-8.62,0.05,0.00212,50000
2415,401,0,0,0,9,0,0,0,0,-8.47,0.05,0.00216,50000
2416,401,0,0,0,10,0,0,0,0,-8.52,0.05,0.00232,50000
2417,401,0,0,0,12,2,1,0,0,-8.92,0.05,0.00234,50000
2418,401,0,0,0,14,0,0,0,0,-8.72,0.05,0.00225,50000
2419,401,0,0,0,8,0,0,0,0,-8.42,0.05,0.00231,50000
2420,11,0,0,0,3,2,0,0,1,-16.57,0.05,0.00231,50000
2421,401,0,0,0,6,1,1,0,0,-8.22,0.05,0.00218,50000
2422,401,0,0,0,6,0,0,0,0,-8.32,0.05,0.00211,50000
2423,253,0,0,0,2,1,1,0,0,-17.06,0.05,0.00196,50000
2424,401,0,0,0,8,2,1,0,0,-7.92,0.05,0.00191,50000
2425,401,0,0,0,6,0,0,0,0,-8.32,0.05,0.00179,50000
2426,401,0,0,0,5,0,0,0,0,-8.27,0.05,0.00184,50000
2427,401,0,0,0,6,2,1,0,0,-7.82,0.05,0.00181,50000
2428,401,0,0,0,9,0,0,0,0,-8.47,0.05,0.00174,50000
2429,401,1,1,0,11,2,1,1,0,-8.87,0.05,0.00176,50000
2430,401,0,0,0,13,2,2,0,0,-8.82,0.05,0.00158,50000
2431,401,0,0,0,11,2,1,0,0,-8.47,0.05,0.00178,50000
2432,401,0,0,0,6,0,0,1,0,-9.52,0.05,0.00183,50000
2433,401,0,0,0,5,0,0,0,0,-8.27,0.05,0.00204,50000
2434,401,0,0,0,7,2,1,0,0,-8.27,0.05,0.00205,50000
2435,401,0,0,0,8,2,1,0,0,-7.92,0.05,0.00187,50000
2436,401,1,1,0,6,1,1,0,0,-7.72,0.05,0.00192,50000
2437,401,0,0,0,7,3,1,0,0,-7.97,0.05,0.00185,50000
2438,401,0,0,0,12,0,0,0,0,-8.62,0.05,0.00195,50000
2439,394,0,0,0,8,2,0,0,1,-24.48,0.05,0.00196,50000
2440,401,0,0,0,11,7,2,0,0,-7.87,0.05,0.00223,50000
2441,401,0,0,0,191,0,0,0,0,-17.57,0.05,0.00245,50000
2442,401,0,0,0,8,3,1,0,0,-8.02,0.05,0.00258,50000
2443,401,1,1,0,11,3,1,0,0,-6.57,0.05,0.00268,50000
2444,401,0,0,0,11,3,1,0,0,-7.77,0.05,0.00263,50000
2445,401,0,0,0,12,0,0,0,0,-8.62,0.05,0.00274,50000
2446,42,0,0,0,2,1,0,0,1,-17.44,0.05,0.00274,50000
2447,401,0,0,0,4,0,0,0,0,-8.22,0.05,0.00271,50000
2448,401,1,1,0,8,1,1,1,0,-7.82,0.05,0.00268,50000
2449,401,1,1,0,8,8,3,0,0,-6.42,0.05,0.00272,50000
2450,401,0,0,0,10,2,1,0,0,-8.42,0.05,0.00303,50000
2451,240,0,0,0,8,5,2,0,0,-16.0,0.05,0.00311,50000
2452,401,0,0,0,3,1,1,0,0,-7.97,0.05,0.00302,50000
2453,401,0,0,0,6,1,1,0,0,-8.12,0.05,0.00288,50000
2454,401,0,0,0,15,2,1,0,0,-8.62,0.05,0.00286,50000
2455,12,0,0,0,0,1,1,0,0,-13.34,0.05,0.00286,50000
2456,401,0,0,0,3,0,0,2,0,-10.97,0.05,0.00294,50000
2457,401,0,0,0,7,1,1,1,0,-9.37,0.05,0.00306,50000
2458,401,2,2,0,7,2,1,0,0,-5.87,0.05,0.00311,50000
2459,401,0,0,0,20,3,2,0,0,-8.32,0.05,0.00307,50000
2460,376,0,0,0,9,6,2,0,0,-20.07,0.05,0.00299,50000
2461,401,0,0,0,9,2,1,0,0,-8.37,0.05,0.00321,50000
2462,401,0,0,0,8,2,1,0,0,-8.32,0.05,0.00297,50000
2463,401,0,0,0,7,0,0,0,0,-8.37,0.05,0.00277,50000
2464,401,0,0,0,8,1,1,2,0,-10.62,0.05,0.00273,50000
2465,401,0,0,0,6,0,0,0,0,-8.32,0.05,0.00291,50000
2466,401,0,0,0,6,5,2,0,0,-7.57,0.05,0.00283,50000
2467,401,0,0,0,7,2,1,0,0,-7.87,0.05,0.00308,50000
2468,401,0,0,0,3,0,0,0,0,-8.17,0.05,0.00322,50000
2469,401,0,0,0,7,1,1,0,0,-8.07,0.05,0.00323,50000
2470,401,1,1,0,7,2,1,0,0,-6.67,0.05,0.00339,50000
2471,401,0,0,0,5,0,0,0,0,-8.27,0.05,0.00321,50000
2472,401,0,0,0,14,0,0,0,0,-8.72,0.05,0.00322,50000
2473,401,0,0,0,6,0,0,0,0,-8.32,0.05,0.00316,50000
2474,401,1,1,0,10,2,1,0,0,-6.82,0.05,0.00324,50000
2475,401,0,0,0,10,6,1,0,0,-7.62,0.05,0.00314,50000
2476,401,0,0,0,11,0,0,0,0,-8.57,0.05,0.00303,50000
2477,401,0,0,0,8,3,1,0,0,-8.02,0.05,0.00295,50000
2478,401,0,0,0,4,0,0,0,0,-8.22,0.05,0.00286,50000
2479,401,0,0,0,10,1,1,0,0,-9.12,0.05,0.0029,50000
2480,401,0,0,0,7,3,1,0,0,-7.97,0.05,0.00287,50000
2481,401,0,0,0,8,0,0,0,0,-8.42,0.05,0.00279,50000
2482,401,0,0,0,12,0,0,0,0,-8.62,0.05,0.00277,50000
2483,344,0,0,0,5,1,1,0,0,-19.73,0.05,0.00289,50000
2484,401,0,0,0,12,1,1,0,0,-8.42,0.05,0.0029,50000
2485,401,0,0,0,5,0,0,0,0,-8.27,0.05,0.00272,50000
2486,401,0,0,0,4,0,0,0,0,-8.22,0.05,0.00285,50000
2487,401,0,0,0,6,2,1,0,0,-7.82,0.05,0.00262,50000
2488,401,0,0,0,10,0,0,0,0,-8.52,0.05,0.00262,50000
2489,401,0,0,0,7,0,0,1,0,-9.17,0.05,0.0026,50000
2490,84,0,0,0,4,3,0,0,1,-17.58,0.05,0.0026,50000
2491,401,0,0,0,4,0,0,0,0,-8.22,0.05,0.00262,50000
2492,401,0,0,0,11,5,2,1,0,-8.47,0.05,0.00257,50000
2493,401,0,0,0,7,0,0,0,0,-8.37,0.05,0.00252,50000
2494,401,0,0,0,6,0,0,0,0,-8.32,0.05,0.00264,50000
2495,401,1,1,0,10,1,1,0,0,-7.92,0.05,0.00252,50000
2496,401,0,0,0,5,0,0,0,0,-8.27,0.05,0.00247,50000
2497,401,0,0,0,6,0,0,0,0,-8.32,0.05,0.00247,50000
2498,401,2,2,0,7,4,1,0,0,-5.62,0.05,0.00245,50000
2499,401,1,1,0,12,2,1,0,0,-7.32,0.05,0.00263,50000
2500,205,1,1,0,5,2,1,1,0,-16.25,0.05,0.00266,50000
2501,401,0,0,0,6,1,1,0,0,-9.22,0.05,0.00274,50000
2502,80,0,0,0,1,2,0,0,1,-17.85,0.05,0.00274,50000
2503,401,2,2,0,16,4,2,0,0,-5.42,0.05,0.0027,50000
2504,56,0,0,0,4,5,2,0,0,-13.92,0.05,0.00277,50000
2505,401,0,0,0,8,2,1,0,0,-8.32,0.05,0.00284,50000
2506,401,0,0,0,8,0,0,0,0,-8.42,0.05,0.00293,50000
2507,401,0,0,0,5,8,2,0,0,-6.87,0.05,0.00313,50000
2508,401,0,0,0,3,2,1,0,0,-8.47,0.05,0.00344,50000
2509,401,0,0,0,14,3,2,0,0,-8.02,0.05,0.00327,50000
2510,401,0,0,0,5,0,0,0,0,-8.27,0.05,0.00338,50000
2511,401,0,0,0,9,0,0,0,0,-8.47,0.05,0.00323,50000
2512,401,0,0,0,5,0,0,0,0,-8.27,0.05,0.0032,50000
2513,401,0,0,0,7,1,1,0,0,-8.97,0.05,0.00298,50000
2514,401,0,0,0,5,3,1,0,0,-7.47,0.05,0.00297,50000
2515,401,0,0,0,11,0,0,0,0,-8.57,0.05,0.00296,50000
2516,401,0,0,0,4,0,0,0,0,-8.22,0.05,0.00299,50000
2517,401,0,0,0,10,1,1,0,0,-8.37,0.05,0.00293,50000
2518,401,0,0,0,6,0,0,0,0,-8.32,0.05,0.00304,50000
2519,401,0,0,0,12,0,0,0,0,-8.62,0.05,0.00315,50000
2520,401,0,0,0,7,0,0,0,0,-8.37,0.05,0.00318,50000
2521,401,1,1,0,8,1,1,0,0,-7.02,0.05,0.00309,50000
2522,401,0,0,0,6,0,0,0,0,-8.32,0.05,0.00292,50000
2523,401,0,0,0,9,2,1,0,0,-8.37,0.05,0.00291,50000
2524,401,0,0,0,9,0,0,0,0,-8.47,0.05,0.00276,50000
2525,401,0,0,0,8,0,0,1,0,-9.22,0.05,0.0028,50000
2526,401,0,0,0,6,0,0,0,0,-8.32,0.05,0.0027,50000
2527,401,0,0,0,9,0,0,0,0,-8.47,0.05,0.00252,50000
2528,401,1,1,0,7,2,1,0,0,-6.67,0.05,0.00238,50000
2529,401,0,0,0,4,0,0,0,0,-8.22,0.05,0.00238,50000
2530,401,0,0,0,7,0,0,2,0,-10.17,0.05,0.00239,50000
2531,401,0,0,0,5,0,0,0,0,-8.27,0.05,0.00235,50000
2532,401,0,0,0,7,0,0,0,0,-8.37,0.05,0.00233,50000
2533,401,0,0,0,12,1,1,0,0,-8.82,0.05,0.00249,50000
2534,401,0,0,0,7,1,1,0,0,-8.17,0.05,0.00253,50000
2535,401,0,0,0,16,2,1,0,0,-8.32,0.05,0.00254,50000
2536,401,0,0,0,7,2,1,0,0,-7.87,0.05,0.00249,50000
2537,401,1,1,0,4,4,1,0,0,-7.02,0.05,0.00257,50000
2538,401,0,0,0,13,1,1,0,0,-8.47,0.05,0.00254,50000
2539,401,1,1,0,17,1,1,0,0,-7.47,0.05,0.00238,50000
2540,401,1,1,0,9,1,1,1,0,-9.47,0.05,0.00257,50000
2541,401,0,0,0,10,0,0,0,0,-8.52,0.05,0.00277,50000
2542,401,1,1,0,14,3,1,0,0,-6.72,0.05,0.00286,50000
2543,401,0,0,0,9,0,0,0,0,-8.47,0.05,0.00291,50000
2544,401,0,0,0,3,2,1,0,0,-8.07,0.05,0.00288,50000
2545,401,0,0,0,6,0,0,0,0,-8.32,0.05,0.00278,50000
2546,401,0,0,0,6,0,0,0,0,-8.32,0.05,0.00287,50000
2547,401,0,0,0,6,1,1,0,0,-8.52,0.05,0.00289,50000
2548,401,0,0,0,5,0,0,0,0,-8.27,0.05,0.00275,50000
2549,175,0,0,0,2,1,0,0,1,-20.1,0.05,0.00273,50000
2550,401,0,0,0,7,0,0,1,0,-9.27,0.05,0.00268,50000
2551,401,0,0,0,8,3,2,1,0,-9.02,0.05,0.00286,50000
2552,401,0,0,0,7,0,0,1,0,-9.57,0.05,0.0029,50000
2553,401,1,1,0,8,2,1,0,0,-6.72,0.05,0.00288,50000
2554,401,0,0,0,7,3,1,1,0,-8.77,0.05,0.00283,50000
2555,401,0,0,0,5,0,0,0,0,-8.27,0.05,0.00282,50000
2556,401,0,0,0,6,0,0,0,0,-8.32,0.05,0.00285,50000
2557,401,0,0,0,3,0,0,0,0,-8.17,0.05,0.0028,50000
2558,401,0,0,0,15,0,0,0,0,-8.77,0.05,0.00269,50000
2559,401,0,0,0,6,4,1,0,0,-7.72,0.05,0.00275,50000
2560,401,0,0,0,8,0,0,0,0,-8.42,0.05,0.00271,50000
2561,401,0,0,0,8,0,0,0,0,-8.42,0.05,0.00252,50000
2562,401,0,0,0,7,0,0,0,0,-8.37,0.05,0.00259,50000
2563,401,0,0,0,9,0,0,0,0,-8.47,0.05,0.00249,50000
2564,401,0,0,0,6,0,0,0,0,-8.32,0.05,0.00238,50000
2565,401,1,1,0,11,4,2,0,0,-7.97,0.05,0.00238,50000
2566,401,0,0,0,11,1,1,0,0,-8.37,0.05,0.0023,50000
2567,401,0,0,0,7,1,1,0,0,-8.17,0.05,0.00223,50000
2568,401,0,0,0,10,3,1,0,0,-8.37,0.05,0.00229,50000
2569,401,0,0,0,7,2,1,1,0,-9.07,0.05,0.00229,50000
2570,401,0,0,0,9,1,1,0,0,-9.07,0.05,0.00222,50000
2571,401,0,0,0,7,1,1,0,0,-8.27,0.05,0.00202,50000
2572,401,1,1,0,4,2,1,0,0,-6.52,0.05,0.002,50000
2573,401,0,0,0,7,0,0,0,0,-8.37,0.05,0.00185,50000
2574,260,0,0,0,10,3,0,0,1,-21.4,0.05,0.00197,50000
2575,401,0,0,0,13,8,2,0,0,-7.27,0.05,0.00196,50000
2576,33,0,0,0,3,3,0,0,1,-16.51,0.05,0.00196,50000
2577,401,0,0,0,7,0,0,0,0,-8.37,0.05,0.00205,50000
2578,401,1,1,0,1,3,1,0,0,-6.87,0.05,0.00204,50000
2579,401,0,0,0,6,0,0,0,0,-8.32,0.05,0.00212,50000
2580,401,0,0,0,4,0,0,0,0,-8.22,0.05,0.00224,50000
2581,215,0,0,0,6,2,0,0,1,-20.8,0.05,0.00219,50000
2582,401,0,0,0,11,0,0,0,0,-8.57,0.05,0.00218,50000
2583,401,0,0,0,5,0,0,0,0,-8.27,0.05,0.0022,50000
2584,68,0,0,0,3,2,1,0,0,-12.81,0.05,0.00219,50000
2585,401,0,0,0,5,0,0,0,0,-8.27,0.05,0.00227,50000
2586,401,0,0,0,5,1,1,0,0,-8.07,0.05,0.0023,50000
2587,401,0,0,0,6,0,0,0,0,-8.32,0.05,0.00234,50000
2588,401,0,0,0,4,0,0,0,0,-8.22,0.05,0.00231,50000
2589,401,0,0,0,6,0,0,0,0,-8.32,0.05,0.0022,50000
2590,401,0,0,0,9,0,0,0,0,-8.47,0.05,0.00216,50000
2591,401,0,0,0,9,0,0,0,0,-8.47,0.05,0.00211,50000
2592,401,1,1,0,14,4,1,0,0,-6.82,0.05,0.00212,50000
2593,401,1,1,0,8,10,3,0,0,-6.12,0.05,0.00219,50000
2594,401,1,1,0,6,2,2,1,0,-8.32,0.05,0.00218,50000
2595,401,0,0,0,7,0,0,0,0,-8.37,0.05,0.00218,50000
2596,401,0,0,0,6,0,0,0,0,-8.32,0.05,0.0023,50000
2597,401,0,0,0,7,0,0,0,0,-8.37,0.05,0.00224,50000
2598,102,0,0,0,2,3,1,0,0,-14.64,0.05,0.00234,50000
2599,401,0,0,0,13,0,0,0,0,-8.67,0.05,0.00223,50000
2600,401,0,0,0,15,2,1,1,0,-9.07,0.05,0.00242,50000
2601,401,0,0,0,5,0,0,0,0,-8.27,0.05,0.00235,50000
2602,401,0,0,0,10,0,0,0,0,-8.52,0.05,0.00227,50000
2603,401,0,0,0,5,0,0,0,0,-8.27,0.05,0.00249,50000
2604,401,0,0,0,5,0,0,0,0,-8.27,0.05,0.00251,50000
2605,401,0,0,0,7,0,0,0,0,-8.37,0.05,0.00231,50000
2606,401,0,0,0,9,1,1,0,0,-8.67,0.05,0.00225,50000
2607,401,0,0,0,12,0,0,0,0,-8.62,0.05,0.00226,50000
2608,401,0,0,0,4,0,0,0,0,-8.22,0.05,0.00227,50000
2609,401,0,0,0,5,0,0,0,0,-8.27,0.05,0.00243,50000
2610,401,0,0,0,6,0,0,0,0,-8.32,0.05,0.00248,50000
2611,401,0,0,0,4,0,0,0,0,-8.22,0.05,0.00247,50000
2612,401,0,0,0,6,0,0,0,0,-8.32,0.05,0.00273,50000
2613,401,0,0,0,5,0,0,0,0,-8.27,0.05,0.00283,50000
2614,401,0,0,0,6,0,0,0,0,-8.32,0.05,0.00282,50000
2615,401,0,0,0,8,0,0,0,0,-8.42,0.05,0.00296,50000
2616,401,0,0,0,5,3,1,0,0,-7.92,0.05,0.00302,50000
2617,401,1,1,0,7,2,1,0,0,-6.77,0.05,0.0029,50000
2618,401,0,0,0,5,0,0,0,0,-8.27,0.05,0.00292,50000
2619,401,0,0,0,7,0,0,0,0,-8.37,0.05,0.00299,50000
2620,401,0,0,0,9,2,1,0,0,-8.07,0.05,0.00293,50000
2621,401,0,0,0,8,2,1,0,0,-8.32,0.05,0.00289,50000
2622,401,0,0,0,14,0,0,0,0,-8.72,0.05,0.00286,50000
2623,401,0,0,0,5,0,0,0,0,-8.27,0.05,0.00266,50000
2624,401,0,0,0,6,0,0,1,0,-9.92,0.05,0.00261,50000
2625,401,0,0,0,13,1,1,0,0,-8.47,0.05,0.00272,50000
2626,120,0,0,0,4,3,0,0,1,-18.5,0.05,0.0028,50000
2627,401,0,0,0,4,0,0,0,0,-8.22,0.05,0.00282,50000
2628,401,0,0,0,11,3,2,0,0,-8.27,0.05,0.00319,50000
2629,401,0,0,0,6,0,0,0,0,-8.32,0.05,0.00315,50000
2630,401,0,0,0,6,0,0,0,0,-8.32,0.05,0.00305,50000
2631,401,0,0,0,7,0,0,0,0,-8.37,0.05,0.00299,50000
2632,401,0,0,0,8,2,1,0,0,-8.72,0.05,0.00284,50000
2633,401,0,0,0,8,0,0,0,0,-8.42,0.05,0.00287,50000
2634,401,0,0,0,11,8,2,0,0,-6.57,0.05,0.00279,50000
2635,401,0,0,0,10,4,1,0,0,-7.82,0.05,0.00282,50000
2636,401,0,0,0,6,5,1,0,0,-7.42,0.05,0.00251,50000
2637,401,0,0,0,5,6,3,0,0,-8.82,0.05,0.00262,50000
2638,401,0,0,0,8,2,1,0,0,-7.77,0.05,0.00256,50000
2639,401,0,0,0,4,0,0,0,0,-8.22,0.05,0.00236,50000
2640,401,0,0,0,6,2,1,0,0,-8.62,0.05,0.00229,50000
2641,259,0,0,0,3,6,2,0,0,-15.73,0.05,0.00235,50000
2642,401,0,0,0,12,0,0,0,0,-8.62,0.05,0.00254,50000
2643,401,0,0,0,7,2,1,1,0,-9.07,0.05,0.00268,50000
2644,401,0,0,0,4,1,1,0,0,-8.82,0.05,0.00284,50000
2645,401,0,0,0,10,1,1,0,0,-9.12,0.05,0.00286,50000
2646,401,0,0,0,6,0,0,0,0,-8.32,0.05,0.00276,50000
2647,401,1,1,0,10,3,1,0,0,-6.52,0.05,0.00267,50000
2648,401,0,0,0,9,0,0,0,0,-8.47,0.05,0.00244,50000
2649,401,0,0,0,6,1,1,0,0,-8.12,0.05,0.00236,50000
2650,401,0,0,0,10,0,0,0,0,-8.52,0.05,0.00234,50000
2651,401,0,0,0,7,0,0,1,0,-9.17,0.05,0.00243,50000
2652,401,0,0,0,13,3,1,0,0,-8.27,0.05,0.00254,50000
2653,401,0,0,0,8,0,0,0,0,-8.42,0.05,0.00246,50000
2654,401,0,0,0,11,2,1,0,0,-8.07,0.05,0.00231,50000
2655,401,0,0,0,7,0,0,0,0,-8.37,0.05,0.00239,50000
2656,401,0,0,0,11,0,0,0,0,-8.57,0.05,0.00244,50000
2657,401,0,0,0,8,0,0,0,0,-8.42,0.05,0.00247,50000
2658,401,0,0,0,9,4,2,0,0,-8.37,0.05,0.00234,50000
2659,401,0,0,0,6,0,0,0,0,-8.32,0.05,0.00239,50000
2660,183,0,0,0,7,2,0,0,1,-20.21,0.05,0.00255,50000
2661,401,0,0,0,6,0,0,0,0,-8.32,0.05,0.00252,50000
2662,401,0,0,0,9,5,2,0,0,-8.67,0.05,0.00229,50000
2663,401,0,0,0,5,0,0,0,0,-8.27,0.05,0.00221,50000
2664,401,0,0,0,10,0,0,0,0,-8.52,0.05,0.00218,50000
2665,190,0,0,0,2,3,1,0,0,-15.7,0.05,0.00198,50000
2666,146,0,0,0,3,2,1,0,0,-14.37,0.05,0.002,50000
2667,401,0,0,0,5,0,0,0,0,-8.27,0.05,0.00216,50000
2668,401,0,0,0,1,0,0,0,0,-8.07,0.05,0.00215,50000
2669,401,0,0,0,7,0,0,0,0,-8.37,0.05,0.00226,50000
2670,401,0,0,0,12,5,1,0,0,-7.62,0.05,0.00221,50000
2671,401,0,0,0,7,0,0,0,0,-8.37,0.05,0.00221,50000
2672,401,0,0,0,5,0,0,0,0,-8.27,0.05,0.00219,50000
2673,401,0,0,0,5,2,1,0,0,-7.77,0.05,0.00222,50000
2674,401,0,0,0,7,0,0,0,0,-8.37,0.05,0.00226,50000
2675,401,0,0,0,12,5,2,0,0,-7.57,0.05,0.00227,50000
2676,401,0,0,0,11,2,1,0,0,-8.72,0.05,0.00222,50000
2677,401,0,0,0,7,0,0,0,0,-8.37,0.05,0.00212,50000
2678,401,1,1,0,13,2,1,1,0,-7.77,0.05,0.00226,50000
2679,401,0,0,0,3,1,1,0,0,-7.97,0.05,0.00232,50000
2680,401,0,0,0,2,0,0,0,0,-8.12,0.05,0.00235,50000
2681,401,0,0,0,9,0,0,0,0,-8.47,0.05,0.00236,50000
2682,401,0,0,0,6,0,0,0,0,-8.32,0.05,0.00242,50000
2683,401,0,0,0,6,0,0,1,0,-9.52,0.05,0.00243,50000
2684,401,0,0,0,5,1,1,1,0,-9.27,0.05,0.00232,50000
2685,401,0,0,0,11,0,0,0,0,-8.57,0.05,0.00235,50000
2686,401,0,0,0,7,1,1,0,0,-8.17,0.05,0.00234,50000
2687,401,0,0,0,10,4,1,0,0,-7.67,0.05,0.00221,50000
2688,401,0,0,0,6,0,0,0,0,-8.32,0.05,0.00221,50000
2689,401,0,0,0,7,0,0,0,0,-8.37,0.05,0.00216,50000
2690,350,0,0,0,9,1,1,0,0,-20.35,0.05,0.00217,50000
2691,401,0,0,0,5,4,1,0,0,-7.57,0.05,0.00246,50000
2692,401,0,0,0,6,2,2,0,0,-8.72,0.05,0.00245,50000
2693,401,0,0,0,8,2,1,0,0,-8.72,0.05,0.00242,50000
2694,401,0,0,0,3,2,1,1,0,-8.67,0.05,0.00225,50000
2695,401,0,0,0,10,0,0,0,0,-8.52,0.05,0.00224,50000
2696,401,0,0,0,10,3,2,0,0,-8.22,0.05,0.00248,50000
2697,401,0,0,0,15,1,1,0,0,-8.57,0.05,0.00264,50000
2698,401,0,0,0,6,0,0,0,0,-8.32,0.05,0.00261,50000
2699,334,0,0,0,8,3,0,0,1,-22.98,0.05,0.00257,50000
2700,401,0,0,0,16,1,1,0,0,-8.62,0.05,0.00262,50000
2701,401,0,0,0,9,0,0,0,0,-8.47,0.05,0.00254,50000
2702,401,0,0,0,8,2,1,0,0,-7.92,0.05,0.0024,50000
2703,401,0,0,0,9,0,0,0,0,-8.47,0.05,0.00244,50000
2704,401,0,0,0,8,2,1,0,0,-8.32,0.05,0.00258,50000
2705,401,0,0,0,7,0,0,0,0,-8.37,0.05,0.00255,50000
2706,401,0,0,0,10,0,0,0,0,-8.52,0.05,0.00254,50000
2707,401,0,0,0,7,0,0,0,0,-8.37,0.05,0.00269,50000
2708,401,0,0,0,5,3,1,0,0,-8.27,0.05,0.0028,50000
2709,401,0,0,0,14,0,0,0,0,-8.72,0.05,0.0027,50000
2710,401,0,0,0,4,1,1,0,0,-8.82,0.05,0.00268,50000
2711,401,0,0,0,7,0,0,0,0,-8.37,0.05,0.00255,50000
2712,401,0,0,0,10,0,0,0,0,-8.52,0.05,0.00254,50000
2713,401,0,0,0,7,0,0,0,0,-8.37,0.05,0.00256,50000
2714,333,0,0,0,13,2,0,0,1,-23.11,0.05,0.00238,50000
2715,401,0,0,0,4,4,3,0,0,-8.12,0.05,0.00237,50000
2716,401,0,0,0,9,1,1,0,0,-8.27,0.05,0.00219,50000
2717,401,0,0,0,4,0,0,0,0,-8.22,0.05,0.00202,50000
2718,401,0,0,0,8,0,0,0,0,-8.42,0.05,0.00221,50000
2719,401,0,0,0,15,6,1,0,0,-6.42,0.05,0.00208,50000
2720,401,0,0,0,3,0,0,0,0,-8.17,0.05,0.00202,50000
2721,401,0,0,0,7,6,1,0,0,-7.02,0.05,0.00205,50000
2722,401,0,0,0,11,2,1,0,0,-8.07,0.05,0.00213,50000
2723,401,0,0,0,7,0,0,0,0,-8.37,0.05,0.00205,50000
2724,401,0,0,0,14,0,0,0,1,-13.52,0.05,0.00197,50000
2725,401,1,1,0,10,4,1,1,0,-7.42,0.05,0.00191,50000
2726,401,0,0,0,8,0,0,0,0,-8.42,0.05,0.0019,50000
2727,401,0,0,0,1,0,0,0,0,-8.07,0.05,0.00194,50000
2728,401,0,0,0,3,0,0,0,0,-8.17,0.05,0.00171,50000
2729,401,0,0,0,11,7,3,0,0,-8.37,0.05,0.0018,50000
2730,401,0,0,0,14,0,0,0,0,-8.72,0.05,0.00171,50000
2731,401,0,0,0,4,2,1,0,0,-8.12,0.05,0.00154,50000
2732,401,0,0,0,11,4,2,0,0,-8.37,0.05,0.00156,50000
2733,401,0,0,0,11,3,1,0,0,-8.17,0.05,0.00158,50000
2734,401,0,0,0,12,4,2,0,0,-8.02,0.05,0.00157,50000
2735,401,0,0,0,9,0,0,0,0,-8.47,0.05,0.00158,50000
2736,401,0,0,0,12,1,1,1,0,-9.32,0.05,0.00162,50000
2737,320,0,0,0,9,1,1,0,0,-18.75,0.05,0.00167,50000
2738,401,0,0,0,9,2,1,0,0,-7.97,0.05,0.00143,50000
2739,401,0,0,0,7,0,0,0,0,-8.37,0.05,0.00147,50000
2740,401,1,1,0,7,4,1,0,0,-6.47,0.05,0.00156,50000
2741,401,0,0,0,9,0,0,0,0,-8.47,0.05,0.00157,50000
2742,401,0,0,0,6,0,0,0,0,-8.32,0.05,0.0015,50000
2743,401,0,0,0,7,0,0,0,0,-8.37,0.05,0.00167,50000
2744,401,1,1,0,7,3,1,0,0,-6.37,0.05,0.00168,50000
2745,401,0,0,0,2,0,0,0,0,-8.12,0.05,0.00167,50000
2746,401,0,0,0,5,1,1,0,0,-8.17,0.05,0.00166,50000
2747,401,1,1,0,10,4,2,0,0,-7.92,0.05,0.00182,50000
2748,401,0,0,0,6,0,0,1,0,-9.52,0.05,0.00185,50000
2749,361,0,0,0,7,1,1,0,0,-20.67,0.05,0.00183,50000
2750,401,1,1,0,14,1,1,0,0,-7.32,0.05,0.00184,50000
2751,401,0,0,0,8,1,1,0,0,-8.22,0.05,0.00184,50000
2752,401,0,0,0,6,0,0,0,0,-8.32,0.05,0.00196,50000
2753,401,0,0,0,5,0,0,0,0,-8.27,0.05,0.00193,50000
2754,401,0,0,0,11,0,0,0,0,-8.57,0.05,0.00195,50000
2755,401,0,0,0,8,0,0,0,0,-8.42,0.05,0.00224,50000
2756,401,0,0,0,15,4,2,0,0,-7.77,0.05,0.00224,50000
2757,401,1,1,0,10,1,1,0,0,-7.12,0.05,0.00235,50000
2758,401,0,0,0,10,5,1,0,0,-7.52,0.05,0.00237,50000
2759,401,0,0,0,7,0,0,0,0,-8.37,0.05,0.00237,50000
2760,401,1,1,0,7,2,1,1,0,-8.27,0.05,0.00241,50000
2761,401,0,0,0,6,0,0,0,0,-8.32,0.05,0.00242,50000
2762,300,0,0,0,5,5,2,0,0,-17.75,0.05,0.00246,50000
2763,401,0,0,0,12,0,0,0,0,-8.62,0.05,0.00227,50000
2764,401,1,1,0,10,4,2,0,0,-7.12,0.05,0.00226,50000
2765,401,0,0,0,7,0,0,0,0,-8.37,0.05,0.00232,50000
2766,401,0,0,0,10,1,1,0,0,-8.32,0.05,0.00236,50000
2767,401,0,0,0,8,0,0,0,0,-8.42,0.05,0.00218,50000
2768,401,0,0,0,8,0,0,1,0,-10.02,0.05,0.00221,50000
2769,25,0,0,0,3,3,1,0,0,-12.75,0.05,0.00221,50000
2770,401,0,0,0,7,0,0,0,0,-8.37,0.05,0.00218,50000
2771,401,0,0,0,7,1,1,0,0,-8.27,0.05,0.00213,50000
2772,401,0,0,0,8,3,1,0,0,-7.97,0.05,0.00215,50000
2773,401,0,0,0,8,1,1,0,0,-8.22,0.05,0.00215,50000
2774,401,0,0,0,5,0,0,0,0,-8.27,0.05,0.00221,50000
2775,45,0,0,0,3,1,1,0,0,-14.15,0.05,0.00221,50000
2776,401,0,0,0,10,0,0,0,0,-8.52,0.05,0.00219,50000
2777,401,0,0,0,6,0,0,0,0,-8.32,0.05,0.00191,50000
2778,401,0,0,0,13,0,0,0,0,-8.67,0.05,0.00193,50000
2779,401,0,0,0,6,1,1,0,0,-8.92,0.05,0.00182,50000
2780,401,1,1,0,9,6,2,0,0,-6.37,0.05,0.00191,50000
2781,401,0,0,0,6,1,1,0,0,-8.52,0.05,0.0021,50000
2782,222,0,0,0,3,1,1,0,0,-17.69,0.05,0.00215,50000
2783,401,1,1,0,8,1,1,0,0,-7.42,0.05,0.00227,50000
2784,401,0,0,0,8,2,1,0,0,-7.82,0.05,0.00212,50000
2785,401,0,0,0,7,0,0,0,0,-8.37,0.05,0.00219,50000
2786,401,0,0,0,7,0,0,0,0,-8.37,0.05,0.00229,50000
2787,401,0,0,0,6,0,0,0,0,-8.32,0.05,0.00249,50000
2788,401,0,0,0,5,1,1,0,0,-8.07,0.05,0.00258,50000
2789,401,0,0,0,7,0,0,0,0,-8.37,0.05,0.00262,50000
2790,401,0,0,0,8,2,1,0,0,-7.92,0.05,0.00263,50000
2791,302,0,0,0,8,2,0,0,1,-22.64,0.05,0.00266,50000
2792,401,0,0,0,13,4,2,1,0,-9.47,0.05,0.00276,50000
2793,401,0,0,0,4,0,0,0,0,-8.22,0.05,0.00283,50000
2794,117,0,0,0,2,1,0,0,1,-18.94,0.05,0.00282,50000
2795,401,0,0,0,5,1,1,0,0,-8.87,0.05,0.00292,50000
2796,401,0,0,0,6,1,1,0,0,-8.52,0.05,0.00308,50000
2797,401,0,0,0,12,0,0,0,0,-8.62,0.05,0.00306,50000
2798,401,0,0,0,7,5,2,0,0,-8.67,0.05,0.00307,50000
2799,401,0,0,0,14,2,1,0,0,-8.22,0.05,0.00312,50000
2800,108,0,0,0,1,0,0,1,0,-15.11,0.05,0.00329,50000
2801,401,0,0,0,11,0,0,0,0,-8.57,0.05,0.00336,50000
2802,341,0,0,0,7,5,2,0,0,-18.37,0.05,0.00364,50000
2803,401,0,0,0,10,4,2,0,0,-7.92,0.05,0.00352,50000
2804,401,0,0,0,5,0,0,0,0,-8.27,0.05,0.00365,50000
2805,401,0,0,0,8,0,0,0,0,-8.42,0.05,0.00369,50000
2806,401,1,1,0,9,4,2,0,0,-6.97,0.05,0.00375,50000
2807,401,0,0,0,9,4,2,0,0,-7.47,0.05,0.00385,50000
2808,401,0,0,0,5,1,1,0,0,-8.07,0.05,0.00378,50000
2809,401,0,0,0,4,0,0,0,0,-8.22,0.05,0.00374,50000
2810,401,0,0,0,5,0,0,0,0,-8.27,0.05,0.00372,50000
2811,401,0,0,0,8,0,0,0,0,-8.42,0.05,0.00362,50000
2812,401,0,0,0,7,0,0,0,0,-8.37,0.05,0.00351,50000
2813,401,0,0,0,200,2,1,0,0,-17.52,0.05,0.00357,50000
2814,401,0,0,0,8,0,0,0,0,-8.42,0.05,0.00368,50000
2815,401,0,0,0,11,2,1,0,0,-8.47,0.05,0.00363,50000
2816,401,0,0,0,5,0,0,0,0,-8.27,0.05,0.00356,50000
2817,401,0,0,0,12,0,0,0,0,-8.62,0.05,0.00344,50000
2818,401,0,0,0,7,0,0,0,0,-8.37,0.05,0.0034,50000
2819,401,0,0,0,7,1,1,2,0,-9.37,0.05,0.00334,50000
2820,401,0,0,0,14,3,1,4,0,-12.72,0.05,0.00338,50000
2821,401,0,0,0,8,0,0,1,0,-9.62,0.05,0.00338,50000
2822,401,0,0,0,9,0,0,1,0,-9.27,0.05,0.0033,50000
2823,236,0,0,0,8,1,1,0,0,-18.22,0.05,0.00353,50000
2824,401,0,0,0,1,3,1,0,0,-7.67,0.05,0.0035,50000
2825,401,0,0,0,7,2,1,0,0,-7.87,0.05,0.00301,50000
2826,245,1,1,0,9,7,3,0,0,-15.85,0.05,0.00306,50000
2827,401,0,0,0,10,0,0,0,0,-8.52,0.05,0.00301,50000
2828,401,0,0,0,10,1,1,2,0,-10.32,0.05,0.00301,50000
2829,401,0,0,0,330,0,0,0,0,-24.52,0.05,0.00295,50000
2830,401,0,0,0,4,0,0,0,0,-8.22,0.05,0.0029,50000
2831,271,0,0,0,4,1,1,0,0,-17.32,0.05,0.00294,50000
2832,401,0,0,0,11,2,1,0,0,-8.47,0.05,0.00297,50000
2833,146,0,0,0,5,1,1,0,0,-14.77,0.05,0.00298,50000
2834,401,0,0,0,3,0,0,0,0,-8.17,0.05,0.00284,50000
2835,401,0,0,0,5,0,0,0,0,-8.27,0.05,0.00304,50000
2836,401,0,0,0,5,6,2,0,0,-7.27,0.05,0.00321,50000
2837,401,0,0,0,8,0,0,1,0,-9.32,0.05,0.00307,50000
2838,401,0,0,0,7,1,1,0,0,-8.17,0.05,0.00297,50000
2839,401,0,0,0,6,0,0,0,0,-8.32,0.05,0.00339,50000
2840,401,0,0,0,9,4,2,0,0,-9.07,0.05,0.00369,50000
2841,401,0,0,0,12,0,0,2,0,-10.22,0.05,0.00369,50000
2842,401,0,0,0,4,0,0,0,0,-8.22,0.05,0.0035,50000
2843,78,0,0,0,1,1,1,0,0,-13.51,0.05,0.00339,50000
2844,401,0,0,0,10,6,2,0,0,-7.32,0.05,0.00362,50000
2845,401,0,0,0,14,0,0,0,0,-8.72,0.05,0.0035,50000
2846,401,0,0,0,10,2,1,0,0,-8.02,0.05,0.00354,50000
2847,401,0,0,0,6,5,2,0,0,-7.42,0.05,0.00385,50000
2848,401,0,0,0,6,4,1,0,0,-7.57,0.05,0.00389,50000
2849,401,0,0,0,17,0,0,0,0,-8.87,0.05,0.00393,50000
2850,250,0,0,0,10,3,0,0,1,-21.4,0.05,0.00386,50000
2851,401,0,0,0,9,0,0,0,0,-8.47,0.05,0.00392,50000
2852,401,0,0,0,9,2,1,0,0,-7.97,0.05,0.00405,50000
2853,401,0,0,0,3,1,1,0,0,-7.97,0.05,0.00413,50000
2854,401,1,1,0,10,1,1,0,0,-7.12,0.05,0.00433,50000
2855,241,0,0,0,5,2,0,0,1,-21.27,0.05,0.0043,50000
2856,401,0,0,0,7,0,0,0,0,-8.37,0.05,0.00416,50000
2857,401,0,0,0,6,0,0,0,0,-8.32,0.05,0.00446,50000
2858,134,0,0,0,6,3,0,0,1,-18.88,0.05,0.00421,50000
2859,247,0,0,0,2,1,1,0,0,-18.14,0.05,0.00422,50000
2860,401,0,0,0,5,2,2,0,0,-8.67,0.05,0.00469,50000
2861,401,1,1,0,9,8,4,0,0,-6.07,0.05,0.00471,50000
2862,401,0,0,0,8,0,0,0,0,-8.42,0.05,0.00453,50000
2863,401,1,1,0,10,2,1,0,0,-6.82,0.05,0.00444,50000
2864,401,0,0,0,10,0,0,0,0,-8.52,0.05,0.00482,50000
2865,401,1,1,0,8,5,2,0,0,-6.72,0.05,0.00491,50000
2866,401,1,1,0,17,2,1,0,0,-7.97,0.05,0.00446,50000
2867,168,0,0,0,7,5,3,0,0,-17.41,0.05,0.00442,50000
2868,401,0,0,0,12,0,0,0,1,-12.62,0.05,0.0043,50000
2869,401,0,0,0,7,1,1,0,0,-8.57,0.05,0.00429,50000
2870,401,0,0,0,11,0,0,0,0,-8.57,0.05,0.0042,50000
2871,401,0,0,0,7,1,1,0,0,-8.57,0.05,0.00444,50000
2872,401,0,0,0,7,1,1,0,0,-8.17,0.05,0.00452,50000
2873,401,1,1,0,15,3,1,0,0,-7.17,0.05,0.00462,50000
2874,401,0,0,0,2,1,1,0,0,-7.92,0.05,0.00457,50000
2875,401,1,1,0,8,5,2,0,0,-6.32,0.05,0.00481,50000
2876,401,1,1,0,10,1,1,0,0,-7.12,0.05,0.00464,50000
2877,401,0,0,0,10,0,0,0,0,-8.52,0.05,0.00494,50000
2878,401,0,0,0,6,2,1,0,0,-8.62,0.05,0.00493,50000
2879,401,0,0,0,8,0,0,0,0,-8.42,0.05,0.00531,50000
2880,401,0,0,0,12,7,2,0,0,-7.82,0.05,0.00538,50000
2881,275,0,0,0,2,2,0,0,1,-21.6,0.05,0.00538,50000
2882,50,0,0,0,4,3,2,0,0,-14.4,0.05,0.00545,50000
2883,401,0,0,0,4,0,0,0,0,-8.22,0.05,0.00576,50000
2884,401,0,0,0,2,0,0,0,0,-8.12,0.05,0.0056,50000
2885,367,0,0,0,12,4,2,0,0,-19.84,0.05,0.00563,50000
2886,401,0,0,0,8,0,0,0,0,-8.42,0.05,0.00544,50000
2887,401,0,0,0,11,2,1,0,0,-8.07,0.05,0.00547,50000
2888,401,0,0,0,14,0,0,0,0,-8.72,0.05,0.00555,50000
2889,401,0,0,0,7,0,0,0,0,-8.37,0.05,0.00579,50000
2890,401,0,0,0,7,1,1,0,0,-8.17,0.05,0.00555,50000
2891,401,0,0,0,8,0,0,2,0,-11.22,0.05,0.00536,50000
2892,401,0,0,0,10,0,0,0,0,-8.52,0.05,0.0054,50000
2893,401,0,0,0,9,2,1,0,0,-7.97,0.05,0.00534,50000
2894,299,0,0,0,12,2,0,0,1,-22.78,0.05,0.00518,50000
2895,401,0,0,0,9,1,1,0,0,-8.27,0.05,0.00515,50000
2896,401,0,0,0,3,2,1,0,0,-7.67,0.05,0.00504,50000
2897,401,1,1,0,6,1,1,0,0,-7.72,0.05,0.00494,50000
2898,401,1,1,0,15,2,1,0,0,-7.07,0.05,0.00494,50000
2899,401,0,0,0,6,0,0,0,0,-8.32,0.05,0.00506,50000
2900,401,0,0,0,7,2,1,0,0,-7.97,0.05,0.00472,50000
2901,401,0,0,0,9,2,1,0,0,-7.97,0.05,0.00424,50000
2902,401,0,0,0,6,4,2,0,0,-7.72,0.05,0.00419,50000
2903,401,0,0,0,7,0,0,0,0,-8.37,0.05,0.00398,50000
2904,401,0,0,0,10,3,1,0,0,-7.72,0.05,0.00397,50000
2905,401,0,0,0,8,0,0,0,0,-8.42,0.05,0.0043,50000
2906,401,0,0,0,19,8,1,1,0,-7.72,0.05,0.00415,50000
2907,401,0,0,0,10,0,0,0,0,-8.52,0.05,0.0044,50000
2908,401,0,0,0,9,4,2,0,0,-8.27,0.05,0.00436,50000
2909,401,0,0,0,8,0,0,0,0,-8.42,0.05,0.00421,50000
2910,401,0,0,0,4,0,0,0,0,-8.22,0.05,0.00451,50000
2911,401,0,0,0,9,1,1,0,0,-8.67,0.05,0.00465,50000
2912,401,0,0,0,8,0,0,0,0,-8.42,0.05,0.00476,50000
2913,401,0,0,0,18,3,2,1,0,-9.02,0.05,0.00472,50000
2914,401,0,0,0,6,0,0,0,0,-8.32,0.05,0.00462,50000
2915,401,0,0,0,9,0,0,0,0,-8.47,0.05,0.00481,50000
2916,401,0,0,0,5,0,0,0,0,-8.27,0.05,0.00489,50000
2917,401,0,0,0,5,0,0,0,0,-8.27,0.05,0.00495,50000
2918,364,0,0,0,8,1,0,0,1,-24.18,0.05,0.00512,50000
2919,401,0,0,0,7,0,0,0,0,-8.37,0.05,0.00498,50000
2920,401,0,0,0,11,1,1,0,0,-8.37,0.05,0.00501,50000
2921,401,1,1,0,8,2,1,0,0,-7.52,0.05,0.00529,50000
2922,401,0,0,0,10,0,0,0,0,-8.52,0.05,0.00522,50000
2923,401,0,0,0,7,1,1,0,0,-8.57,0.05,0.00519,50000
2924,401,0,0,0,8,0,0,0,0,-8.42,0.05,0.00515,50000
2925,401,0,0,0,10,0,0,0,0,-8.52,0.05,0.00498,50000
2926,401,0,0,0,6,0,0,0,0,-8.32,0.05,0.00486,50000
2927,401,0,0,0,13,1,2,0,0,-9.07,0.05,0.00469,50000
2928,401,0,0,0,7,0,0,0,0,-8.37,0.05,0.00445,50000
2929,401,0,0,0,7,0,0,0,0,-8.37,0.05,0.00456,50000
2930,401,0,0,0,14,2,1,1,0,-9.42,0.05,0.0043,50000
2931,401,0,0,0,12,2,1,0,0,-8.12,0.05,0.00423,50000
2932,139,0,0,0,7,2,0,0,1,-19.33,0.05,0.00423,50000
2933,401,0,0,0,8,2,1,0,0,-7.92,0.05,0.00418,50000
2934,401,0,0,0,10,2,1,0,0,-8.02,0.05,0.00457,50000
2935,401,0,0,0,6,0,0,0,0,-8.32,0.05,0.00458,50000
2936,316,0,0,0,7,1,1,0,0,-19.77,0.05,0.00434,50000
2937,401,0,0,0,8,0,0,0,0,-8.42,0.05,0.0042,50000
2938,401,0,0,0,3,0,0,0,0,-8.17,0.05,0.0041,50000
2939,401,0,0,0,2,0,0,0,0,-8.12,0.05,0.00407,50000
2940,401,0,0,0,7,0,0,0,0,-8.37,0.05,0.00415,50000
2941,401,0,0,0,6,2,1,0,0,-8.62,0.05,0.00406,50000
2942,401,0,0,0,13,0,0,0,0,-8.67,0.05,0.0037,50000
2943,401,0,0,0,8,0,0,0,0,-8.42,0.05,0.00366,50000
2944,401,0,0,0,6,0,0,0,0,-8.32,0.05,0.00363,50000
2945,401,0,0,0,11,1,1,0,0,-8.77,0.05,0.0035,50000
2946,401,0,0,0,8,0,0,0,0,-8.42,0.05,0.00337,50000
2947,168,0,0,0,6,3,0,0,1,-19.56,0.05,0.00334,50000
2948,401,0,0,0,8,3,2,0,0,-8.97,0.05,0.0033,50000
2949,401,0,0,0,3,0,0,0,0,-8.17,0.05,0.00354,50000
2950,401,0,0,0,3,0,0,0,0,-8.17,0.05,0.0034,50000
2951,401,0,0,0,7,6,2,0,0,-6.87,0.05,0.00357,50000
2952,401,0,0,0,8,0,0,0,0,-8.42,0.05,0.00341,50000
2953,401,0,0,0,9,1,1,0,0,-8.27,0.05,0.00363,50000
2954,190,0,0,0,8,2,1,0,0,-16.8,0.05,0.00353,50000
2955,401,0,0,0,11,3,1,0,0,-7.77,0.05,0.00321,50000
2956,401,0,0,0,14,0,0,0,0,-8.72,0.05,0.00317,50000
2957,401,1,1,0,4,1,1,0,0,-6.82,0.05,0.00322,50000
2958,401,0,0,0,16,5,1,0,0,-7.82,0.05,0.0034,50000
2959,401,0,0,0,5,0,0,0,0,-8.27,0.05,0.00326,50000
2960,401,0,0,0,10,2,1,0,0,-8.12,0.05,0.00319,50000
2961,401,0,0,0,11,0,0,0,0,-8.57,0.05,0.00313,50000
2962,401,0,0,0,6,6,2,0,0,-7.07,0.05,0.00321,50000
2963,401,0,0,0,7,0,0,0,0,-8.37,0.05,0.00327,50000
2964,401,0,0,0,6,0,0,0,0,-8.32,0.05,0.00336,50000
2965,401,0,0,0,9,0,0,0,0,-8.47,0.05,0.00337,50000
2966,401,0,0,0,12,1,1,2,0,-10.02,0.05,0.00359,50000
2967,401,0,0,0,2,0,0,0,0,-8.12,0.05,0.0036,50000
2968,401,0,0,0,11,4,2,0,0,-8.37,0.05,0.00368,50000
2969,401,0,0,0,6,0,0,0,0,-8.32,0.05,0.00364,50000
2970,401,0,0,0,14,0,0,0,0,-8.72,0.05,0.00349,50000
2971,401,0,0,0,4,0,0,0,0,-8.22,0.05,0.00342,50000
2972,401,0,0,0,6,0,0,0,0,-8.32,0.05,0.00327,50000
2973,401,0,0,0,8,0,0,0,0,-8.42,0.05,0.0032,50000
2974,401,0,0,0,8,0,0,0,0,-8.42,0.05,0.00318,50000
2975,401,0,0,0,4,0,0,0,0,-8.22,0.05,0.0035,50000
2976,76,0,0,0,5,3,0,0,1,-17.47,0.05,0.00355,50000
2977,401,0,0,0,9,0,0,0,0,-8.47,0.05,0.00345,50000
2978,401,0,0,0,9,0,0,0,0,-8.47,0.05,0.00333,50000
2979,401,0,0,0,6,0,0,0,0,-8.32,0.05,0.00336,50000
2980,401,0,0,0,10,1,1,0,0,-8.72,0.05,0.00347,50000
2981,401,0,0,0,5,0,0,0,0,-8.27,0.05,0.00348,50000
2982,401,0,0,0,8,0,0,0,0,-8.42,0.05,0.00341,50000
2983,401,0,0,0,9,4,2,0,0,-8.27,0.05,0.00334,50000
2984,401,0,0,0,10,0,0,0,0,-8.52,0.05,0.00329,50000
2985,401,0,0,0,8,0,0,0,0,-8.42,0.05,0.00312,50000
2986,401,0,0,0,10,2,1,0,0,-8.02,0.05,0.00312,50000
2987,246,0,0,0,6,2,1,0,0,-17.82,0.05,0.003,50000
2988,125,0,0,0,4,3,1,0,0,-15.2,0.05,0.00287,50000
2989,401,0,0,0,10,3,1,0,0,-7.72,0.05,0.00297,50000
2990,401,0,0,0,12,2,1,0,0,-8.12,0.05,0.00289,50000
2991,401,0,0,0,8,0,0,1,0,-9.22,0.05,0.00296,50000
2992,401,0,0,0,4,1,2,0,0,-9.42,0.05,0.00295,50000
2993,401,0,0,0,12,0,0,0,0,-8.62,0.05,0.00289,50000
2994,51,0,0,0,5,6,2,0,0,-11.87,0.05,0.00289,50000
2995,401,0,0,0,8,0,0,0,0,-8.42,0.05,0.0033,50000
2996,401,0,0,0,8,0,0,0,0,-8.42,0.05,0.00335,50000
2997,401,0,0,0,6,0,0,0,0,-8.32,0.05,0.00302,50000
2998,401,0,0,0,4,0,0,0,0,-8.22,0.05,0.00285,50000
2999,401,0,0,0,5,0,0,0,0,-8.27,0.05,0.0029,50000
3000,401,0,0,0,10,0,0,0,0,-8.52,0.05,0.003,50000
