round,steps,score,coins,invalid_actions,waited,crates,good_bombs,useless_bombs,suicidal_bombs,reward_sum,epsilon,mean_loss,buffer
1,9,0,0,0,0,4,1,0,0,-6.78,0.9994,0.0,9
2,54,0,0,0,19,1,1,0,0,-11.73,0.9987,0.0,63
3,86,0,0,0,35,1,1,0,0,-13.17,0.9981,0.0,149
4,9,0,0,0,2,1,1,0,0,-8.23,0.9975,0.0,158
5,44,0,0,0,15,7,2,0,0,-6.98,0.9968,0.0,202
6,214,1,1,0,75,5,3,0,0,-10.08,0.9962,0.0,416
7,28,0,0,0,9,1,1,0,0,-9.61,0.9956,0.0,444
8,33,0,0,0,14,4,1,0,0,-9.56,0.9949,0.0,477
9,43,0,0,0,12,3,1,0,0,-8.21,0.9943,0.0,520
10,24,0,0,0,6,2,1,0,0,-8.88,0.9937,0.0,544
11,18,0,0,0,10,2,1,0,0,-9.51,0.993,0.0,562
12,28,0,0,0,12,2,1,0,0,-10.36,0.9924,0.0,590
13,30,0,0,0,9,5,2,0,0,-6.55,0.9918,0.0,620
14,14,0,0,0,5,1,1,0,0,-9.13,0.9911,0.0,634
15,39,0,0,0,11,0,0,1,0,-12.83,0.9905,0.0,673
16,18,0,0,0,6,1,1,0,0,-9.26,0.9899,0.0,691
17,38,0,0,0,13,4,1,0,0,-8.56,0.9892,0.0,729
18,13,0,0,0,6,0,0,1,0,-11.41,0.9886,0.0,742
19,14,0,0,0,7,0,0,1,0,-10.28,0.988,0.0,756
20,27,0,0,0,9,1,1,0,0,-10.69,0.9873,0.0,783
21,143,0,0,0,42,1,1,0,0,-14.66,0.9867,0.0,926
22,75,0,0,0,22,2,1,0,0,-10.35,0.9861,0.0,1001
23,74,0,0,0,16,2,2,1,0,-9.73,0.9854,0.0,1075
24,15,0,0,0,4,1,1,0,0,-9.65,0.9848,0.0,1090
25,83,0,0,0,23,2,1,0,0,-10.91,0.9842,0.0,1173
26,18,0,0,0,10,3,0,0,1,-12.56,0.9835,0.0,1191
27,46,0,0,0,15,4,2,0,0,-8.47,0.9829,0.0,1237
28,15,0,0,0,2,2,1,0,0,-7.35,0.9823,0.0,1252
29,13,0,0,0,2,3,1,0,0,-6.96,0.9816,0.0,1265
30,29,0,0,0,11,3,1,0,0,-9.28,0.981,0.0,1294
31,7,0,0,0,2,1,1,0,0,-9.39,0.9804,0.0,1301
32,16,0,0,0,5,1,1,0,0,-10.27,0.9797,0.0,1317
33,16,0,0,0,5,2,1,0,0,-7.82,0.9791,0.0,1333
34,5,0,0,0,3,1,1,0,0,-9.95,0.9785,0.0,1338
35,47,0,0,0,13,2,2,0,0,-8.44,0.9778,0.0,1385
36,25,0,0,0,15,1,1,0,0,-10.45,0.9772,0.0,1410
37,6,0,0,0,3,0,0,1,0,-10.57,0.9766,0.0,1416
38,16,0,0,0,7,1,1,0,0,-10.37,0.9759,0.0,1432
39,35,0,0,0,16,1,1,0,0,-10.65,0.9753,0.0,1467
40,22,0,0,0,10,3,1,0,0,-9.59,0.9747,0.0,1489
41,21,0,0,0,6,5,1,0,0,-7.32,0.974,0.0,1510
42,21,0,0,0,8,2,1,0,0,-8.47,0.9734,0.0,1531
43,11,0,0,0,4,0,0,1,0,-11.32,0.9728,0.0,1542
44,5,0,0,0,3,0,0,1,0,-11.65,0.9721,0.0,1547
45,49,0,0,0,14,3,1,0,0,-8.38,0.9715,0.0,1596
46,8,0,0,0,4,1,1,0,0,-10.06,0.9709,0.0,1604
47,22,0,0,0,8,0,0,1,0,-11.19,0.9702,0.0,1626
48,5,0,0,0,2,2,0,0,1,-12.9,0.9696,0.0,1631
49,21,0,0,0,8,3,2,0,0,-7.22,0.969,0.0,1652
50,11,0,0,0,4,3,1,0,0,-7.52,0.9683,0.0,1663
51,39,0,0,0,17,1,1,0,0,-10.78,0.9677,0.0,1702
52,18,0,0,0,5,2,1,0,0,-8.21,0.9671,0.0,1720
53,16,0,0,0,5,1,1,0,0,-9.02,0.9664,0.0,1736
54,25,0,0,0,15,2,1,0,0,-9.9,0.9658,0.0,1761
55,21,0,0,0,7,2,1,1,0,-8.97,0.9652,0.0,1782
56,5,0,0,0,3,2,0,0,1,-13.45,0.9645,0.0,1787
57,43,0,0,0,19,1,1,0,0,-11.51,0.9639,0.0,1830
58,42,0,0,0,14,3,1,0,0,-10.24,0.9633,0.0,1872
59,51,1,1,0,15,5,2,0,0,-5.22,0.9626,0.0,1923
60,99,0,0,0,27,0,0,2,0,-13.23,0.962,0.35789,2022
61,15,0,0,0,2,0,0,1,0,-10.45,0.9614,0.31801,2037
62,23,0,0,0,5,1,1,1,0,-9.26,0.9607,0.26028,2060
63,20,0,0,0,4,0,0,1,0,-10.75,0.9601,0.23195,2080
64,6,0,0,0,0,0,0,1,0,-10.27,0.9595,0.23195,2086
65,18,0,0,0,8,3,1,0,0,-7.86,0.9588,0.24919,2104
66,8,0,0,0,1,3,1,0,0,-6.81,0.9582,0.2465,2112
67,6,0,0,0,3,1,1,0,0,-9.42,0.9576,0.2465,2118
68,6,0,0,0,3,1,1,0,0,-9.42,0.9569,0.2465,2124
69,60,0,0,0,24,4,1,0,0,-10.6,0.9563,0.26495,2184
70,55,0,0,0,17,5,2,0,0,-6.65,0.9557,0.28274,2239
71,5,0,0,0,3,1,1,0,0,-8.9,0.955,0.2878,2244
72,9,0,0,0,5,2,1,0,0,-9.63,0.9544,0.2878,2253
73,33,0,0,0,3,1,1,1,0,-10.01,0.9538,0.27812,2286
74,8,0,0,0,6,1,1,0,0,-10.16,0.9531,0.2679,2294
75,8,0,0,0,3,3,1,0,0,-7.91,0.9525,0.2679,2302
76,9,0,0,0,4,1,1,0,0,-8.58,0.9519,0.27311,2311
77,26,0,0,0,6,1,1,1,0,-8.27,0.9512,0.27735,2337
78,16,0,0,0,8,3,0,0,1,-13.42,0.9506,0.28124,2353
79,18,0,0,0,8,3,0,0,1,-13.46,0.95,0.28584,2371
80,6,0,0,0,1,1,1,0,0,-8.27,0.9493,0.28584,2377
81,12,0,0,0,3,3,1,0,0,-7.99,0.9487,0.29294,2389
82,24,0,0,0,8,4,1,0,0,-9.08,0.9481,0.29077,2413
83,7,0,0,0,3,2,1,0,0,-9.49,0.9474,0.29556,2420
84,14,0,0,0,4,1,1,0,0,-9.63,0.9468,0.29102,2434
85,35,0,0,0,12,2,1,1,0,-10.5,0.9462,0.29175,2469
86,11,0,0,0,5,2,0,0,1,-13.17,0.9455,0.29364,2480
87,5,0,0,0,3,0,0,1,0,-11.15,0.9449,0.29364,2485
88,8,0,0,0,1,0,0,1,0,-10.11,0.9443,0.29364,2493
89,7,0,0,0,3,0,0,1,0,-11.14,0.9436,0.28954,2500
90,5,0,0,0,2,1,1,0,0,-9.35,0.943,0.28954,2505
91,23,0,0,0,6,2,1,0,0,-8.91,0.9424,0.29172,2528
92,7,0,0,0,2,2,1,0,0,-9.44,0.9417,0.29172,2535
93,34,0,0,0,16,3,2,0,0,-8.78,0.9411,0.2996,2569
94,6,0,0,0,4,2,0,0,1,-13.52,0.9405,0.2996,2575
95,31,0,0,0,15,4,0,0,1,-13.57,0.9398,0.29946,2606
96,16,0,0,0,6,2,0,0,1,-13.32,0.9392,0.29757,2622
97,11,0,0,0,5,2,1,0,0,-9.67,0.9386,0.29919,2633
98,25,0,0,0,5,1,1,0,0,-9.4,0.9379,0.29892,2658
99,35,0,0,0,10,0,0,1,0,-11.6,0.9373,0.30006,2693
100,11,0,0,0,6,1,1,0,0,-10.22,0.9367,0.29917,2704
101,6,0,0,0,4,0,0,1,0,-11.22,0.936,0.29917,2710
102,86,0,0,0,24,4,3,1,0,-5.77,0.9354,0.29651,2796
103,23,0,0,0,7,1,1,0,0,-9.26,0.9348,0.30374,2819
104,32,0,0,0,12,0,0,1,0,-12.19,0.9341,0.30386,2851
105,15,0,0,0,4,0,0,1,0,-11.45,0.9335,0.30147,2866
106,21,0,0,0,8,1,1,0,0,-9.07,0.9329,0.30267,2887
107,17,0,0,0,4,2,1,0,0,-7.59,0.9322,0.3033,2904
108,38,0,0,0,10,3,2,1,0,-7.91,0.9316,0.31434,2942
109,8,0,0,0,1,0,0,1,0,-10.41,0.931,0.3156,2950
110,11,0,0,0,6,1,0,0,1,-13.72,0.9303,0.31786,2961
111,37,0,0,0,14,4,2,0,0,-8.39,0.9297,0.31937,2998
112,5,0,0,0,3,1,1,0,0,-9.95,0.9291,0.31937,3003
113,19,0,0,0,6,0,0,1,0,-11.63,0.9284,0.31807,3022
114,15,0,0,0,2,0,0,1,0,-11.35,0.9278,0.31632,3037
115,25,0,0,0,7,4,2,0,0,-6.05,0.9272,0.31476,3062
116,24,0,0,0,9,1,1,0,0,-10.08,0.9265,0.31459,3086
117,13,0,0,0,4,2,1,0,0,-9.66,0.9259,0.31697,3099
118,14,0,0,0,8,1,1,0,0,-9.83,0.9253,0.31579,3113
119,9,0,0,0,4,3,1,0,0,-7.98,0.9246,0.31608,3122
120,6,0,0,0,3,1,1,0,0,-9.42,0.924,0.31608,3128
121,11,0,0,0,4,1,1,0,0,-10.12,0.9234,0.31601,3139
122,10,0,0,0,3,2,1,0,0,-7.6,0.9227,0.31601,3149
123,30,0,0,0,8,2,1,0,0,-8.6,0.9221,0.31473,3179
124,7,0,0,0,2,0,0,1,0,-9.89,0.9215,0.31768,3186
125,6,0,0,0,1,2,1,0,0,-8.12,0.9208,0.31768,3192
126,20,0,0,0,13,2,1,0,0,-9.7,0.9202,0.31474,3212
127,29,0,0,0,16,2,1,0,0,-10.03,0.9196,0.316,3241
128,9,0,0,0,3,2,1,0,0,-9.53,0.9189,0.31435,3250
129,5,0,0,0,3,4,0,0,1,-12.45,0.9183,0.31435,3255
130,8,0,0,0,3,2,1,0,0,-8.96,0.9177,0.31435,3263
131,13,0,0,0,5,3,0,0,1,-13.21,0.917,0.31295,3276
132,11,0,0,0,5,2,1,0,0,-8.62,0.9164,0.31409,3287
133,8,0,0,0,1,4,1,0,0,-7.31,0.9158,0.31409,3295
134,50,0,0,0,26,2,0,0,1,-15.5,0.9151,0.32057,3345
135,6,0,0,0,3,2,1,0,0,-9.47,0.9145,0.32057,3351
136,17,0,0,0,7,2,1,0,0,-8.79,0.9139,0.32023,3368
137,7,0,0,0,0,1,1,0,0,-7.79,0.9132,0.32023,3375
138,7,0,0,0,3,3,0,0,1,-12.99,0.9126,0.32109,3382
139,12,0,0,0,8,3,1,0,0,-8.84,0.912,0.32131,3394
140,12,0,0,0,2,0,0,1,0,-10.64,0.9113,0.32131,3406
141,45,0,0,0,15,0,0,2,0,-12.65,0.9107,0.32864,3451
142,15,0,0,0,6,1,1,0,0,-8.85,0.9101,0.33132,3466
143,11,0,0,0,4,1,1,0,0,-9.02,0.9094,0.32973,3477
144,8,0,0,0,4,3,0,0,1,-12.06,0.9088,0.32973,3485
145,12,0,0,0,4,2,1,0,0,-8.54,0.9082,0.32983,3497
146,5,0,0,0,2,2,0,0,1,-13.4,0.9075,0.32983,3502
147,5,0,0,0,3,2,1,0,0,-9.45,0.9069,0.33141,3507
148,12,0,0,0,3,1,1,0,0,-9.54,0.9063,0.33141,3519
149,12,0,0,0,4,3,1,0,0,-7.54,0.9056,0.33318,3531
150,9,0,0,0,4,2,1,0,0,-8.48,0.905,0.33308,3540
151,7,0,0,0,3,1,1,0,0,-9.99,0.9044,0.33308,3547
152,10,0,0,0,3,1,1,0,0,-8.8,0.9037,0.33352,3557
153,14,0,0,0,4,3,0,0,1,-13.18,0.9031,0.3348,3571
154,12,0,0,0,4,1,1,0,0,-9.04,0.9025,0.3348,3583
155,6,0,0,0,0,1,1,0,0,-8.22,0.9018,0.33497,3589
156,15,0,0,0,5,0,0,1,0,-11.4,0.9012,0.33542,3604
157,5,0,0,0,3,1,1,0,0,-9.95,0.9006,0.33542,3609
158,17,0,0,0,9,2,1,1,0,-9.49,0.8999,0.33686,3626
159,18,0,0,0,4,3,2,0,0,-6.86,0.8993,0.33605,3644
160,7,0,0,0,5,1,0,0,1,-14.09,0.8987,0.33569,3651
161,5,0,0,0,1,1,1,0,0,-9.85,0.898,0.33569,3656
162,5,0,0,0,3,1,1,0,0,-9.95,0.8974,0.33569,3661
163,14,0,0,0,7,1,1,0,0,-8.48,0.8968,0.33691,3675
164,14,0,0,0,9,2,1,0,0,-9.38,0.8961,0.33625,3689
165,19,0,0,0,9,3,0,0,1,-13.53,0.8955,0.33883,3708
166,20,0,0,0,7,1,1,1,0,-9.8,0.8949,0.34154,3728
167,11,0,0,0,4,1,1,0,0,-9.57,0.8942,0.34154,3739
168,8,0,0,0,1,1,1,0,0,-9.26,0.8936,0.34148,3747
169,7,0,0,0,3,2,1,0,0,-9.49,0.893,0.34148,3754
170,14,0,0,0,3,3,1,0,0,-9.03,0.8923,0.34174,3768
171,8,0,0,0,5,1,1,0,0,-9.56,0.8917,0.34199,3776
172,5,0,0,0,0,0,0,1,0,-10.45,0.8911,0.34199,3781
173,5,0,0,0,3,0,0,1,0,-11.15,0.8904,0.34199,3786
174,18,0,0,0,7,3,1,1,0,-9.41,0.8898,0.34346,3804
175,24,0,0,0,6,4,2,0,0,-6.28,0.8892,0.34657,3828
176,9,0,0,0,1,3,0,0,1,-12.43,0.8885,0.34657,3837
177,12,0,0,0,3,2,1,0,0,-7.84,0.8879,0.34688,3849
178,14,0,0,0,7,2,1,0,0,-9.28,0.8873,0.34637,3863
179,14,0,0,0,6,1,1,0,0,-10.28,0.8866,0.3471,3877
180,7,0,0,0,1,2,0,0,1,-13.39,0.886,0.3471,3884
181,5,0,0,0,3,3,0,0,1,-12.95,0.8854,0.34843,3889
182,22,0,0,0,8,4,2,0,0,-7.14,0.8847,0.35054,3911
183,6,0,0,0,1,1,1,0,0,-8.62,0.8841,0.35054,3917
184,12,0,0,0,3,1,1,0,0,-8.99,0.8835,0.35055,3929
185,9,0,0,0,4,1,1,0,0,-9.53,0.8828,0.35178,3938
186,15,0,0,0,3,1,1,1,0,-7.95,0.8822,0.35225,3953
187,57,0,0,0,22,2,2,1,0,-10.64,0.8816,0.35234,4010
188,16,0,0,0,7,1,1,0,0,-8.92,0.8809,0.3526,4026
189,9,0,0,0,2,0,0,1,0,-10.33,0.8803,0.35334,4035
190,23,0,0,0,10,2,2,0,0,-8.26,0.8797,0.35278,4058
191,8,0,0,0,3,2,1,0,0,-8.46,0.879,0.35332,4066
192,30,0,0,0,8,1,1,0,0,-10.1,0.8784,0.35199,4096
193,9,0,0,0,4,1,1,0,0,-8.83,0.8778,0.35199,4105
194,16,0,0,0,3,1,1,0,0,-10.12,0.8771,0.35158,4121
195,5,0,0,0,3,0,0,1,0,-11.15,0.8765,0.35158,4126
196,22,0,0,0,3,0,0,1,0,-11.54,0.8759,0.3508,4148
197,23,0,0,0,5,3,2,0,0,-6.41,0.8752,0.35062,4171
198,32,0,0,0,7,7,3,0,0,-4.34,0.8746,0.34929,4203
199,8,0,0,0,5,2,1,0,0,-9.06,0.874,0.34806,4211
200,9,0,0,0,2,2,1,0,0,-8.93,0.8733,0.34806,4220
201,15,0,0,0,7,1,1,0,0,-10.35,0.8727,0.34884,4235
202,9,0,0,0,2,1,1,0,0,-8.43,0.8721,0.35065,4244
203,5,0,0,0,3,2,0,0,1,-13.45,0.8714,0.35065,4249
204,11,0,0,0,2,1,1,0,0,-8.27,0.8708,0.35112,4260
205,5,0,0,0,2,0,0,1,0,-11.05,0.8702,0.35112,4265
206,22,0,0,0,7,1,1,0,0,-10.49,0.8695,0.3534,4287
207,12,0,0,0,6,1,1,0,0,-10.24,0.8689,0.35433,4299
208,12,0,0,0,1,1,0,0,1,-13.99,0.8683,0.35357,4311
209,7,0,0,0,2,1,1,0,0,-8.09,0.8676,0.35357,4318
210,28,0,0,0,11,2,1,0,0,-9.76,0.867,0.35275,4346
211,5,0,0,0,3,3,0,0,1,-12.45,0.8664,0.35275,4351
212,6,0,0,0,3,1,1,0,0,-8.92,0.8657,0.35248,4357
213,14,0,0,0,4,4,2,0,0,-6.38,0.8651,0.35297,4371
214,12,0,0,0,2,0,0,1,0,-11.29,0.8645,0.35297,4383
215,15,0,0,0,4,2,1,0,0,-8.15,0.8638,0.35248,4398
216,7,0,0,0,5,2,1,0,0,-9.09,0.8632,0.35289,4405
217,6,0,0,0,4,1,1,0,0,-10.02,0.8626,0.35289,4411
218,26,0,0,0,9,1,1,0,0,-10.12,0.8619,0.353,4437
219,12,0,0,0,1,2,1,0,0,-7.64,0.8613,0.3534,4449
220,5,0,0,0,1,2,1,0,0,-7.75,0.8607,0.3534,4454
221,6,0,0,0,0,1,1,0,0,-7.17,0.86,0.3534,4460
222,14,0,0,0,6,3,1,0,0,-9.23,0.8594,0.35428,4474
223,27,0,0,0,10,1,1,0,0,-9.69,0.8588,0.3544,4501
224,19,0,0,0,7,2,1,0,0,-9.43,0.8581,0.35339,4520
225,10,0,0,0,3,1,1,0,0,-8.8,0.8575,0.35484,4530
226,7,0,0,0,4,0,0,1,0,-11.29,0.8569,0.35484,4537
227,37,0,0,0,12,4,2,0,0,-6.69,0.8562,0.35567,4574
228,5,0,0,0,0,0,0,1,0,-11.55,0.8556,0.3554,4579
229,11,0,0,0,4,2,1,0,0,-8.02,0.855,0.3554,4590
230,7,0,0,0,2,1,1,0,0,-8.34,0.8543,0.35486,4597
231,34,0,0,0,10,1,1,1,0,-9.43,0.8537,0.35421,4631
232,6,0,0,0,3,2,1,0,0,-9.47,0.8531,0.35421,4637
233,13,0,0,0,4,1,1,0,0,-9.61,0.8524,0.3546,4650
234,31,0,0,0,9,1,1,1,0,-9.57,0.8518,0.35613,4681
235,5,0,0,0,3,2,0,0,1,-13.45,0.8512,0.35613,4686
236,21,0,0,0,9,3,2,0,0,-8.22,0.8505,0.35636,4707
237,16,0,0,0,4,3,2,0,0,-7.27,0.8499,0.35728,4723
238,12,0,0,0,8,2,1,0,0,-9.84,0.8493,0.35728,4735
239,9,0,0,0,1,2,1,0,0,-7.83,0.8486,0.35774,4744
240,12,0,0,0,6,4,2,0,0,-5.39,0.848,0.35763,4756
241,9,0,0,0,3,3,0,0,1,-13.03,0.8474,0.35763,4765
242,19,0,0,0,4,1,1,1,0,-9.43,0.8467,0.35806,4784
243,6,0,0,0,4,2,1,0,0,-9.02,0.8461,0.35806,4790
244,5,0,0,0,3,3,0,0,1,-12.95,0.8455,0.35806,4795
245,22,0,0,0,4,1,1,1,0,-8.89,0.8448,0.35781,4817
246,9,0,0,0,5,3,0,0,1,-13.13,0.8442,0.35781,4826
247,9,0,0,0,3,2,1,0,0,-8.43,0.8436,0.35749,4835
248,7,0,0,0,5,2,1,0,0,-9.09,0.8429,0.35749,4842
249,9,0,0,0,5,1,1,0,0,-10.13,0.8423,0.35806,4851
250,20,0,0,0,9,4,2,0,0,-7.15,0.8417,0.35914,4871
251,12,0,0,0,4,3,1,0,0,-9.14,0.841,0.35864,4883
252,10,0,0,0,3,0,0,1,0,-10.0,0.8404,0.35864,4893
253,11,0,0,0,2,1,1,0,0,-8.07,0.8398,0.35922,4904
254,8,0,0,0,1,1,1,0,0,-8.01,0.8391,0.35812,4912
255,7,0,0,0,1,2,1,0,0,-7.74,0.8385,0.35812,4919
256,24,0,0,0,3,5,2,0,0,-5.08,0.8379,0.35821,4943
257,6,0,0,0,1,1,1,0,0,-9.87,0.8372,0.35889,4949
258,9,0,0,0,2,1,1,0,0,-8.53,0.8366,0.35889,4958
259,6,0,0,0,1,0,0,1,0,-9.82,0.836,0.35848,4964
260,23,0,0,0,8,2,2,0,0,-8.16,0.8353,0.35888,4987
261,8,0,0,0,2,2,1,0,0,-8.26,0.8347,0.35904,4995
262,9,0,0,0,4,2,1,0,0,-8.53,0.8341,0.35904,5004
263,50,0,0,0,15,6,3,1,0,-5.1,0.8334,0.36014,5054
264,28,0,0,0,11,5,2,0,0,-5.46,0.8328,0.36118,5082
265,18,0,0,0,6,3,2,0,0,-6.66,0.8322,0.36113,5100
266,6,0,0,0,4,3,0,0,1,-12.52,0.8315,0.3613,5106
267,6,0,0,0,4,2,1,0,0,-9.52,0.8309,0.3613,5112
268,29,0,0,0,10,4,2,0,0,-7.08,0.8303,0.36028,5141
269,21,0,0,0,10,4,2,0,0,-7.87,0.8296,0.36223,5162
270,5,0,0,0,2,1,1,0,0,-9.35,0.829,0.36223,5167
271,15,0,0,0,2,3,1,0,0,-7.1,0.8284,0.36235,5182
272,14,0,0,0,4,1,1,1,0,-8.38,0.8277,0.36251,5196
273,5,0,0,0,3,1,1,0,0,-9.95,0.8271,0.36247,5201
274,28,0,0,0,8,4,2,1,0,-6.71,0.8265,0.36251,5229
275,7,0,0,0,4,1,1,0,0,-9.49,0.8258,0.36211,5236
276,31,0,0,0,9,4,2,0,0,-7.12,0.8252,0.36068,5267
277,8,0,0,0,6,2,1,0,0,-9.66,0.8246,0.36068,5275
278,5,0,0,0,3,3,0,0,1,-12.45,0.8239,0.36098,5280
279,37,0,0,0,10,3,2,1,0,-6.64,0.8233,0.36225,5317
280,18,0,0,0,7,1,1,0,0,-8.56,0.8227,0.36199,5335
281,16,0,0,0,9,3,1,0,0,-9.47,0.822,0.3622,5351
282,7,0,0,0,4,1,1,0,0,-9.49,0.8214,0.3622,5358
283,15,0,0,0,4,4,2,0,0,-5.95,0.8208,0.36224,5373
284,6,0,0,0,2,0,0,1,0,-11.07,0.8201,0.36278,5379
285,23,0,0,0,3,1,1,1,0,-7.71,0.8195,0.36233,5402
286,17,0,0,0,4,4,1,1,0,-8.54,0.8189,0.3616,5419
287,16,0,0,0,5,3,1,0,0,-8.17,0.8182,0.36199,5435
288,7,0,0,0,5,1,1,0,0,-9.54,0.8176,0.36239,5442
289,5,0,0,0,3,2,1,0,0,-8.45,0.817,0.36239,5447
290,12,0,0,0,2,3,1,0,0,-7.44,0.8163,0.36252,5459
291,7,0,0,0,2,0,0,1,0,-11.19,0.8157,0.36252,5466
292,9,0,0,0,3,2,1,0,0,-9.48,0.8151,0.36292,5475
293,9,0,0,0,4,3,1,0,0,-8.03,0.8144,0.36292,5484
294,12,0,0,0,2,3,1,0,0,-7.94,0.8138,0.36344,5496
295,6,0,0,0,3,2,1,0,0,-8.97,0.8132,0.36344,5502
296,9,0,0,0,2,1,1,0,0,-8.13,0.8125,0.36292,5511
297,5,0,0,0,3,1,1,0,0,-9.95,0.8119,0.36292,5516
298,7,0,0,0,4,1,1,0,0,-10.04,0.8113,0.36256,5523
299,19,0,0,0,7,3,2,0,0,-7.08,0.8106,0.36204,5542
300,5,0,0,0,2,0,0,1,0,-11.6,0.81,0.36204,5547
301,9,0,0,0,4,2,1,0,0,-9.08,0.8094,0.3638,5556
302,10,0,0,0,5,4,1,0,0,-7.55,0.8087,0.3638,5566
303,26,0,0,0,7,5,2,0,0,-5.47,0.8081,0.36301,5592
304,7,0,0,0,5,2,1,0,0,-9.59,0.8075,0.36301,5599
305,5,0,0,0,0,0,0,1,0,-10.45,0.8068,0.36397,5604
306,5,0,0,0,3,3,0,0,1,-12.45,0.8062,0.36397,5609
307,21,0,0,0,6,1,1,0,0,-8.57,0.8056,0.36519,5630
308,17,0,0,0,4,1,1,0,0,-10.19,0.8049,0.36665,5647
309,18,0,0,0,6,5,2,0,0,-4.86,0.8043,0.3669,5665
310,13,0,0,0,5,3,2,0,0,-7.11,0.8037,0.3669,5678
311,36,0,0,0,10,4,2,0,0,-5.27,0.803,0.36728,5714
312,6,0,0,0,1,2,1,0,0,-8.12,0.8024,0.36728,5720
313,5,0,0,0,3,3,0,0,1,-12.45,0.8018,0.36728,5725
314,23,0,0,0,10,1,1,1,0,-10.71,0.8011,0.3685,5748
315,8,0,0,0,3,1,1,0,0,-8.16,0.8005,0.3685,5756
316,7,0,0,0,4,2,1,0,0,-8.49,0.7999,0.36872,5763
317,9,0,0,0,4,3,1,0,0,-8.03,0.7992,0.36872,5772
318,15,0,0,0,3,6,2,0,0,-3.8,0.7986,0.36825,5787
319,6,0,0,0,2,0,0,1,0,-11.07,0.798,0.36892,5793
320,15,0,0,0,2,1,1,1,0,-9.75,0.7973,0.36883,5808
321,5,0,0,0,3,2,1,0,0,-8.95,0.7967,0.36883,5813
322,6,0,0,0,1,1,1,0,0,-7.92,0.7961,0.36883,5819
323,20,0,0,0,10,3,1,1,0,-8.7,0.7954,0.36929,5839
324,10,0,0,0,5,1,1,0,0,-10.15,0.7948,0.3702,5849
325,14,0,0,0,9,2,1,0,0,-9.33,0.7942,0.37109,5863
326,14,0,0,0,3,2,2,0,0,-7.83,0.7935,0.37158,5877
327,7,0,0,0,3,2,1,0,0,-9.44,0.7929,0.37158,5884
328,9,0,0,0,4,1,1,0,0,-8.63,0.7923,0.37156,5893
329,37,0,0,0,12,2,2,1,0,-6.89,0.7916,0.37108,5930
330,16,0,0,0,7,2,1,1,0,-9.72,0.791,0.37175,5946
331,11,0,0,0,5,2,1,0,0,-9.67,0.7904,0.37095,5957
332,6,0,0,0,1,0,0,1,0,-10.42,0.7897,0.37095,5963
333,16,0,0,0,5,2,2,0,0,-7.62,0.7891,0.37118,5979
334,13,0,0,0,2,2,2,0,0,-7.91,0.7885,0.37165,5992
335,9,0,0,0,2,3,1,0,0,-7.93,0.7878,0.37205,6001
336,15,0,0,0,6,6,2,0,0,-5.65,0.7872,0.37156,6016
337,5,0,0,0,3,2,0,0,1,-13.45,0.7866,0.37156,6021
338,40,0,0,0,11,4,3,0,0,-6.4,0.7859,0.37163,6061
339,12,0,0,0,8,2,1,0,0,-9.84,0.7853,0.37231,6073
340,8,0,0,0,3,0,0,1,0,-11.76,0.7847,0.37267,6081
341,5,0,0,0,3,2,1,0,0,-9.45,0.784,0.37267,6086
342,8,0,0,0,3,2,1,0,0,-9.01,0.7834,0.37267,6094
343,5,0,0,0,3,1,1,0,0,-9.95,0.7828,0.37306,6099
344,5,0,0,0,2,0,0,1,0,-10.55,0.7821,0.37306,6104
345,21,0,0,0,8,4,2,0,0,-6.67,0.7815,0.37324,6125
346,10,0,0,0,4,2,1,0,0,-8.55,0.7809,0.37312,6135
347,9,0,0,0,3,1,1,0,0,-9.93,0.7802,0.37237,6144
348,8,0,0,0,1,1,1,0,0,-9.26,0.7796,0.37237,6152
349,9,0,0,0,2,0,0,1,0,-10.33,0.779,0.37246,6161
350,14,0,0,0,6,1,1,0,0,-9.73,0.7783,0.37246,6175
351,12,0,0,0,4,4,1,0,0,-8.14,0.7777,0.37246,6187
352,6,0,0,0,1,1,1,0,0,-8.42,0.7771,0.3732,6193
353,11,0,0,0,4,1,1,0,0,-9.02,0.7764,0.3732,6204
354,7,0,0,0,4,1,1,0,0,-9.49,0.7758,0.37286,6211
355,7,0,0,0,2,0,0,1,0,-9.89,0.7752,0.37286,6218
356,5,0,0,0,3,1,1,0,0,-9.4,0.7745,0.37286,6223
357,14,0,0,0,9,0,0,1,0,-11.68,0.7739,0.37302,6237
358,16,0,0,0,7,2,1,0,0,-8.32,0.7733,0.37342,6253
359,17,0,0,0,3,3,2,0,0,-6.54,0.7726,0.37352,6270
360,5,0,0,0,0,0,0,1,0,-10.4,0.772,0.37331,6275
361,5,0,0,0,0,0,0,1,0,-10.45,0.7714,0.37331,6280
362,11,0,0,0,2,2,1,0,0,-9.52,0.7707,0.37322,6291
363,5,0,0,0,3,3,0,0,1,-12.95,0.7701,0.37322,6296
364,29,0,0,0,13,2,1,2,0,-9.93,0.7695,0.37364,6325
365,16,0,0,0,5,0,0,1,0,-12.07,0.7688,0.37358,6341
366,17,0,0,0,6,5,2,0,0,-6.14,0.7682,0.37349,6358
367,11,0,0,0,4,2,0,0,1,-13.12,0.7676,0.37306,6369
368,6,0,0,0,2,0,0,1,0,-11.07,0.7669,0.37306,6375
369,15,0,0,0,5,2,1,1,0,-9.65,0.7663,0.37455,6390
370,23,0,0,0,9,2,1,1,0,-8.31,0.7657,0.37529,6413
371,6,0,0,0,1,2,1,0,0,-7.42,0.765,0.3754,6419
372,7,0,0,0,3,1,1,0,0,-9.99,0.7644,0.3754,6426
373,6,0,0,0,1,2,1,0,0,-7.02,0.7638,0.37482,6432
374,6,0,0,0,1,0,0,1,0,-10.52,0.7631,0.37482,6438
375,5,0,0,0,3,4,0,0,1,-11.95,0.7625,0.37482,6443
376,15,0,0,0,9,3,2,0,0,-8.05,0.7619,0.37464,6458
377,5,0,0,0,3,2,1,0,0,-9.45,0.7612,0.37464,6463
378,5,0,0,0,3,2,0,0,1,-12.95,0.7606,0.3742,6468
379,6,0,0,0,3,3,1,0,0,-8.42,0.76,0.3742,6474
380,18,0,0,0,8,2,2,0,0,-7.26,0.7593,0.37406,6492
381,6,0,0,0,1,0,0,1,0,-10.12,0.7587,0.37408,6498
382,7,0,0,0,3,1,1,0,0,-9.99,0.7581,0.37408,6505
383,5,0,0,0,0,1,1,0,0,-8.7,0.7574,0.37408,6510
384,20,0,0,0,9,3,2,0,0,-7.5,0.7568,0.37426,6530
385,7,0,0,0,2,1,1,0,0,-8.34,0.7562,0.37426,6537
386,8,0,0,0,4,3,1,0,0,-8.56,0.7555,0.37397,6545
387,9,0,0,0,4,2,0,0,1,-13.58,0.7549,0.37397,6554
388,7,0,0,0,2,2,1,0,0,-7.99,0.7543,0.3734,6561
389,7,0,0,0,2,0,0,1,0,-10.24,0.7536,0.3734,6568
390,7,0,0,0,0,1,1,0,0,-8.74,0.753,0.3734,6575
391,13,0,0,0,3,0,0,2,0,-11.86,0.7524,0.37275,6588
392,30,0,0,0,8,0,0,2,0,-11.6,0.7517,0.37259,6618
393,10,0,0,0,3,1,1,0,0,-8.4,0.7511,0.37239,6628
394,5,0,0,0,3,3,0,0,1,-12.95,0.7505,0.37239,6633
395,5,0,0,0,1,1,1,0,0,-8.25,0.7498,0.37239,6638
396,5,0,0,0,3,2,1,0,0,-9.45,0.7492,0.37207,6643
397,5,0,0,0,2,1,1,0,0,-9.9,0.7486,0.37207,6648
398,5,0,0,0,0,1,1,0,0,-9.8,0.7479,0.37207,6653
399,8,0,0,0,3,2,0,0,1,-13.51,0.7473,0.3726,6661
400,5,0,0,0,0,1,1,0,0,-8.7,0.7467,0.3726,6666
401,5,0,0,0,3,2,1,0,0,-8.95,0.746,0.3726,6671
402,5,0,0,0,2,2,0,0,1,-13.4,0.7454,0.37235,6676
403,8,0,0,0,3,0,0,1,0,-9.96,0.7448,0.37235,6684
404,9,0,0,0,4,1,1,0,0,-9.53,0.7441,0.37274,6693
405,5,0,0,0,2,1,1,0,0,-9.35,0.7435,0.37274,6698
406,5,0,0,0,1,0,0,1,0,-11.0,0.7429,0.37274,6703
407,7,0,0,0,1,1,1,0,0,-8.79,0.7422,0.37354,6710
408,8,0,0,0,4,1,1,0,0,-10.06,0.7416,0.37354,6718
409,13,0,0,0,4,3,2,0,0,-7.11,0.741,0.37384,6731
410,6,0,0,0,1,0,0,1,0,-9.62,0.7403,0.37378,6737
411,6,0,0,0,3,0,0,1,0,-11.67,0.7397,0.37378,6743
412,5,0,0,0,2,1,1,0,0,-9.9,0.7391,0.37378,6748
413,6,0,0,0,4,2,0,0,1,-13.52,0.7384,0.37365,6754
414,19,0,0,0,3,1,1,0,0,-9.13,0.7378,0.37337,6773
415,6,0,0,0,2,1,1,0,0,-9.92,0.7372,0.37337,6779
416,12,0,0,0,6,2,0,0,1,-13.24,0.7365,0.37328,6791
417,5,0,0,0,1,0,0,1,0,-11.6,0.7359,0.37328,6796
418,31,1,1,0,8,4,3,0,0,-2.32,0.7353,0.37313,6827
419,6,0,0,0,3,1,1,0,0,-9.47,0.7346,0.37306,6833
420,8,0,0,0,2,2,1,0,0,-7.86,0.734,0.37306,6841
421,25,0,0,0,9,4,3,0,0,-5.95,0.7334,0.37222,6866
422,7,0,0,0,1,3,1,0,0,-7.29,0.7327,0.37222,6873
423,20,0,0,0,3,2,1,1,0,-8.2,0.7321,0.37153,6893
424,7,0,0,0,2,2,1,0,0,-8.89,0.7315,0.37142,6900
425,10,0,0,0,1,0,0,1,0,-10.05,0.7308,0.37142,6910
426,17,0,0,0,3,3,1,1,0,-8.04,0.7302,0.37117,6927
427,5,0,0,0,3,1,1,0,0,-9.95,0.7296,0.37102,6932
428,6,0,0,0,1,1,1,0,0,-7.87,0.7289,0.37102,6938
429,22,1,1,0,10,4,2,0,0,-4.29,0.7283,0.37094,6960
430,7,0,0,0,4,0,0,1,0,-11.19,0.7277,0.37094,6967
431,5,0,0,0,3,1,1,0,0,-9.45,0.727,0.37094,6972
432,6,0,0,0,3,1,1,0,0,-9.97,0.7264,0.37085,6978
433,5,0,0,0,2,1,1,0,0,-9.35,0.7258,0.37085,6983
434,5,0,0,0,2,0,0,1,0,-11.1,0.7251,0.37085,6988
435,34,0,0,0,8,6,3,0,0,-3.93,0.7245,0.37057,7022
436,7,0,0,0,3,3,0,0,1,-12.99,0.7239,0.37096,7029
437,5,0,0,0,3,2,1,0,0,-8.4,0.7232,0.37096,7034
438,8,0,0,0,1,0,0,1,0,-9.86,0.7226,0.37141,7042
439,6,0,0,0,1,1,1,0,0,-8.77,0.722,0.37141,7048
440,21,0,0,0,8,3,2,0,0,-8.27,0.7213,0.37153,7069
441,5,0,0,0,3,1,1,0,0,-9.95,0.7207,0.37139,7074
442,7,0,0,0,2,2,1,0,0,-8.19,0.7201,0.37139,7081
443,5,0,0,0,1,0,0,1,0,-11.6,0.7194,0.37139,7086
444,5,0,0,0,1,2,1,0,0,-7.7,0.7188,0.37096,7091
445,6,0,0,0,1,1,1,0,0,-7.92,0.7182,0.37096,7097
446,7,0,0,0,3,1,1,0,0,-9.99,0.7175,0.37069,7104
447,8,0,0,0,4,2,1,0,0,-9.06,0.7169,0.37069,7112
448,10,0,0,0,3,1,1,0,0,-8.45,0.7163,0.3712,7122
449,5,0,0,0,2,1,0,0,1,-13.9,0.7156,0.3712,7127
450,5,0,0,0,3,1,1,0,0,-9.95,0.715,0.3712,7132
451,5,0,0,0,3,3,0,0,1,-12.45,0.7144,0.37088,7137
452,5,0,0,0,0,1,1,0,0,-8.2,0.7137,0.37088,7142
453,6,0,0,0,2,0,0,1,0,-11.62,0.7131,0.37088,7148
454,6,0,0,0,2,0,0,1,0,-11.72,0.7125,0.37058,7154
455,11,0,0,0,2,1,1,0,0,-10.02,0.7118,0.37058,7165
456,17,0,0,0,3,3,2,0,0,-6.29,0.7112,0.37066,7182
457,6,0,0,0,4,1,1,0,0,-10.02,0.7106,0.37111,7188
458,78,1,1,0,20,4,4,4,0,-3.91,0.7099,0.37052,7266
459,5,0,0,0,0,2,1,0,0,-9.3,0.7093,0.37052,7271
460,5,0,0,0,3,1,1,0,0,-9.95,0.7087,0.37052,7276
461,7,0,0,0,0,0,0,1,0,-10.44,0.708,0.37071,7283
462,8,0,0,0,3,1,1,0,0,-8.56,0.7074,0.37071,7291
463,19,0,0,0,7,3,2,0,0,-6.03,0.7068,0.37107,7310
464,9,0,0,0,0,2,0,0,1,-13.38,0.7061,0.37048,7319
465,5,0,0,0,0,2,1,0,0,-6.8,0.7055,0.37048,7324
466,10,0,0,0,2,1,1,0,0,-8.9,0.7049,0.37002,7334
467,8,0,0,0,3,1,1,0,0,-8.16,0.7042,0.37002,7342
468,5,0,0,0,1,2,1,0,0,-8.25,0.7036,0.37051,7347
469,5,0,0,0,3,0,0,1,0,-11.1,0.703,0.37051,7352
470,17,0,0,0,5,5,2,0,0,-4.94,0.7023,0.37109,7369
471,6,0,0,0,4,2,0,0,1,-13.02,0.7017,0.37109,7375
472,8,0,0,0,4,2,0,0,1,-13.06,0.7011,0.37096,7383
473,5,0,0,0,1,1,1,0,0,-8.75,0.7004,0.37096,7388
474,5,0,0,0,3,0,0,1,0,-11.65,0.6998,0.37087,7393
475,5,0,0,0,3,1,1,0,0,-9.45,0.6992,0.37087,7398
476,6,0,0,0,4,1,1,0,0,-10.02,0.6985,0.37087,7404
477,6,0,0,0,4,3,0,0,1,-13.02,0.6979,0.37087,7410
478,5,0,0,0,2,1,1,0,0,-9.9,0.6973,0.37087,7415
479,19,0,0,0,11,4,1,0,0,-9.13,0.6966,0.37067,7434
480,17,0,0,0,5,1,1,1,0,-9.94,0.696,0.37049,7451
481,8,0,0,0,3,2,1,0,0,-7.16,0.6954,0.37054,7459
482,5,0,0,0,3,1,1,0,0,-9.45,0.6947,0.37054,7464
483,7,0,0,0,5,1,1,0,0,-10.09,0.6941,0.37054,7471
484,31,0,0,0,5,4,3,1,0,-4.37,0.6935,0.37108,7502
485,13,0,0,0,5,1,1,1,0,-8.81,0.6928,0.37079,7515
486,7,0,0,0,2,2,1,0,0,-7.99,0.6922,0.37061,7522
487,17,0,0,0,3,1,1,1,0,-8.69,0.6916,0.37082,7539
488,5,0,0,0,3,3,0,0,1,-12.95,0.6909,0.37082,7544
489,12,0,0,0,5,3,2,0,0,-7.79,0.6903,0.37115,7556
490,13,0,0,0,6,3,2,0,0,-6.96,0.6897,0.37115,7569
491,5,0,0,0,1,2,0,0,1,-13.35,0.689,0.37115,7574
492,15,0,0,0,6,2,0,0,1,-13.8,0.6884,0.37101,7589
493,5,0,0,0,3,1,1,0,0,-9.95,0.6878,0.37101,7594
494,8,0,0,0,1,3,1,0,0,-7.46,0.6871,0.37161,7602
495,8,0,0,0,3,3,1,0,0,-7.56,0.6865,0.37161,7610
496,11,0,0,0,4,2,1,0,0,-7.77,0.6859,0.3717,7621
497,9,0,0,0,2,0,0,1,0,-10.13,0.6852,0.3717,7630
498,6,0,0,0,2,0,0,1,0,-11.72,0.6846,0.37132,7636
499,6,0,0,0,3,1,1,0,0,-9.97,0.684,0.37132,7642
500,9,0,0,0,2,1,1,0,0,-9.98,0.6833,0.37089,7651
501,21,0,0,0,3,2,2,0,0,-6.52,0.6827,0.37086,7672
502,7,0,0,0,2,1,1,0,0,-8.09,0.6821,0.37086,7679
503,6,0,0,0,1,1,1,0,0,-8.62,0.6814,0.37084,7685
504,18,0,0,0,8,1,1,1,0,-9.96,0.6808,0.37059,7703
505,22,0,0,0,6,2,1,1,0,-6.74,0.6802,0.37026,7725
506,5,0,0,0,2,1,1,0,0,-8.8,0.6795,0.37105,7730
507,5,0,0,0,3,1,1,0,0,-9.95,0.6789,0.37105,7735
508,7,0,0,0,5,3,0,0,1,-13.09,0.6783,0.37105,7742
509,8,0,0,0,1,0,0,1,0,-9.76,0.6776,0.37116,7750
510,10,0,0,0,4,3,1,0,0,-9.1,0.677,0.37102,7760
511,6,0,0,0,4,4,0,0,1,-12.52,0.6764,0.37102,7766
512,5,0,0,0,3,1,1,0,0,-9.95,0.6757,0.37102,7771
513,5,0,0,0,1,1,1,0,0,-9.3,0.6751,0.37123,7776
514,7,0,0,0,3,3,1,0,0,-8.49,0.6745,0.37123,7783
515,26,0,0,0,9,3,2,1,0,-7.17,0.6738,0.37102,7809
516,5,0,0,0,0,2,1,0,0,-7.7,0.6732,0.37102,7814
517,5,0,0,0,1,1,1,0,0,-8.75,0.6726,0.37102,7819
518,5,0,0,0,3,2,0,0,1,-12.95,0.6719,0.37136,7824
519,14,0,0,0,4,0,0,2,0,-11.23,0.6713,0.37136,7838
520,6,0,0,0,1,2,1,0,0,-7.77,0.6707,0.37097,7844
521,6,0,0,0,1,1,1,0,0,-8.37,0.67,0.37097,7850
522,11,0,0,0,2,0,0,1,0,-11.22,0.6694,0.37066,7861
523,5,0,0,0,3,3,0,0,1,-12.45,0.6688,0.37066,7866
524,7,0,0,0,3,3,0,0,1,-12.49,0.6681,0.37041,7873
525,11,0,0,0,6,1,1,0,0,-9.72,0.6675,0.37041,7884
526,13,0,0,0,6,1,1,0,0,-7.91,0.6669,0.37082,7897
527,5,0,0,0,3,3,0,0,1,-12.95,0.6662,0.37082,7902
528,13,0,0,0,3,2,1,0,0,-9.01,0.6656,0.37105,7915
529,8,0,0,0,3,2,1,0,0,-8.46,0.665,0.37105,7923
530,43,0,0,0,7,12,5,1,0,2.74,0.6643,0.37126,7966
531,7,0,0,0,3,0,0,1,0,-11.24,0.6637,0.3715,7973
532,6,0,0,0,1,0,0,1,0,-9.97,0.6631,0.3715,7979
533,5,0,0,0,3,1,1,0,0,-9.95,0.6624,0.37132,7984
534,33,0,0,0,7,1,1,3,0,-9.96,0.6618,0.37136,8017
535,11,0,0,0,4,3,1,0,0,-7.92,0.6612,0.37136,8028
536,20,0,0,0,6,4,2,0,0,-5.7,0.6605,0.37212,8048
537,6,0,0,0,1,0,0,1,0,-11.07,0.6599,0.37212,8054
538,8,0,0,0,4,3,0,0,1,-13.06,0.6593,0.37212,8062
539,16,0,0,0,3,1,1,1,0,-9.32,0.6586,0.37181,8078
540,7,0,0,0,4,0,0,1,0,-11.29,0.658,0.37172,8085
541,18,0,0,0,4,2,1,1,0,-8.51,0.6574,0.3719,8103
542,29,0,0,0,13,4,3,0,0,-5.83,0.6567,0.37174,8132
543,5,0,0,0,3,2,1,0,0,-8.95,0.6561,0.37174,8137
544,7,0,0,0,2,2,1,0,0,-7.59,0.6555,0.37204,8144
545,5,0,0,0,3,1,1,0,0,-9.95,0.6548,0.37204,8149
546,16,0,0,0,2,4,2,0,0,-3.57,0.6542,0.37209,8165
547,6,0,0,0,1,1,1,0,0,-8.27,0.6536,0.37209,8171
548,9,0,0,0,2,1,1,0,0,-9.98,0.6529,0.37186,8180
549,17,0,0,0,4,2,2,0,0,-7.19,0.6523,0.37225,8197
550,5,0,0,0,3,1,0,0,1,-13.95,0.6517,0.37225,8202
551,23,0,0,0,10,3,1,2,0,-8.16,0.651,0.3726,8225
552,6,0,0,0,1,2,1,0,0,-7.52,0.6504,0.3726,8231
553,6,0,0,0,1,1,1,0,0,-7.92,0.6498,0.3726,8237
554,8,0,0,0,5,2,1,0,0,-9.61,0.6491,0.3724,8245
555,5,0,0,0,1,2,1,0,0,-8.25,0.6485,0.3724,8250
556,14,0,0,0,8,1,1,0,0,-10.28,0.6479,0.37254,8264
557,14,0,0,0,4,1,1,1,0,-8.78,0.6472,0.37285,8278
558,5,0,0,0,4,1,1,0,0,-10.0,0.6466,0.37285,8283
559,5,0,0,0,1,3,1,0,0,-7.25,0.646,0.37297,8288
560,10,0,0,0,3,2,1,0,0,-8.45,0.6453,0.37297,8298
561,18,0,0,0,6,3,2,0,0,-7.96,0.6447,0.3728,8316
562,10,0,0,0,4,3,0,0,1,-13.1,0.6441,0.37284,8326
563,5,0,0,0,3,1,1,0,0,-9.4,0.6434,0.37284,8331
564,15,0,0,0,4,3,2,0,0,-7.4,0.6428,0.37292,8346
565,5,0,0,0,2,0,0,1,0,-11.1,0.6422,0.37292,8351
566,14,0,0,0,4,2,1,0,0,-8.08,0.6415,0.37264,8365
567,8,0,0,0,3,1,1,0,0,-9.51,0.6409,0.37287,8373
568,5,0,0,0,2,1,1,0,0,-8.8,0.6403,0.37287,8378
569,14,0,0,0,5,6,2,0,0,-5.43,0.6396,0.37282,8392
570,26,0,0,0,7,1,1,2,0,-8.37,0.639,0.37293,8418
571,8,0,0,0,4,2,1,0,0,-9.56,0.6384,0.37293,8426
572,20,0,0,0,7,2,2,1,0,-6.85,0.6377,0.37259,8446
573,5,0,0,0,3,1,1,0,0,-9.95,0.6371,0.37246,8451
574,5,0,0,0,1,2,0,0,1,-12.85,0.6365,0.37246,8456
575,6,0,0,0,2,3,0,0,1,-12.92,0.6358,0.37246,8462
576,10,0,0,0,5,3,1,0,0,-8.05,0.6352,0.37231,8472
577,5,0,0,0,1,1,1,0,0,-8.25,0.6346,0.37231,8477
578,5,0,0,0,3,2,1,0,0,-8.95,0.6339,0.37226,8482
579,6,0,0,0,4,2,0,0,1,-13.02,0.6333,0.37226,8488
580,6,0,0,0,4,1,1,0,0,-10.02,0.6327,0.37226,8494
581,8,0,0,0,3,2,1,0,0,-7.66,0.632,0.37237,8502
582,12,0,0,0,2,4,2,0,0,-5.69,0.6314,0.37257,8514
583,7,0,0,0,0,3,1,0,0,-6.84,0.6308,0.37257,8521
584,26,0,0,0,11,5,3,0,0,-4.77,0.6301,0.37296,8547
585,5,0,0,0,3,1,1,0,0,-9.4,0.6295,0.37296,8552
586,5,0,0,0,2,1,1,0,0,-9.9,0.6289,0.37296,8557
587,7,0,0,0,2,1,1,0,0,-8.84,0.6282,0.37291,8564
588,5,0,0,0,1,1,1,0,0,-9.85,0.6276,0.37291,8569
589,10,0,0,0,3,1,0,0,1,-14.05,0.627,0.37302,8579
590,7,0,0,0,2,1,1,0,0,-8.34,0.6263,0.37302,8586
591,6,0,0,0,4,1,0,0,1,-14.02,0.6257,0.37328,8592
592,30,0,0,0,8,5,3,0,0,-5.9,0.6251,0.37314,8622
593,7,0,0,0,1,0,0,1,0,-11.04,0.6244,0.37332,8629
594,25,0,0,0,9,2,2,1,0,-7.7,0.6238,0.3735,8654
595,5,0,0,0,3,3,0,0,1,-12.45,0.6232,0.37345,8659
596,5,0,0,0,1,2,1,0,0,-8.25,0.6225,0.37345,8664
597,8,0,0,0,3,1,1,0,0,-8.56,0.6219,0.37317,8672
598,5,0,0,0,3,3,0,0,1,-12.45,0.6213,0.37317,8677
599,5,0,0,0,0,1,1,0,0,-7.3,0.6206,0.37317,8682
600,6,0,0,0,4,1,0,0,1,-14.02,0.62,0.37281,8688
601,6,0,0,0,3,1,1,0,0,-8.92,0.6194,0.37281,8694
602,6,0,0,0,4,3,0,0,1,-12.02,0.6187,0.37281,8700
603,15,0,0,0,7,1,1,1,0,-10.8,0.6181,0.37245,8715
604,6,0,0,0,2,1,1,0,0,-9.32,0.6175,0.37262,8721
605,5,0,0,0,3,3,1,0,0,-8.45,0.6168,0.37262,8726
606,14,0,0,0,7,1,1,1,0,-9.98,0.6162,0.37288,8740
607,5,0,0,0,2,2,0,0,1,-13.4,0.6156,0.37288,8745
608,7,0,0,0,2,1,1,0,0,-7.99,0.6149,0.37258,8752
609,7,0,0,0,2,1,1,0,0,-8.09,0.6143,0.37258,8759
610,6,0,0,0,4,2,0,0,1,-13.52,0.6137,0.37258,8765
611,9,0,0,0,1,1,1,0,0,-8.83,0.613,0.37243,8774
612,6,0,0,0,3,1,1,0,0,-9.47,0.6124,0.37243,8780
613,5,0,0,0,2,0,0,1,0,-11.6,0.6118,0.37225,8785
614,15,0,0,0,2,1,1,1,0,-8.9,0.6111,0.37254,8800
615,5,0,0,0,3,3,0,0,1,-12.95,0.6105,0.37254,8805
616,5,0,0,0,1,3,0,0,1,-12.85,0.6099,0.37254,8810
617,7,0,0,0,2,1,1,0,0,-8.49,0.6092,0.3732,8817
618,17,0,0,0,7,4,2,0,0,-6.14,0.6086,0.3731,8834
619,6,0,0,0,3,2,1,0,0,-8.92,0.608,0.3731,8840
620,7,0,0,0,0,0,0,1,0,-9.89,0.6073,0.3731,8847
621,5,0,0,0,3,2,0,0,1,-12.95,0.6067,0.3731,8852
622,19,0,0,0,4,3,2,0,0,-6.78,0.6061,0.37313,8871
623,7,0,0,0,5,2,0,0,1,-13.09,0.6054,0.37313,8878
624,5,0,0,0,1,0,0,1,0,-11.6,0.6048,0.37286,8883
625,7,0,0,0,3,3,0,0,1,-12.99,0.6042,0.37286,8890
626,5,0,0,0,2,1,1,0,0,-9.35,0.6035,0.37286,8895
627,24,0,0,0,10,5,3,0,0,-5.48,0.6029,0.37246,8919
628,10,0,0,0,1,0,0,1,0,-9.9,0.6023,0.37274,8929
629,5,0,0,0,3,3,0,0,1,-12.45,0.6016,0.37274,8934
630,16,0,0,0,4,2,2,0,0,-6.67,0.601,0.37275,8950
631,6,0,0,0,3,2,1,0,0,-9.47,0.6004,0.37275,8956
632,14,0,0,0,4,1,1,1,0,-9.28,0.5997,0.37267,8970
633,7,0,0,0,3,2,0,0,1,-13.49,0.5991,0.37262,8977
634,5,0,0,0,2,2,1,0,0,-8.3,0.5985,0.37262,8982
635,5,0,0,0,0,2,1,0,0,-7.3,0.5978,0.37262,8987
636,5,0,0,0,2,2,0,0,1,-12.9,0.5972,0.37264,8992
637,26,0,0,0,3,3,2,1,0,-5.87,0.5966,0.37264,9018
638,5,0,0,0,3,1,1,0,0,-9.45,0.5959,0.37264,9023
639,16,0,0,0,4,1,1,1,0,-8.07,0.5953,0.37274,9039
640,5,0,0,0,3,1,1,0,0,-9.95,0.5947,0.3724,9044
641,36,0,0,0,8,6,4,1,0,-2.32,0.594,0.37237,9080
642,19,0,0,0,7,1,1,1,0,-8.88,0.5934,0.3725,9099
643,34,0,0,0,15,3,2,2,0,-7.78,0.5928,0.37217,9133
644,12,0,0,0,5,4,2,0,0,-6.89,0.5921,0.37205,9145
645,7,0,0,0,2,1,1,0,0,-8.09,0.5915,0.37198,9152
646,8,0,0,0,6,2,0,0,1,-13.66,0.5909,0.37198,9160
647,7,0,0,0,2,1,1,0,0,-8.09,0.5902,0.37198,9167
648,5,0,0,0,2,1,1,0,0,-8.85,0.5896,0.37184,9172
649,5,0,0,0,1,1,0,0,1,-13.85,0.589,0.37184,9177
650,5,0,0,0,3,2,0,0,1,-13.45,0.5883,0.37184,9182
651,7,0,0,0,2,1,1,0,0,-8.84,0.5877,0.3719,9189
652,5,0,0,0,0,1,1,0,0,-7.8,0.5871,0.3719,9194
653,5,0,0,0,1,0,0,1,0,-11.6,0.5864,0.3719,9199
654,14,1,1,0,4,2,2,0,0,-4.53,0.5858,0.37159,9213
655,6,0,0,0,3,2,1,0,0,-9.47,0.5852,0.37133,9219
656,46,0,0,0,8,2,2,4,0,-6.82,0.5845,0.37151,9265
657,6,0,0,0,1,0,0,1,0,-11.67,0.5839,0.37151,9271
658,5,0,0,0,1,0,0,1,0,-10.45,0.5833,0.37151,9276
659,5,0,0,0,3,1,0,0,1,-13.95,0.5826,0.3712,9281
660,6,0,0,0,1,0,0,1,0,-10.42,0.582,0.3712,9287
661,7,0,0,0,0,1,1,0,0,-8.19,0.5814,0.3712,9294
662,16,0,0,0,4,3,2,0,0,-7.57,0.5807,0.3712,9310
663,5,0,0,0,2,1,1,0,0,-9.35,0.5801,0.3711,9315
664,5,0,0,0,1,1,1,0,0,-9.85,0.5795,0.3711,9320
665,5,0,0,0,3,1,1,0,0,-9.95,0.5788,0.3711,9325
666,5,0,0,0,0,0,0,1,0,-10.45,0.5782,0.37094,9330
667,33,0,0,0,9,5,3,1,0,-4.26,0.5776,0.37113,9363
668,5,0,0,0,0,0,0,1,0,-10.45,0.5769,0.37113,9368
669,9,0,0,0,2,2,1,0,0,-7.78,0.5763,0.37113,9377
670,15,0,0,0,4,0,0,2,0,-11.65,0.5757,0.37104,9392
671,5,0,0,0,3,2,1,0,0,-9.45,0.575,0.37104,9397
672,13,0,0,0,2,1,1,1,0,-7.76,0.5744,0.37112,9410
673,5,0,0,0,3,3,0,0,1,-12.45,0.5738,0.37112,9415
674,9,0,0,0,3,1,1,0,0,-10.03,0.5731,0.37088,9424
675,5,0,0,0,1,0,0,0,1,-14.3,0.5725,0.37088,9429
676,15,0,0,0,3,2,1,1,0,-7.65,0.5719,0.37106,9444
677,15,0,0,0,5,2,2,0,0,-6.25,0.5712,0.37084,9459
678,5,0,0,0,2,1,1,0,0,-8.8,0.5706,0.37084,9464
679,25,0,0,0,6,3,3,0,0,-5.1,0.57,0.37045,9489
680,10,0,0,0,3,2,1,0,0,-8.5,0.5693,0.37045,9499
681,19,0,0,0,3,3,1,1,0,-8.18,0.5687,0.37038,9518
682,5,0,0,0,0,0,0,1,0,-10.45,0.5681,0.37017,9523
683,5,0,0,0,2,2,0,0,1,-13.4,0.5674,0.37017,9528
684,8,0,0,0,1,2,0,0,1,-13.41,0.5668,0.37002,9536
685,7,0,0,0,2,3,1,0,0,-7.84,0.5662,0.37002,9543
686,50,0,0,0,14,4,3,3,0,-3.4,0.5655,0.36979,9593
687,15,0,0,0,3,3,2,0,0,-6.0,0.5649,0.36985,9608
688,5,0,0,0,3,0,0,1,0,-11.1,0.5643,0.36985,9613
689,5,0,0,0,3,1,1,0,0,-9.95,0.5636,0.36984,9618
690,12,0,0,0,2,2,2,0,0,-7.74,0.563,0.36984,9630
691,6,0,0,0,3,2,1,0,0,-8.42,0.5624,0.36992,9636
692,5,0,0,0,3,1,1,0,0,-9.45,0.5617,0.36992,9641
693,5,0,0,0,2,1,1,0,0,-9.4,0.5611,0.36992,9646
694,7,0,0,0,2,0,0,1,0,-10.54,0.5605,0.36983,9653
695,6,0,0,0,1,0,0,1,0,-10.22,0.5598,0.36983,9659
696,33,0,0,0,6,1,1,3,0,-9.71,0.5592,0.36977,9692
697,5,0,0,0,3,3,0,0,1,-12.95,0.5586,0.36983,9697
698,6,0,0,0,4,2,0,0,1,-13.52,0.5579,0.36983,9703
699,14,0,0,0,3,3,2,0,0,-7.23,0.5573,0.37007,9717
700,16,0,0,0,9,2,2,0,0,-8.72,0.5567,0.36984,9733
701,6,0,0,0,1,1,1,0,0,-9.37,0.556,0.36984,9739
702,5,0,0,0,3,1,1,0,0,-9.95,0.5554,0.36967,9744
703,6,0,0,0,1,0,0,1,0,-11.67,0.5548,0.36967,9750
704,5,0,0,0,1,0,0,1,0,-11.6,0.5541,0.36967,9755
705,5,0,0,0,0,2,0,0,1,-13.3,0.5535,0.36967,9760
706,20,0,0,0,8,1,1,1,0,-9.45,0.5529,0.36966,9780
707,7,0,0,0,2,2,1,0,0,-9.44,0.5522,0.36966,9787
708,15,0,0,0,5,2,1,1,0,-7.55,0.5516,0.36936,9802
709,7,0,0,0,0,2,1,0,0,-7.59,0.551,0.36916,9809
710,45,0,0,0,7,2,2,3,0,-7.55,0.5503,0.36884,9854
711,5,0,0,0,3,1,1,0,0,-9.95,0.5497,0.36892,9859
712,5,0,0,0,3,1,0,0,1,-13.95,0.5491,0.36892,9864
713,17,0,0,0,5,1,1,1,0,-8.44,0.5484,0.36879,9881
714,5,0,0,0,3,1,1,0,0,-9.95,0.5478,0.36879,9886
715,6,0,0,0,2,1,1,0,0,-8.82,0.5472,0.36856,9892
716,15,0,0,0,7,2,1,1,0,-10.3,0.5465,0.36852,9907
717,15,0,0,0,4,3,2,0,0,-7.0,0.5459,0.3686,9922
718,24,0,0,0,7,4,3,0,0,-4.28,0.5453,0.36845,9946
719,41,0,0,0,10,5,4,1,0,-2.92,0.5446,0.3679,9987
720,7,0,0,0,2,0,0,1,0,-9.89,0.544,0.3679,9994
721,5,0,0,0,2,1,1,0,0,-9.35,0.5434,0.3679,9999
722,5,0,0,0,3,3,0,0,1,-12.95,0.5427,0.36814,10004
723,5,0,0,0,0,2,0,0,1,-13.3,0.5421,0.36814,10009
724,6,0,0,0,1,0,0,1,0,-9.82,0.5415,0.36814,10015
725,5,0,0,0,1,1,0,0,1,-13.85,0.5408,0.36754,10020
726,6,0,0,0,1,1,1,0,0,-8.02,0.5402,0.36754,10026
727,5,0,0,0,2,2,1,0,0,-7.8,0.5396,0.36754,10031
728,5,0,0,0,3,0,0,1,0,-11.7,0.5389,0.36774,10036
729,5,0,0,0,2,1,1,0,0,-9.35,0.5383,0.36774,10041
730,5,0,0,0,2,0,0,1,0,-10.5,0.5377,0.36774,10046
731,13,0,0,0,3,1,1,1,0,-8.66,0.537,0.36801,10059
732,5,0,0,0,3,2,0,0,1,-13.45,0.5364,0.36828,10064
733,6,0,0,0,2,1,1,0,0,-9.92,0.5358,0.36828,10070
734,13,0,0,0,3,3,1,1,0,-7.06,0.5351,0.36865,10083
735,6,0,0,0,3,1,1,0,0,-9.47,0.5345,0.36865,10089
736,27,0,0,0,6,2,2,1,0,-6.64,0.5339,0.36886,10116
737,20,0,0,0,8,3,2,1,0,-6.75,0.5332,0.36864,10136
738,6,0,0,0,1,1,1,0,0,-8.02,0.5326,0.36864,10142
739,13,0,0,0,3,2,2,0,0,-5.46,0.532,0.36851,10155
740,6,0,0,0,2,1,1,0,0,-9.92,0.5313,0.36837,10161
741,5,0,0,0,1,0,0,1,0,-11.6,0.5307,0.36837,10166
742,8,0,0,0,1,1,1,0,0,-8.06,0.5301,0.36837,10174
743,5,0,0,0,0,1,1,0,0,-8.7,0.5294,0.36846,10179
744,6,0,0,0,1,0,0,1,0,-9.82,0.5288,0.36846,10185
745,5,0,0,0,2,2,1,0,0,-8.3,0.5282,0.36846,10190
746,5,0,0,0,3,2,0,0,1,-12.45,0.5275,0.36884,10195
747,5,0,0,0,0,1,1,0,0,-9.8,0.5269,0.36884,10200
748,6,0,0,0,1,0,0,1,0,-10.42,0.5263,0.36884,10206
749,8,0,0,0,3,2,1,0,0,-8.96,0.5256,0.36864,10214
750,5,0,0,0,3,1,1,0,0,-9.95,0.525,0.36864,10219
751,5,0,0,0,2,1,1,0,0,-9.9,0.5244,0.36802,10224
752,23,0,0,0,4,9,3,0,0,-2.46,0.5237,0.36791,10247
753,8,0,0,0,1,1,1,0,0,-8.81,0.5231,0.36791,10255
754,5,0,0,0,0,1,1,0,0,-8.7,0.5225,0.36788,10260
755,5,0,0,0,1,0,0,1,0,-11.6,0.5218,0.36788,10265
756,10,0,0,0,3,1,1,0,0,-9.0,0.5212,0.36815,10275
757,19,0,0,0,2,2,2,1,0,-6.98,0.5206,0.36895,10294
758,7,0,0,0,2,1,1,0,0,-9.94,0.5199,0.36895,10301
759,5,0,0,0,1,0,0,1,0,-11.6,0.5193,0.36894,10306
760,45,0,0,0,5,3,2,4,0,-6.1,0.5187,0.36879,10351
761,14,0,0,0,2,3,2,0,0,-6.08,0.518,0.36872,10365
762,5,0,0,0,1,1,0,0,1,-13.35,0.5174,0.36862,10370
763,8,0,0,0,2,1,1,0,0,-9.91,0.5168,0.36862,10378
764,20,0,0,0,4,7,3,0,0,-2.65,0.5161,0.36821,10398
765,16,0,0,0,2,1,1,1,0,-9.07,0.5155,0.36824,10414
766,13,0,0,0,4,3,2,0,0,-7.41,0.5149,0.36803,10427
767,5,0,0,0,0,1,1,0,0,-8.7,0.5142,0.36809,10432
768,28,0,0,0,2,4,2,2,0,-4.61,0.5136,0.36775,10460
769,5,0,0,0,1,0,0,1,0,-11.55,0.513,0.36786,10465
770,14,0,0,0,5,3,1,1,0,-9.28,0.5123,0.36786,10479
771,5,0,0,0,3,2,1,0,0,-9.45,0.5117,0.36846,10484
772,5,0,0,0,3,3,0,0,1,-12.45,0.5111,0.36846,10489
773,6,0,0,0,4,1,1,0,0,-10.02,0.5104,0.36846,10495
774,6,0,0,0,2,0,0,1,0,-11.07,0.5098,0.36891,10501
775,13,0,0,0,5,1,1,1,0,-10.16,0.5092,0.36906,10514
776,6,0,0,0,2,0,0,1,0,-11.67,0.5085,0.36906,10520
777,5,0,0,0,3,2,1,0,0,-8.4,0.5079,0.36906,10525
778,5,0,0,0,3,2,1,0,0,-9.45,0.5073,0.36863,10530
779,6,0,0,0,0,1,1,0,0,-7.67,0.5066,0.36863,10536
780,33,0,0,0,12,4,3,1,0,-6.26,0.506,0.36789,10569
781,5,0,0,0,2,1,1,0,0,-8.8,0.5054,0.36789,10574
782,6,0,0,0,4,3,0,0,1,-13.02,0.5047,0.36803,10580
783,5,0,0,0,2,0,0,1,0,-11.1,0.5041,0.36803,10585
784,5,0,0,0,0,1,1,0,0,-8.7,0.5035,0.36803,10590
785,13,0,0,0,6,2,1,1,0,-9.26,0.5028,0.36802,10603
786,7,0,0,0,0,0,0,1,0,-10.04,0.5022,0.36826,10610
787,14,0,0,0,2,2,1,1,0,-7.03,0.5016,0.36806,10624
788,20,0,1,0,9,3,2,1,0,-5.8,0.5009,0.36806,10644
789,8,0,0,0,1,3,1,0,0,-7.31,0.5003,0.36806,10652
790,5,0,0,0,0,2,1,0,0,-7.3,0.4997,0.3679,10657
791,6,0,0,0,1,1,1,0,0,-7.52,0.499,0.3679,10663
792,14,0,0,0,5,6,2,0,0,-5.98,0.4984,0.36778,10677
793,43,0,0,0,6,6,4,1,0,-1.56,0.4978,0.36783,10720
794,5,0,0,0,3,3,0,0,1,-12.45,0.4971,0.36783,10725
795,5,0,0,0,1,3,1,0,0,-7.25,0.4965,0.36783,10730
796,16,0,0,0,3,0,0,2,0,-11.12,0.4959,0.36743,10746
797,14,0,0,0,5,4,2,0,0,-6.58,0.4952,0.3678,10760
798,5,0,0,0,3,2,0,0,1,-13.45,0.4946,0.3678,10765
799,5,0,0,0,3,1,1,0,0,-9.95,0.494,0.36787,10770
800,17,0,0,0,3,3,2,0,0,-5.14,0.4933,0.36791,10787
801,20,0,0,0,7,3,2,1,0,-6.45,0.4927,0.36776,10807
802,40,0,0,0,9,4,2,3,0,-4.95,0.4921,0.36737,10847
803,8,0,0,0,3,1,1,0,0,-8.16,0.4914,0.36731,10855
804,6,0,0,0,3,0,0,1,0,-11.17,0.4908,0.36731,10861
805,14,0,0,0,6,0,0,2,0,-11.73,0.4902,0.36752,10875
806,13,0,0,0,2,1,1,1,0,-9.56,0.4895,0.36733,10888
807,50,0,0,0,9,5,4,1,0,-1.95,0.4889,0.36622,10938
808,5,0,0,0,3,1,1,0,0,-9.95,0.4883,0.36622,10943
809,16,0,0,0,7,3,2,0,0,-8.07,0.4876,0.36613,10959
810,5,0,0,0,1,1,1,0,0,-9.85,0.487,0.36558,10964
811,18,0,0,0,7,4,2,0,0,-6.16,0.4864,0.36551,10982
812,17,0,0,0,5,2,2,0,0,-7.59,0.4857,0.36535,10999
813,13,0,0,0,3,3,1,1,0,-7.56,0.4851,0.36552,11012
814,5,0,0,0,3,4,0,0,1,-11.95,0.4845,0.36552,11017
815,5,0,0,0,1,2,0,0,1,-12.85,0.4838,0.36552,11022
816,6,0,0,0,3,2,0,0,1,-13.47,0.4832,0.36571,11028
817,5,0,0,0,3,3,0,0,1,-12.95,0.4826,0.36571,11033
818,5,0,0,0,3,3,0,0,1,-12.95,0.4819,0.36571,11038
819,7,0,0,0,0,0,0,1,0,-9.94,0.4813,0.36558,11045
820,5,0,0,0,3,3,0,0,1,-12.95,0.4807,0.36558,11050
821,33,0,0,0,10,5,3,1,0,-3.81,0.48,0.36612,11083
822,8,0,0,0,1,1,1,0,0,-8.81,0.4794,0.36558,11091
823,7,0,0,0,2,0,0,1,0,-11.09,0.4788,0.36558,11098
824,13,0,0,0,5,5,2,0,0,-5.36,0.4781,0.36587,11111
825,7,0,0,0,2,1,1,0,0,-8.89,0.4775,0.36587,11118
826,5,0,0,0,3,2,1,0,0,-9.45,0.4769,0.36577,11123
827,5,0,0,0,3,2,1,0,0,-9.45,0.4762,0.36577,11128
828,5,0,0,0,1,1,1,0,0,-9.3,0.4756,0.36577,11133
829,12,0,0,0,3,2,1,1,0,-8.94,0.475,0.36566,11145
830,5,0,0,0,0,1,0,0,1,-13.8,0.4743,0.36566,11150
831,6,0,0,0,3,1,1,0,0,-8.87,0.4737,0.36592,11156
832,29,0,0,0,9,4,3,1,0,-5.83,0.4731,0.36549,11185
833,7,0,0,0,3,3,1,0,0,-7.99,0.4724,0.36549,11192
834,7,0,0,0,2,2,1,0,0,-7.49,0.4718,0.36549,11199
835,14,0,0,0,5,1,1,1,0,-10.03,0.4712,0.36589,11213
836,6,0,0,0,4,1,1,0,0,-9.52,0.4705,0.36583,11219
837,7,0,0,0,2,1,1,0,0,-9.39,0.4699,0.36583,11226
838,15,0,0,0,3,2,2,0,0,-5.65,0.4693,0.36563,11241
839,5,0,0,0,0,1,1,0,0,-7.8,0.4686,0.36563,11246
840,5,0,0,0,3,3,1,0,0,-8.95,0.468,0.3658,11251
841,5,0,0,0,3,3,0,0,1,-12.45,0.4674,0.3658,11256
842,5,0,0,0,3,3,0,0,1,-12.95,0.4667,0.3658,11261
843,14,0,0,0,2,4,1,1,0,-6.43,0.4661,0.36573,11275
844,21,0,0,0,4,4,3,0,0,-5.07,0.4655,0.36529,11296
845,14,0,0,0,2,4,2,0,0,-6.23,0.4648,0.36529,11310
846,46,0,0,0,8,7,3,3,0,-2.07,0.4642,0.36442,11356
847,46,0,0,0,10,6,2,3,0,-5.87,0.4636,0.36395,11402
848,5,0,0,0,1,0,0,1,0,-11.55,0.4629,0.36395,11407
849,5,0,0,0,3,3,1,0,0,-7.95,0.4623,0.36368,11412
850,5,0,0,0,3,1,0,0,1,-13.45,0.4617,0.36368,11417
851,5,0,0,0,1,0,0,1,0,-9.9,0.461,0.36368,11422
852,5,0,0,0,2,0,0,1,0,-11.1,0.4604,0.36284,11427
853,5,0,0,0,3,2,0,0,1,-13.45,0.4598,0.36284,11432
854,8,0,0,0,2,2,1,0,0,-8.86,0.4591,0.36226,11440
855,14,0,0,0,4,2,1,1,0,-8.13,0.4585,0.36226,11454
856,5,0,0,0,2,1,1,0,0,-9.9,0.4579,0.36142,11459
857,6,0,0,0,4,2,1,0,0,-9.52,0.4572,0.36142,11465
858,23,0,0,0,6,5,3,0,0,-4.36,0.4566,0.36166,11488
859,23,0,0,0,7,4,2,1,0,-6.56,0.456,0.36146,11511
860,5,0,0,0,1,0,0,1,0,-10.5,0.4553,0.36146,11516
861,5,0,0,0,3,3,0,0,1,-12.95,0.4547,0.36139,11521
862,25,0,0,0,4,6,2,1,0,-3.9,0.4541,0.36139,11546
863,5,0,0,0,2,2,0,0,1,-13.4,0.4534,0.36139,11551
864,6,0,0,0,4,2,0,0,1,-13.02,0.4528,0.36167,11557
865,14,0,0,0,3,2,2,0,0,-7.68,0.4522,0.36139,11571
866,5,0,0,0,1,2,1,0,0,-9.35,0.4515,0.36139,11576
867,6,0,0,0,3,0,0,1,0,-11.67,0.4509,0.36139,11582
868,5,0,0,0,2,1,1,0,0,-9.35,0.4503,0.3612,11587
869,5,0,0,0,2,1,1,0,0,-9.9,0.4496,0.3612,11592
870,5,0,0,0,3,0,0,1,0,-11.65,0.449,0.3612,11597
871,46,0,0,0,13,8,3,3,0,-3.02,0.4484,0.36065,11643
872,6,0,0,0,3,0,0,1,0,-11.67,0.4477,0.36045,11649
873,5,0,0,0,0,2,1,0,0,-8.2,0.4471,0.36045,11654
874,13,0,0,0,3,4,2,0,0,-5.21,0.4465,0.35991,11667
875,8,0,0,0,1,1,1,0,0,-7.91,0.4458,0.35991,11675
876,5,0,0,0,3,1,1,0,0,-9.45,0.4452,0.35982,11680
877,5,0,0,0,1,0,0,1,0,-11.0,0.4446,0.35982,11685
878,6,0,0,0,1,0,0,1,0,-10.52,0.4439,0.35982,11691
879,13,0,0,0,4,2,2,0,0,-7.46,0.4433,0.35909,11704
880,6,0,0,0,1,1,1,0,0,-8.02,0.4427,0.35909,11710
881,30,1,1,0,9,2,2,2,0,-5.65,0.442,0.35784,11740
882,6,0,0,0,1,2,1,0,0,-7.37,0.4414,0.35769,11746
883,5,0,0,0,1,2,0,0,1,-13.35,0.4408,0.35769,11751
884,13,0,0,0,5,2,2,0,0,-7.96,0.4401,0.35747,11764
885,5,0,0,0,3,1,1,0,0,-9.45,0.4395,0.35747,11769
886,26,0,0,0,7,2,2,1,0,-6.72,0.4389,0.35678,11795
887,5,0,0,0,0,0,0,1,0,-11.0,0.4382,0.35678,11800
888,5,0,0,0,1,1,1,0,0,-8.75,0.4376,0.35678,11805
889,5,0,0,0,3,2,0,0,1,-13.45,0.437,0.35642,11810
890,6,0,0,0,1,2,1,0,0,-7.92,0.4363,0.35642,11816
891,5,0,0,0,3,3,1,0,0,-8.45,0.4357,0.35642,11821
892,6,0,0,0,0,0,0,1,0,-10.47,0.4351,0.35618,11827
893,32,0,0,0,8,4,2,2,0,-5.74,0.4344,0.35563,11859
894,6,0,0,0,2,1,1,0,0,-8.82,0.4338,0.35563,11865
895,5,0,0,0,3,2,1,0,0,-9.45,0.4332,0.35563,11870
896,5,0,0,0,3,3,0,0,1,-12.45,0.4325,0.35524,11875
897,29,0,0,0,8,3,2,2,0,-6.58,0.4319,0.35404,11904
898,35,0,0,0,12,9,4,1,0,-2.45,0.4313,0.35363,11939
899,5,0,0,0,3,3,0,0,1,-12.95,0.4306,0.35363,11944
900,5,0,0,0,3,4,0,0,1,-12.45,0.43,0.35363,11949
901,5,0,0,0,3,2,0,0,1,-12.95,0.4294,0.35319,11954
902,5,0,0,0,3,1,1,0,0,-9.95,0.4287,0.35319,11959
903,13,0,0,0,5,1,1,1,0,-9.71,0.4281,0.35341,11972
904,15,1,1,0,4,2,2,0,0,-5.55,0.4275,0.35327,11987
905,5,0,0,0,1,2,1,0,0,-8.85,0.4268,0.35327,11992
906,5,0,0,0,3,1,1,0,0,-9.95,0.4262,0.35327,11997
907,5,0,0,0,1,0,0,1,0,-11.6,0.4256,0.35313,12002
908,22,0,0,0,5,3,2,1,0,-5.74,0.4249,0.35293,12024
909,5,0,0,0,3,1,1,0,0,-9.95,0.4243,0.35293,12029
910,5,0,0,0,3,2,1,0,0,-8.95,0.4237,0.35266,12034
911,5,0,0,0,3,2,1,0,0,-9.45,0.423,0.35266,12039
912,5,0,0,0,0,2,1,0,0,-7.7,0.4224,0.35266,12044
913,5,0,0,0,2,2,1,0,0,-9.4,0.4218,0.35254,12049
914,47,0,0,0,9,9,5,1,0,-0.99,0.4211,0.35205,12096
915,26,0,0,0,9,4,3,0,0,-4.67,0.4205,0.35194,12122
916,5,0,0,0,3,3,1,0,0,-8.45,0.4199,0.35194,12127
917,7,0,0,0,3,1,0,0,1,-13.99,0.4192,0.35193,12134
918,5,0,0,0,3,2,1,0,0,-9.45,0.4186,0.35193,12139
919,5,0,0,0,2,2,0,0,1,-12.9,0.418,0.35218,12144
920,37,0,0,0,5,3,3,2,0,-4.69,0.4173,0.35213,12181
921,13,0,0,0,3,3,2,0,0,-7.16,0.4167,0.35199,12194
922,5,0,0,0,3,2,0,0,1,-13.45,0.4161,0.35199,12199
923,5,0,0,0,2,1,1,0,0,-9.35,0.4154,0.35199,12204
924,45,0,0,0,9,6,4,2,0,-1.05,0.4148,0.35133,12249
925,21,0,0,0,3,2,1,2,0,-7.67,0.4142,0.35118,12270
926,44,0,0,0,12,5,2,4,0,-4.03,0.4135,0.34986,12314
927,5,0,0,0,0,1,1,0,0,-8.7,0.4129,0.34986,12319
928,7,0,0,0,3,2,0,0,1,-13.49,0.4123,0.34971,12326
929,5,0,0,0,3,1,0,0,1,-13.95,0.4116,0.34971,12331
930,5,0,0,0,2,1,0,0,1,-13.4,0.411,0.34953,12336
931,5,0,0,0,3,0,0,1,0,-11.7,0.4104,0.34953,12341
932,5,0,0,0,3,2,1,0,0,-9.45,0.4097,0.34953,12346
933,6,0,0,0,1,1,1,0,0,-9.87,0.4091,0.34939,12352
934,5,0,0,0,3,3,0,0,1,-12.95,0.4085,0.34939,12357
935,28,0,0,0,8,2,2,2,0,-5.91,0.4078,0.34898,12385
936,7,0,0,0,2,1,1,0,0,-8.09,0.4072,0.34898,12392
937,5,0,0,0,0,1,1,0,0,-7.8,0.4066,0.34898,12397
938,5,0,0,0,3,2,1,0,0,-8.95,0.4059,0.34885,12402
939,5,0,0,0,1,2,0,0,1,-13.35,0.4053,0.34885,12407
940,5,0,0,0,3,2,0,0,1,-13.45,0.4047,0.34885,12412
941,35,0,0,0,13,5,4,1,0,-4.3,0.404,0.34811,12447
942,20,0,0,0,5,4,3,0,0,-5.7,0.4034,0.34737,12467
943,5,0,0,0,3,1,1,0,0,-9.95,0.4028,0.34737,12472
944,5,0,0,0,1,1,0,0,1,-13.85,0.4021,0.34737,12477
945,12,0,0,0,5,4,2,0,0,-6.39,0.4015,0.34742,12489
946,5,0,0,0,3,3,1,0,0,-8.95,0.4009,0.34742,12494
947,5,0,0,0,3,1,1,0,0,-9.95,0.4002,0.34676,12499
948,12,0,0,0,3,3,2,0,0,-5.69,0.3996,0.34676,12511
949,20,0,0,0,1,6,2,1,0,-3.75,0.399,0.34638,12531
950,6,0,0,0,4,3,0,0,1,-12.52,0.3983,0.34638,12537
951,13,1,1,0,3,4,2,0,0,-3.31,0.3977,0.34622,12550
952,14,0,0,0,5,1,1,1,0,-9.98,0.3971,0.34568,12564
953,5,0,0,0,0,2,1,0,0,-7.2,0.3964,0.34568,12569
954,35,0,0,0,5,3,3,1,0,-4.3,0.3958,0.34549,12604
955,5,0,0,0,3,2,0,0,1,-12.95,0.3952,0.34566,12609
956,14,0,0,0,4,2,1,1,0,-7.13,0.3945,0.34566,12623
957,14,0,0,0,3,3,2,0,0,-7.18,0.3939,0.34573,12637
958,9,0,0,0,2,5,1,0,0,-6.93,0.3933,0.34541,12646
959,12,0,0,0,1,4,2,0,0,-5.59,0.3926,0.34526,12658
960,14,0,0,0,4,2,1,1,0,-7.33,0.392,0.34499,12672
961,5,0,0,0,3,1,1,0,0,-9.95,0.3914,0.34499,12677
962,5,0,0,0,2,2,0,0,1,-13.4,0.3907,0.34499,12682
963,5,0,0,0,0,1,1,0,0,-8.15,0.3901,0.34499,12687
964,6,0,0,0,1,1,1,0,0,-8.27,0.3895,0.34474,12693
965,5,0,0,0,3,2,1,0,0,-9.45,0.3888,0.34474,12698
966,5,0,0,0,2,1,1,0,0,-9.35,0.3882,0.34474,12703
967,22,1,1,0,5,3,2,1,0,-3.74,0.3876,0.34429,12725
968,5,0,0,0,0,2,1,0,0,-8.2,0.3869,0.34429,12730
969,5,0,0,0,2,2,1,0,0,-8.85,0.3863,0.34429,12735
970,23,0,0,0,6,6,3,0,0,-3.16,0.3857,0.34409,12758
971,5,0,0,0,2,2,1,0,0,-8.85,0.385,0.34409,12763
972,5,0,0,0,3,1,1,0,0,-9.95,0.3844,0.34354,12768
973,5,0,0,0,3,2,0,0,1,-13.45,0.3838,0.34354,12773
974,5,0,0,0,2,1,1,0,0,-9.9,0.3831,0.34354,12778
975,19,0,0,0,6,3,2,1,0,-5.53,0.3825,0.3436,12797
976,14,0,0,0,4,2,2,0,0,-6.18,0.3819,0.34316,12811
977,7,0,0,0,2,3,1,0,0,-5.94,0.3812,0.34307,12818
978,5,0,0,0,0,3,0,0,1,-12.8,0.3806,0.34307,12823
979,5,0,0,0,3,3,0,0,1,-12.45,0.38,0.34307,12828
980,6,0,0,0,1,0,0,1,0,-9.57,0.3793,0.34302,12834
981,5,0,0,0,3,2,0,0,1,-12.95,0.3787,0.34302,12839
982,5,0,0,0,1,0,0,1,0,-11.55,0.3781,0.34302,12844
983,5,0,0,0,3,2,1,0,0,-9.45,0.3774,0.34265,12849
984,5,0,0,0,1,0,0,1,0,-11.0,0.3768,0.34265,12854
985,14,0,0,0,4,0,0,2,0,-10.18,0.3762,0.3419,12868
986,13,0,0,0,4,2,2,0,0,-7.06,0.3755,0.34203,12881
987,5,0,0,0,2,2,1,0,0,-8.85,0.3749,0.34203,12886
988,13,0,0,0,6,3,2,0,0,-7.51,0.3743,0.34167,12899
989,5,0,0,0,3,1,1,0,0,-9.4,0.3736,0.34167,12904
990,6,0,0,0,4,1,1,0,0,-9.47,0.373,0.34167,12910
991,5,0,0,0,0,0,0,1,0,-9.55,0.3724,0.34175,12915
992,8,0,0,0,4,3,1,0,0,-9.06,0.3717,0.34175,12923
993,13,0,0,0,6,2,2,0,0,-8.51,0.3711,0.34146,12936
994,5,0,0,0,3,2,1,0,0,-9.45,0.3705,0.34146,12941
995,5,0,0,0,1,1,1,0,0,-8.75,0.3698,0.34111,12946
996,12,0,0,0,4,5,2,0,0,-5.69,0.3692,0.34111,12958
997,5,0,0,0,3,2,1,0,0,-9.45,0.3686,0.34094,12963
998,5,0,0,0,3,1,1,0,0,-9.95,0.3679,0.34094,12968
999,6,0,0,0,1,1,1,0,0,-7.87,0.3673,0.34094,12974
1000,7,0,0,0,0,0,0,1,0,-9.84,0.3667,0.34064,12981
1001,5,0,0,0,1,0,0,1,0,-11.0,0.366,0.34064,12986
1002,5,0,0,0,1,2,1,0,0,-8.25,0.3654,0.34064,12991
1003,8,0,0,0,3,2,1,0,0,-8.06,0.3648,0.3404,12999
1004,5,0,0,0,3,1,1,0,0,-9.45,0.3641,0.3404,13004
1005,6,0,0,0,3,2,1,0,0,-9.47,0.3635,0.33994,13010
1006,14,0,0,0,2,2,2,0,0,-6.23,0.3629,0.33961,13024
1007,26,0,0,0,5,6,4,0,0,-2.07,0.3622,0.33908,13050
1008,6,0,0,0,4,3,1,0,0,-9.02,0.3616,0.33868,13056
1009,5,0,0,0,1,0,0,1,0,-10.5,0.361,0.33868,13061
1010,5,0,0,0,1,1,1,0,0,-9.85,0.3603,0.33868,13066
1011,5,0,0,0,3,2,0,0,1,-13.45,0.3597,0.33868,13071
1012,34,0,0,0,6,4,3,2,0,-4.88,0.3591,0.33786,13105
1013,20,0,0,0,6,3,3,0,0,-4.85,0.3584,0.33765,13125
1014,5,0,0,0,3,3,0,0,1,-12.95,0.3578,0.33765,13130
1015,6,0,0,0,1,0,0,1,0,-9.57,0.3572,0.33785,13136
1016,34,0,0,0,3,10,5,0,0,2.72,0.3565,0.33664,13170
1017,5,0,0,0,1,0,0,1,0,-11.55,0.3559,0.33664,13175
1018,5,0,0,0,3,3,0,0,1,-12.95,0.3553,0.33664,13180
1019,5,0,0,0,3,2,1,0,0,-9.45,0.3546,0.3363,13185
1020,9,0,0,0,4,2,1,0,0,-9.58,0.354,0.3363,13194
1021,5,0,0,0,0,1,1,0,0,-8.7,0.3534,0.3363,13199
1022,5,0,0,0,2,2,0,0,1,-13.4,0.3527,0.33617,13204
1023,6,0,0,0,3,1,1,0,0,-9.97,0.3521,0.33617,13210
1024,6,0,0,0,1,0,0,1,0,-9.62,0.3515,0.33608,13216
1025,5,0,0,0,1,2,0,0,1,-12.85,0.3508,0.33608,13221
1026,14,0,0,0,2,3,2,0,0,-5.78,0.3502,0.33626,13235
1027,14,0,0,0,2,3,2,0,0,-5.28,0.3496,0.33652,13249
1028,5,0,0,0,3,2,1,0,0,-9.45,0.3489,0.33652,13254
1029,11,0,0,0,5,2,0,0,1,-13.67,0.3483,0.33638,13265
1030,6,0,0,0,0,1,1,0,0,-8.22,0.3477,0.33638,13271
1031,5,0,0,0,3,2,0,0,1,-12.95,0.347,0.33638,13276
1032,5,0,0,0,0,2,1,0,0,-8.2,0.3464,0.33589,13281
1033,10,0,0,0,1,1,1,0,0,-7.6,0.3458,0.33589,13291
1034,19,0,0,0,5,2,2,1,0,-7.93,0.3451,0.33547,13310
1035,43,1,1,0,3,12,6,0,0,5.59,0.3445,0.33448,13353
1036,6,0,0,0,2,1,1,0,0,-9.92,0.3439,0.33448,13359
1037,7,0,0,0,2,0,0,1,0,-11.14,0.3432,0.33454,13366
1038,132,1,1,0,28,10,6,12,0,7.31,0.3426,0.33167,13498
1039,5,0,0,0,0,0,0,1,0,-9.55,0.342,0.33167,13503
1040,5,0,0,0,3,2,1,0,0,-8.9,0.3413,0.33145,13508
1041,12,0,0,0,5,3,1,1,0,-7.09,0.3407,0.3312,13520
1042,5,0,0,0,3,2,1,0,0,-8.95,0.3401,0.3312,13525
1043,5,0,0,0,2,1,1,0,0,-9.9,0.3394,0.3312,13530
1044,5,0,0,0,1,0,0,1,0,-11.6,0.3388,0.3312,13535
1045,5,0,0,0,2,2,1,0,0,-8.85,0.3382,0.3312,13540
1046,6,0,0,0,1,1,1,0,0,-7.87,0.3375,0.3312,13546
1047,5,0,0,0,3,3,0,0,1,-12.95,0.3369,0.3312,13551
1048,5,0,0,0,2,3,1,0,0,-7.85,0.3363,0.33013,13556
1049,5,0,0,0,3,1,1,0,0,-9.95,0.3356,0.33013,13561
1050,27,0,0,0,5,4,3,1,0,-3.84,0.335,0.32985,13588
1051,5,0,0,0,1,1,0,0,1,-13.85,0.3344,0.32985,13593
1052,7,0,0,0,2,1,1,0,0,-8.49,0.3337,0.32935,13600
1053,23,0,0,0,6,4,3,0,0,-4.31,0.3331,0.32846,13623
1054,34,0,0,0,8,8,5,0,0,-1.43,0.3325,0.32722,13657
1055,34,0,0,0,7,3,3,2,0,-3.83,0.3318,0.32633,13691
1056,10,0,0,0,3,1,1,0,0,-8.2,0.3312,0.32608,13701
1057,6,0,0,0,1,1,1,0,0,-9.87,0.3306,0.32608,13707
1058,5,0,0,0,1,0,0,0,1,-14.3,0.3299,0.32608,13712
1059,5,0,0,0,0,1,1,0,0,-9.8,0.3293,0.32608,13717
1060,13,0,0,0,3,5,2,0,0,-5.91,0.3287,0.32542,13730
1061,6,0,0,0,1,0,0,1,0,-11.12,0.328,0.32542,13736
1062,14,0,0,0,4,2,1,1,0,-7.28,0.3274,0.32525,13750
1063,5,0,0,0,1,2,1,0,0,-8.25,0.3268,0.32525,13755
1064,7,0,0,0,3,1,1,0,0,-9.89,0.3261,0.32466,13762
1065,6,0,0,0,2,1,1,0,0,-9.92,0.3255,0.32466,13768
1066,5,0,0,0,0,0,0,1,0,-10.95,0.3249,0.32466,13773
1067,6,0,0,0,4,2,1,0,0,-8.52,0.3242,0.32461,13779
1068,5,0,0,0,3,2,0,0,1,-13.45,0.3236,0.32461,13784
1069,70,0,0,0,8,12,6,4,0,5.25,0.323,0.32263,13854
1070,27,0,0,0,5,3,2,2,0,-5.94,0.3223,0.32117,13881
1071,29,0,0,0,3,4,2,2,0,-4.68,0.3217,0.32079,13910
1072,7,0,0,0,2,2,1,0,0,-7.59,0.3211,0.32079,13917
1073,5,0,0,0,2,0,0,1,0,-10.55,0.3204,0.32051,13922
1074,5,0,0,0,3,1,1,0,0,-9.4,0.3198,0.32051,13927
1075,5,0,0,0,0,0,0,1,0,-10.4,0.3192,0.32051,13932
1076,8,0,0,0,4,4,0,0,1,-12.06,0.3185,0.31994,13940
1077,6,0,0,0,1,1,1,0,0,-8.27,0.3179,0.31994,13946
1078,52,0,0,0,12,7,5,2,0,-0.19,0.3173,0.31927,13998
1079,5,0,0,0,1,1,1,0,0,-8.75,0.3166,0.3187,14003
1080,6,0,0,0,4,1,1,0,0,-10.02,0.316,0.3187,14009
1081,5,0,0,0,3,2,1,0,0,-8.45,0.3154,0.3187,14014
1082,5,0,0,0,1,3,0,0,1,-12.35,0.3147,0.31873,14019
1083,5,0,0,0,3,2,0,0,1,-13.45,0.3141,0.31873,14024
1084,5,0,0,0,3,2,1,0,0,-9.45,0.3135,0.31873,14029
1085,6,0,0,0,1,0,0,1,0,-11.62,0.3128,0.31881,14035
1086,14,0,0,0,2,2,2,0,0,-6.08,0.3122,0.31786,14049
1087,5,0,0,0,0,3,0,0,1,-12.3,0.3116,0.31786,14054
1088,9,0,0,0,5,0,0,1,0,-11.33,0.3109,0.31786,14063
1089,9,0,0,0,5,2,0,0,1,-13.63,0.3103,0.31729,14072
1090,5,0,0,0,2,1,1,0,0,-9.9,0.3097,0.31729,14077
1091,5,0,0,0,1,0,0,1,0,-10.5,0.309,0.31676,14082
1092,91,0,0,0,20,6,3,9,0,-2.77,0.3084,0.31538,14173
1093,7,0,0,0,2,2,1,0,0,-7.59,0.3078,0.31504,14180
1094,5,0,0,0,3,2,0,0,1,-12.95,0.3071,0.31504,14185
1095,13,0,0,0,3,4,2,0,0,-3.96,0.3065,0.3144,14198
1096,12,0,0,0,5,3,1,1,0,-8.64,0.3059,0.31443,14210
1097,5,0,0,0,2,1,1,0,0,-9.35,0.3052,0.31443,14215
1098,5,0,0,0,0,1,1,0,0,-8.7,0.3046,0.31443,14220
1099,29,0,0,0,5,8,4,0,0,0.07,0.304,0.31374,14249
1100,5,0,0,0,3,2,1,0,0,-9.45,0.3033,0.31374,14254
1101,31,0,0,0,7,6,3,1,0,-2.42,0.3027,0.31306,14285
1102,13,0,0,0,2,5,2,0,0,-5.21,0.3021,0.31281,14298
1103,34,0,0,0,7,11,3,1,0,-1.63,0.3014,0.31216,14332
1104,5,0,0,0,3,2,1,0,0,-9.45,0.3008,0.31186,14337
1105,5,0,0,0,1,2,1,0,0,-8.85,0.3002,0.31186,14342
1106,5,0,0,0,3,1,1,0,0,-9.95,0.2995,0.31186,14347
1107,5,0,0,0,1,1,1,0,0,-9.85,0.2989,0.31179,14352
1108,13,0,0,0,6,3,2,0,0,-7.11,0.2983,0.31179,14365
1109,14,0,0,0,1,2,2,0,0,-7.38,0.2976,0.31169,14379
1110,6,0,0,0,1,0,0,1,0,-9.62,0.297,0.31046,14385
1111,5,0,0,0,1,1,1,0,0,-9.3,0.2964,0.31046,14390
1112,5,0,0,0,3,2,0,0,1,-13.45,0.2957,0.31046,14395
1113,35,0,0,0,6,4,3,2,0,-5.15,0.2951,0.30929,14430
1114,27,0,0,0,5,9,3,1,0,-0.89,0.2945,0.30863,14457
1115,34,0,0,0,7,5,3,2,0,-4.08,0.2938,0.30822,14491
1116,13,0,0,0,2,1,1,1,0,-8.61,0.2932,0.30778,14504
1117,5,0,0,0,3,2,1,0,0,-9.45,0.2926,0.30778,14509
1118,13,0,0,0,6,1,1,1,0,-9.71,0.2919,0.30755,14522
1119,5,0,0,0,1,1,1,0,0,-8.75,0.2913,0.30755,14527
1120,5,0,0,0,1,1,0,0,1,-13.85,0.2907,0.30716,14532
1121,14,0,0,0,2,1,1,1,0,-8.03,0.29,0.3072,14546
1122,19,0,0,0,4,2,2,1,0,-5.53,0.2894,0.30714,14565
1123,21,0,0,0,4,4,2,1,0,-5.17,0.2888,0.30716,14586
1124,6,0,0,0,4,2,1,0,0,-9.52,0.2881,0.30717,14592
1125,5,0,0,0,3,2,0,0,1,-13.45,0.2875,0.30717,14597
1126,7,0,0,0,5,2,1,0,0,-9.59,0.2869,0.30717,14604
1127,40,0,0,0,6,7,3,3,0,-2.9,0.2862,0.3068,14644
1128,5,0,0,0,1,2,0,0,1,-12.85,0.2856,0.3068,14649
1129,6,0,0,0,1,1,1,0,0,-8.42,0.285,0.3068,14655
1130,5,0,0,0,3,3,0,0,1,-12.95,0.2843,0.30629,14660
1131,13,0,0,0,3,1,1,1,0,-9.01,0.2837,0.30605,14673
1132,5,0,0,0,3,2,0,0,1,-13.45,0.2831,0.30605,14678
1133,14,0,0,0,0,4,2,0,0,-4.68,0.2824,0.30567,14692
1134,5,0,0,0,1,1,1,0,0,-9.85,0.2818,0.30567,14697
1135,40,0,0,0,7,6,4,2,0,-1.15,0.2812,0.30383,14737
1136,5,0,0,0,2,0,0,1,0,-11.65,0.2805,0.30383,14742
1137,42,0,0,0,2,6,3,3,0,-1.54,0.2799,0.30325,14784
1138,20,0,0,0,2,6,3,0,0,-3.0,0.2793,0.30287,14804
1139,22,1,1,0,9,1,1,2,0,-8.24,0.2786,0.3028,14826
1140,32,1,1,0,4,9,4,0,0,2.46,0.278,0.30248,14858
1141,26,0,0,0,4,4,3,1,0,-4.27,0.2774,0.30237,14884
1142,20,0,0,0,2,3,2,1,0,-6.05,0.2767,0.30202,14904
1143,5,0,0,0,3,2,0,0,1,-13.45,0.2761,0.30202,14909
1144,5,0,0,0,1,2,1,0,0,-8.25,0.2755,0.30197,14914
1145,12,0,0,0,2,2,1,1,0,-7.39,0.2748,0.30197,14926
1146,81,0,0,0,9,6,4,7,0,-0.32,0.2742,0.30089,15007
1147,5,0,0,0,3,3,0,0,1,-12.45,0.2736,0.30077,15012
1148,5,0,0,0,1,1,1,0,0,-9.85,0.2729,0.30077,15017
1149,5,0,0,0,1,1,1,0,0,-8.75,0.2723,0.30077,15022
1150,64,0,0,0,10,3,3,6,0,-4.48,0.2717,0.29903,15086
1151,5,0,0,0,1,1,1,0,0,-9.85,0.271,0.29888,15091
1152,5,0,0,0,3,2,0,0,1,-13.45,0.2704,0.29888,15096
1153,5,0,0,0,1,1,1,0,0,-9.85,0.2698,0.29888,15101
1154,6,0,0,0,3,1,1,0,0,-8.37,0.2691,0.29875,15107
1155,5,0,0,0,3,0,0,1,0,-11.7,0.2685,0.29875,15112
1156,12,0,0,0,2,2,1,1,0,-8.44,0.2679,0.29816,15124
1157,5,0,0,0,3,3,1,0,0,-8.45,0.2672,0.29816,15129
1158,5,0,0,0,3,1,1,0,0,-9.95,0.2666,0.29816,15134
1159,5,0,0,0,3,2,1,0,0,-9.45,0.266,0.29805,15139
1160,27,0,0,0,7,5,2,2,0,-3.49,0.2653,0.29773,15166
1161,29,0,0,0,12,5,4,0,0,-3.08,0.2647,0.2967,15195
1162,6,0,0,0,4,2,0,0,1,-13.52,0.2641,0.2968,15201
1163,13,0,0,0,6,4,2,0,0,-7.11,0.2634,0.2968,15214
1164,5,0,0,0,3,2,0,0,1,-13.45,0.2628,0.29652,15219
1165,5,0,0,0,3,1,1,0,0,-9.4,0.2622,0.29652,15224
1166,5,0,0,0,3,1,1,0,0,-9.4,0.2615,0.29652,15229
1167,5,0,0,0,0,3,1,0,0,-6.3,0.2609,0.29571,15234
1168,12,0,0,0,4,2,2,0,0,-8.24,0.2603,0.29571,15246
1169,14,0,0,0,1,3,1,1,0,-7.58,0.2596,0.2958,15260
1170,5,0,0,0,3,3,1,0,0,-8.95,0.259,0.29549,15265
1171,47,1,1,0,11,5,2,5,0,-3.44,0.2584,0.29458,15312
1172,13,0,0,0,6,2,1,1,0,-9.61,0.2577,0.29458,15325
1173,5,0,0,0,1,2,1,0,0,-9.35,0.2571,0.29444,15330
1174,73,0,0,0,13,3,3,7,0,-3.11,0.2565,0.29278,15403
1175,31,1,1,0,5,2,1,3,0,-5.92,0.2558,0.29202,15434
1176,7,0,0,0,2,1,1,0,0,-8.84,0.2552,0.2917,15441
1177,5,0,0,0,2,1,1,0,0,-8.8,0.2546,0.2917,15446
1178,5,0,0,0,3,4,0,0,1,-12.45,0.2539,0.2917,15451
1179,129,1,1,0,20,11,4,14,0,5.07,0.2533,0.28804,15580
1180,30,0,0,0,9,7,3,1,0,-3.55,0.2527,0.28738,15610
1181,5,0,0,0,3,3,0,0,1,-12.45,0.252,0.28738,15615
1182,5,0,0,0,3,3,0,0,1,-12.95,0.2514,0.28723,15620
1183,14,0,0,0,2,3,2,0,0,-5.43,0.2508,0.28732,15634
1184,58,0,0,0,4,9,4,4,0,2.04,0.2501,0.28691,15692
1185,5,0,0,0,3,3,0,0,1,-12.95,0.2495,0.2866,15697
1186,19,0,0,0,2,7,2,1,0,-3.23,0.2489,0.28661,15716
1187,5,0,0,0,0,2,0,0,1,-13.3,0.2482,0.28661,15721
1188,5,0,0,0,3,2,0,0,1,-13.45,0.2476,0.28661,15726
1189,12,0,0,0,3,4,2,0,0,-6.69,0.247,0.28559,15738
1190,5,0,0,0,0,1,1,0,0,-8.7,0.2463,0.28559,15743
1191,7,0,0,0,0,2,1,0,0,-7.49,0.2457,0.28526,15750
1192,6,0,0,0,1,2,1,0,0,-7.42,0.2451,0.28526,15756
1193,5,0,0,0,0,2,1,0,0,-6.8,0.2444,0.28487,15761
1194,21,0,0,0,3,5,3,0,0,-4.12,0.2438,0.28424,15782
1195,21,0,0,0,2,2,1,2,0,-8.02,0.2432,0.28383,15803
1196,36,0,0,0,9,4,4,1,0,-1.72,0.2425,0.28314,15839
1197,5,0,0,0,3,2,1,0,0,-8.9,0.2419,0.28298,15844
1198,5,0,0,0,1,1,1,0,0,-7.7,0.2413,0.28298,15849
1199,5,0,0,0,3,1,1,0,0,-9.4,0.2406,0.28298,15854
1200,5,0,0,0,3,1,1,0,0,-9.95,0.24,0.28327,15859
1201,5,0,0,0,3,2,1,0,0,-9.45,0.2394,0.28327,15864
1202,5,0,0,0,3,1,0,0,1,-13.95,0.2387,0.28327,15869
1203,5,0,0,0,3,2,0,0,1,-13.45,0.2381,0.28319,15874
1204,5,0,0,0,3,3,0,0,1,-12.45,0.2375,0.28319,15879
1205,5,0,0,0,2,1,1,0,0,-9.4,0.2368,0.28319,15884
1206,69,2,2,0,14,7,4,6,0,2.57,0.2362,0.28121,15953
1207,7,0,0,0,0,2,1,0,0,-7.34,0.2356,0.28121,15960
1208,12,0,0,0,2,4,2,0,0,-4.79,0.2349,0.28066,15972
1209,5,0,0,0,1,0,0,1,0,-11.6,0.2343,0.28066,15977
1210,5,0,0,0,3,0,0,1,0,-11.1,0.2337,0.28066,15982
1211,14,0,0,0,3,4,2,0,0,-5.23,0.233,0.28029,15996
1212,5,0,0,0,0,0,0,1,0,-10.4,0.2324,0.27988,16001
1213,19,0,0,0,4,4,3,0,0,-5.33,0.2318,0.27947,16020
1214,12,0,0,0,3,3,2,0,0,-6.59,0.2311,0.27876,16032
1215,5,0,0,0,2,1,1,0,0,-9.35,0.2305,0.27876,16037
1216,5,0,0,0,3,2,0,0,1,-12.95,0.2299,0.27876,16042
1217,5,0,0,0,3,2,0,0,1,-13.45,0.2292,0.27876,16047
1218,5,0,0,0,0,0,0,1,0,-9.5,0.2286,0.27837,16052
1219,5,0,0,0,1,0,0,1,0,-11.0,0.228,0.27837,16057
1220,13,0,0,0,1,1,1,1,0,-8.81,0.2273,0.27823,16070
1221,52,0,0,0,12,9,6,1,0,1.71,0.2267,0.27708,16122
1222,69,1,1,0,6,7,3,7,0,-1.83,0.2261,0.2759,16191
1223,5,0,0,0,1,1,1,0,0,-9.85,0.2254,0.27515,16196
1224,5,0,0,0,2,2,1,0,0,-8.3,0.2248,0.27515,16201
1225,5,0,0,0,3,3,0,0,1,-12.95,0.2242,0.27515,16206
1226,14,0,0,0,2,3,2,0,0,-6.33,0.2235,0.27475,16220
1227,5,0,0,0,0,0,0,1,0,-9.5,0.2229,0.27426,16225
1228,50,1,1,0,12,13,6,1,0,6.65,0.2223,0.27314,16275
1229,27,1,1,0,8,6,2,2,0,-3.29,0.2216,0.27292,16302
1230,35,0,0,0,4,8,5,0,0,1.25,0.221,0.27177,16337
1231,5,0,0,0,2,2,1,0,0,-8.85,0.2204,0.27177,16342
1232,30,1,1,0,8,4,3,1,0,-2.8,0.2197,0.27104,16372
1233,6,0,0,0,1,2,1,0,0,-7.37,0.2191,0.27104,16378
1234,5,0,0,0,3,3,0,0,1,-12.45,0.2185,0.27104,16383
1235,5,0,0,0,0,1,1,0,0,-8.2,0.2178,0.27056,16388
1236,5,0,0,0,3,2,0,0,1,-12.95,0.2172,0.27056,16393
1237,5,0,0,0,3,3,0,0,1,-12.45,0.2166,0.27056,16398
1238,5,0,0,0,3,1,1,0,0,-9.95,0.2159,0.27027,16403
1239,19,0,0,0,4,2,1,2,0,-7.18,0.2153,0.26975,16422
1240,5,0,0,0,2,2,1,0,0,-9.4,0.2147,0.26975,16427
1241,34,0,0,0,10,6,2,3,0,-3.63,0.214,0.26928,16461
1242,5,0,0,0,2,2,1,0,0,-9.4,0.2134,0.26921,16466
1243,70,2,2,0,11,18,5,5,0,8.95,0.2128,0.2677,16536
1244,5,0,0,0,2,2,1,0,0,-8.9,0.2121,0.2677,16541
1245,12,0,0,0,2,1,1,1,0,-8.94,0.2115,0.26742,16553
1246,23,0,0,0,6,2,2,1,0,-5.81,0.2109,0.26653,16576
1247,5,0,0,0,3,2,1,0,0,-9.45,0.2102,0.26653,16581
1248,5,0,0,0,2,0,0,1,0,-11.6,0.2096,0.26653,16586
1249,34,0,0,0,8,3,2,3,0,-7.38,0.209,0.26583,16620
1250,83,0,0,0,7,9,6,6,0,4.69,0.2083,0.26514,16703
1251,113,0,0,0,12,3,2,14,0,-4.86,0.2077,0.26284,16816
1252,5,0,0,0,2,1,0,0,1,-13.9,0.2071,0.26284,16821
1253,5,0,0,0,0,0,0,1,0,-11.0,0.2064,0.26284,16826
1254,6,0,0,0,4,1,1,0,0,-10.02,0.2058,0.26239,16832
1255,5,0,0,0,1,2,0,0,1,-13.35,0.2052,0.26239,16837
1256,20,1,1,0,4,4,3,0,0,-3.7,0.2045,0.26204,16857
1257,5,0,0,0,1,1,1,0,0,-9.85,0.2039,0.26204,16862
1258,17,0,0,0,3,3,2,0,0,-5.94,0.2033,0.26167,16879
1259,20,0,0,0,1,9,2,1,0,-1.0,0.2026,0.26135,16899
1260,26,0,0,0,3,2,2,2,0,-7.37,0.202,0.2611,16925
1261,22,0,0,0,3,3,2,1,0,-6.14,0.2014,0.26032,16947
1262,5,0,0,0,3,2,1,0,0,-8.4,0.2007,0.26032,16952
1263,5,0,0,0,1,0,0,1,0,-11.6,0.2001,0.26032,16957
1264,5,0,0,0,3,2,1,0,0,-8.95,0.1995,0.26006,16962
1265,5,0,0,0,0,1,1,0,0,-7.8,0.1988,0.26006,16967
1266,12,0,0,0,2,3,2,0,0,-5.24,0.1982,0.25966,16979
1267,5,0,0,0,1,3,0,0,1,-12.35,0.1976,0.25966,16984
1268,5,0,0,0,3,1,0,0,1,-13.95,0.1969,0.25966,16989
1269,5,0,0,0,0,1,1,0,0,-8.7,0.1963,0.25953,16994
1270,5,0,0,0,1,2,0,0,1,-13.35,0.1957,0.25953,16999
1271,6,0,0,0,4,1,1,0,0,-10.02,0.195,0.25953,17005
1272,5,0,0,0,0,0,0,1,0,-10.4,0.1944,0.25909,17010
1273,34,0,0,0,9,2,2,3,0,-4.93,0.1938,0.25892,17044
1274,5,0,0,0,2,1,1,0,0,-9.9,0.1931,0.25892,17049
1275,5,0,0,0,2,1,1,0,0,-9.35,0.1925,0.25892,17054
1276,5,0,0,0,3,3,0,0,1,-12.95,0.1919,0.25865,17059
1277,5,0,0,0,1,1,1,0,0,-9.85,0.1912,0.25865,17064
1278,71,0,0,0,7,10,5,5,0,0.78,0.1906,0.25735,17135
1279,5,0,0,0,3,2,0,0,1,-12.95,0.19,0.25713,17140
1280,5,0,0,0,3,3,0,0,1,-12.95,0.1893,0.25713,17145
1281,12,0,0,0,1,4,2,0,0,-4.39,0.1887,0.25671,17157
1282,5,0,0,0,3,1,1,0,0,-9.45,0.1881,0.25671,17162
1283,7,0,0,0,2,2,1,0,0,-7.84,0.1874,0.25667,17169
1284,5,0,0,0,3,1,1,0,0,-9.95,0.1868,0.25667,17174
1285,28,1,1,0,7,7,3,1,0,-1.76,0.1862,0.25602,17202
1286,19,0,0,0,4,5,2,1,0,-4.23,0.1855,0.25598,17221
1287,5,0,0,0,1,1,1,0,0,-8.75,0.1849,0.25598,17226
1288,12,0,0,0,3,4,1,1,0,-7.34,0.1843,0.25583,17238
1289,5,0,0,0,1,2,0,0,1,-12.85,0.1836,0.25583,17243
1290,26,0,0,0,9,9,4,0,0,-0.82,0.183,0.25473,17269
1291,12,0,0,0,3,3,1,1,0,-7.99,0.1824,0.25458,17281
1292,72,0,0,0,8,22,9,1,0,15.26,0.1817,0.2531,17353
1293,20,0,0,0,6,3,1,2,0,-8.7,0.1811,0.25267,17373
1294,6,0,0,0,2,0,0,1,0,-11.07,0.1805,0.25222,17379
1295,5,0,0,0,2,1,0,0,1,-13.9,0.1798,0.25222,17384
1296,143,0,0,0,21,14,7,13,0,7.79,0.1792,0.24972,17527
1297,5,0,0,0,3,1,0,0,1,-13.95,0.1786,0.24972,17532
1298,20,1,1,0,5,3,2,1,0,-4.6,0.1779,0.24898,17552
1299,41,0,0,0,8,7,3,3,0,-2.47,0.1773,0.24841,17593
1300,8,0,0,0,4,2,1,0,0,-9.56,0.1767,0.24782,17601
1301,13,0,0,0,6,4,2,0,0,-5.61,0.176,0.24782,17614
1302,5,0,0,0,3,1,1,0,0,-9.45,0.1754,0.24738,17619
1303,6,0,0,0,0,0,0,1,0,-9.92,0.1748,0.24738,17625
1304,5,0,0,0,1,1,0,0,1,-13.85,0.1741,0.24738,17630
1305,5,0,0,0,3,1,1,0,0,-9.95,0.1735,0.24702,17635
1306,62,0,0,0,9,4,3,6,0,-2.54,0.1729,0.24585,17697
1307,5,0,0,0,2,1,1,0,0,-9.9,0.1722,0.24585,17702
1308,5,0,0,0,3,2,1,0,0,-9.45,0.1716,0.24585,17707
1309,5,0,0,0,1,2,0,0,1,-13.35,0.171,0.24513,17712
1310,12,0,0,0,5,5,2,0,0,-6.39,0.1703,0.24513,17724
1311,6,0,0,0,4,4,0,0,1,-12.02,0.1697,0.24503,17730
1312,14,0,0,0,1,4,2,0,0,-6.63,0.1691,0.24482,17744
1313,40,0,0,0,9,8,3,3,0,-1.85,0.1684,0.24394,17784
1314,26,0,0,0,4,6,4,0,0,-1.82,0.1678,0.2437,17810
1315,19,0,0,0,4,2,1,2,0,-7.58,0.1672,0.24328,17829
1316,40,0,0,0,5,8,5,1,0,0.4,0.1665,0.24306,17869
1317,12,0,0,0,3,2,2,0,0,-7.29,0.1659,0.24275,17881
1318,5,0,0,0,1,0,0,1,0,-11.6,0.1653,0.24275,17886
1319,27,1,1,0,2,6,3,1,0,-0.64,0.1646,0.24229,17913
1320,14,0,0,0,3,2,2,0,0,-8.23,0.164,0.24189,17927
1321,26,0,0,0,4,2,2,2,0,-6.02,0.1634,0.24154,17953
1322,5,0,0,0,3,2,0,0,1,-13.45,0.1627,0.24154,17958
1323,27,0,0,0,8,3,2,2,0,-7.39,0.1621,0.24137,17985
1324,5,0,0,0,1,2,1,0,0,-9.35,0.1615,0.24137,17990
1325,5,0,0,0,0,0,0,1,0,-9.55,0.1608,0.24137,17995
1326,77,0,0,0,14,10,6,5,0,5.56,0.1602,0.24511,18072
1327,13,0,0,0,6,4,2,0,0,-6.96,0.1596,0.24541,18085
1328,12,0,0,0,2,5,2,0,0,-4.64,0.1589,0.24546,18097
1329,27,0,0,0,5,4,3,1,0,-4.14,0.1583,0.2458,18124
1330,5,0,0,0,3,2,1,0,0,-9.45,0.1577,0.247,18129
1331,118,0,0,0,11,12,6,11,0,8.84,0.157,0.2523,18247
1332,35,1,1,0,6,3,2,3,0,-3.5,0.1564,0.25362,18282
1333,5,0,0,0,3,3,0,0,1,-12.45,0.1558,0.25362,18287
1334,169,1,1,0,16,17,8,16,0,14.72,0.1551,0.25937,18456
1335,143,1,1,0,16,6,5,15,0,3.74,0.1545,0.26341,18599
1336,14,0,0,0,4,0,0,1,0,-11.33,0.1539,0.26412,18613
1337,93,0,0,0,42,5,2,5,0,-6.66,0.1532,0.26735,18706
1338,5,0,0,0,3,2,1,0,0,-8.9,0.1526,0.26735,18711
1339,5,0,0,0,3,1,1,0,0,-9.95,0.152,0.26735,18716
1340,145,0,0,0,11,9,5,15,0,6.05,0.1513,0.27285,18861
1341,20,1,1,0,4,5,3,0,0,-2.3,0.1507,0.27407,18881
1342,5,0,0,0,3,2,0,0,1,-13.45,0.1501,0.27407,18886
1343,5,0,0,0,1,1,0,0,1,-13.85,0.1494,0.27407,18891
1344,12,0,0,0,2,4,2,0,0,-4.64,0.1488,0.2745,18903
1345,33,0,0,0,4,3,3,2,0,-5.76,0.1482,0.27558,18936
1346,5,0,0,0,3,2,1,0,0,-9.45,0.1475,0.27558,18941
1347,19,0,0,0,3,6,2,1,0,-5.33,0.1469,0.2773,18960
1348,5,0,0,0,3,3,0,0,1,-12.45,0.1463,0.2773,18965
1349,34,0,0,0,3,3,2,3,0,-5.03,0.1456,0.27819,18999
1350,5,0,0,0,0,1,1,0,0,-9.8,0.145,0.27819,19004
1351,7,0,0,0,0,0,0,1,0,-9.59,0.1444,0.27826,19011
1352,5,0,0,0,3,2,0,0,1,-13.45,0.1437,0.27826,19016
1353,122,0,0,0,14,12,6,10,0,7.11,0.1431,0.28312,19138
1354,5,0,0,0,0,2,1,0,0,-8.8,0.1425,0.28312,19143
1355,80,0,0,0,9,4,4,7,0,-1.05,0.1418,0.28483,19223
1356,27,0,0,0,7,8,4,0,0,0.26,0.1412,0.28557,19250
1357,5,0,0,0,3,4,0,0,1,-11.45,0.1406,0.28557,19255
1358,13,0,0,0,4,3,2,0,0,-6.86,0.1399,0.28596,19268
1359,33,0,0,0,11,8,5,0,0,-0.36,0.1393,0.28712,19301
1360,12,0,0,0,1,4,2,0,0,-7.09,0.1387,0.28756,19313
1361,13,0,0,0,6,2,2,0,0,-8.11,0.138,0.28756,19326
1362,12,0,0,0,0,3,2,0,0,-5.54,0.1374,0.28782,19338
1363,20,0,0,0,4,6,3,0,0,-4.1,0.1368,0.28785,19358
1364,5,0,0,0,1,0,0,1,0,-10.5,0.1361,0.28828,19363
1365,5,0,0,0,1,1,1,0,0,-8.8,0.1355,0.28828,19368
1366,57,0,0,0,14,13,7,1,0,7.76,0.1349,0.29003,19425
1367,5,0,0,0,3,3,0,0,1,-12.95,0.1342,0.29003,19430
1368,19,0,0,0,5,4,2,1,0,-5.38,0.1336,0.29026,19449
1369,72,0,0,0,9,14,8,2,0,8.96,0.133,0.29211,19521
1370,161,0,0,0,30,13,9,12,0,11.28,0.1323,0.2955,19682
1371,67,0,0,0,10,11,8,1,0,8.86,0.1317,0.2977,19749
1372,12,0,0,0,2,1,1,1,0,-7.54,0.1311,0.29828,19761
1373,5,0,0,0,3,2,1,0,0,-9.45,0.1304,0.29828,19766
1374,113,3,3,0,28,24,12,4,0,25.74,0.1298,0.30153,19879
1375,6,0,0,0,1,2,0,0,1,-13.37,0.1292,0.30153,19885
1376,238,0,0,0,166,9,5,3,0,-8.66,0.1285,0.30649,20123
1377,12,0,0,0,0,1,1,1,0,-6.79,0.1279,0.30678,20135
1378,5,0,0,0,3,3,0,0,1,-12.95,0.1273,0.30678,20140
1379,27,0,0,0,4,7,4,0,0,-0.69,0.1266,0.30728,20167
1380,5,0,0,0,3,3,0,0,1,-12.95,0.126,0.30728,20172
1381,5,0,0,0,3,2,0,0,1,-12.95,0.1254,0.30754,20177
1382,218,0,0,0,140,10,5,5,0,-6.81,0.1247,0.31216,20395
1383,5,0,0,0,3,2,1,0,0,-8.95,0.1241,0.31252,20400
1384,5,0,0,0,0,1,0,0,1,-13.8,0.1235,0.31252,20405
1385,69,0,0,0,8,7,4,6,0,-2.43,0.1228,0.31387,20474
1386,5,0,0,0,1,3,0,0,1,-11.85,0.1222,0.31387,20479
1387,5,0,0,0,3,3,0,0,1,-12.45,0.1216,0.31466,20484
1388,5,0,0,0,1,1,1,0,0,-8.75,0.1209,0.31466,20489
1389,5,0,0,0,3,1,1,0,0,-9.95,0.1203,0.31466,20494
1390,19,0,0,0,7,2,1,2,0,-8.93,0.1197,0.31515,20513
1391,61,0,0,0,6,3,2,7,0,-5.67,0.119,0.3159,20574
1392,13,0,0,0,4,3,2,0,0,-7.76,0.1184,0.31632,20587
1393,5,0,0,0,3,3,0,0,1,-12.95,0.1178,0.31665,20592
1394,6,0,0,0,1,1,1,0,0,-7.87,0.1171,0.31665,20598
1395,5,0,0,0,3,3,0,0,1,-12.95,0.1165,0.31665,20603
1396,12,0,0,0,5,3,1,1,0,-8.64,0.1159,0.31709,20615
1397,5,0,0,0,3,1,1,0,0,-9.45,0.1152,0.31709,20620
1398,133,2,2,0,71,10,6,4,0,3.24,0.1146,0.31947,20753
1399,5,0,0,0,3,2,0,0,1,-13.45,0.114,0.31947,20758
1400,235,1,1,0,42,16,9,18,0,15.9,0.1133,0.32402,20993
1401,5,0,0,0,3,2,0,0,1,-12.95,0.1127,0.32402,20998
1402,106,1,1,0,15,9,5,8,0,5.58,0.1121,0.32724,21104
1403,140,0,0,0,71,12,5,3,0,-2.25,0.1114,0.33041,21244
1404,5,0,0,0,1,0,0,1,0,-11.55,0.1108,0.33048,21249
1405,50,2,2,0,3,10,5,2,0,4.0,0.1102,0.33192,21299
1406,35,0,0,0,4,6,3,2,0,-1.6,0.1095,0.33251,21334
1407,382,2,2,0,107,16,11,33,0,21.36,0.1089,0.34069,21716
1408,5,0,0,0,3,2,1,0,0,-9.45,0.1083,0.34069,21721
1409,5,0,0,0,3,2,1,0,0,-9.45,0.1076,0.34069,21726
1410,5,0,0,0,1,0,0,1,0,-11.6,0.107,0.34094,21731
1411,5,0,0,0,3,4,0,0,1,-12.45,0.1064,0.34094,21736
1412,233,0,0,0,33,11,5,13,0,2.94,0.1057,0.34635,21969
1413,20,0,0,0,2,1,1,0,0,-9.6,0.1051,0.34671,21989
1414,49,0,0,0,43,1,1,0,0,-12.33,0.1045,0.34805,22038
1415,5,0,0,0,1,2,1,0,0,-7.75,0.1038,0.34805,22043
1416,6,0,0,0,4,3,0,0,1,-13.02,0.1032,0.34843,22049
1417,42,0,0,0,12,7,3,3,0,-0.69,0.1026,0.34901,22091
1418,5,0,0,0,1,2,0,0,1,-13.35,0.1019,0.34936,22096
1419,6,0,0,0,0,1,1,0,0,-7.67,0.1013,0.34936,22102
1420,92,0,0,0,23,6,3,10,0,0.06,0.1007,0.35114,22194
1421,5,0,0,0,3,2,1,0,0,-8.95,0.1,0.35114,22199
1422,225,0,0,0,107,5,3,15,0,-5.55,0.0994,0.35421,22424
1423,5,0,0,0,0,2,1,0,0,-9.3,0.0988,0.35421,22429
1424,5,0,0,0,1,1,0,0,1,-13.85,0.0981,0.35486,22434
1425,136,1,1,0,19,11,7,11,0,8.58,0.0975,0.35794,22570
1426,49,0,0,0,17,9,6,1,0,2.37,0.0969,0.35824,22619
1427,213,2,2,0,39,18,11,19,0,22.49,0.0962,0.36137,22832
1428,39,0,0,0,14,0,0,5,0,-9.73,0.0956,0.36199,22871
1429,78,0,0,0,15,15,9,2,0,12.09,0.095,0.36357,22949
1430,6,0,0,0,4,4,0,0,1,-12.52,0.0943,0.36357,22955
1431,74,0,0,0,16,6,4,6,0,1.12,0.0937,0.36514,23029
1432,5,0,0,0,1,1,0,0,1,-13.85,0.0931,0.36514,23034
1433,5,0,0,0,0,2,0,0,1,-12.8,0.0924,0.36514,23039
1434,5,0,0,0,3,1,1,0,0,-9.95,0.0918,0.36548,23044
1435,12,0,0,0,1,1,1,1,0,-8.79,0.0912,0.36595,23056
1436,48,0,0,0,8,5,3,4,0,-3.36,0.0905,0.36686,23104
1437,7,0,0,0,4,2,1,0,0,-9.54,0.0899,0.36686,23111
1438,5,0,0,0,3,2,0,0,1,-12.95,0.0893,0.36686,23116
1439,261,1,1,0,58,7,5,32,0,9.43,0.0886,0.37278,23377
1440,5,0,0,0,3,3,0,0,1,-12.95,0.088,0.37278,23382
1441,86,1,1,0,34,7,5,6,0,0.33,0.0874,0.3747,23468
1442,99,1,1,0,17,6,4,10,0,2.72,0.0867,0.37695,23567
1443,5,0,0,0,3,2,0,0,1,-12.95,0.0861,0.37723,23572
1444,210,1,1,0,40,16,10,6,0,12.45,0.0855,0.38103,23782
1445,47,0,0,0,5,8,5,2,0,1.11,0.0848,0.38188,23829
1446,77,0,0,0,14,9,5,6,0,3.16,0.0842,0.38357,23906
1447,5,0,0,0,3,2,0,0,1,-13.45,0.0836,0.38357,23911
1448,5,0,0,0,3,3,0,0,1,-12.45,0.0829,0.38357,23916
1449,5,0,0,0,3,1,1,0,0,-9.95,0.0823,0.38381,23921
1450,19,0,0,0,1,3,3,0,0,-4.18,0.0817,0.3842,23940
1451,5,0,0,0,3,3,0,0,1,-12.95,0.081,0.3842,23945
1452,334,2,2,0,150,19,11,17,0,16.62,0.0804,0.38994,24279
1453,5,0,0,0,3,3,0,0,1,-12.95,0.0798,0.38994,24284
1454,191,0,0,0,27,11,6,14,0,6.88,0.0791,0.39427,24475
1455,5,0,0,0,3,3,0,0,1,-12.95,0.0785,0.39481,24480
1456,401,1,1,0,241,9,6,18,0,3.88,0.0779,0.40094,24880
1457,401,0,0,0,182,10,7,25,0,10.68,0.0772,0.40875,25280
1458,170,0,0,0,101,13,7,4,0,2.35,0.0766,0.41198,25450
1459,5,0,0,0,3,3,0,0,1,-12.45,0.076,0.41198,25455
1460,326,2,2,0,242,10,6,2,0,-8.82,0.0753,0.41788,25781
1461,315,1,1,0,59,15,11,31,0,22.65,0.0747,0.41569,26096
1462,5,0,0,0,3,2,0,0,1,-13.45,0.0741,0.41569,26101
1463,48,0,0,0,8,9,6,1,0,2.14,0.0734,0.41343,26149
1464,5,0,0,0,3,1,1,0,0,-9.95,0.0728,0.41343,26154
1465,5,0,0,0,1,1,0,0,1,-13.85,0.0722,0.41343,26159
1466,5,0,0,0,3,2,0,0,1,-13.45,0.0715,0.41257,26164
1467,122,0,0,0,95,6,4,0,0,-9.04,0.0709,0.40869,26286
1468,34,0,0,0,8,8,3,0,0,-2.68,0.0703,0.40657,26320
1469,98,2,2,0,10,12,6,6,0,9.49,0.0696,0.40446,26418
1470,78,0,0,0,17,7,5,6,0,3.04,0.069,0.40088,26496
1471,75,0,0,0,19,6,3,6,0,-2.6,0.0684,0.40049,26571
1472,401,2,2,0,138,38,19,16,0,50.83,0.0677,0.38531,26971
1473,5,0,0,0,0,0,0,1,0,-9.55,0.0671,0.3848,26976
1474,45,0,0,0,10,9,4,2,0,-1.9,0.0665,0.38414,27021
1475,90,1,1,0,16,8,5,7,0,5.2,0.0658,0.38038,27111
1476,5,0,0,0,3,2,1,0,0,-9.45,0.0652,0.38038,27116
1477,110,0,0,0,29,18,10,6,0,16.9,0.0646,0.37775,27226
1478,240,0,0,0,50,9,8,26,0,13.3,0.0639,0.37194,27466
1479,13,0,0,0,1,6,2,0,0,-3.21,0.0633,0.37154,27479
1480,360,0,0,0,144,8,4,25,0,-3.05,0.0627,0.36308,27839
1481,5,0,0,0,1,2,1,0,0,-8.25,0.062,0.36263,27844
1482,6,0,0,0,3,2,1,0,0,-8.97,0.0614,0.36263,27850
1483,5,0,0,0,3,3,0,0,1,-11.95,0.0608,0.36263,27855
1484,47,0,0,0,2,6,3,4,0,0.16,0.0601,0.36154,27902
1485,155,2,2,0,30,30,14,8,0,29.8,0.0595,0.35931,28057
1486,5,0,0,0,1,1,1,0,0,-9.85,0.0589,0.35931,28062
1487,5,0,0,0,3,2,1,0,0,-9.45,0.0582,0.35956,28067
1488,5,0,0,0,1,2,0,0,1,-13.35,0.0576,0.35956,28072
1489,68,0,0,0,43,10,3,1,0,-3.26,0.057,0.35832,28140
1490,5,0,0,0,3,3,1,0,0,-8.95,0.0563,0.35815,28145
1491,12,0,0,0,3,2,2,0,0,-7.79,0.0557,0.35815,28157
1492,223,0,0,0,37,12,7,23,0,11.24,0.0551,0.35442,28380
1493,401,1,1,0,39,9,6,16,0,13.18,0.0544,0.34669,28780
1494,401,2,2,0,48,14,12,32,0,34.63,0.0538,0.33859,29180
1495,5,0,0,0,3,2,0,0,1,-13.45,0.0532,0.33859,29185
1496,68,0,0,0,65,1,1,0,0,-14.31,0.0525,0.33792,29253
1497,5,0,0,0,3,2,0,0,1,-13.45,0.0519,0.33792,29258
1498,401,3,3,0,129,18,17,27,0,39.48,0.0513,0.3329,29658
1499,401,2,2,0,42,22,15,14,0,37.38,0.0506,0.32678,30058
1500,5,0,0,0,3,2,1,0,0,-9.45,0.05,0.32678,30063
1501,19,0,0,0,3,5,2,1,0,-6.68,0.05,0.32645,30082
1502,48,1,1,0,8,12,5,2,0,5.64,0.05,0.32605,30130
1503,401,1,1,0,31,9,7,24,0,18.73,0.05,0.32232,30530
1504,146,2,2,0,24,22,12,8,0,26.93,0.05,0.32152,30676
1505,371,0,0,0,22,21,10,27,0,22.98,0.05,0.31765,31047
1506,8,0,0,0,1,1,1,0,0,-7.41,0.05,0.31765,31055
1507,237,3,3,0,84,20,12,13,0,22.36,0.05,0.31399,31292
1508,222,1,1,0,12,5,5,23,0,6.16,0.05,0.31122,31514
1509,34,0,0,0,10,10,5,0,0,1.02,0.05,0.31083,31548
1510,101,1,1,0,7,15,8,6,0,13.03,0.05,0.30983,31649
1511,44,0,0,0,8,4,2,4,0,-4.08,0.05,0.30988,31693
1512,401,3,3,0,33,24,14,23,0,41.13,0.05,0.30398,32093
1513,401,2,2,0,37,15,11,27,0,29.98,0.05,0.29937,32493
1514,34,1,1,0,7,4,4,1,0,0.22,0.05,0.29934,32527
1515,27,2,2,0,3,6,3,1,0,0.51,0.05,0.2987,32554
1516,5,0,0,0,3,2,0,0,1,-12.95,0.05,0.2987,32559
1517,5,0,0,0,3,2,0,0,1,-13.45,0.05,0.29845,32564
1518,77,0,0,0,11,12,4,6,0,4.76,0.05,0.29791,32641
1519,233,1,1,0,127,14,10,6,0,7.14,0.05,0.29433,32874
1520,213,0,0,0,28,9,4,12,0,-0.11,0.05,0.29159,33087
1521,50,2,2,0,7,10,7,0,0,9.25,0.05,0.29026,33137
1522,5,0,0,0,1,1,1,0,0,-9.85,0.05,0.29026,33142
1523,188,3,3,0,33,17,10,15,0,24.44,0.05,0.28872,33330
1524,5,0,0,0,0,2,1,0,0,-9.3,0.05,0.28872,33335
1525,5,0,0,0,3,3,0,0,1,-12.95,0.05,0.28872,33340
1526,320,1,1,0,21,19,7,13,0,11.55,0.05,0.28496,33660
1527,401,0,0,0,96,16,8,7,0,13.08,0.05,0.28358,34060
1528,5,0,0,0,1,0,0,1,0,-11.6,0.05,0.28398,34065
1529,54,0,0,0,19,15,6,2,0,6.12,0.05,0.28486,34119
1530,12,0,0,0,2,1,1,1,0,-9.84,0.05,0.28488,34131
1531,5,0,0,0,3,1,1,0,0,-9.95,0.05,0.28488,34136
1532,268,0,0,0,44,24,16,17,0,30.99,0.05,0.28571,34404
1533,12,0,0,0,2,2,1,1,0,-6.49,0.05,0.28587,34416
1534,338,5,5,0,44,24,11,35,0,33.49,0.05,0.29029,34754
1535,401,0,0,0,28,16,10,9,0,20.58,0.05,0.29268,35154
1536,58,3,3,0,12,11,6,2,0,10.29,0.05,0.29198,35212
1537,5,0,0,0,3,3,0,0,1,-12.95,0.05,0.29177,35217
1538,401,2,2,0,33,10,9,6,0,15.98,0.05,0.2947,35617
1539,5,0,0,0,3,2,1,0,0,-9.45,0.05,0.2947,35622
1540,401,1,1,0,44,11,8,30,0,20.93,0.05,0.29493,36022
1541,6,0,0,0,1,1,1,0,0,-8.27,0.05,0.29493,36028
1542,33,0,0,0,16,6,4,1,0,-3.11,0.05,0.29503,36061
1543,401,0,0,0,40,13,9,3,0,14.08,0.05,0.29713,36461
1544,401,0,0,0,126,20,13,19,0,25.63,0.05,0.30082,36861
1545,117,1,1,0,26,9,6,9,0,4.21,0.05,0.3024,36978
1546,133,2,2,0,21,18,12,6,0,21.99,0.05,0.30337,37111
1547,5,0,0,0,1,1,0,0,1,-13.85,0.05,0.30337,37116
1548,401,0,0,0,28,9,6,20,0,12.68,0.05,0.30357,37516
1549,401,4,4,0,34,14,11,35,0,34.83,0.05,0.30333,37916
1550,5,0,0,0,1,2,0,0,1,-12.85,0.05,0.30338,37921
1551,236,1,1,0,25,7,6,3,0,1.43,0.05,0.30232,38157
1552,401,1,1,0,22,21,11,28,0,32.73,0.05,0.30392,38557
1553,401,1,1,0,71,24,14,8,0,27.38,0.05,0.30606,38957
1554,401,0,0,0,24,6,3,0,0,-0.62,0.05,0.30795,39357
1555,383,0,0,0,37,4,3,41,0,1.74,0.05,0.3083,39740
1556,82,0,0,0,10,10,6,6,0,3.46,0.05,0.30878,39822
1557,12,0,0,0,2,5,2,0,0,-4.54,0.05,0.30853,39834
1558,5,0,0,0,3,3,0,0,1,-12.95,0.05,0.30853,39839
1559,5,0,0,0,3,3,0,0,1,-12.95,0.05,0.30846,39844
1560,401,0,0,0,48,10,9,6,0,13.13,0.05,0.31007,40244
1561,5,0,0,0,1,1,1,0,0,-9.85,0.05,0.31007,40249
1562,401,1,1,0,157,7,7,28,0,10.28,0.05,0.31233,40649
1563,5,0,0,0,3,2,0,0,1,-13.45,0.05,0.31233,40654
1564,401,2,2,0,21,10,4,25,0,15.18,0.05,0.31247,41054
1565,401,1,1,0,126,11,7,6,0,7.43,0.05,0.31251,41454
1566,401,1,1,0,240,7,4,3,0,-6.07,0.05,0.31453,41854
1567,64,0,0,0,28,2,1,1,0,-9.78,0.05,0.31449,41918
1568,11,0,0,0,1,2,1,0,0,-7.82,0.05,0.31416,41929
1569,311,0,0,0,155,8,6,3,0,-10.12,0.05,0.31244,42240
1570,401,1,1,0,109,3,2,16,0,0.68,0.05,0.30794,42640
1571,401,0,0,0,23,15,12,5,0,20.98,0.05,0.30206,43040
1572,5,0,0,0,1,2,0,0,1,-12.35,0.05,0.30206,43045
1573,5,0,0,0,3,3,0,0,1,-12.45,0.05,0.30206,43050
1574,401,1,1,0,9,2,1,0,0,-4.17,0.05,0.29829,43450
1575,401,1,1,0,121,17,9,5,0,14.98,0.05,0.29409,43850
1576,401,0,0,0,135,5,3,36,0,5.83,0.05,0.29041,44250
1577,5,0,0,0,0,1,1,0,0,-7.8,0.05,0.29041,44255
1578,12,0,0,0,1,4,2,0,0,-4.94,0.05,0.29024,44267
1579,401,1,1,0,27,24,11,18,0,28.43,0.05,0.28629,44667
1580,85,0,0,0,28,3,3,8,0,-4.65,0.05,0.28412,44752
1581,5,0,0,0,3,3,0,0,1,-12.95,0.05,0.28412,44757
1582,401,0,0,0,34,7,5,10,0,7.28,0.05,0.28072,45157
1583,401,0,0,0,188,8,4,24,0,0.63,0.05,0.27629,45557
1584,7,0,0,0,3,2,1,0,0,-9.44,0.05,0.27629,45564
1585,5,0,0,0,3,2,0,0,1,-13.45,0.05,0.2763,45569
1586,5,0,0,0,1,0,0,0,1,-14.3,0.05,0.2763,45574
1587,73,1,1,0,27,10,6,2,0,5.24,0.05,0.27617,45647
1588,67,0,0,0,31,4,4,3,0,-3.59,0.05,0.27542,45714
1589,5,0,0,0,1,3,0,0,1,-12.85,0.05,0.27542,45719
1590,20,0,0,0,4,4,3,0,0,-4.75,0.05,0.2756,45739
1591,5,0,0,0,1,1,0,0,1,-13.85,0.05,0.27557,45744
1592,5,0,0,0,3,4,0,0,1,-11.95,0.05,0.27557,45749
1593,58,0,0,0,12,8,6,2,0,2.14,0.05,0.27512,45807
1594,183,1,1,0,30,19,12,11,0,21.99,0.05,0.27525,45990
1595,5,0,0,0,1,1,0,0,1,-13.85,0.05,0.27525,45995
1596,383,2,2,0,54,35,15,17,0,33.89,0.05,0.2728,46378
1597,401,1,1,0,37,15,8,14,0,18.08,0.05,0.26918,46778
1598,107,0,0,0,24,5,4,11,0,0.16,0.05,0.26835,46885
1599,181,0,0,0,9,12,5,1,0,1.68,0.05,0.26608,47066
1600,289,2,2,0,27,21,10,16,0,19.32,0.05,0.26512,47355
1601,145,1,1,0,36,6,6,11,0,1.25,0.05,0.2645,47500
1602,396,1,1,0,42,26,13,13,0,23.63,0.05,0.26158,47896
1603,5,0,0,0,3,2,0,0,1,-13.45,0.05,0.26158,47901
1604,401,1,1,0,123,21,13,13,0,25.78,0.05,0.2586,48301
1605,19,0,0,0,0,9,3,0,0,1.02,0.05,0.25843,48320
1606,27,0,0,0,3,7,4,0,0,0.46,0.05,0.25838,48347
1607,401,0,0,0,136,10,6,20,0,11.18,0.05,0.25601,48747
1608,5,0,0,0,3,3,0,0,1,-12.95,0.05,0.25578,48752
1609,65,0,0,0,14,5,4,5,0,-1.3,0.05,0.25575,48817
1610,256,1,1,0,29,19,9,12,0,15.03,0.05,0.25419,49073
1611,5,0,0,0,3,4,0,0,1,-12.45,0.05,0.25419,49078
1612,80,0,0,0,21,14,7,4,0,7.7,0.05,0.2543,49158
1613,401,0,0,0,177,19,9,6,0,11.23,0.05,0.25258,49558
1614,401,0,0,0,67,6,6,38,0,13.23,0.05,0.24892,49958
1615,5,0,0,0,3,2,0,0,1,-13.45,0.05,0.24892,49963
1616,401,4,4,0,57,24,17,27,0,46.53,0.05,0.25069,50000
1617,401,0,0,0,239,8,5,18,0,0.63,0.05,0.25254,50000
1618,19,0,0,0,3,2,2,1,0,-7.68,0.05,0.25233,50000
1619,5,0,0,0,4,2,1,0,0,-9.5,0.05,0.25265,50000
1620,76,1,1,0,26,10,7,4,0,5.68,0.05,0.25337,50000
1621,34,1,1,0,5,5,3,2,0,-0.88,0.05,0.25344,50000
1622,5,0,0,0,1,0,0,1,0,-11.6,0.05,0.25344,50000
1623,19,0,0,0,4,5,3,0,0,-4.03,0.05,0.25339,50000
1624,401,1,1,0,57,30,17,23,0,42.68,0.05,0.25625,50000
1625,76,0,0,0,17,4,4,7,0,-0.92,0.05,0.25698,50000
1626,401,2,2,0,118,17,13,15,0,26.98,0.05,0.2595,50000
1627,318,3,3,0,128,17,12,18,0,17.74,0.05,0.2621,50000
1628,20,0,0,0,3,5,2,1,0,-3.95,0.05,0.26234,50000
1629,170,2,2,0,29,26,17,6,0,33.05,0.05,0.26297,50000
1630,281,1,1,0,75,11,7,25,0,11.68,0.05,0.26344,50000
1631,5,0,0,0,3,3,1,0,0,-8.95,0.05,0.26344,50000
1632,53,0,0,0,8,7,5,2,0,1.84,0.05,0.26265,50000
1633,198,4,4,0,23,16,11,17,0,24.94,0.05,0.26577,50000
1634,401,0,0,0,128,21,12,18,0,27.48,0.05,0.26764,50000
1635,401,0,0,0,201,12,10,18,0,12.43,0.05,0.27129,50000
1636,26,0,0,0,5,4,3,1,0,-3.92,0.05,0.27147,50000
1637,5,0,0,0,3,3,0,0,1,-12.95,0.05,0.27147,50000
1638,5,0,0,0,4,2,0,0,1,-13.5,0.05,0.27147,50000
1639,143,2,2,0,18,18,11,8,0,19.29,0.05,0.27141,50000
1640,5,0,0,0,1,0,0,1,0,-10.5,0.05,0.27132,50000
1641,95,2,2,0,16,7,5,8,0,5.7,0.05,0.27097,50000
1642,385,2,2,0,195,21,13,17,0,15.15,0.05,0.27222,50000
1643,5,0,0,0,4,4,0,0,1,-12.5,0.05,0.27222,50000
1644,6,0,0,0,5,3,0,0,1,-12.07,0.05,0.27222,50000
1645,5,0,0,0,4,1,0,0,1,-14.0,0.05,0.27242,50000
1646,5,0,0,0,1,1,1,0,0,-9.85,0.05,0.27242,50000
1647,401,2,2,0,62,27,21,24,0,50.48,0.05,0.27361,50000
1648,5,0,0,0,4,3,0,0,1,-13.0,0.05,0.27361,50000
1649,93,1,1,0,23,11,6,7,0,7.29,0.05,0.27334,50000
1650,5,0,0,0,2,2,1,0,0,-7.8,0.05,0.27334,50000
1651,5,0,0,0,3,2,0,0,1,-13.45,0.05,0.27344,50000
1652,27,0,0,0,5,2,2,2,0,-6.79,0.05,0.27343,50000
1653,5,0,0,0,1,0,0,1,0,-11.55,0.05,0.27307,50000
1654,61,0,0,0,13,14,6,3,0,4.18,0.05,0.27322,50000
1655,73,0,0,0,16,16,8,1,0,11.99,0.05,0.27352,50000
1656,13,0,0,0,3,2,2,0,0,-7.91,0.05,0.2736,50000
1657,5,0,0,0,3,4,0,0,1,-11.95,0.05,0.2736,50000
1658,72,0,0,0,6,4,3,7,0,-1.79,0.05,0.27341,50000
1659,6,0,0,0,0,1,1,0,0,-8.22,0.05,0.27341,50000
1660,5,0,0,0,4,2,1,0,0,-9.0,0.05,0.27341,50000
1661,401,0,0,0,94,9,6,26,0,13.33,0.05,0.27321,50000
1662,5,0,0,0,3,1,1,0,0,-9.95,0.05,0.27312,50000
1663,5,0,0,0,3,2,0,0,1,-12.95,0.05,0.27312,50000
1664,15,0,0,0,1,3,2,0,0,-6.15,0.05,0.27342,50000
1665,5,0,0,0,3,2,0,0,1,-13.45,0.05,0.27342,50000
1666,401,1,1,0,35,27,13,34,0,43.68,0.05,0.27452,50000
1667,202,1,1,0,37,12,8,17,0,11.86,0.05,0.27371,50000
1668,5,0,0,0,3,3,0,0,1,-12.95,0.05,0.27371,50000
1669,372,1,1,0,40,36,21,31,0,51.56,0.05,0.27365,50000
1670,223,0,0,0,35,20,13,18,0,25.14,0.05,0.27339,50000
1671,13,0,0,0,1,4,2,0,0,-5.11,0.05,0.27338,50000
1672,56,0,0,0,15,12,6,2,0,4.28,0.05,0.27302,50000
1673,401,1,1,0,39,21,12,43,0,41.28,0.05,0.27296,50000
1674,56,0,0,0,4,5,3,5,0,-1.27,0.05,0.27319,50000
1675,71,1,1,0,12,10,5,4,0,5.53,0.05,0.27295,50000
1676,401,3,3,0,235,15,10,9,0,15.63,0.05,0.27424,50000
1677,235,3,3,0,40,30,12,21,0,35.9,0.05,0.27444,50000
1678,86,2,2,0,16,16,8,4,0,14.38,0.05,0.27394,50000
1679,5,0,0,0,1,2,1,0,0,-8.25,0.05,0.27394,50000
1680,5,0,0,0,4,4,0,0,1,-12.0,0.05,0.27394,50000
1681,5,0,0,0,3,1,1,0,0,-9.95,0.05,0.27364,50000
1682,119,2,2,0,22,7,4,9,0,4.37,0.05,0.27268,50000
1683,5,0,0,0,1,1,0,0,1,-13.85,0.05,0.27268,50000
1684,24,0,0,0,8,4,2,1,0,-6.93,0.05,0.27221,50000
1685,5,0,0,0,0,1,0,0,1,-13.8,0.05,0.27221,50000
1686,96,2,2,0,14,27,11,2,0,23.48,0.05,0.27058,50000
1687,5,0,0,0,2,1,0,0,1,-13.9,0.05,0.27068,50000
1688,5,0,0,0,1,2,0,0,1,-12.85,0.05,0.27068,50000
1689,33,3,3,0,8,9,4,1,0,5.84,0.05,0.27061,50000
1690,210,2,2,0,91,22,11,6,0,16.9,0.05,0.26801,50000
1691,5,0,0,0,1,2,1,0,0,-9.35,0.05,0.26801,50000
1692,371,3,3,0,167,15,8,4,0,2.83,0.05,0.2636,50000
1693,85,2,2,0,13,15,7,5,0,13.75,0.05,0.26271,50000
1694,400,3,3,0,81,16,8,39,0,23.1,0.05,0.25747,50000
1695,401,0,0,0,90,6,4,40,0,15.68,0.05,0.25194,50000
1696,371,1,1,0,29,23,12,34,0,30.33,0.05,0.24765,50000
1697,87,1,1,0,8,12,6,5,0,8.86,0.05,0.24639,50000
1698,384,3,3,0,17,28,13,14,0,28.87,0.05,0.24217,50000
1699,5,0,0,0,4,2,0,0,1,-13.0,0.05,0.24166,50000
1700,5,0,0,0,1,1,0,0,1,-13.85,0.05,0.24166,50000
1701,185,1,1,0,34,16,10,15,0,19.65,0.05,0.23828,50000
1702,235,3,3,0,56,28,16,16,0,37.05,0.05,0.23515,50000
1703,202,6,6,0,20,22,11,13,0,28.16,0.05,0.23163,50000
1704,5,0,0,0,4,2,1,0,0,-9.5,0.05,0.23163,50000
1705,381,1,1,0,222,26,16,5,0,15.88,0.05,0.22594,50000
1706,5,0,0,0,1,2,0,0,1,-12.85,0.05,0.22594,50000
1707,86,1,1,0,12,16,9,3,0,14.48,0.05,0.2251,50000
1708,5,0,0,0,4,2,0,0,1,-13.5,0.05,0.2251,50000
1709,12,0,0,0,1,4,2,0,0,-5.44,0.05,0.22498,50000
1710,140,0,0,0,8,9,5,11,0,5.6,0.05,0.22334,50000
1711,19,0,0,0,5,4,3,0,0,-5.38,0.05,0.22297,50000
1712,5,0,0,0,3,3,1,0,0,-8.45,0.05,0.22297,50000
1713,167,3,3,0,20,26,13,10,0,30.21,0.05,0.22128,50000
1714,112,1,1,0,16,24,10,6,0,21.86,0.05,0.21983,50000
1715,255,2,2,0,24,13,10,14,0,16.8,0.05,0.2152,50000
1716,97,0,0,0,11,15,8,5,0,9.56,0.05,0.21353,50000
1717,173,1,1,0,104,5,3,10,0,-5.21,0.05,0.21223,50000
1718,5,0,0,0,3,3,0,0,1,-12.95,0.05,0.21213,50000
1719,5,0,0,0,4,3,0,0,1,-13.0,0.05,0.21213,50000
1720,5,0,0,0,3,1,1,0,0,-9.95,0.05,0.21213,50000
1721,26,0,0,0,6,2,2,2,0,-7.92,0.05,0.21159,50000
1722,5,0,0,0,3,2,0,0,1,-13.45,0.05,0.21159,50000
1723,114,0,0,0,12,11,7,9,0,6.87,0.05,0.21002,50000
1724,66,0,0,0,13,14,9,0,0,12.03,0.05,0.20907,50000
1725,5,0,0,0,4,2,0,0,1,-13.5,0.05,0.20907,50000
1726,5,0,0,0,4,3,0,0,1,-12.5,0.05,0.20907,50000
1727,360,1,1,0,23,21,16,25,0,30.55,0.05,0.20514,50000
1728,90,2,2,0,17,14,10,3,0,17.5,0.05,0.20477,50000
1729,5,0,0,0,0,2,1,0,0,-8.2,0.05,0.20453,50000
1730,79,0,0,0,26,10,5,4,0,2.12,0.05,0.20359,50000
1731,401,3,3,0,30,24,14,27,0,46.33,0.05,0.19897,50000
1732,269,1,1,0,40,10,6,19,0,9.42,0.05,0.19707,50000
1733,401,2,2,0,32,14,11,44,0,40.43,0.05,0.19252,50000
1734,5,0,0,0,2,2,0,0,1,-12.9,0.05,0.19238,50000
1735,5,0,0,0,3,2,0,0,1,-13.45,0.05,0.19238,50000
1736,5,0,0,0,4,2,0,0,1,-13.5,0.05,0.19238,50000
1737,157,0,0,0,21,10,5,17,0,9.51,0.05,0.19066,50000
1738,401,3,3,0,116,27,14,30,0,42.23,0.05,0.18696,50000
1739,5,0,0,0,3,2,0,0,1,-13.45,0.05,0.18696,50000
1740,401,1,1,0,26,28,12,10,0,32.98,0.05,0.18142,50000
1741,5,0,0,0,2,1,0,0,1,-13.9,0.05,0.1814,50000
1742,63,0,0,0,5,10,6,2,0,5.09,0.05,0.18118,50000
1743,5,0,0,0,4,2,1,0,0,-9.5,0.05,0.18118,50000
1744,5,0,0,0,4,3,0,0,1,-13.0,0.05,0.18118,50000
1745,401,3,3,0,21,31,14,26,0,48.08,0.05,0.17666,50000
1746,158,1,1,0,13,11,6,14,0,8.94,0.05,0.17454,50000
1747,49,0,0,0,5,10,6,0,0,2.97,0.05,0.17415,50000
1748,294,0,0,0,37,7,5,2,0,-5.18,0.05,0.17108,50000
1749,401,1,1,0,54,16,8,5,0,16.08,0.05,0.16745,50000
1750,401,4,4,0,38,33,17,16,0,48.63,0.05,0.16489,50000
1751,73,1,1,0,36,6,3,2,0,-2.71,0.05,0.16423,50000
1752,5,0,0,0,2,3,0,0,1,-12.9,0.05,0.16423,50000
1753,6,0,0,0,1,2,1,0,0,-8.12,0.05,0.16398,50000
1754,401,2,2,0,45,38,24,23,0,64.08,0.05,0.15953,50000
1755,36,0,0,0,8,11,5,0,0,1.33,0.05,0.15918,50000
1756,41,0,0,0,1,0,0,4,0,-9.27,0.05,0.15854,50000
1757,323,3,3,0,36,47,23,12,0,56.34,0.05,0.15626,50000
1758,86,2,2,0,19,18,9,2,0,15.58,0.05,0.15549,50000
1759,5,0,0,0,4,3,0,0,1,-12.0,0.05,0.15549,50000
1760,5,0,0,0,3,2,0,0,1,-13.45,0.05,0.15531,50000
1761,13,0,0,0,0,4,2,0,0,-4.41,0.05,0.15486,50000
1762,12,0,0,0,2,5,2,0,0,-5.59,0.05,0.15486,50000
1763,401,5,5,0,37,42,20,28,0,66.58,0.05,0.15181,50000
1764,401,3,3,0,30,21,9,12,0,27.23,0.05,0.14761,50000
1765,401,4,4,0,22,29,15,9,0,40.43,0.05,0.14403,50000
1766,100,2,2,0,21,22,12,2,0,22.55,0.05,0.1432,50000
1767,133,1,1,0,9,10,8,10,0,8.09,0.05,0.14133,50000
1768,5,0,0,0,1,1,0,0,1,-13.85,0.05,0.14133,50000
1769,97,4,4,0,17,19,11,2,0,21.66,0.05,0.14089,50000
1770,221,0,0,0,25,31,19,11,0,36.38,0.05,0.13889,50000
1771,28,0,0,0,7,7,4,0,0,-2.11,0.05,0.13893,50000
1772,126,1,1,0,68,14,7,1,0,6.18,0.05,0.13798,50000
1773,89,1,1,0,15,24,10,2,0,19.22,0.05,0.13752,50000
1774,5,0,0,0,3,2,0,0,1,-12.95,0.05,0.13743,50000
1775,5,0,0,0,4,2,1,0,0,-9.5,0.05,0.13743,50000
1776,5,0,0,0,4,2,0,0,1,-13.5,0.05,0.13743,50000
1777,5,0,0,0,4,3,0,0,1,-12.5,0.05,0.13731,50000
1778,43,1,1,0,4,8,5,0,0,2.99,0.05,0.13727,50000
1779,401,2,2,0,67,31,17,31,0,53.03,0.05,0.13528,50000
1780,5,0,0,0,4,4,0,0,1,-12.0,0.05,0.13524,50000
1781,124,2,2,0,55,19,9,1,0,12.17,0.05,0.13512,50000
1782,81,3,3,0,16,22,8,3,0,18.78,0.05,0.13412,50000
1783,17,0,0,0,1,3,2,0,0,-4.94,0.05,0.13428,50000
1784,188,0,0,0,45,19,9,16,0,16.99,0.05,0.13301,50000
1785,12,0,0,0,2,4,2,0,0,-5.14,0.05,0.1328,50000
1786,46,0,0,0,9,2,2,3,0,-5.42,0.05,0.13244,50000
1787,52,1,1,0,13,10,5,2,0,4.26,0.05,0.13239,50000
1788,5,0,0,0,1,1,0,0,1,-13.85,0.05,0.13239,50000
1789,12,0,0,0,3,5,2,0,0,-6.14,0.05,0.1322,50000
1790,5,0,0,0,1,1,0,0,1,-13.35,0.05,0.1322,50000
1791,5,0,0,0,0,1,1,0,0,-8.2,0.05,0.13205,50000
1792,119,2,2,0,15,18,12,4,0,22.52,0.05,0.13115,50000
1793,217,1,1,0,42,24,12,18,0,26.46,0.05,0.13081,50000
1794,8,0,0,0,1,2,1,0,0,-7.31,0.05,0.13081,50000
1795,24,0,0,0,7,2,2,1,0,-6.18,0.05,0.13051,50000
1796,5,0,0,0,3,3,0,0,1,-12.95,0.05,0.13051,50000
1797,6,0,0,0,1,2,1,0,0,-7.37,0.05,0.13051,50000
1798,30,0,0,0,9,7,4,0,0,-2.4,0.05,0.13015,50000
1799,146,0,0,0,32,19,8,10,0,14.43,0.05,0.12938,50000
1800,61,0,0,0,12,5,3,4,0,-2.62,0.05,0.12848,50000
1801,357,0,0,0,38,24,12,17,0,21.86,0.05,0.12625,50000
1802,354,2,2,0,36,44,26,8,0,54.67,0.05,0.12546,50000
1803,5,0,0,0,3,3,0,0,1,-12.95,0.05,0.12546,50000
1804,59,1,1,0,9,19,8,0,0,15.12,0.05,0.12529,50000
1805,22,0,0,0,3,5,3,0,0,-2.74,0.05,0.12522,50000
1806,401,5,5,0,38,43,22,18,0,66.88,0.05,0.12333,50000
1807,77,2,2,0,7,13,7,3,0,12.61,0.05,0.1227,50000
1808,118,1,1,0,29,14,9,6,0,12.59,0.05,0.1225,50000
1809,132,2,2,0,15,24,10,3,0,23.01,0.05,0.12222,50000
1810,77,0,0,0,7,14,7,3,0,7.06,0.05,0.12176,50000
1811,57,0,0,0,13,11,6,2,0,3.36,0.05,0.12152,50000
1812,6,0,0,0,1,1,1,0,0,-8.02,0.05,0.12152,50000
1813,401,2,2,0,36,36,21,12,0,52.08,0.05,0.12041,50000
1814,262,4,4,0,32,34,20,12,0,45.56,0.05,0.11864,50000
1815,310,4,4,0,51,31,16,15,0,38.1,0.05,0.11711,50000
1816,285,1,1,0,46,15,9,6,0,7.0,0.05,0.11572,50000
1817,16,0,0,0,4,3,2,0,0,-5.47,0.05,0.11559,50000
1818,5,0,0,0,4,2,0,0,1,-13.0,0.05,0.11559,50000
1819,316,2,2,0,25,30,14,1,0,25.38,0.05,0.11386,50000
1820,85,0,0,0,14,25,10,1,0,19.8,0.05,0.11362,50000
1821,138,1,1,0,17,18,10,6,0,17.34,0.05,0.11307,50000
1822,32,0,0,0,0,9,4,0,0,0.91,0.05,0.11305,50000
1823,123,0,0,0,25,20,10,6,0,18.59,0.05,0.11244,50000
1824,223,2,2,0,17,20,10,14,0,21.54,0.05,0.11223,50000
1825,5,0,0,0,1,2,0,0,1,-13.35,0.05,0.11245,50000
1826,226,2,2,0,25,41,20,3,0,44.63,0.05,0.11125,50000
1827,271,2,2,0,27,24,15,13,0,31.28,0.05,0.11171,50000
1828,34,0,0,0,8,8,4,1,0,-1.78,0.05,0.11171,50000
1829,116,3,3,0,15,32,12,3,0,31.08,0.05,0.11134,50000
1830,21,0,0,0,2,5,3,0,0,-2.27,0.05,0.1114,50000
1831,23,0,0,0,7,5,3,0,0,-5.21,0.05,0.11129,50000
1832,78,0,0,0,12,18,8,2,0,12.64,0.05,0.11118,50000
1833,28,0,0,0,3,5,3,0,0,-2.81,0.05,0.11106,50000
1834,401,1,1,0,110,27,16,28,0,42.58,0.05,0.11127,50000
1835,53,0,0,0,13,11,7,0,0,5.19,0.05,0.11098,50000
1836,59,0,0,0,5,14,8,0,0,11.87,0.05,0.11109,50000
1837,18,0,0,0,2,6,2,0,0,-4.26,0.05,0.1111,50000
1838,401,4,4,0,31,35,17,8,0,47.08,0.05,0.11034,50000
1839,401,3,3,0,26,40,22,8,0,56.58,0.05,0.11025,50000
1840,394,2,2,0,32,41,20,16,0,48.32,0.05,0.10939,50000
1841,379,4,4,0,43,31,19,19,0,43.22,0.05,0.10957,50000
1842,5,0,0,0,3,3,0,0,1,-12.95,0.05,0.10957,50000
1843,401,2,2,0,17,29,16,5,0,39.98,0.05,0.10839,50000
1844,401,1,1,0,17,36,15,0,0,39.58,0.05,0.10751,50000
1845,136,1,1,0,21,35,16,2,0,33.18,0.05,0.10735,50000
1846,401,2,2,0,39,24,11,24,0,33.98,0.05,0.10697,50000
1847,63,2,2,0,10,14,7,2,0,11.09,0.05,0.10728,50000
1848,161,1,1,0,21,16,9,10,0,14.88,0.05,0.10764,50000
1849,151,1,1,0,15,21,9,9,0,17.88,0.05,0.10732,50000
1850,122,1,1,0,17,11,8,7,0,11.11,0.05,0.10718,50000
1851,401,5,5,0,31,36,23,26,0,64.63,0.05,0.10636,50000
1852,401,4,4,0,37,34,18,5,0,47.08,0.05,0.10544,50000
1853,72,2,2,0,6,9,4,1,0,3.06,0.05,0.1054,50000
1854,53,2,2,0,7,13,6,1,0,7.34,0.05,0.10539,50000
1855,5,0,0,0,0,2,1,0,0,-7.3,0.05,0.10539,50000
1856,69,1,1,0,4,6,3,1,0,-2.08,0.05,0.10499,50000
1857,57,0,0,0,10,14,7,1,0,6.21,0.05,0.10497,50000
1858,222,2,2,0,40,30,18,9,0,35.96,0.05,0.10456,50000
1859,5,0,0,0,3,2,0,0,1,-13.45,0.05,0.10456,50000
1860,5,0,0,0,1,2,1,0,0,-9.35,0.05,0.10456,50000
1861,102,3,3,0,19,22,12,1,0,24.36,0.05,0.10445,50000
1862,209,3,3,0,23,29,13,15,0,31.92,0.05,0.10374,50000
1863,44,0,0,0,7,12,5,0,0,4.47,0.05,0.10378,50000
1864,90,1,1,0,21,15,8,3,0,11.75,0.05,0.10368,50000
1865,219,2,2,0,21,19,12,18,0,26.87,0.05,0.1043,50000
1866,103,0,0,0,8,1,1,10,0,-5.16,0.05,0.10439,50000
1867,5,0,0,0,1,2,0,0,1,-12.85,0.05,0.10429,50000
1868,97,0,0,0,25,24,11,1,0,19.06,0.05,0.10441,50000
1869,39,0,0,0,1,10,5,0,0,1.52,0.05,0.10437,50000
1870,5,0,0,0,0,1,0,0,1,-13.8,0.05,0.10437,50000
1871,5,0,0,0,3,3,0,0,1,-12.45,0.05,0.10414,50000
1872,5,0,0,0,1,2,0,0,1,-13.35,0.05,0.10414,50000
1873,9,0,0,0,0,0,0,1,0,-9.68,0.05,0.10419,50000
1874,98,3,3,0,23,22,9,4,0,18.94,0.05,0.10414,50000
1875,294,3,3,0,33,27,13,28,0,31.92,0.05,0.10393,50000
1876,5,0,0,0,1,2,0,0,1,-13.35,0.05,0.10393,50000
1877,243,7,7,0,29,34,19,15,0,49.14,0.05,0.10345,50000
1878,5,0,0,0,4,2,0,0,1,-13.5,0.05,0.10345,50000
1879,133,0,0,0,18,20,11,8,0,20.44,0.05,0.10354,50000
1880,401,3,3,0,55,51,31,24,0,82.08,0.05,0.10351,50000
1881,64,1,1,0,13,13,8,1,0,10.37,0.05,0.10369,50000
1882,27,1,1,0,14,5,2,0,0,-5.79,0.05,0.10372,50000
1883,5,0,0,0,4,2,0,0,1,-13.0,0.05,0.10372,50000
1884,401,5,5,0,88,25,13,15,0,34.23,0.05,0.10265,50000
1885,5,0,0,0,1,2,1,0,0,-8.25,0.05,0.10266,50000
1886,129,1,1,0,29,27,13,5,0,26.27,0.05,0.10212,50000
1887,5,0,0,0,0,2,0,0,1,-12.8,0.05,0.10212,50000
1888,171,0,0,0,25,34,17,7,0,35.28,0.05,0.10241,50000
1889,121,2,2,0,28,15,7,9,0,9.78,0.05,0.10181,50000
1890,66,1,1,0,7,11,6,3,0,7.58,0.05,0.10152,50000
1891,5,0,0,0,4,3,0,0,1,-13.0,0.05,0.10142,50000
1892,80,1,1,0,10,26,11,0,0,21.05,0.05,0.101,50000
1893,5,0,0,0,0,1,1,0,0,-8.7,0.05,0.101,50000
1894,71,1,1,0,10,14,7,3,0,8.03,0.05,0.10094,50000
1895,83,1,1,0,14,21,10,2,0,17.59,0.05,0.10106,50000
1896,157,0,0,0,15,12,9,13,0,9.51,0.05,0.10105,50000
1897,41,1,1,0,6,8,3,2,0,-0.67,0.05,0.10093,50000
1898,372,2,2,0,69,37,18,27,0,40.96,0.05,0.10092,50000
1899,95,0,0,0,14,27,12,1,0,23.65,0.05,0.10075,50000
1900,89,0,0,0,19,29,13,0,0,25.82,0.05,0.10069,50000
1901,226,3,3,0,60,28,13,14,0,27.43,0.05,0.10029,50000
1902,101,0,0,0,9,0,0,10,0,-11.47,0.05,0.10064,50000
1903,52,0,0,0,28,4,3,1,0,-4.49,0.05,0.10093,50000
1904,131,1,1,0,97,9,5,0,0,-3.17,0.05,0.10048,50000
1905,5,0,0,0,3,2,0,0,1,-13.45,0.05,0.10048,50000
1906,5,0,0,0,4,3,0,0,1,-13.0,0.05,0.10048,50000
1907,6,0,0,0,1,1,1,0,0,-9.87,0.05,0.10044,50000
1908,35,0,0,0,8,7,5,0,0,0.8,0.05,0.10015,50000
1909,239,3,3,0,38,29,16,17,0,35.82,0.05,0.10003,50000
1910,150,1,1,0,50,35,16,3,0,33.4,0.05,0.1003,50000
1911,27,0,0,0,11,6,4,0,0,-2.79,0.05,0.1006,50000
1912,29,0,0,0,3,6,4,0,0,-0.98,0.05,0.10065,50000
1913,5,0,0,0,4,2,0,0,1,-13.0,0.05,0.10065,50000
1914,80,2,2,0,14,21,8,3,0,14.7,0.05,0.1006,50000
1915,5,0,0,0,1,1,0,0,1,-13.85,0.05,0.1006,50000
1916,5,0,0,0,3,4,0,0,1,-11.95,0.05,0.1006,50000
1917,112,1,1,0,27,33,14,2,0,29.11,0.05,0.10072,50000
1918,13,0,0,0,3,2,1,1,0,-7.16,0.05,0.10066,50000
1919,146,0,0,0,37,17,6,14,0,7.53,0.05,0.10062,50000
1920,52,0,0,0,3,7,4,3,0,1.21,0.05,0.10086,50000
1921,5,0,0,0,3,2,0,0,1,-12.95,0.05,0.10086,50000
1922,213,1,1,0,76,31,13,11,0,23.54,0.05,0.1006,50000
1923,15,0,0,0,5,3,2,0,0,-6.55,0.05,0.10078,50000
1924,268,2,2,0,36,22,14,24,0,26.54,0.05,0.1004,50000
1925,238,2,2,0,48,23,12,18,0,24.09,0.05,0.10006,50000
1926,42,0,0,0,3,8,5,0,0,2.31,0.05,0.09978,50000
1927,8,0,0,0,1,1,1,0,0,-7.31,0.05,0.09975,50000
1928,5,0,0,0,3,4,0,0,1,-12.45,0.05,0.09975,50000
1929,96,3,3,0,14,21,11,3,0,21.18,0.05,0.09991,50000
1930,217,1,1,0,35,26,15,15,0,29.46,0.05,0.10012,50000
1931,6,0,0,0,1,0,0,1,0,-11.67,0.05,0.10012,50000
1932,50,1,1,0,11,11,7,0,0,8.6,0.05,0.10017,50000
1933,140,1,1,0,35,35,15,4,0,33.85,0.05,0.10025,50000
1934,258,1,1,0,73,42,21,11,0,47.34,0.05,0.10064,50000
1935,220,0,0,0,45,21,15,14,0,24.35,0.05,0.10066,50000
1936,117,0,0,0,22,24,10,5,0,18.11,0.05,0.10129,50000
1937,34,0,0,0,5,7,3,2,0,-2.33,0.05,0.10112,50000
1938,21,0,0,0,4,9,2,1,0,-1.02,0.05,0.10105,50000
1939,191,0,0,0,50,28,17,8,0,31.53,0.05,0.10192,50000
1940,33,0,0,0,6,7,4,1,0,-1.26,0.05,0.10192,50000
1941,21,0,0,0,8,4,2,1,0,-7.02,0.05,0.10181,50000
1942,271,1,1,0,102,40,19,10,0,37.98,0.05,0.10185,50000
1943,339,4,4,0,49,43,24,22,0,57.97,0.05,0.10272,50000
1944,372,3,3,0,33,47,21,18,0,48.31,0.05,0.10221,50000
1945,122,0,0,0,13,22,14,3,0,24.56,0.05,0.10207,50000
1946,328,4,4,0,64,43,23,17,0,52.74,0.05,0.10192,50000
1947,401,3,3,0,67,37,22,35,0,63.93,0.05,0.103,50000
1948,177,2,2,0,29,42,21,3,0,47.21,0.05,0.10318,50000
1949,86,1,1,0,15,19,10,2,0,13.53,0.05,0.10295,50000
1950,241,0,0,0,31,38,24,8,0,48.28,0.05,0.10322,50000
1951,57,3,3,0,13,13,8,0,0,12.76,0.05,0.10304,50000
1952,5,0,0,0,1,2,0,0,1,-13.35,0.05,0.10304,50000
1953,7,0,0,0,2,0,0,1,0,-9.89,0.05,0.10304,50000
1954,5,0,0,0,3,2,0,0,1,-13.45,0.05,0.10287,50000
1955,173,3,3,0,21,25,12,10,0,26.29,0.05,0.10286,50000
1956,27,0,0,0,5,4,3,1,0,-3.19,0.05,0.10263,50000
1957,155,0,0,0,63,22,12,2,0,16.35,0.05,0.10251,50000
1958,22,0,0,0,8,4,3,0,0,-5.59,0.05,0.10256,50000
1959,37,0,0,0,8,7,3,2,0,-2.09,0.05,0.10258,50000
1960,6,0,0,0,1,2,1,0,0,-7.02,0.05,0.10258,50000
1961,7,0,0,0,0,3,1,0,0,-6.84,0.05,0.10258,50000
1962,401,5,5,0,56,47,27,21,0,70.83,0.05,0.10254,50000
1963,401,4,4,0,148,38,21,17,0,53.08,0.05,0.10245,50000
1964,61,0,0,0,10,8,6,2,0,2.68,0.05,0.10253,50000
1965,5,0,0,0,3,2,0,0,1,-13.45,0.05,0.10253,50000
1966,13,0,0,0,3,3,2,0,0,-7.46,0.05,0.10252,50000
1967,22,0,0,0,1,6,3,0,0,-1.34,0.05,0.1026,50000
1968,401,3,3,0,35,36,19,9,0,49.03,0.05,0.10228,50000
1969,117,1,1,0,11,15,8,6,0,12.91,0.05,0.1023,50000
1970,56,2,2,0,10,8,5,3,0,3.88,0.05,0.10231,50000
1971,318,3,3,0,82,47,22,14,0,52.14,0.05,0.10225,50000
1972,34,0,0,0,3,6,5,0,0,-1.43,0.05,0.10199,50000
1973,5,0,0,0,1,1,1,0,0,-9.85,0.05,0.10186,50000
1974,157,3,3,0,31,33,17,5,0,37.51,0.05,0.10193,50000
1975,159,2,2,0,33,35,16,6,0,35.87,0.05,0.1022,50000
1976,42,0,0,0,4,9,5,1,0,2.66,0.05,0.10227,50000
1977,70,3,3,0,11,21,8,2,0,15.85,0.05,0.10206,50000
1978,293,6,6,0,57,52,28,10,0,70.49,0.05,0.10247,50000
1979,65,0,0,0,16,9,6,3,0,2.15,0.05,0.10246,50000
1980,57,1,1,0,14,18,8,0,0,11.56,0.05,0.10235,50000
1981,401,1,1,0,48,42,21,29,0,60.53,0.05,0.10346,50000
1982,401,1,1,0,59,47,27,29,0,71.43,0.05,0.10345,50000
1983,12,0,0,0,0,1,1,1,0,-7.54,0.05,0.10363,50000
1984,85,1,1,0,11,29,10,2,0,22.8,0.05,0.10373,50000
1985,6,0,0,0,1,2,1,0,0,-7.37,0.05,0.10373,50000
1986,47,0,0,0,3,3,0,0,1,-13.79,0.05,0.10357,50000
1987,100,0,0,0,17,22,10,3,0,17.3,0.05,0.10381,50000
1988,92,3,3,0,49,7,4,1,0,-1.94,0.05,0.10385,50000
1989,5,0,0,0,3,2,0,0,1,-12.95,0.05,0.10385,50000
1990,22,0,0,0,5,5,3,0,0,-2.94,0.05,0.1034,50000
1991,20,0,0,0,1,3,3,0,0,-3.5,0.05,0.1034,50000
1992,29,0,0,0,6,8,4,0,0,-0.58,0.05,0.10345,50000
1993,401,4,4,0,38,40,22,33,0,64.83,0.05,0.10333,50000
1994,59,2,2,0,7,16,8,0,0,14.47,0.05,0.1034,50000
1995,8,0,0,0,1,1,1,0,0,-8.01,0.05,0.10328,50000
1996,13,0,0,0,1,3,2,0,0,-6.81,0.05,0.10328,50000
1997,33,0,0,0,5,15,5,0,0,4.34,0.05,0.1033,50000
1998,108,2,2,0,24,28,13,2,0,26.34,0.05,0.10305,50000
1999,401,3,3,0,60,38,25,30,0,66.03,0.05,0.10307,50000
2000,35,0,0,0,0,8,4,1,0,1.45,0.05,0.10347,50000
2001,401,2,2,0,81,43,21,28,0,60.98,0.05,0.10411,50000
2002,401,4,4,0,46,41,22,30,0,67.28,0.05,0.10404,50000
2003,5,0,0,0,3,3,0,0,1,-12.95,0.05,0.10404,50000
2004,102,2,2,0,12,17,10,4,0,16.96,0.05,0.10427,50000
2005,73,0,0,0,4,4,2,0,0,-6.56,0.05,0.10464,50000
2006,50,0,0,0,7,9,6,1,0,3.05,0.05,0.10481,50000
2007,162,1,1,0,17,33,17,6,0,35.61,0.05,0.10526,50000
2008,401,6,6,0,32,53,30,20,0,82.93,0.05,0.1059,50000
2009,35,0,0,0,7,8,3,2,0,-2.15,0.05,0.10606,50000
2010,5,0,0,0,1,1,1,0,0,-8.75,0.05,0.10613,50000
2011,83,0,0,0,4,23,10,1,0,17.29,0.05,0.10658,50000
2012,66,1,1,0,7,19,9,0,0,14.13,0.05,0.10653,50000
2013,177,0,0,0,25,26,12,12,0,23.66,0.05,0.10679,50000
2014,7,0,0,0,2,2,1,0,0,-9.44,0.05,0.10679,50000
2015,401,3,3,0,36,36,21,34,0,63.73,0.05,0.10735,50000
2016,57,0,0,0,8,12,8,0,0,8.06,0.05,0.10754,50000
2017,106,3,3,0,17,20,9,6,0,20.63,0.05,0.1072,50000
2018,55,1,1,0,9,11,7,1,0,6.85,0.05,0.10742,50000
2019,51,0,0,0,4,14,7,0,0,9.48,0.05,0.10756,50000
2020,81,1,1,0,13,17,10,1,0,14.68,0.05,0.10751,50000
2021,36,0,0,0,9,13,4,1,0,3.23,0.05,0.10768,50000
2022,68,0,0,0,19,5,2,7,0,-4.21,0.05,0.10781,50000
2023,35,0,0,0,6,10,5,0,0,3.45,0.05,0.10792,50000
2024,40,1,1,0,4,11,4,2,0,4.35,0.05,0.10791,50000
2025,36,0,0,0,5,10,5,0,0,2.58,0.05,0.10798,50000
2026,12,0,0,0,2,2,2,0,0,-6.14,0.05,0.10798,50000
2027,80,0,0,0,7,19,10,1,0,16.65,0.05,0.10815,50000
2028,364,6,6,0,53,37,21,28,0,55.57,0.05,0.10853,50000
2029,43,2,2,0,8,8,6,0,0,5.24,0.05,0.10849,50000
2030,118,1,1,0,12,30,15,1,0,30.79,0.05,0.109,50000
2031,34,0,0,0,4,6,4,0,0,-0.83,0.05,0.10902,50000
2032,5,0,0,0,1,2,0,0,1,-13.35,0.05,0.10907,50000
2033,47,0,0,0,6,8,6,1,0,0.81,0.05,0.1092,50000
2034,288,4,4,0,47,36,22,17,0,52.04,0.05,0.10942,50000
2035,401,7,7,0,64,42,27,24,0,75.98,0.05,0.11027,50000
2036,289,4,4,0,40,39,21,10,0,48.32,0.05,0.11126,50000
2037,248,2,2,0,35,40,20,13,0,48.04,0.05,0.11091,50000
2038,196,0,0,0,23,31,17,8,0,34.68,0.05,0.11115,50000
2039,90,0,0,0,4,3,0,0,1,-14.7,0.05,0.11126,50000
2040,377,2,2,0,67,41,23,30,0,57.36,0.05,0.11109,50000
2041,282,4,4,0,41,50,28,9,0,64.96,0.05,0.1109,50000
2042,140,2,2,0,25,25,10,7,0,24.45,0.05,0.11063,50000
2043,5,0,0,0,1,1,0,0,1,-13.85,0.05,0.11063,50000
2044,401,5,5,0,31,46,23,31,0,74.48,0.05,0.1118,50000
2045,122,1,1,0,11,24,13,4,0,26.66,0.05,0.11173,50000
2046,27,0,0,0,6,10,4,0,0,-0.04,0.05,0.11174,50000
2047,73,0,0,0,9,17,10,0,0,13.04,0.05,0.11152,50000
2048,36,0,0,0,4,9,5,0,0,1.13,0.05,0.11189,50000
2049,95,0,0,0,12,26,10,3,0,19.1,0.05,0.11267,50000
2050,161,2,2,0,23,43,19,3,0,46.68,0.05,0.11258,50000
2051,284,3,3,0,55,35,18,22,0,43.02,0.05,0.11305,50000
2052,401,4,4,0,21,39,22,15,0,60.68,0.05,0.11427,50000
2053,79,1,1,0,17,14,7,4,0,9.32,0.05,0.11381,50000
2054,5,0,0,0,3,3,0,0,1,-12.45,0.05,0.11381,50000
2055,44,1,1,0,8,14,6,0,0,6.97,0.05,0.11359,50000
2056,401,5,5,0,30,31,19,12,0,51.68,0.05,0.11391,50000
2057,260,3,3,0,56,30,13,11,0,28.3,0.05,0.11382,50000
2058,401,5,5,0,55,52,27,24,0,81.98,0.05,0.11326,50000
2059,12,0,0,0,0,3,1,1,0,-6.79,0.05,0.1131,50000
2060,334,4,4,0,47,46,26,19,0,63.97,0.05,0.11242,50000
2061,167,1,1,0,24,36,19,4,0,39.86,0.05,0.11249,50000
2062,134,2,2,0,12,35,17,1,0,37.87,0.05,0.11201,50000
2063,60,0,0,0,2,11,7,1,0,6.75,0.05,0.11226,50000
2064,59,0,0,0,12,13,7,1,0,5.02,0.05,0.11228,50000
2065,401,4,4,0,48,37,22,30,0,65.93,0.05,0.11176,50000
2066,97,1,1,0,13,21,9,3,0,18.61,0.05,0.11153,50000
2067,61,1,1,0,11,18,8,0,0,12.98,0.05,0.1118,50000
2068,401,3,3,0,33,48,25,29,0,72.58,0.05,0.11103,50000
2069,401,4,4,0,103,44,22,16,0,59.33,0.05,0.11069,50000
2070,401,5,5,0,34,37,25,28,0,71.83,0.05,0.11067,50000
2071,95,0,0,0,9,36,13,0,0,27.5,0.05,0.11035,50000
2072,289,5,5,0,23,38,22,14,0,53.02,0.05,0.11006,50000
2073,117,0,0,0,5,4,0,0,1,-13.79,0.05,0.1101,50000
2074,21,1,1,0,4,4,3,0,0,-2.17,0.05,0.11023,50000
2075,7,0,0,0,0,2,1,0,0,-7.34,0.05,0.11023,50000
2076,15,0,0,0,4,2,2,0,0,-8.05,0.05,0.11019,50000
2077,64,1,1,0,7,21,9,0,0,14.92,0.05,0.11039,50000
2078,163,2,2,0,15,40,20,2,0,45.09,0.05,0.11006,50000
2079,172,2,2,0,30,30,19,4,0,34.26,0.05,0.10957,50000
2080,401,6,6,0,62,51,25,22,0,75.48,0.05,0.10992,50000
2081,87,3,3,0,14,21,10,1,0,20.86,0.05,0.11,50000
2082,143,2,2,0,22,32,13,6,0,29.54,0.05,0.10991,50000
2083,6,0,0,0,1,2,1,0,0,-7.52,0.05,0.10991,50000
2084,176,3,3,0,20,39,22,2,0,46.48,0.05,0.11012,50000
2085,47,1,1,0,6,16,7,0,0,10.76,0.05,0.10972,50000
2086,215,4,4,0,37,33,19,9,0,44.65,0.05,0.11001,50000
2087,7,0,0,0,1,2,1,0,0,-9.39,0.05,0.10989,50000
2088,109,1,1,0,16,27,12,3,0,24.07,0.05,0.11019,50000
2089,401,6,6,0,48,59,31,22,0,92.18,0.05,0.11044,50000
2090,206,5,5,0,26,36,17,9,0,42.98,0.05,0.11032,50000
2091,92,2,2,0,11,21,12,1,0,22.16,0.05,0.10996,50000
2092,174,0,0,0,32,42,21,3,0,46.37,0.05,0.10949,50000
2093,97,0,0,0,15,24,12,2,0,21.61,0.05,0.10901,50000
2094,20,0,0,0,4,6,2,1,0,-2.95,0.05,0.10897,50000
2095,313,2,2,0,25,43,20,20,0,50.44,0.05,0.10779,50000
2096,5,0,0,0,3,3,0,0,1,-12.95,0.05,0.10779,50000
2097,35,0,0,0,4,8,5,0,0,1.75,0.05,0.10786,50000
2098,20,1,1,0,4,7,3,0,0,-2.25,0.05,0.10757,50000
2099,401,2,2,0,28,38,25,23,0,65.93,0.05,0.10663,50000
2100,139,2,2,0,38,42,16,1,0,38.67,0.05,0.10608,50000
2101,48,0,0,0,5,11,6,1,0,4.09,0.05,0.10582,50000
2102,6,0,0,0,1,1,1,0,0,-7.87,0.05,0.10566,50000
2103,13,0,0,0,3,2,2,0,0,-5.46,0.05,0.10559,50000
2104,5,0,0,0,3,2,0,0,1,-13.45,0.05,0.10559,50000
2105,20,0,0,0,1,5,3,0,0,-1.55,0.05,0.10533,50000
2106,139,3,3,0,12,27,16,3,0,31.62,0.05,0.10511,50000
2107,18,0,0,0,4,3,2,0,0,-5.61,0.05,0.10521,50000
2108,180,1,1,0,20,33,20,4,0,40.95,0.05,0.10468,50000
2109,63,2,2,0,10,13,7,2,0,11.44,0.05,0.1045,50000
2110,255,1,1,0,80,36,18,3,0,33.6,0.05,0.10373,50000
2111,122,3,3,0,21,31,13,4,0,32.41,0.05,0.10348,50000
2112,53,0,0,0,3,2,2,4,0,-4.81,0.05,0.10352,50000
2113,12,0,0,0,0,5,2,0,0,-4.14,0.05,0.10366,50000
2114,19,0,0,0,2,12,3,0,0,2.42,0.05,0.10345,50000
2115,5,0,0,0,3,4,0,0,1,-11.95,0.05,0.10345,50000
2116,28,0,0,0,3,5,4,0,0,-2.36,0.05,0.10349,50000
2117,46,1,1,0,7,12,5,0,0,5.58,0.05,0.10298,50000
2118,12,0,0,0,2,3,2,0,0,-6.19,0.05,0.10322,50000
2119,25,1,1,0,4,8,3,0,0,0.3,0.05,0.10321,50000
2120,70,1,1,0,12,19,9,1,0,15.35,0.05,0.10344,50000
2121,5,0,0,0,1,1,0,0,1,-13.35,0.05,0.10344,50000
2122,199,5,5,0,27,41,18,8,0,47.82,0.05,0.10329,50000
2123,323,1,1,0,23,38,20,20,0,50.44,0.05,0.10396,50000
2124,164,0,0,0,18,24,12,4,0,19.47,0.05,0.10462,50000
2125,141,4,4,0,23,32,17,2,0,37.73,0.05,0.10472,50000
2126,15,0,0,0,3,4,2,0,0,-5.0,0.05,0.10472,50000
2127,401,7,7,0,52,55,31,14,0,85.03,0.05,0.10381,50000
2128,56,0,0,0,10,19,8,0,0,12.43,0.05,0.10383,50000
2129,401,3,3,0,35,52,21,10,0,64.08,0.05,0.1037,50000
2130,44,1,1,0,2,10,6,0,0,5.72,0.05,0.1042,50000
2131,355,3,3,0,98,49,27,10,0,56.9,0.05,0.10409,50000
2132,5,0,0,0,3,3,0,0,1,-12.95,0.05,0.10409,50000
2133,116,1,1,0,22,27,15,1,0,27.08,0.05,0.10422,50000
2134,44,1,1,0,8,14,6,0,0,9.02,0.05,0.10411,50000
2135,160,0,0,0,5,3,2,1,0,-7.65,0.05,0.1044,50000
2136,5,0,0,0,1,1,1,0,0,-9.85,0.05,0.10437,50000
2137,133,1,1,0,3,11,5,1,0,3.79,0.05,0.1047,50000
2138,175,2,2,0,38,22,13,10,0,23.65,0.05,0.1046,50000
2139,185,3,3,0,25,36,19,5,0,42.35,0.05,0.10501,50000
2140,234,1,1,0,28,38,18,10,0,38.72,0.05,0.10483,50000
2141,33,0,0,0,5,8,4,0,0,-1.91,0.05,0.10501,50000
2142,66,2,2,0,15,17,8,1,0,15.13,0.05,0.10523,50000
2143,38,0,0,0,5,10,5,0,0,2.54,0.05,0.1052,50000
2144,36,1,1,0,5,11,4,1,0,1.88,0.05,0.10537,50000
2145,21,0,0,0,2,4,3,0,0,-5.42,0.05,0.1053,50000
2146,221,3,3,0,30,35,21,8,0,43.98,0.05,0.10544,50000
2147,63,0,0,0,14,17,9,0,0,12.64,0.05,0.10555,50000
2148,149,2,2,0,71,25,14,0,0,23.27,0.05,0.10543,50000
2149,401,4,4,0,61,48,30,17,0,79.08,0.05,0.10465,50000
2150,344,2,2,0,46,31,19,25,0,45.47,0.05,0.10476,50000
2151,68,1,1,0,9,16,8,1,0,10.79,0.05,0.10513,50000
2152,86,1,1,0,18,28,12,0,0,24.98,0.05,0.10531,50000
2153,401,5,5,0,48,44,30,20,0,79.93,0.05,0.10578,50000
2154,108,1,1,0,19,21,11,4,0,19.84,0.05,0.10546,50000
2155,91,1,1,0,11,27,11,1,0,22.63,0.05,0.10523,50000
2156,319,4,4,0,42,43,22,9,0,52.47,0.05,0.10575,50000
2157,35,0,0,0,8,11,5,0,0,1.65,0.05,0.10567,50000
2158,7,0,0,0,1,1,1,0,0,-9.89,0.05,0.10567,50000
2159,401,6,6,0,55,53,27,24,0,83.28,0.05,0.10617,50000
2160,52,1,1,0,5,11,6,1,0,7.06,0.05,0.10605,50000
2161,401,4,4,0,37,38,23,17,0,61.43,0.05,0.1065,50000
2162,14,0,0,0,1,7,2,0,0,-3.53,0.05,0.1065,50000
2163,239,3,3,0,53,41,20,12,0,50.22,0.05,0.10689,50000
2164,401,5,5,0,55,48,27,26,0,80.33,0.05,0.10713,50000
2165,5,0,0,0,1,1,1,0,0,-8.75,0.05,0.10717,50000
2166,217,3,3,0,23,41,22,4,0,50.46,0.05,0.10784,50000
2167,5,0,0,0,4,3,0,0,1,-13.0,0.05,0.10775,50000
2168,401,5,5,0,60,49,24,13,0,70.78,0.05,0.10764,50000
2169,401,6,6,0,39,55,32,21,0,90.63,0.05,0.10766,50000
2170,241,4,4,0,32,39,22,9,0,51.98,0.05,0.10691,50000
2171,57,0,0,0,9,13,7,1,0,9.56,0.05,0.10677,50000
2172,64,1,1,0,12,18,9,0,0,14.57,0.05,0.10648,50000
2173,219,5,5,0,31,35,20,8,0,47.47,0.05,0.10587,50000
2174,7,0,0,0,0,2,1,0,0,-7.34,0.05,0.10587,50000
2175,26,0,0,0,8,9,4,0,0,-0.87,0.05,0.10565,50000
2176,29,0,0,0,1,5,4,0,0,-0.68,0.05,0.10564,50000
2177,143,1,1,0,32,33,14,5,0,31.49,0.05,0.10554,50000
2178,12,0,0,0,1,4,2,0,0,-5.59,0.05,0.10554,50000
2179,43,1,1,0,2,9,3,3,0,-1.21,0.05,0.1054,50000
2180,5,0,0,0,3,2,0,0,1,-12.95,0.05,0.1054,50000
2181,401,1,1,0,41,45,24,26,0,66.23,0.05,0.10584,50000
2182,172,2,2,0,39,37,20,4,0,41.11,0.05,0.10553,50000
2183,153,0,0,0,48,14,7,13,0,2.29,0.05,0.10523,50000
2184,16,0,0,0,5,3,2,0,0,-7.62,0.05,0.10523,50000
2185,20,0,0,0,1,4,3,0,0,-3.0,0.05,0.1051,50000
2186,18,0,0,0,4,5,2,0,0,-4.86,0.05,0.10514,50000
2187,274,2,2,0,29,36,18,11,0,41.92,0.05,0.10543,50000
2188,49,1,1,0,12,11,7,0,0,6.32,0.05,0.10548,50000
2189,401,3,3,0,34,22,9,10,0,25.03,0.05,0.10547,50000
2190,398,5,5,0,36,47,29,21,0,70.99,0.05,0.10459,50000
2191,242,2,2,0,105,38,18,4,0,32.26,0.05,0.1049,50000
2192,59,0,0,0,10,16,7,1,0,6.57,0.05,0.10437,50000
2193,149,2,2,0,19,26,12,6,0,25.37,0.05,0.1043,50000
2194,401,4,4,0,53,38,24,29,0,68.88,0.05,0.10355,50000
2195,29,1,1,0,6,9,4,0,0,0.52,0.05,0.10359,50000
2196,401,5,5,0,55,40,25,14,0,64.48,0.05,0.10342,50000
2197,401,2,2,0,48,52,25,24,0,71.58,0.05,0.10279,50000
2198,299,4,4,0,53,43,23,13,0,55.72,0.05,0.10217,50000
2199,6,0,0,0,1,2,1,0,0,-7.02,0.05,0.10217,50000
2200,177,1,1,0,33,31,17,6,0,34.16,0.05,0.10122,50000
2201,128,3,3,0,14,22,8,0,0,16.29,0.05,0.10108,50000
2202,27,0,0,0,3,6,2,2,0,-3.19,0.05,0.10112,50000
2203,31,0,0,0,3,4,0,0,1,-12.47,0.05,0.10112,50000
2204,401,4,4,0,46,51,29,20,0,80.43,0.05,0.09989,50000
2205,357,4,4,0,45,46,26,17,0,62.76,0.05,0.10009,50000
2206,27,0,0,0,7,5,4,0,0,-3.64,0.05,0.1,50000
2207,401,6,6,0,42,47,29,9,0,73.53,0.05,0.09914,50000
2208,13,0,0,0,3,2,2,0,0,-6.71,0.05,0.09914,50000
2209,65,0,0,0,10,19,9,0,0,13.75,0.05,0.09931,50000
2210,67,0,0,0,9,12,6,0,0,3.36,0.05,0.09955,50000
2211,350,5,5,0,42,58,29,11,0,74.3,0.05,0.09917,50000
2212,61,3,3,0,13,18,9,0,0,15.43,0.05,0.09894,50000
2213,92,1,1,0,19,25,13,0,0,24.56,0.05,0.09895,50000
2214,269,1,1,0,10,28,12,1,0,22.17,0.05,0.09864,50000
2215,5,0,0,0,4,3,0,0,1,-13.0,0.05,0.09864,50000
2216,14,0,0,0,6,3,2,0,0,-5.78,0.05,0.09879,50000
2217,20,2,2,0,5,7,3,0,0,1.95,0.05,0.09872,50000
2218,81,2,2,0,21,17,9,2,0,13.93,0.05,0.09893,50000
2219,23,0,0,0,6,4,3,0,0,-3.51,0.05,0.09891,50000
2220,5,0,0,0,1,1,1,0,0,-8.75,0.05,0.09891,50000
2221,401,1,1,0,16,21,15,2,0,28.98,0.05,0.09917,50000
2222,61,1,1,0,16,16,9,0,0,12.78,0.05,0.09897,50000
2223,7,0,0,0,0,3,1,0,0,-6.84,0.05,0.099,50000
2224,176,6,6,0,19,36,22,1,0,50.08,0.05,0.0985,50000
2225,5,0,0,0,3,2,0,0,1,-13.45,0.05,0.0985,50000
2226,5,0,0,0,0,1,0,0,1,-13.8,0.05,0.0985,50000
2227,5,0,0,0,1,1,0,0,1,-13.85,0.05,0.09855,50000
2228,5,0,0,0,1,1,1,0,0,-8.75,0.05,0.09855,50000
2229,285,3,3,0,25,34,18,12,0,37.9,0.05,0.09898,50000
2230,287,3,3,0,24,44,22,15,0,55.36,0.05,0.09985,50000
2231,5,0,0,0,1,1,1,0,0,-9.85,0.05,0.09985,50000
2232,5,0,0,0,4,4,0,0,1,-12.5,0.05,0.09985,50000
2233,5,0,0,0,1,1,1,0,0,-8.25,0.05,0.09995,50000
2234,26,0,0,0,4,7,4,0,0,0.58,0.05,0.09995,50000
2235,106,3,3,0,11,26,15,0,0,32.43,0.05,0.09975,50000
2236,9,0,0,0,3,3,1,0,0,-9.03,0.05,0.09975,50000
2237,183,1,1,0,73,33,14,2,0,25.74,0.05,0.10021,50000
2238,15,0,0,0,1,2,2,0,0,-7.0,0.05,0.10029,50000
2239,5,0,0,0,0,1,1,0,0,-7.8,0.05,0.10029,50000
2240,187,8,8,0,20,31,18,7,0,46.51,0.05,0.10008,50000
2241,116,5,5,0,17,34,13,2,0,35.88,0.05,0.10014,50000
2242,247,1,1,0,36,38,24,10,0,51.76,0.05,0.10022,50000
2243,72,2,2,0,17,17,9,1,0,15.01,0.05,0.09995,50000
2244,177,2,2,0,14,35,17,5,0,40.01,0.05,0.09954,50000
2245,220,0,0,0,9,21,10,3,0,18.1,0.05,0.09918,50000
2246,401,3,3,0,32,34,15,32,0,52.73,0.05,0.09826,50000
2247,21,1,1,0,4,5,3,0,0,-1.32,0.05,0.09827,50000
2248,43,1,1,0,7,13,6,0,0,8.79,0.05,0.09812,50000
2249,366,8,8,0,24,47,24,22,0,69.98,0.05,0.09821,50000
2250,5,0,0,0,1,2,0,0,1,-12.85,0.05,0.09821,50000
2251,5,0,0,0,4,3,0,0,1,-13.0,0.05,0.09821,50000
2252,12,0,0,0,4,3,2,0,0,-6.34,0.05,0.09815,50000
2253,68,0,0,0,11,21,9,0,0,15.99,0.05,0.09812,50000
2254,123,1,1,0,17,40,16,0,0,39.29,0.05,0.098,50000
2255,150,2,2,0,9,26,14,4,0,27.65,0.05,0.09797,50000
2256,12,0,0,0,4,3,2,0,0,-7.19,0.05,0.09811,50000
2257,191,2,2,0,27,37,21,5,0,46.68,0.05,0.09825,50000
2258,149,3,3,0,14,33,15,2,0,36.12,0.05,0.09835,50000
2259,233,4,4,0,40,42,25,4,0,58.09,0.05,0.09837,50000
2260,5,0,0,0,3,3,0,0,1,-12.95,0.05,0.09837,50000
2261,54,2,2,0,11,22,8,0,0,15.37,0.05,0.09833,50000
2262,21,0,0,0,2,7,3,0,0,-1.97,0.05,0.09816,50000
2263,230,2,2,0,32,45,21,4,0,46.75,0.05,0.09823,50000
2264,80,2,2,0,9,22,11,0,0,20.55,0.05,0.09805,50000
2265,76,3,3,0,11,21,11,0,0,20.78,0.05,0.09797,50000
2266,76,1,1,0,8,17,10,1,0,15.28,0.05,0.09803,50000
2267,261,4,4,0,30,44,25,6,0,58.38,0.05,0.0986,50000
2268,139,1,1,0,16,29,15,4,0,27.67,0.05,0.09851,50000
2269,401,3,3,0,37,46,25,6,0,63.28,0.05,0.09866,50000
2270,29,0,0,0,3,7,3,1,0,-1.23,0.05,0.09891,50000
2271,51,1,1,0,10,11,7,0,0,6.98,0.05,0.09879,50000
2272,71,1,1,0,16,14,9,0,0,13.48,0.05,0.09917,50000
2273,201,2,2,0,27,39,19,7,0,44.98,0.05,0.09958,50000
2274,325,4,4,0,41,53,30,10,0,68.15,0.05,0.09884,50000
2275,275,2,2,0,21,55,27,7,0,64.65,0.05,0.09853,50000
2276,167,4,4,0,22,43,20,3,0,49.21,0.05,0.0986,50000
2277,154,2,2,0,19,48,18,3,0,47.47,0.05,0.098,50000
2278,28,0,0,0,3,7,4,0,0,-1.36,0.05,0.09783,50000
2279,165,3,3,0,24,37,21,2,0,45.0,0.05,0.09755,50000
2280,7,0,0,0,1,4,1,0,0,-8.39,0.05,0.09756,50000
2281,48,0,0,0,6,15,6,0,0,4.89,0.05,0.09785,50000
2282,105,0,0,0,60,17,7,0,0,4.55,0.05,0.09793,50000
2283,5,0,0,0,1,1,1,0,0,-9.3,0.05,0.09791,50000
2284,401,7,7,0,27,44,23,8,0,66.98,0.05,0.09767,50000
2285,49,0,0,0,9,12,7,0,0,6.87,0.05,0.09776,50000
2286,306,4,4,0,23,42,26,14,0,61.28,0.05,0.09745,50000
2287,7,0,0,0,1,2,1,0,0,-9.39,0.05,0.09745,50000
2288,108,1,1,0,9,25,12,3,0,23.79,0.05,0.0973,50000
2289,86,2,2,0,17,28,11,0,0,23.33,0.05,0.09755,50000
2290,165,0,0,0,7,27,12,0,0,22.55,0.05,0.09731,50000
2291,401,4,4,0,53,45,24,23,0,70.73,0.05,0.09648,50000
2292,68,1,1,0,7,21,9,0,0,14.54,0.05,0.09633,50000
2293,362,3,3,0,26,33,15,27,0,41.76,0.05,0.09493,50000
2294,401,3,3,0,32,46,21,7,0,59.43,0.05,0.09267,50000
2295,122,2,2,0,15,44,17,0,0,43.66,0.05,0.09261,50000
2296,401,6,6,0,26,44,24,5,0,64.43,0.05,0.09186,50000
2297,5,0,0,0,4,2,0,0,1,-13.0,0.05,0.09173,50000
2298,5,0,0,0,3,3,0,0,1,-12.95,0.05,0.09173,50000
2299,228,2,2,0,10,23,9,1,0,15.34,0.05,0.09141,50000
2300,347,7,7,0,27,44,27,19,0,70.56,0.05,0.09148,50000
2301,401,3,3,0,34,45,26,13,0,69.48,0.05,0.09031,50000
2302,94,0,0,0,7,33,13,0,0,29.52,0.05,0.09024,50000
2303,27,0,0,0,4,11,4,0,0,1.01,0.05,0.09032,50000
2304,401,3,3,0,32,50,31,19,0,81.53,0.05,0.08961,50000
2305,164,2,2,0,19,41,21,0,0,47.17,0.05,0.0891,50000
2306,44,0,0,0,6,18,6,0,0,9.22,0.05,0.08894,50000
2307,83,1,1,0,6,26,10,1,0,21.29,0.05,0.08857,50000
2308,26,0,0,0,1,8,4,0,0,-1.67,0.05,0.08857,50000
2309,140,4,4,0,13,33,14,5,0,36.35,0.05,0.08864,50000
2310,26,0,0,0,1,7,4,0,0,0.03,0.05,0.08855,50000
2311,58,0,0,0,8,18,8,0,0,12.04,0.05,0.08847,50000
2312,401,5,5,0,21,38,22,14,0,60.88,0.05,0.08876,50000
2313,280,4,4,0,19,52,26,11,0,65.4,0.05,0.08818,50000
2314,401,6,6,0,58,55,32,7,0,82.43,0.05,0.08731,50000
2315,7,0,0,0,1,1,1,0,0,-8.29,0.05,0.08731,50000
2316,257,5,5,0,21,36,19,8,0,45.41,0.05,0.08671,50000
2317,50,0,0,0,1,10,7,0,0,5.95,0.05,0.08675,50000
2318,101,0,0,0,11,25,12,2,0,21.98,0.05,0.08671,50000
2319,401,6,6,0,35,56,24,25,0,78.63,0.05,0.08656,50000
2320,156,3,3,0,12,34,20,1,0,42.03,0.05,0.08683,50000
2321,401,4,4,0,39,42,25,10,0,62.08,0.05,0.08694,50000
2322,138,2,2,0,21,30,18,1,0,35.19,0.05,0.08697,50000
2323,92,2,2,0,13,24,12,0,0,23.01,0.05,0.08721,50000
2324,199,3,3,0,30,40,22,5,0,48.47,0.05,0.08704,50000
2325,323,3,3,0,22,46,21,3,0,46.24,0.05,0.08613,50000
2326,20,0,0,0,3,6,3,0,0,-2.55,0.05,0.08648,50000
2327,41,0,0,0,10,17,6,0,0,6.48,0.05,0.08651,50000
2328,36,0,0,0,3,11,4,1,0,2.23,0.05,0.08648,50000
2329,19,0,0,0,2,5,3,0,0,-2.98,0.05,0.08676,50000
2330,389,4,4,0,29,45,24,17,0,60.12,0.05,0.08591,50000
2331,35,1,1,0,4,11,5,0,0,5.85,0.05,0.08565,50000
2332,354,6,6,0,24,47,30,12,0,70.52,0.05,0.085,50000
2333,145,2,2,0,9,46,20,0,0,48.8,0.05,0.08482,50000
2334,61,2,2,0,6,15,8,1,0,12.73,0.05,0.08477,50000
2335,14,0,0,0,3,7,2,0,0,-4.28,0.05,0.08477,50000
2336,230,7,7,0,31,60,25,6,0,70.5,0.05,0.08495,50000
2337,5,0,0,0,3,2,0,0,1,-13.45,0.05,0.08498,50000
2338,5,0,0,0,4,2,0,0,1,-13.5,0.05,0.08498,50000
2339,99,0,0,0,16,22,11,2,0,18.62,0.05,0.08536,50000
2340,127,2,2,0,17,31,14,0,0,27.41,0.05,0.08558,50000
2341,401,4,4,0,33,57,25,1,0,70.58,0.05,0.08659,50000
2342,138,2,2,0,14,40,18,0,0,42.39,0.05,0.08657,50000
2343,5,0,0,0,3,2,1,0,0,-8.9,0.05,0.08657,50000
2344,401,6,6,0,19,50,28,2,0,74.38,0.05,0.08674,50000
2345,63,0,0,0,11,23,9,0,0,14.34,0.05,0.08653,50000
2346,125,2,2,0,8,37,17,0,0,37.35,0.05,0.08644,50000
2347,115,0,0,0,10,35,16,0,0,33.75,0.05,0.08658,50000
2348,133,0,0,0,47,17,9,5,0,12.09,0.05,0.08688,50000
2349,61,1,1,0,10,18,9,0,0,16.13,0.05,0.08673,50000
2350,401,6,6,0,16,50,28,5,0,75.48,0.05,0.08708,50000
2351,12,0,0,0,1,3,2,0,0,-6.54,0.05,0.0871,50000
2352,35,1,1,0,1,11,5,0,0,4.05,0.05,0.08689,50000
2353,5,0,0,0,3,3,0,0,1,-12.95,0.05,0.08689,50000
2354,120,3,3,0,17,35,16,0,0,38.25,0.05,0.08666,50000
2355,96,0,0,0,7,21,10,3,0,16.58,0.05,0.08671,50000
2356,101,1,1,0,10,31,13,1,0,28.68,0.05,0.08659,50000
2357,102,3,3,0,19,29,13,0,0,29.81,0.05,0.08642,50000
2358,6,0,0,0,1,1,1,0,0,-8.42,0.05,0.08642,50000
2359,20,0,0,0,2,6,3,0,0,-2.5,0.05,0.08637,50000
2360,58,0,0,0,12,15,7,1,0,8.89,0.05,0.08619,50000
2361,5,0,0,0,4,3,0,0,1,-13.0,0.05,0.08619,50000
2362,401,7,7,0,21,46,26,16,0,72.53,0.05,0.08685,50000
2363,401,6,6,0,18,39,24,17,0,67.78,0.05,0.08591,50000
2364,5,0,0,0,3,3,0,0,1,-12.45,0.05,0.08591,50000
2365,401,7,7,0,17,54,24,0,0,70.63,0.05,0.08541,50000
2366,401,5,5,0,27,46,24,8,0,66.78,0.05,0.0846,50000
2367,5,0,0,0,3,2,0,0,1,-13.45,0.05,0.08468,50000
2368,39,2,2,0,6,14,5,0,0,8.37,0.05,0.08464,50000
2369,401,6,6,0,20,50,28,11,0,78.53,0.05,0.08509,50000
2370,20,0,0,0,5,4,3,0,0,-4.2,0.05,0.08491,50000
2371,232,3,3,0,35,50,28,2,0,62.66,0.05,0.08501,50000
2372,401,1,1,0,26,47,20,4,0,53.23,0.05,0.08467,50000
2373,401,3,3,0,30,40,19,1,0,48.48,0.05,0.08379,50000
2374,72,3,3,0,11,22,10,0,0,19.36,0.05,0.08352,50000
2375,401,7,7,0,18,45,24,17,0,72.93,0.05,0.08297,50000
2376,38,1,1,0,5,13,5,0,0,6.49,0.05,0.08275,50000
2377,5,0,0,0,1,1,1,0,0,-8.25,0.05,0.08275,50000
2378,401,2,2,0,45,41,19,15,0,54.13,0.05,0.08269,50000
2379,132,4,4,0,15,34,18,0,0,38.31,0.05,0.08191,50000
2380,401,5,5,0,46,45,25,4,0,64.38,0.05,0.08216,50000
2381,35,0,0,0,4,9,5,0,0,3.15,0.05,0.08208,50000
2382,336,5,5,0,29,38,25,18,0,60.78,0.05,0.08249,50000
2383,365,6,6,0,72,54,28,9,0,66.8,0.05,0.08261,50000
2384,48,0,0,0,11,15,7,0,0,7.69,0.05,0.08268,50000
2385,19,2,2,0,7,5,3,0,0,-1.98,0.05,0.08242,50000
2386,22,1,1,0,1,10,3,0,0,1.96,0.05,0.08239,50000
2387,7,0,0,0,2,2,1,0,0,-7.59,0.05,0.08239,50000
2388,6,0,0,0,1,1,1,0,0,-9.82,0.05,0.08225,50000
2389,401,5,5,0,54,57,28,12,0,79.13,0.05,0.0807,50000
2390,31,0,0,0,4,11,4,0,0,-0.02,0.05,0.08077,50000
2391,36,0,0,0,1,8,5,0,0,1.38,0.05,0.08045,50000
2392,5,0,0,0,1,1,0,0,1,-13.85,0.05,0.08045,50000
2393,151,1,1,0,26,42,18,2,0,41.73,0.05,0.07987,50000
2394,401,7,7,0,34,58,29,1,0,79.43,0.05,0.08019,50000
2395,27,0,0,0,5,7,4,0,0,0.11,0.05,0.08026,50000
2396,261,4,4,0,25,34,17,3,0,36.38,0.05,0.08062,50000
2397,5,0,0,0,3,4,0,0,1,-11.95,0.05,0.08062,50000
2398,19,0,0,0,4,5,3,0,0,-3.63,0.05,0.08057,50000
2399,40,0,0,0,4,12,6,0,0,5.75,0.05,0.08053,50000
2400,269,4,4,0,18,60,25,4,0,63.57,0.05,0.08035,50000
2401,111,3,3,0,49,24,10,0,0,19.73,0.05,0.08053,50000
2402,8,0,0,0,1,1,1,0,0,-7.91,0.05,0.08054,50000
2403,401,6,6,0,37,56,24,18,0,74.78,0.05,0.08006,50000
2404,7,0,0,0,2,2,1,0,0,-7.59,0.05,0.08006,50000
2405,83,2,2,0,15,24,9,2,0,17.24,0.05,0.08022,50000
2406,401,6,6,0,59,52,25,9,0,70.23,0.05,0.08054,50000
2407,5,0,0,0,3,3,0,0,1,-12.45,0.05,0.08054,50000
2408,179,4,4,0,26,50,23,1,0,57.02,0.05,0.08099,50000
2409,74,2,2,0,9,21,10,0,0,19.22,0.05,0.08085,50000
2410,5,0,0,0,3,2,0,0,1,-13.45,0.05,0.08085,50000
2411,5,0,0,0,1,1,1,0,0,-9.35,0.05,0.08085,50000
2412,15,0,0,0,3,4,2,0,0,-5.0,0.05,0.08098,50000
2413,5,0,0,0,1,2,0,0,1,-13.35,0.05,0.08099,50000
2414,154,4,4,0,12,51,19,2,0,51.42,0.05,0.08048,50000
2415,6,0,0,0,1,1,1,0,0,-8.02,0.05,0.08078,50000
2416,5,0,0,0,1,2,0,0,1,-13.35,0.05,0.08078,50000
2417,350,3,3,0,159,39,19,0,0,33.95,0.05,0.08097,50000
2418,94,1,1,0,12,36,12,0,0,27.77,0.05,0.08045,50000
2419,153,3,3,0,17,48,20,1,0,50.64,0.05,0.08044,50000
2420,22,0,0,0,3,6,3,0,0,-2.74,0.05,0.08048,50000
2421,167,3,3,0,18,45,21,1,0,49.56,0.05,0.08074,50000
2422,401,7,7,0,27,56,29,1,0,78.38,0.05,0.08092,50000
2423,5,0,0,0,3,2,0,0,1,-13.45,0.05,0.08092,50000
2424,69,2,2,0,9,27,10,0,0,20.22,0.05,0.08098,50000
2425,129,1,1,0,21,29,16,2,0,32.07,0.05,0.08092,50000
2426,401,5,5,0,24,55,24,4,0,70.33,0.05,0.08035,50000
2427,51,0,0,0,10,15,7,0,0,6.13,0.05,0.0805,50000
2428,169,4,4,0,15,46,23,0,0,53.22,0.05,0.07982,50000
2429,93,1,1,0,21,25,12,0,0,23.04,0.05,0.0797,50000
2430,401,4,4,0,27,50,23,2,0,61.88,0.05,0.07951,50000
2431,294,3,3,0,17,56,29,5,0,66.57,0.05,0.07975,50000
2432,107,4,4,0,6,32,14,1,0,34.11,0.05,0.07979,50000
2433,153,3,3,0,15,40,20,0,0,44.94,0.05,0.08035,50000
2434,20,0,0,0,3,3,2,1,0,-6.95,0.05,0.08024,50000
2435,43,0,0,0,13,8,3,3,0,-1.51,0.05,0.08027,50000
2436,56,1,1,0,9,16,7,1,0,8.58,0.05,0.08036,50000
2437,88,1,1,0,14,27,12,0,0,23.09,0.05,0.0804,50000
2438,19,1,1,0,4,5,2,1,0,-3.93,0.05,0.08031,50000
2439,401,4,4,0,18,58,29,5,0,77.93,0.05,0.07983,50000
2440,42,0,0,0,5,13,5,1,0,5.51,0.05,0.07982,50000
2441,85,1,1,0,5,27,12,0,0,23.5,0.05,0.07954,50000
2442,401,6,6,0,20,59,30,2,0,80.33,0.05,0.07938,50000
2443,5,0,0,0,4,2,0,0,1,-13.5,0.05,0.07938,50000
2444,109,2,2,0,22,29,13,2,0,29.97,0.05,0.07923,50000
2445,71,2,2,0,6,22,10,0,0,20.13,0.05,0.07909,50000
2446,5,0,0,0,3,4,0,0,1,-11.95,0.05,0.07909,50000
2447,129,4,4,0,12,38,17,1,0,40.32,0.05,0.07903,50000
2448,66,1,1,0,7,22,9,0,0,16.03,0.05,0.0784,50000
2449,9,0,0,0,1,3,1,0,0,-7.83,0.05,0.07846,50000
2450,21,1,1,0,4,5,3,0,0,-2.87,0.05,0.0785,50000
2451,401,8,8,0,24,49,24,3,0,68.73,0.05,0.07981,50000
2452,299,4,4,0,17,52,24,3,0,58.17,0.05,0.08015,50000
2453,255,2,2,0,28,48,25,3,0,54.45,0.05,0.08061,50000
2454,118,2,2,0,14,36,15,0,0,34.44,0.05,0.08044,50000
2455,5,0,0,0,0,1,1,0,0,-8.7,0.05,0.08044,50000
2456,187,5,5,0,18,44,21,4,0,52.21,0.05,0.08084,50000
2457,219,3,3,0,15,39,18,0,0,40.62,0.05,0.08112,50000
2458,401,5,5,0,20,54,27,0,0,72.43,0.05,0.08096,50000
2459,401,2,2,0,54,48,20,3,0,54.38,0.05,0.08011,50000
2460,65,0,0,0,13,22,9,0,0,14.85,0.05,0.08005,50000
2461,401,7,7,0,30,55,28,3,0,77.98,0.05,0.08027,50000
2462,24,0,0,0,1,7,3,0,0,-1.03,0.05,0.0804,50000
2463,146,0,0,0,19,27,17,2,0,30.38,0.05,0.08109,50000
2464,7,0,0,0,2,2,1,0,0,-8.24,0.05,0.08114,50000
2465,401,7,7,0,32,51,26,5,0,74.28,0.05,0.07993,50000
2466,401,5,5,0,25,57,26,5,0,74.13,0.05,0.07895,50000
2467,177,5,5,0,29,50,22,0,0,54.61,0.05,0.07949,50000
2468,80,1,1,0,13,36,11,0,0,28.5,0.05,0.07943,50000
2469,5,0,0,0,3,3,0,0,1,-12.95,0.05,0.07943,50000
2470,401,5,5,0,23,65,28,1,0,79.38,0.05,0.07951,50000
2471,276,9,9,0,31,56,31,3,0,88.93,0.05,0.08007,50000
2472,13,0,0,0,3,3,2,0,0,-7.46,0.05,0.08002,50000
2473,13,0,0,0,5,3,2,0,0,-5.46,0.05,0.07994,50000
2474,206,4,4,0,21,41,24,2,0,55.18,0.05,0.07945,50000
2475,401,6,6,0,116,50,25,4,0,66.03,0.05,0.07896,50000
2476,401,8,8,0,19,58,30,4,0,85.38,0.05,0.07917,50000
2477,401,5,5,0,44,52,28,4,0,74.13,0.05,0.0798,50000
2478,341,6,6,0,24,48,24,8,0,59.83,0.05,0.07891,50000
2479,26,0,0,0,7,10,4,0,0,-0.07,0.05,0.07896,50000
2480,22,1,1,0,5,7,3,0,0,-1.89,0.05,0.07888,50000
2481,5,0,0,0,3,3,0,0,1,-12.45,0.05,0.07888,50000
2482,5,0,0,0,4,2,0,0,1,-13.0,0.05,0.07889,50000
2483,111,5,5,0,14,35,14,1,0,37.23,0.05,0.07885,50000
2484,98,1,1,0,11,34,13,0,0,29.69,0.05,0.07892,50000
2485,53,2,2,0,4,22,7,0,0,16.19,0.05,0.07906,50000
2486,76,0,0,0,24,28,11,0,0,18.53,0.05,0.07872,50000
2487,42,1,1,0,12,16,6,0,0,8.31,0.05,0.07865,50000
2488,26,0,0,0,4,11,4,0,0,2.33,0.05,0.07865,50000
2489,185,2,2,0,48,45,21,0,0,47.25,0.05,0.07871,50000
2490,254,3,3,0,13,41,23,10,0,55.02,0.05,0.07883,50000
2491,219,3,3,0,58,52,22,2,0,50.37,0.05,0.07864,50000
2492,5,0,0,0,4,4,0,0,1,-12.0,0.05,0.07867,50000
2493,401,6,6,0,20,59,28,2,0,78.93,0.05,0.07877,50000
2494,5,0,0,0,3,3,0,0,1,-12.45,0.05,0.07877,50000
2495,36,1,1,0,3,12,5,0,0,5.73,0.05,0.07906,50000
2496,74,1,1,0,4,26,10,0,0,21.72,0.05,0.0788,50000
2497,145,4,4,0,16,47,20,0,0,51.5,0.05,0.07831,50000
2498,29,0,0,0,5,6,4,0,0,-2.33,0.05,0.07807,50000
2499,5,0,0,0,1,1,0,0,1,-13.85,0.05,0.07807,50000
2500,401,3,3,0,54,42,25,6,0,64.88,0.05,0.07727,50000
2501,321,9,9,0,28,63,34,1,0,95.63,0.05,0.07655,50000
2502,120,0,0,0,18,44,17,0,0,38.45,0.05,0.07659,50000
2503,401,4,4,0,50,48,25,14,0,70.48,0.05,0.07512,50000
2504,401,5,5,0,33,64,30,2,0,85.73,0.05,0.07422,50000
2505,5,0,0,0,3,3,0,0,1,-12.95,0.05,0.0742,50000
2506,50,0,0,0,7,17,6,1,0,6.75,0.05,0.07439,50000
2507,5,0,0,0,3,2,0,0,1,-12.95,0.05,0.07439,50000
2508,113,3,3,0,8,27,15,0,0,32.69,0.05,0.07457,50000
2509,401,8,8,0,30,55,28,8,0,81.78,0.05,0.07459,50000
2510,401,5,5,0,99,65,28,11,0,82.33,0.05,0.07398,50000
2511,401,7,7,0,8,29,19,1,0,50.08,0.05,0.07295,50000
2512,177,1,1,0,18,48,17,0,0,43.36,0.05,0.07326,50000
2513,401,5,5,0,35,51,27,3,0,73.08,0.05,0.07388,50000
2514,6,0,0,0,1,1,1,0,0,-7.87,0.05,0.07372,50000
2515,12,1,1,0,3,4,2,0,0,-5.29,0.05,0.07372,50000
2516,13,0,0,0,6,3,2,0,0,-7.61,0.05,0.07374,50000
2517,83,3,3,0,6,30,11,0,0,26.89,0.05,0.07385,50000
2518,401,5,5,0,34,48,28,1,0,71.58,0.05,0.07379,50000
2519,65,0,0,0,10,17,9,0,0,10.7,0.05,0.07369,50000
2520,401,7,7,0,27,58,28,8,0,83.08,0.05,0.07303,50000
2521,401,6,6,0,21,60,30,3,0,84.88,0.05,0.07283,50000
2522,401,3,3,0,17,47,24,3,0,64.83,0.05,0.07247,50000
2523,5,0,0,0,4,3,0,0,1,-12.5,0.05,0.07257,50000
2524,156,4,4,0,17,47,21,1,0,51.58,0.05,0.07222,50000
2525,78,1,1,0,3,31,10,1,0,25.69,0.05,0.07244,50000
2526,23,0,0,0,0,9,3,0,0,-0.36,0.05,0.07222,50000
2527,123,2,2,0,6,29,11,0,0,26.09,0.05,0.07227,50000
2528,401,7,7,0,16,37,18,5,0,53.28,0.05,0.07225,50000
2529,401,7,7,0,77,53,29,9,0,80.53,0.05,0.07148,50000
2530,401,7,7,0,25,56,30,4,0,83.48,0.05,0.07221,50000
2531,55,0,0,0,6,23,7,0,0,15.05,0.05,0.07236,50000
2532,374,8,8,0,21,51,27,2,0,67.27,0.05,0.07263,50000
2533,178,4,4,0,32,55,21,2,0,55.69,0.05,0.07226,50000
2534,70,1,1,0,6,21,9,1,0,18.6,0.05,0.07257,50000
2535,18,1,1,0,3,6,2,0,0,-3.31,0.05,0.07269,50000
2536,89,3,3,0,9,33,12,0,0,31.87,0.05,0.0725,50000
2537,21,0,0,0,5,8,3,0,0,-1.97,0.05,0.07253,50000
2538,401,5,5,0,27,51,25,0,0,68.18,0.05,0.07343,50000
2539,30,0,0,0,6,10,4,0,0,1.65,0.05,0.07351,50000
2540,58,2,2,0,5,25,8,0,0,18.54,0.05,0.07369,50000
2541,88,3,3,0,5,31,12,0,0,29.24,0.05,0.0738,50000
2542,401,7,7,0,16,57,23,0,0,69.63,0.05,0.07456,50000
2543,57,1,1,0,4,20,7,0,0,12.56,0.05,0.07435,50000
2544,14,0,0,0,2,4,2,0,0,-4.78,0.05,0.07429,50000
2545,24,0,0,0,3,7,3,0,0,-1.63,0.05,0.07436,50000
2546,401,7,7,0,42,55,30,0,0,78.98,0.05,0.07437,50000
2547,21,0,0,0,5,9,3,0,0,-1.92,0.05,0.07437,50000
2548,5,0,0,0,3,2,1,0,0,-9.45,0.05,0.07437,50000
2549,5,0,0,0,1,1,1,0,0,-9.85,0.05,0.07451,50000
2550,128,3,3,0,12,35,17,1,0,40.19,0.05,0.0744,50000
2551,335,7,7,0,17,59,27,1,0,70.6,0.05,0.07418,50000
2552,401,6,6,0,19,46,20,1,0,57.73,0.05,0.07486,50000
2553,187,1,1,0,140,14,6,0,0,-2.99,0.05,0.07472,50000
2554,153,0,0,0,20,4,1,0,0,-11.16,0.05,0.07491,50000
2555,377,9,9,0,26,59,30,4,0,88.06,0.05,0.07542,50000
2556,28,0,0,0,6,8,4,0,0,0.84,0.05,0.07545,50000
2557,5,0,0,0,4,3,0,0,1,-13.0,0.05,0.07545,50000
2558,34,0,0,0,8,12,5,0,0,2.27,0.05,0.07563,50000
2559,44,0,0,0,9,19,6,0,0,8.42,0.05,0.07567,50000
2560,137,4,4,0,10,46,19,0,0,49.66,0.05,0.0759,50000
2561,271,9,9,0,32,64,35,1,0,99.68,0.05,0.07561,50000
2562,5,0,0,0,2,1,1,0,0,-9.4,0.05,0.07561,50000
2563,401,6,6,0,66,41,17,0,0,47.68,0.05,0.07472,50000
2564,217,2,2,0,16,32,14,1,0,29.51,0.05,0.07513,50000
2565,401,4,4,0,16,40,19,0,0,50.73,0.05,0.07579,50000
2566,401,5,5,0,52,55,26,1,0,70.83,0.05,0.07574,50000
2567,155,7,7,0,18,44,20,1,0,54.15,0.05,0.07608,50000
2568,401,3,3,0,81,48,19,1,0,49.33,0.05,0.07612,50000
2569,70,0,0,0,9,24,10,0,0,17.55,0.05,0.07617,50000
2570,64,1,1,0,7,25,9,0,0,19.37,0.05,0.0762,50000
2571,105,3,3,0,13,39,14,0,0,36.15,0.05,0.07639,50000
2572,67,3,3,0,6,23,9,0,0,21.76,0.05,0.07615,50000
2573,20,0,0,0,4,5,3,0,0,-3.9,0.05,0.07642,50000
2574,178,4,4,0,18,53,24,0,0,59.04,0.05,0.076,50000
2575,401,4,4,0,43,49,24,1,0,62.68,0.05,0.07674,50000
2576,136,2,2,0,11,39,18,1,0,42.28,0.05,0.07682,50000
2577,5,0,0,0,1,1,0,0,1,-13.35,0.05,0.07693,50000
2578,76,1,1,0,9,27,11,0,0,24.43,0.05,0.07703,50000
2579,5,0,0,0,4,3,0,0,1,-13.0,0.05,0.07708,50000
2580,401,9,9,0,22,60,29,0,0,84.68,0.05,0.07685,50000
2581,121,1,1,0,59,28,9,0,0,16.98,0.05,0.07764,50000
2582,237,2,2,0,168,19,7,2,0,4.31,0.05,0.07788,50000
2583,401,6,6,0,23,48,22,1,0,63.28,0.05,0.07757,50000
2584,6,0,0,0,1,2,1,0,0,-7.02,0.05,0.07757,50000
2585,14,0,0,0,2,3,2,0,0,-5.43,0.05,0.0775,50000
2586,113,4,4,0,13,38,15,0,0,37.49,0.05,0.07723,50000
2587,70,0,0,0,7,23,9,0,0,16.35,0.05,0.07725,50000
2588,13,0,0,0,3,4,2,0,0,-6.31,0.05,0.0772,50000
2589,7,0,0,0,2,1,1,0,0,-7.59,0.05,0.0772,50000
2590,94,3,3,0,24,26,10,0,0,24.37,0.05,0.07698,50000
2591,6,0,0,0,3,1,1,0,0,-9.97,0.05,0.07698,50000
2592,105,3,3,0,12,34,15,0,0,37.2,0.05,0.07654,50000
2593,14,0,0,0,0,6,2,0,0,-4.23,0.05,0.07644,50000
2594,34,1,1,0,8,12,5,0,0,3.47,0.05,0.07659,50000
2595,47,1,1,0,7,19,7,0,0,11.46,0.05,0.07681,50000
2596,35,0,0,0,3,14,5,0,0,3.85,0.05,0.07668,50000
2597,401,8,8,0,27,58,31,0,0,85.33,0.05,0.07649,50000
2598,63,0,0,0,2,29,9,0,0,19.44,0.05,0.07617,50000
2599,401,7,7,0,16,56,27,0,0,77.13,0.05,0.07651,50000
2600,5,0,0,0,3,4,0,0,1,-11.45,0.05,0.07651,50000
2601,99,4,4,0,4,37,13,0,0,37.32,0.05,0.07635,50000
2602,26,0,0,0,5,7,4,0,0,-0.72,0.05,0.07623,50000
2603,179,3,3,0,57,42,20,0,0,44.02,0.05,0.07612,50000
2604,290,6,6,0,22,52,25,0,0,61.75,0.05,0.07704,50000
2605,373,5,5,0,32,54,23,4,0,58.89,0.05,0.0765,50000
2606,401,6,6,0,29,40,19,1,0,53.53,0.05,0.07654,50000
2607,401,8,8,0,97,51,27,1,0,72.23,0.05,0.07659,50000
2608,86,2,2,0,29,23,8,1,0,15.88,0.05,0.07676,50000
2609,401,6,6,0,80,53,24,3,0,67.88,0.05,0.07701,50000
2610,99,1,1,0,9,25,13,0,0,23.92,0.05,0.07717,50000
2611,401,6,6,0,17,56,28,2,0,78.43,0.05,0.07704,50000
2612,376,3,3,0,217,33,15,0,0,20.08,0.05,0.07599,50000
2613,401,8,8,0,25,42,22,0,0,62.68,0.05,0.07584,50000
2614,111,1,1,0,12,36,15,0,0,35.88,0.05,0.07559,50000
2615,117,0,0,0,17,37,16,0,0,34.36,0.05,0.07528,50000
2616,5,0,0,0,3,3,0,0,1,-12.95,0.05,0.07528,50000
2617,401,7,7,0,63,49,26,1,0,71.08,0.05,0.07465,50000
2618,401,6,6,0,95,53,27,7,0,72.13,0.05,0.07436,50000
2619,87,2,2,0,17,26,10,2,0,19.76,0.05,0.07379,50000
2620,401,8,8,0,34,59,26,1,0,78.33,0.05,0.07398,50000
2621,110,2,2,0,16,41,14,0,0,35.6,0.05,0.07355,50000
2622,317,9,9,0,24,66,28,0,0,88.36,0.05,0.07308,50000
2623,401,5,5,0,36,63,25,2,0,75.08,0.05,0.07201,50000
2624,401,7,7,0,18,58,26,8,0,80.78,0.05,0.07071,50000
2625,20,0,0,0,3,8,3,0,0,-1.8,0.05,0.07072,50000
2626,162,5,5,0,10,48,21,0,0,53.76,0.05,0.07102,50000
2627,33,0,0,0,3,12,4,0,0,3.84,0.05,0.07095,50000
2628,401,5,5,0,31,61,28,8,0,81.88,0.05,0.07074,50000
2629,7,0,0,0,2,2,1,0,0,-7.59,0.05,0.07074,50000
2630,54,3,3,0,5,22,7,0,0,17.12,0.05,0.07056,50000
2631,122,4,4,0,18,44,17,0,0,42.96,0.05,0.07077,50000
2632,401,7,7,0,23,64,28,13,0,87.98,0.05,0.07057,50000
2633,191,4,4,0,11,44,22,0,0,53.38,0.05,0.07087,50000
2634,209,5,5,0,11,44,26,0,0,62.57,0.05,0.07029,50000
2635,5,0,0,0,3,2,0,0,1,-13.45,0.05,0.07052,50000
2636,80,1,1,0,6,26,11,0,0,21.95,0.05,0.07083,50000
2637,274,9,9,0,16,47,23,8,0,62.97,0.05,0.07045,50000
2638,401,8,8,0,23,46,26,1,0,70.78,0.05,0.06963,50000
2639,119,2,2,0,11,36,14,2,0,34.42,0.05,0.06979,50000
2640,5,0,0,0,2,2,0,0,1,-13.4,0.05,0.06979,50000
2641,401,6,6,0,22,34,19,1,0,51.13,0.05,0.069,50000
2642,401,8,8,0,24,58,29,0,0,79.63,0.05,0.06897,50000
2643,143,3,4,0,18,38,19,0,0,43.19,0.05,0.06911,50000
2644,120,4,4,0,10,42,16,0,0,43.4,0.05,0.06866,50000
2645,37,2,2,0,8,8,5,0,0,3.26,0.05,0.06874,50000
2646,42,0,0,0,6,12,5,1,0,4.96,0.05,0.06858,50000
2647,231,8,8,0,28,60,27,2,0,73.93,0.05,0.0688,50000
2648,6,0,0,0,3,1,1,0,0,-9.92,0.05,0.06877,50000
2649,238,9,9,0,22,46,26,4,0,65.49,0.05,0.06854,50000
2650,5,0,0,0,3,2,0,0,1,-12.45,0.05,0.06855,50000
2651,5,0,0,0,1,2,0,0,1,-13.35,0.05,0.06855,50000
2652,161,5,5,0,19,46,21,1,0,53.78,0.05,0.06819,50000
2653,27,1,1,0,3,14,4,0,0,5.86,0.05,0.06811,50000
2654,5,0,0,0,2,1,0,0,1,-13.9,0.05,0.06811,50000
2655,37,2,2,0,2,13,5,0,0,7.36,0.05,0.06807,50000
2656,5,0,0,0,0,1,1,0,0,-8.7,0.05,0.06826,50000
2657,5,0,0,0,2,2,0,0,1,-13.4,0.05,0.06826,50000
2658,79,1,1,0,6,29,11,0,0,23.97,0.05,0.06817,50000
2659,284,8,8,0,39,55,25,10,0,68.57,0.05,0.06874,50000
2660,5,0,0,0,3,1,1,0,0,-9.45,0.05,0.06874,50000
2661,401,7,7,0,38,59,34,3,0,91.78,0.05,0.06908,50000
2662,5,0,0,0,4,3,0,0,1,-13.0,0.05,0.06908,50000
2663,332,9,9,0,16,54,29,4,0,85.21,0.05,0.06932,50000
2664,100,1,1,0,9,38,13,1,0,32.45,0.05,0.0696,50000
2665,31,1,1,0,3,12,4,0,0,4.38,0.05,0.06963,50000
2666,401,4,4,0,16,45,24,2,0,62.98,0.05,0.07009,50000
2667,5,0,0,0,1,1,0,0,1,-13.35,0.05,0.07015,50000
2668,41,0,0,0,7,13,6,0,0,4.33,0.05,0.07002,50000
2669,140,3,3,0,20,43,19,1,0,46.85,0.05,0.07027,50000
2670,5,0,0,0,1,3,0,0,1,-12.35,0.05,0.07027,50000
2671,5,0,0,0,4,2,0,0,1,-13.0,0.05,0.07037,50000
2672,21,1,1,0,0,8,3,0,0,0.58,0.05,0.0704,50000
2673,257,9,9,0,18,62,28,2,0,88.11,0.05,0.0705,50000
2674,394,8,10,0,35,61,26,1,0,80.87,0.05,0.07007,50000
2675,20,0,0,0,2,9,3,0,0,1.55,0.05,0.07004,50000
2676,177,4,4,0,10,45,22,0,0,51.81,0.05,0.07054,50000
2677,93,1,1,0,15,26,13,0,0,24.24,0.05,0.0704,50000
2678,5,0,0,0,1,1,1,0,0,-8.25,0.05,0.0704,50000
2679,401,8,8,0,35,59,30,2,0,82.93,0.05,0.06989,50000
2680,20,1,1,0,3,5,3,0,0,-3.15,0.05,0.06988,50000
2681,79,3,3,0,8,26,10,1,0,20.52,0.05,0.07002,50000
2682,401,6,6,0,15,52,22,1,0,64.73,0.05,0.07006,50000
2683,154,4,4,0,25,49,19,2,0,51.07,0.05,0.0698,50000
2684,49,0,0,0,6,14,7,0,0,7.67,0.05,0.06984,50000
2685,230,7,7,0,28,62,29,1,0,77.15,0.05,0.06994,50000
2686,401,9,9,0,30,58,30,0,0,83.33,0.05,0.06983,50000
2687,37,1,1,0,6,9,5,0,0,1.66,0.05,0.06982,50000
2688,65,2,2,0,6,15,9,0,0,13.95,0.05,0.06988,50000
2689,97,3,3,0,12,37,13,0,0,33.76,0.05,0.06992,50000
2690,257,7,7,0,22,54,27,3,0,69.16,0.05,0.06957,50000
2691,113,1,1,0,11,31,15,1,0,31.89,0.05,0.06925,50000
2692,79,1,1,0,8,28,11,0,0,22.87,0.05,0.06896,50000
2693,111,3,3,0,22,36,15,0,0,36.53,0.05,0.06876,50000
2694,121,2,2,0,22,37,16,1,0,37.33,0.05,0.06875,50000
2695,401,4,4,0,25,48,24,2,0,63.38,0.05,0.06927,50000
2696,38,0,0,0,3,14,5,0,0,5.09,0.05,0.06912,50000
2697,282,9,9,0,35,53,29,1,0,83.91,0.05,0.06907,50000
2698,401,8,8,0,38,47,25,15,0,72.98,0.05,0.06894,50000
2699,112,4,4,0,15,32,13,2,0,33.76,0.05,0.06907,50000
2700,45,0,0,0,7,16,6,0,0,7.6,0.05,0.06897,50000
2701,5,0,0,0,3,3,0,0,1,-12.95,0.05,0.06897,50000
2702,19,0,0,0,3,7,3,0,0,-3.63,0.05,0.06892,50000
2703,278,6,6,0,30,67,36,0,0,88.29,0.05,0.06823,50000
2704,13,0,0,0,0,3,1,1,0,-8.61,0.05,0.06813,50000
2705,5,0,0,0,3,3,0,0,1,-11.95,0.05,0.06813,50000
2706,78,0,0,0,13,27,11,0,0,20.39,0.05,0.06743,50000
2707,28,0,0,0,2,8,4,0,0,0.64,0.05,0.06743,50000
2708,44,1,1,0,8,13,5,1,0,2.47,0.05,0.06733,50000
2709,56,0,0,0,12,24,8,0,0,15.53,0.05,0.06749,50000
2710,20,0,0,0,1,4,3,0,0,-4.35,0.05,0.0674,50000
2711,5,0,0,0,0,2,0,0,1,-13.3,0.05,0.0674,50000
2712,166,7,7,0,14,52,21,1,0,56.18,0.05,0.06723,50000
2713,50,1,1,0,7,23,7,0,0,16.05,0.05,0.06716,50000
2714,256,8,10,0,31,53,25,2,0,78.08,0.05,0.06684,50000
2715,28,0,0,0,4,9,4,0,0,-0.56,0.05,0.06682,50000
2716,401,5,5,0,26,55,26,4,0,73.48,0.05,0.067,50000
2717,112,3,3,0,17,43,15,0,0,38.16,0.05,0.06733,50000
2718,67,0,0,0,6,26,9,0,0,18.11,0.05,0.06741,50000
2719,33,0,0,0,6,10,5,0,0,1.34,0.05,0.06714,50000
2720,401,8,8,0,33,54,23,1,0,69.28,0.05,0.06705,50000
2721,92,1,1,0,13,35,12,0,0,29.26,0.05,0.06735,50000
2722,142,3,3,0,15,39,18,1,0,42.16,0.05,0.06733,50000
2723,128,2,2,0,11,35,16,0,0,34.49,0.05,0.06751,50000
2724,75,3,3,0,11,22,10,0,0,20.65,0.05,0.0674,50000
2725,110,4,4,0,5,33,13,2,0,35.15,0.05,0.06736,50000
2726,29,0,0,0,10,9,4,0,0,-1.08,0.05,0.06728,50000
2727,12,0,0,0,4,4,2,0,0,-6.24,0.05,0.06728,50000
2728,401,7,7,0,34,69,30,2,0,87.63,0.05,0.06761,50000
2729,352,6,6,0,9,31,18,1,0,38.76,0.05,0.06727,50000
2730,56,0,0,0,9,23,8,0,0,14.73,0.05,0.06709,50000
2731,63,0,0,0,16,19,9,0,0,14.04,0.05,0.06674,50000
2732,364,9,9,0,23,57,28,0,0,80.37,0.05,0.06656,50000
2733,401,6,6,0,21,49,22,3,0,62.13,0.05,0.06661,50000
2734,401,8,8,0,37,56,29,8,0,82.48,0.05,0.06688,50000
2735,235,8,10,0,25,50,24,3,0,76.85,0.05,0.06667,50000
2736,49,1,1,0,8,12,7,0,0,7.87,0.05,0.06675,50000
2737,42,0,0,0,6,14,6,0,0,6.66,0.05,0.06671,50000
2738,376,6,6,0,28,50,24,0,0,57.48,0.05,0.06604,50000
2739,401,9,9,0,20,52,29,2,0,81.83,0.05,0.06599,50000
2740,286,5,5,0,27,45,22,6,0,53.28,0.05,0.06591,50000
2741,185,5,5,0,20,50,22,3,0,60.15,0.05,0.06571,50000
2742,6,0,0,0,1,0,0,1,0,-11.57,0.05,0.06571,50000
2743,14,0,0,0,1,4,2,0,0,-5.68,0.05,0.06541,50000
2744,5,0,0,0,1,1,1,0,0,-8.75,0.05,0.06541,50000
2745,117,4,4,0,19,35,15,1,0,35.96,0.05,0.06532,50000
2746,107,1,1,0,14,31,15,0,0,32.91,0.05,0.06569,50000
2747,178,4,4,0,19,45,22,3,0,54.84,0.05,0.0659,50000
2748,232,7,7,0,20,45,19,13,0,56.71,0.05,0.06633,50000
2749,162,3,3,0,18,41,18,4,0,44.71,0.05,0.06605,50000
2750,87,4,4,0,9,30,12,0,0,30.21,0.05,0.06556,50000
2751,189,5,5,0,29,55,25,1,0,63.27,0.05,0.06568,50000
2752,247,8,8,0,18,49,25,6,0,66.46,0.05,0.06528,50000
2753,42,1,1,0,2,13,6,0,0,7.01,0.05,0.06544,50000
2754,40,0,0,0,7,18,6,0,0,7.7,0.05,0.0653,50000
2755,401,7,7,0,32,67,29,15,0,91.08,0.05,0.06558,50000
2756,33,0,0,0,7,11,5,0,0,1.84,0.05,0.0656,50000
2757,353,9,9,0,37,59,34,7,0,95.74,0.05,0.06654,50000
2758,105,6,6,0,19,29,14,1,0,32.95,0.05,0.06614,50000
2759,189,4,4,0,14,44,21,4,0,54.67,0.05,0.06586,50000
2760,112,4,4,0,11,38,15,0,0,37.46,0.05,0.06608,50000
2761,14,0,0,0,0,4,2,0,0,-4.48,0.05,0.06621,50000
2762,340,8,8,0,26,52,26,16,0,73.3,0.05,0.06665,50000
2763,175,4,4,0,40,35,20,1,0,42.85,0.05,0.06627,50000
2764,401,9,9,0,35,60,34,11,0,95.23,0.05,0.06574,50000
2765,332,8,8,0,40,65,33,11,0,87.16,0.05,0.06507,50000
2766,127,2,2,0,19,37,18,0,0,39.76,0.05,0.06541,50000
2767,401,7,7,0,25,51,22,7,0,68.28,0.05,0.06475,50000
2768,77,1,1,0,10,32,11,0,0,26.86,0.05,0.06442,50000
2769,401,8,8,0,47,49,20,29,0,73.83,0.05,0.06441,50000
2770,21,0,0,0,0,8,2,1,0,-1.77,0.05,0.06456,50000
2771,44,0,0,0,15,13,6,0,0,2.02,0.05,0.06452,50000
2772,5,0,0,0,0,2,1,0,0,-6.8,0.05,0.06452,50000
2773,208,5,5,0,28,39,22,6,0,51.94,0.05,0.06456,50000
2774,19,0,0,0,3,10,3,0,0,-0.63,0.05,0.06448,50000
2775,401,8,8,0,41,62,29,18,0,90.83,0.05,0.06503,50000
2776,401,6,6,0,41,50,25,7,0,71.03,0.05,0.06445,50000
2777,351,8,8,0,33,42,24,8,0,59.43,0.05,0.06456,50000
2778,5,0,0,0,3,4,0,0,1,-11.95,0.05,0.06461,50000
2779,44,0,0,0,8,18,6,0,0,8.92,0.05,0.06453,50000
2780,5,0,0,0,4,2,0,0,1,-13.0,0.05,0.06453,50000
2781,204,5,5,0,23,48,19,8,0,54.42,0.05,0.06425,50000
2782,90,5,5,0,10,33,10,2,0,31.15,0.05,0.06424,50000
2783,33,2,2,0,1,17,5,0,0,9.89,0.05,0.06419,50000
2784,81,0,0,0,16,30,11,0,0,24.58,0.05,0.06411,50000
2785,5,0,0,0,4,4,0,0,1,-12.5,0.05,0.06428,50000
2786,188,8,8,0,16,59,24,2,0,68.09,0.05,0.06385,50000
2787,288,9,9,0,20,64,28,8,0,89.19,0.05,0.06421,50000
2788,168,4,4,0,23,45,22,0,0,52.34,0.05,0.06359,50000
2789,401,8,8,0,36,60,27,8,0,80.43,0.05,0.06362,50000
2790,172,4,4,0,39,43,20,1,0,47.46,0.05,0.06351,50000
2791,5,0,0,0,2,2,0,0,1,-13.4,0.05,0.06351,50000
2792,6,0,0,0,3,2,1,0,0,-8.97,0.05,0.06351,50000
2793,401,8,8,0,33,63,29,18,0,92.28,0.05,0.06343,50000
2794,265,9,9,0,12,54,28,4,0,85.95,0.05,0.06311,50000
2795,27,2,2,0,3,10,4,0,0,4.51,0.05,0.06309,50000
2796,401,8,8,0,25,62,33,8,0,94.83,0.05,0.06331,50000
2797,28,0,0,0,4,4,3,1,0,-2.86,0.05,0.06342,50000
2798,5,0,0,0,1,2,0,0,1,-13.35,0.05,0.0635,50000
2799,5,0,0,0,3,4,0,0,1,-11.95,0.05,0.0635,50000
2800,401,6,6,0,21,44,22,15,0,67.23,0.05,0.06374,50000
2801,24,1,1,0,8,4,3,0,0,-3.98,0.05,0.06381,50000
2802,117,5,5,0,12,47,16,0,0,46.21,0.05,0.06371,50000
2803,28,1,1,0,6,9,4,0,0,2.29,0.05,0.06351,50000
2804,386,9,9,0,17,54,25,19,0,81.78,0.05,0.06321,50000
2805,152,3,3,0,15,50,20,1,0,53.21,0.05,0.06316,50000
2806,26,0,0,0,3,7,3,1,0,-2.12,0.05,0.06313,50000
2807,49,0,0,0,2,14,7,0,0,9.62,0.05,0.06314,50000
2808,341,9,9,0,26,45,24,15,0,76.68,0.05,0.06281,50000
2809,72,2,2,0,13,31,10,0,0,22.11,0.05,0.0626,50000
2810,348,8,10,0,29,64,29,13,0,94.04,0.05,0.06304,50000
2811,69,0,0,0,12,26,10,0,0,19.47,0.05,0.06292,50000
2812,401,9,9,0,30,58,25,26,0,88.68,0.05,0.06276,50000
2813,6,0,0,0,4,3,0,0,1,-13.02,0.05,0.06278,50000
2814,330,9,9,0,37,43,27,14,0,69.35,0.05,0.06315,50000
2815,255,8,8,0,25,54,22,9,0,64.5,0.05,0.0633,50000
2816,118,3,3,0,6,38,15,1,0,37.84,0.05,0.0633,50000
2817,401,9,9,0,31,56,28,24,0,88.53,0.05,0.06303,50000
2818,20,0,0,0,4,6,3,0,0,-3.35,0.05,0.06314,50000
2819,5,0,0,0,3,3,0,0,1,-12.95,0.05,0.06314,50000
2820,401,5,5,0,34,56,25,1,0,70.83,0.05,0.06345,50000
2821,153,5,5,0,26,40,21,0,0,50.04,0.05,0.06284,50000
2822,6,0,0,0,0,0,0,1,0,-10.97,0.05,0.06284,50000
2823,13,0,0,0,2,4,2,0,0,-5.81,0.05,0.06291,50000
2824,22,0,0,0,5,6,3,0,0,-2.24,0.05,0.06292,50000
2825,81,2,2,0,12,29,11,0,0,24.03,0.05,0.06282,50000
2826,41,0,0,0,2,9,6,0,0,3.13,0.05,0.06282,50000
2827,110,3,3,0,16,43,15,1,0,40.4,0.05,0.06311,50000
2828,42,1,1,0,4,14,5,1,0,8.31,0.05,0.06324,50000
2829,58,0,0,0,7,21,8,0,0,12.09,0.05,0.06335,50000
2830,23,0,0,0,5,9,3,0,0,-0.71,0.05,0.06369,50000
2831,401,6,6,0,28,50,23,9,0,68.53,0.05,0.06518,50000
2832,122,3,3,0,19,38,16,1,0,38.81,0.05,0.06507,50000
2833,401,7,7,0,20,58,24,27,0,83.13,0.05,0.06561,50000
2834,144,4,4,0,6,41,17,3,0,44.47,0.05,0.06586,50000
2835,199,7,7,0,20,52,25,2,0,66.47,0.05,0.06585,50000
2836,401,5,5,0,40,55,27,28,0,83.38,0.05,0.06622,50000
2837,45,1,1,0,8,17,6,0,0,9.1,0.05,0.0662,50000
2838,27,1,1,0,6,11,4,0,0,2.31,0.05,0.06637,50000
2839,5,0,0,0,3,3,0,0,1,-12.95,0.05,0.06637,50000
2840,71,0,0,0,15,27,10,0,0,17.88,0.05,0.06651,50000
2841,5,0,0,0,3,1,0,0,1,-13.95,0.05,0.06651,50000
2842,5,0,0,0,4,3,0,0,1,-13.0,0.05,0.0663,50000
2843,74,2,2,0,11,27,10,0,0,21.77,0.05,0.06641,50000
2844,5,0,0,0,4,2,0,0,1,-13.5,0.05,0.06641,50000
2845,275,9,9,0,19,48,25,13,0,68.45,0.05,0.06717,50000
2846,178,6,6,0,17,59,22,0,0,61.29,0.05,0.06753,50000
2847,12,0,0,0,0,3,2,0,0,-5.89,0.05,0.06737,50000
2848,175,4,4,0,31,51,22,2,0,56.85,0.05,0.06763,50000
2849,5,0,0,0,4,3,0,0,1,-13.0,0.05,0.06776,50000
2850,23,0,0,0,1,8,3,0,0,-1.41,0.05,0.06771,50000
2851,5,0,0,0,1,3,0,0,1,-12.85,0.05,0.06768,50000
2852,20,1,1,0,2,5,3,0,0,-2.7,0.05,0.06767,50000
2853,95,1,1,0,11,33,12,0,0,27.4,0.05,0.06755,50000
2854,111,2,2,0,9,38,15,0,0,34.08,0.05,0.0678,50000
2855,287,8,8,0,32,64,29,7,0,77.46,0.05,0.06914,50000
2856,159,5,5,0,12,50,21,0,0,55.92,0.05,0.06867,50000
2857,56,1,1,0,4,24,8,0,0,15.28,0.05,0.06883,50000
2858,5,0,0,0,0,1,1,0,0,-8.15,0.05,0.06883,50000
2859,292,9,9,0,29,62,29,3,0,87.76,0.05,0.06892,50000
2860,221,5,5,0,19,46,23,7,0,57.23,0.05,0.06925,50000
2861,143,4,4,0,26,35,16,1,0,37.14,0.05,0.06941,50000
2862,125,5,5,0,11,34,18,0,0,43.55,0.05,0.06995,50000
2863,147,4,4,0,13,45,21,0,0,50.71,0.05,0.07054,50000
2864,41,0,0,0,3,12,6,0,0,5.73,0.05,0.07036,50000
2865,23,0,0,0,4,10,3,0,0,1.09,0.05,0.07043,50000
2866,109,2,2,0,12,38,14,1,0,35.37,0.05,0.07088,50000
2867,162,3,3,0,12,41,21,1,0,49.06,0.05,0.07043,50000
2868,252,9,9,0,20,55,27,8,0,85.81,0.05,0.07078,50000
2869,54,1,1,0,9,14,7,0,0,7.32,0.05,0.07083,50000
2870,369,9,9,0,92,65,28,14,0,76.82,0.05,0.07147,50000
2871,120,7,7,0,14,46,17,0,0,49.8,0.05,0.07153,50000
2872,234,7,7,0,28,54,24,8,0,66.57,0.05,0.07147,50000
2873,12,0,0,0,2,5,2,0,0,-5.24,0.05,0.07134,50000
2874,5,0,0,0,0,1,1,0,0,-8.2,0.05,0.07145,50000
2875,36,1,1,0,13,10,5,0,0,2.18,0.05,0.07147,50000
2876,94,1,1,0,15,31,13,0,0,29.17,0.05,0.07111,50000
2877,5,0,0,0,3,3,0,0,1,-12.95,0.05,0.07111,50000
2878,46,3,3,0,2,18,6,0,0,12.88,0.05,0.07106,50000
2879,30,0,0,0,3,10,4,0,0,-0.0,0.05,0.07088,50000
2880,5,0,0,0,1,2,0,0,1,-12.85,0.05,0.07088,50000
2881,66,0,0,0,7,23,9,0,0,14.13,0.05,0.07112,50000
2882,5,0,0,0,3,2,0,0,1,-12.95,0.05,0.07112,50000
2883,110,4,4,0,9,41,15,0,0,41.7,0.05,0.0709,50000
2884,19,0,0,0,2,7,3,0,0,-2.48,0.05,0.07079,50000
2885,62,1,1,0,11,26,8,0,0,16.61,0.05,0.07081,50000
2886,5,0,0,0,4,2,0,0,1,-13.5,0.05,0.07087,50000
2887,13,0,0,0,1,5,2,0,0,-4.11,0.05,0.07085,50000
2888,33,1,1,0,2,13,5,0,0,5.34,0.05,0.07089,50000
2889,200,6,6,0,24,49,21,7,0,58.95,0.05,0.07117,50000
2890,5,0,0,0,4,2,0,0,1,-13.5,0.05,0.07117,50000
2891,5,0,0,0,4,3,0,0,1,-12.5,0.05,0.07116,50000
2892,5,0,0,0,3,2,0,0,1,-13.45,0.05,0.07116,50000
2893,5,0,0,0,1,2,0,0,1,-12.85,0.05,0.07116,50000
2894,76,0,0,0,7,30,11,0,0,23.83,0.05,0.07095,50000
2895,178,7,7,0,17,52,21,4,0,59.89,0.05,0.07121,50000
2896,135,1,1,0,22,43,17,2,0,40.55,0.05,0.07201,50000
2897,285,7,7,0,33,58,29,10,0,73.45,0.05,0.07198,50000
2898,376,6,6,0,19,45,20,1,0,48.38,0.05,0.07212,50000
2899,52,1,1,0,5,19,7,0,0,13.46,0.05,0.07196,50000
2900,35,0,0,0,5,15,5,0,0,5.1,0.05,0.07207,50000
2901,19,0,0,0,5,5,3,0,0,-3.88,0.05,0.07218,50000
2902,164,3,3,0,14,45,18,4,0,47.52,0.05,0.07262,50000
2903,19,0,0,0,5,7,3,0,0,-3.23,0.05,0.0726,50000
2904,34,2,2,0,3,10,5,0,0,5.77,0.05,0.07274,50000
2905,54,1,1,0,7,24,8,0,0,15.47,0.05,0.07224,50000
2906,401,9,9,0,24,53,24,29,0,83.43,0.05,0.0728,50000
2907,28,0,0,0,2,10,4,0,0,2.04,0.05,0.07277,50000
2908,28,0,0,0,6,9,4,0,0,0.19,0.05,0.07273,50000
2909,379,9,9,0,44,60,26,24,0,78.27,0.05,0.07234,50000
2910,27,0,0,0,4,9,4,0,0,-0.49,0.05,0.07233,50000
2911,28,0,0,0,4,8,4,0,0,-1.06,0.05,0.07242,50000
2912,5,0,0,0,4,3,0,0,1,-13.0,0.05,0.07242,50000
2913,65,2,2,0,5,20,9,0,0,16.25,0.05,0.07233,50000
2914,5,0,0,0,1,2,1,0,0,-7.75,0.05,0.07233,50000
2915,142,4,4,0,13,49,18,2,0,48.66,0.05,0.07242,50000
2916,6,0,0,0,5,2,0,0,1,-13.57,0.05,0.07242,50000
2917,401,9,9,0,36,63,27,26,0,94.13,0.05,0.07334,50000
2918,77,3,3,0,11,32,11,0,0,26.56,0.05,0.07338,50000
2919,229,9,9,0,21,53,25,6,0,70.87,0.05,0.07296,50000
2920,7,0,0,0,0,3,1,0,0,-7.74,0.05,0.07295,50000
2921,401,7,7,0,23,58,25,29,0,86.43,0.05,0.0732,50000
2922,401,9,9,0,30,47,26,28,0,84.43,0.05,0.07389,50000
2923,174,7,7,0,13,56,23,1,0,65.57,0.05,0.07387,50000
2924,54,2,2,0,2,24,8,0,0,19.72,0.05,0.07411,50000
2925,28,0,0,0,4,10,4,0,0,1.14,0.05,0.07411,50000
2926,37,0,0,0,4,13,5,0,0,5.56,0.05,0.07395,50000
2927,137,2,2,0,24,39,19,0,0,43.21,0.05,0.07332,50000
2928,210,5,5,0,63,46,21,0,0,51.95,0.05,0.07262,50000
2929,309,7,7,0,36,55,25,18,0,68.97,0.05,0.07263,50000
2930,5,0,0,0,1,2,0,0,1,-12.85,0.05,0.07263,50000
2931,88,2,2,0,12,32,12,0,0,28.99,0.05,0.07223,50000
2932,401,9,9,0,20,63,33,21,0,102.18,0.05,0.0724,50000
2933,194,6,6,0,11,50,25,2,0,65.12,0.05,0.07201,50000
2934,181,5,5,0,28,45,19,4,0,51.18,0.05,0.072,50000
2935,401,9,9,0,34,61,31,22,0,97.38,0.05,0.07163,50000
2936,151,3,3,0,25,42,17,4,0,40.98,0.05,0.0716,50000
2937,55,0,0,0,11,18,8,0,0,13.55,0.05,0.07162,50000
2938,42,0,0,0,0,16,6,0,0,8.66,0.05,0.07167,50000
2939,302,9,9,0,29,54,25,16,0,71.56,0.05,0.07146,50000
2940,26,0,0,0,6,7,4,0,0,-0.17,0.05,0.07161,50000
2941,232,7,7,0,20,53,25,7,0,69.26,0.05,0.07192,50000
2942,401,8,8,0,30,67,33,21,0,103.28,0.05,0.07258,50000
2943,29,0,0,0,6,10,4,0,0,-0.33,0.05,0.07249,50000
2944,124,4,4,0,14,46,17,0,0,45.77,0.05,0.0728,50000
2945,43,0,0,0,5,17,6,0,0,7.69,0.05,0.07282,50000
2946,7,0,0,0,1,2,1,0,0,-9.39,0.05,0.07282,50000
2947,7,0,0,0,0,3,1,0,0,-6.84,0.05,0.0728,50000
2948,61,1,1,0,4,21,9,0,0,17.48,0.05,0.07256,50000
2949,5,0,0,0,4,3,0,0,1,-13.0,0.05,0.07256,50000
2950,355,9,9,0,51,66,29,13,0,94.65,0.05,0.07337,50000
2951,13,0,0,0,3,3,2,0,0,-6.76,0.05,0.07332,50000
2952,5,0,0,0,3,3,0,0,1,-12.45,0.05,0.07332,50000
2953,47,0,0,0,5,16,6,0,0,9.51,0.05,0.07339,50000
2954,235,6,6,0,12,54,30,3,0,74.25,0.05,0.07281,50000
2955,134,4,4,0,6,44,18,0,0,48.27,0.05,0.07303,50000
2956,138,4,4,0,12,45,19,0,0,48.34,0.05,0.07286,50000
2957,6,0,0,0,3,1,1,0,0,-9.92,0.05,0.07286,50000
2958,35,3,3,0,6,13,5,0,0,7.5,0.05,0.07274,50000
2959,93,2,2,0,12,35,13,0,0,32.49,0.05,0.07254,50000
2960,401,7,7,0,36,48,25,25,0,79.03,0.05,0.07233,50000
2961,28,0,0,0,2,13,4,0,0,4.04,0.05,0.07226,50000
2962,341,9,9,0,30,57,30,14,0,90.98,0.05,0.07201,50000
2963,213,6,6,0,10,57,26,3,0,71.99,0.05,0.07169,50000
2964,5,0,0,0,1,3,0,0,1,-12.85,0.05,0.07169,50000
2965,5,0,0,0,4,3,0,0,1,-13.0,0.05,0.07169,50000
2966,401,6,6,0,28,47,20,34,0,73.53,0.05,0.07198,50000
2967,279,9,9,0,32,51,25,8,0,67.32,0.05,0.07191,50000
2968,193,7,7,0,11,56,24,2,0,68.49,0.05,0.07149,50000
2969,104,2,2,0,13,38,15,0,0,35.77,0.05,0.07144,50000
2970,34,0,0,0,5,9,5,0,0,0.57,0.05,0.07147,50000
2971,27,0,0,0,5,7,4,0,0,-2.04,0.05,0.07158,50000
2972,401,8,8,0,29,53,25,30,0,85.23,0.05,0.07213,50000
2973,76,1,1,0,7,26,11,0,0,24.63,0.05,0.07246,50000
2974,35,0,0,0,6,14,5,0,0,4.95,0.05,0.07261,50000
2975,142,5,5,0,16,55,20,0,0,56.96,0.05,0.07242,50000
2976,123,3,3,0,18,38,16,1,0,38.74,0.05,0.0724,50000
2977,81,5,5,0,12,28,10,1,0,25.38,0.05,0.07213,50000
2978,121,4,4,0,10,41,16,1,0,42.98,0.05,0.072,50000
2979,130,4,4,0,8,42,16,2,0,44.5,0.05,0.07182,50000
2980,34,0,0,0,4,12,5,0,0,3.57,0.05,0.07171,50000
2981,19,0,1,0,7,6,3,0,0,-2.43,0.05,0.07156,50000
2982,401,8,8,0,44,55,25,32,0,84.73,0.05,0.07184,50000
2983,79,4,4,0,8,31,10,1,0,28.62,0.05,0.07195,50000
2984,36,0,0,0,7,11,5,0,0,4.23,0.05,0.07217,50000
2985,373,6,6,0,38,46,22,29,0,63.54,0.05,0.0726,50000
2986,401,9,9,0,52,62,30,26,0,97.63,0.05,0.07344,50000
2987,136,3,3,0,14,37,19,0,0,43.08,0.05,0.0735,50000
2988,240,8,8,0,31,50,21,12,0,62.9,0.05,0.07386,50000
2989,5,0,0,0,1,1,0,0,1,-13.85,0.05,0.07386,50000
2990,19,0,0,0,1,6,3,0,0,-3.33,0.05,0.07409,50000
2991,241,9,9,0,19,53,24,7,0,78.88,0.05,0.07409,50000
2992,63,2,2,0,2,21,9,0,0,19.84,0.05,0.07431,50000
2993,203,6,6,0,24,56,24,3,0,65.64,0.05,0.07427,50000
2994,149,4,4,0,16,43,20,1,0,50.07,0.05,0.07449,50000
2995,14,0,0,0,4,3,2,0,0,-5.03,0.05,0.07454,50000
2996,190,5,5,0,14,46,19,7,0,53.3,0.05,0.07578,50000
2997,75,1,1,0,11,26,10,0,0,21.05,0.05,0.07587,50000
2998,229,8,8,0,22,52,26,5,0,70.32,0.05,0.0753,50000
2999,47,2,2,0,4,11,6,1,0,10.16,0.05,0.07505,50000
3000,135,3,3,0,17,39,18,1,0,41.7,0.05,0.07512,50000
