round,steps,score,coins,invalid_actions,waited,crates,good_bombs,useless_bombs,suicidal_bombs,reward_sum,epsilon,mean_loss,buffer
1,61,0,0,0,23,2,0,0,1,-15.07,0.9997,0.0,61
2,49,0,0,0,18,0,0,1,0,-13.38,0.9994,0.0,110
3,60,0,0,0,28,3,1,0,0,-10.8,0.999,0.0,170
4,29,0,0,0,17,3,1,0,0,-10.13,0.9987,0.0,199
5,12,0,0,0,7,1,1,0,0,-9.79,0.9984,0.0,211
6,155,0,0,0,61,3,1,0,0,-13.3,0.9981,0.0,366
7,9,0,0,0,4,1,1,0,0,-8.98,0.9978,0.0,375
8,26,0,0,0,10,3,1,0,0,-8.62,0.9975,0.0,401
9,46,0,0,0,17,4,1,0,0,-8.02,0.9971,0.0,447
10,29,0,0,0,10,1,1,0,0,-10.23,0.9968,0.0,476
11,117,0,0,0,35,2,1,1,0,-11.94,0.9965,0.0,593
12,72,0,0,0,31,1,1,0,0,-12.14,0.9962,0.0,665
13,6,0,0,0,1,2,1,0,0,-6.87,0.9959,0.0,671
14,109,1,1,0,32,5,2,0,0,-7.53,0.9956,0.0,780
15,6,0,0,0,4,2,1,0,0,-9.02,0.9952,0.0,786
16,13,0,0,0,6,1,1,0,0,-9.71,0.9949,0.0,799
17,13,0,0,0,4,1,1,0,0,-8.71,0.9946,0.0,812
18,20,0,0,0,6,2,1,0,0,-9.4,0.9943,0.0,832
19,22,0,0,0,7,2,1,0,0,-9.44,0.994,0.0,854
20,21,0,0,0,10,1,1,0,0,-10.62,0.9937,0.0,875
21,20,0,0,0,8,4,1,0,0,-7.95,0.9933,0.0,895
22,5,0,0,0,2,1,1,0,0,-8.85,0.993,0.0,900
23,36,0,0,0,11,2,1,1,0,-9.27,0.9927,0.0,936
24,35,0,0,0,8,1,1,0,0,-10.25,0.9924,0.0,971
25,33,0,0,0,12,1,1,0,0,-9.21,0.9921,0.0,1004
26,54,0,0,0,16,0,0,1,0,-12.18,0.9918,0.0,1058
27,141,0,0,0,48,5,1,0,0,-12.32,0.9915,0.0,1199
28,15,0,0,0,6,0,0,1,0,-11.55,0.9911,0.0,1214
29,5,0,0,0,3,3,0,0,1,-12.45,0.9908,0.0,1219
30,24,0,0,0,8,1,1,0,0,-10.08,0.9905,0.0,1243
31,14,0,0,0,3,1,1,0,0,-8.23,0.9902,0.0,1257
32,19,0,0,0,10,3,1,0,0,-9.03,0.9899,0.0,1276
33,45,0,0,0,14,4,1,1,0,-9.2,0.9896,0.0,1321
34,33,0,0,0,16,1,1,0,0,-10.66,0.9892,0.0,1354
35,59,0,0,0,21,0,0,1,0,-13.18,0.9889,0.0,1413
36,151,1,1,0,48,5,2,1,0,-9.42,0.9886,0.0,1564
37,31,0,0,0,12,2,0,0,1,-14.42,0.9883,0.0,1595
38,30,0,0,0,9,1,1,0,0,-9.7,0.988,0.0,1625
39,47,0,0,0,22,1,1,0,0,-9.79,0.9877,0.0,1672
40,38,1,1,0,15,2,2,0,0,-7.26,0.9873,0.0,1710
41,36,0,0,0,21,1,1,0,0,-11.47,0.987,0.0,1746
42,30,0,0,0,8,1,1,1,0,-8.4,0.9867,0.0,1776
43,48,0,0,0,15,4,1,0,0,-7.91,0.9864,0.0,1824
44,14,0,0,0,5,2,1,0,0,-7.98,0.9861,0.0,1838
45,42,0,0,0,16,5,1,0,0,-8.29,0.9858,0.0,1880
46,14,0,0,0,5,3,1,0,0,-7.48,0.9854,0.0,1894
47,14,0,0,0,8,1,1,0,0,-10.33,0.9851,0.0,1908
48,22,0,0,0,7,0,0,1,0,-11.64,0.9848,0.0,1930
49,31,0,0,0,12,1,1,0,0,-10.92,0.9845,0.0,1961
50,29,0,0,0,14,2,1,0,0,-9.93,0.9842,0.0,1990
51,11,0,0,0,5,3,1,0,0,-8.62,0.9839,0.1316,2001
52,15,0,0,0,6,1,1,0,0,-7.9,0.9835,0.15386,2016
53,34,0,0,0,13,0,0,1,0,-12.28,0.9832,0.17194,2050
54,76,0,0,0,19,4,3,1,0,-7.12,0.9829,0.20646,2126
55,22,0,0,0,10,4,0,0,1,-12.64,0.9826,0.23405,2148
56,14,0,0,0,2,2,1,0,0,-7.93,0.9823,0.2313,2162
57,19,0,0,0,6,0,0,1,0,-12.08,0.9819,0.21814,2181
58,16,0,0,0,6,0,0,1,0,-10.92,0.9816,0.22416,2197
59,7,0,0,0,0,0,0,1,0,-10.49,0.9813,0.22416,2204
60,59,0,0,0,18,3,1,0,0,-8.78,0.981,0.23961,2263
61,26,0,0,0,12,0,0,1,0,-12.62,0.9807,0.24779,2289
62,145,1,1,0,53,3,3,0,0,-9.4,0.9804,0.24111,2434
63,10,0,0,0,4,2,1,0,0,-9.1,0.98,0.24111,2444
64,27,0,0,0,8,2,1,0,0,-9.64,0.9797,0.23826,2471
65,24,0,0,0,7,0,0,1,0,-11.78,0.9794,0.24452,2495
66,49,0,0,0,26,1,1,0,0,-11.43,0.9791,0.25913,2544
67,22,0,0,0,11,1,1,0,0,-10.69,0.9788,0.26006,2566
68,17,0,0,0,9,2,1,0,0,-9.49,0.9785,0.26866,2583
69,8,0,0,0,4,1,1,0,0,-10.06,0.9781,0.26866,2591
70,11,0,0,0,5,2,1,0,0,-9.62,0.9778,0.2657,2602
71,55,0,0,0,24,0,0,1,0,-12.25,0.9775,0.26895,2657
72,41,0,0,0,16,3,2,0,0,-8.57,0.9772,0.26926,2698
73,15,0,0,0,2,1,1,0,0,-8.6,0.9769,0.27509,2713
74,62,1,1,0,21,7,2,0,0,-6.09,0.9766,0.2746,2775
75,38,0,0,0,12,2,1,1,0,-10.11,0.9762,0.27631,2813
76,9,0,0,0,5,2,1,0,0,-9.08,0.9759,0.27404,2822
77,28,0,0,0,8,2,1,0,0,-9.06,0.9756,0.26946,2850
78,24,0,0,0,15,2,1,0,0,-10.43,0.9753,0.26796,2874
79,16,0,0,0,5,0,0,1,0,-11.52,0.975,0.26909,2890
80,13,0,0,0,5,2,0,0,1,-13.21,0.9747,0.26913,2903
81,8,0,0,0,4,3,1,0,0,-8.51,0.9744,0.26913,2911
82,16,0,0,0,4,2,1,0,0,-8.62,0.974,0.26719,2927
83,24,0,0,0,10,1,1,0,0,-10.13,0.9737,0.26521,2951
84,8,0,0,0,4,2,0,0,1,-13.56,0.9734,0.26521,2959
85,75,0,0,0,30,6,2,0,0,-8.6,0.9731,0.27369,3034
86,142,1,1,0,49,4,2,1,0,-10.79,0.9728,0.27227,3176
87,39,0,0,0,20,1,1,0,0,-10.98,0.9725,0.27309,3215
88,20,0,0,0,9,0,0,1,0,-11.8,0.9721,0.27085,3235
89,25,0,0,0,8,1,1,0,0,-10.6,0.9718,0.27336,3260
90,42,0,0,0,14,1,1,1,0,-11.64,0.9715,0.27069,3302
91,15,0,0,0,4,0,0,1,0,-10.75,0.9712,0.26961,3317
92,5,0,0,0,2,0,0,1,0,-11.6,0.9709,0.26961,3322
93,12,0,0,0,3,3,1,0,0,-7.24,0.9706,0.26903,3334
94,47,0,0,0,14,6,2,1,0,-5.34,0.9702,0.26933,3381
95,16,0,0,0,5,1,1,0,0,-8.42,0.9699,0.26865,3397
96,12,0,0,0,5,1,1,0,0,-9.64,0.9696,0.2687,3409
97,40,0,0,0,11,1,1,0,0,-8.55,0.9693,0.26867,3449
98,15,0,0,0,5,3,1,0,0,-8.1,0.969,0.26813,3464
99,46,0,0,0,23,3,1,2,0,-9.92,0.9687,0.26492,3510
100,19,0,0,0,5,1,1,0,0,-9.83,0.9683,0.26289,3529
101,52,0,0,0,18,0,0,1,0,-12.19,0.968,0.26113,3581
102,11,0,0,0,3,4,0,0,1,-12.07,0.9677,0.26301,3592
103,23,0,0,0,5,3,2,0,0,-6.91,0.9674,0.26467,3615
104,11,0,0,0,2,3,1,0,0,-8.47,0.9671,0.26456,3626
105,10,0,0,0,1,2,1,0,0,-6.6,0.9667,0.26478,3636
106,48,0,0,0,12,3,1,0,0,-9.01,0.9664,0.269,3684
107,5,0,0,0,1,2,0,0,1,-13.35,0.9661,0.269,3689
108,19,0,0,0,8,2,1,0,0,-9.43,0.9658,0.26881,3708
109,51,0,0,0,23,3,0,0,1,-14.87,0.9655,0.26897,3759
110,33,1,1,0,10,4,2,1,0,-6.66,0.9652,0.2675,3792
111,19,0,0,0,4,0,0,1,0,-10.13,0.9648,0.26754,3811
112,48,0,0,0,13,5,2,1,0,-7.41,0.9645,0.26812,3859
113,137,0,0,0,47,4,1,1,0,-11.14,0.9642,0.26545,3996
114,22,0,0,0,9,1,1,0,0,-9.54,0.9639,0.26445,4018
115,46,0,0,0,19,3,2,1,0,-9.07,0.9636,0.26334,4064
116,18,0,0,0,5,1,1,0,0,-8.86,0.9633,0.26189,4082
117,14,0,0,0,5,1,1,0,0,-8.38,0.9629,0.26176,4096
118,18,0,0,0,5,0,0,1,0,-11.06,0.9626,0.2618,4114
119,19,0,0,0,8,0,0,1,0,-10.43,0.9623,0.26193,4133
120,53,0,0,0,17,6,4,0,0,-4.26,0.962,0.2639,4186
121,13,0,0,0,4,3,1,0,0,-8.11,0.9617,0.26317,4199
122,12,0,0,0,6,5,1,0,0,-8.24,0.9614,0.264,4211
123,7,0,0,0,2,4,1,0,0,-7.29,0.961,0.264,4218
124,68,0,0,0,22,1,1,1,0,-10.56,0.9607,0.26679,4286
125,32,0,0,0,16,2,2,0,0,-8.44,0.9604,0.26651,4318
126,33,0,0,0,9,1,1,0,0,-10.81,0.9601,0.2666,4351
127,25,0,0,0,5,2,1,0,0,-8.35,0.9598,0.26537,4376
128,5,0,0,0,3,0,0,1,0,-11.65,0.9595,0.26537,4381
129,10,0,0,0,1,2,1,0,0,-8.0,0.9591,0.26384,4391
130,31,0,0,0,9,3,1,0,0,-8.67,0.9588,0.26519,4422
131,19,0,0,0,9,2,1,0,0,-9.53,0.9585,0.26524,4441
132,71,0,0,0,23,2,1,0,0,-11.22,0.9582,0.26457,4512
133,14,0,0,0,6,1,1,0,0,-10.28,0.9579,0.26457,4526
134,95,1,1,0,40,5,3,2,0,-6.95,0.9576,0.26179,4621
135,9,0,0,0,4,1,1,0,0,-9.03,0.9573,0.26034,4630
136,64,0,0,0,18,5,3,0,0,-5.38,0.9569,0.26103,4694
137,47,0,0,0,17,1,1,0,0,-10.39,0.9566,0.25967,4741
138,7,0,0,0,3,0,0,1,0,-11.24,0.9563,0.25967,4748
139,11,0,0,0,3,0,0,1,0,-11.87,0.956,0.25888,4759
140,11,0,0,0,3,3,1,0,0,-7.97,0.9557,0.25829,4770
141,10,0,0,0,3,2,1,0,0,-8.4,0.9554,0.25829,4780
142,13,0,0,0,4,2,1,0,0,-9.66,0.955,0.25932,4793
143,9,0,0,0,2,1,1,0,0,-9.43,0.9547,0.2589,4802
144,14,0,0,0,10,1,1,0,0,-10.48,0.9544,0.25796,4816
145,17,0,0,0,7,2,0,0,1,-13.89,0.9541,0.25969,4833
146,24,0,0,0,10,4,1,0,0,-8.63,0.9538,0.25985,4857
147,34,0,0,0,8,4,2,0,0,-6.93,0.9535,0.25929,4891
148,7,0,0,0,4,2,1,0,0,-8.99,0.9531,0.25829,4898
149,27,0,0,0,13,2,1,0,0,-9.89,0.9528,0.2576,4925
150,22,0,0,0,7,1,1,0,0,-9.04,0.9525,0.25665,4947
151,10,0,0,0,6,2,1,0,0,-9.7,0.9522,0.25665,4957
152,6,0,0,0,3,0,0,1,0,-11.67,0.9519,0.25722,4963
153,28,0,0,0,4,3,1,0,0,-8.36,0.9516,0.25698,4991
154,18,0,0,0,6,6,2,0,0,-6.51,0.9512,0.25662,5009
155,8,0,0,0,3,1,1,0,0,-8.56,0.9509,0.25662,5017
156,34,0,0,0,14,3,1,1,0,-9.53,0.9506,0.25606,5051
157,30,0,0,0,8,3,2,0,0,-7.0,0.9503,0.25663,5081
158,6,0,0,0,2,3,0,0,1,-11.92,0.95,0.25663,5087
159,19,0,0,0,5,4,1,0,0,-7.73,0.9496,0.25625,5106
160,10,0,0,0,6,1,1,0,0,-9.65,0.9493,0.25625,5116
161,7,0,0,0,0,1,1,0,0,-8.09,0.949,0.25725,5123
162,20,0,0,0,7,1,1,0,0,-9.3,0.9487,0.25691,5143
163,7,0,0,0,1,5,1,0,0,-6.29,0.9484,0.25691,5150
164,27,0,0,0,9,4,1,0,0,-7.59,0.9481,0.2559,5177
165,15,0,0,0,6,2,1,0,0,-8.35,0.9477,0.2567,5192
166,11,0,0,0,5,2,1,0,0,-9.67,0.9474,0.25639,5203
167,8,0,0,0,4,0,0,1,0,-11.76,0.9471,0.25639,5211
168,15,0,0,0,6,1,1,0,0,-9.75,0.9468,0.25738,5226
169,11,0,0,0,6,0,0,1,0,-10.92,0.9465,0.25766,5237
170,7,0,0,0,2,0,0,1,0,-9.89,0.9462,0.25766,5244
171,16,0,0,0,7,4,2,0,0,-7.47,0.9458,0.2574,5260
172,16,0,0,0,7,1,1,0,0,-10.37,0.9455,0.25759,5276
173,17,0,0,0,8,0,0,1,0,-11.69,0.9452,0.25769,5293
174,20,0,0,0,6,1,1,0,0,-8.25,0.9449,0.25723,5313
175,24,0,0,0,9,0,0,1,0,-11.18,0.9446,0.25672,5337
176,26,0,0,0,9,1,1,0,0,-9.22,0.9443,0.25743,5363
177,7,0,0,0,5,1,1,0,0,-10.09,0.9439,0.25743,5370
178,5,0,0,0,1,0,0,1,0,-10.45,0.9436,0.25743,5375
179,25,0,0,0,8,2,2,0,0,-8.0,0.9433,0.25703,5400
180,19,0,0,0,4,0,0,1,0,-11.03,0.943,0.25661,5419
181,15,0,0,0,9,0,0,1,0,-11.7,0.9427,0.25634,5434
182,8,0,0,0,3,0,0,1,0,-10.71,0.9424,0.25579,5442
183,15,0,0,0,4,2,2,0,0,-8.05,0.9421,0.25572,5457
184,16,0,0,0,8,3,0,0,1,-13.42,0.9417,0.25667,5473
185,29,0,0,0,9,3,1,0,0,-9.73,0.9414,0.25641,5502
186,62,0,0,0,18,5,3,1,0,-5.04,0.9411,0.25744,5564
187,29,0,0,0,11,3,2,0,0,-7.53,0.9408,0.2569,5593
188,34,0,0,0,15,4,2,0,0,-7.28,0.9405,0.2572,5627
189,74,0,0,0,19,5,2,1,0,-6.58,0.9402,0.25842,5701
190,6,0,0,0,4,0,0,1,0,-11.77,0.9398,0.25842,5707
191,29,0,0,0,9,1,1,0,0,-9.53,0.9395,0.25823,5736
192,6,0,0,0,3,1,1,0,0,-9.42,0.9392,0.25823,5742
193,17,0,0,0,6,1,1,0,0,-9.09,0.9389,0.25868,5759
194,40,0,0,0,8,3,2,0,0,-6.6,0.9386,0.25963,5799
195,7,0,0,0,2,1,1,0,0,-8.49,0.9383,0.25963,5806
196,5,0,0,0,0,1,1,0,0,-8.2,0.9379,0.25924,5811
197,34,0,0,0,12,0,0,2,0,-12.28,0.9376,0.25942,5845
198,6,0,0,0,1,0,0,1,0,-10.42,0.9373,0.25942,5851
199,21,0,0,0,12,3,1,0,0,-9.17,0.937,0.25977,5872
200,19,0,0,0,2,1,1,0,0,-8.33,0.9367,0.26019,5891
201,15,0,0,0,6,0,0,1,0,-12.0,0.9364,0.26033,5906
202,38,0,0,0,10,1,1,1,0,-9.11,0.936,0.26034,5944
203,11,0,0,0,7,1,1,0,0,-10.27,0.9357,0.26087,5955
204,27,0,0,0,4,1,1,0,0,-8.69,0.9354,0.26063,5982
205,28,0,0,0,9,1,1,0,0,-10.16,0.9351,0.26046,6010
206,17,0,0,0,8,0,0,1,0,-11.64,0.9348,0.26038,6027
207,5,0,0,0,2,1,1,0,0,-8.8,0.9345,0.26018,6032
208,17,0,0,0,5,4,2,0,0,-6.99,0.9341,0.2604,6049
209,10,0,0,0,2,3,1,0,0,-7.9,0.9338,0.2604,6059
210,13,0,0,0,5,4,0,0,1,-12.21,0.9335,0.26147,6072
211,6,0,0,0,4,2,0,0,1,-13.52,0.9332,0.26147,6078
212,6,0,0,0,4,1,1,0,0,-10.02,0.9329,0.2623,6084
213,54,0,0,0,23,3,2,0,0,-9.68,0.9325,0.26172,6138
214,7,0,0,0,3,1,1,0,0,-9.99,0.9322,0.26151,6145
215,106,0,0,0,25,5,2,1,0,-7.87,0.9319,0.26365,6251
216,20,0,0,0,4,2,2,0,0,-7.6,0.9316,0.26351,6271
217,12,0,0,0,6,1,1,0,0,-10.24,0.9313,0.26412,6283
218,7,0,0,0,4,0,0,1,0,-11.19,0.931,0.26391,6290
219,32,0,0,0,10,2,1,1,0,-7.99,0.9306,0.26438,6322
220,6,0,0,0,4,1,1,0,0,-10.02,0.9303,0.26438,6328
221,10,0,0,0,4,2,1,0,0,-8.5,0.93,0.26416,6338
222,20,0,0,0,6,1,1,0,0,-9.3,0.9297,0.26416,6358
223,31,0,0,0,12,2,1,0,0,-9.87,0.9294,0.26461,6389
224,32,0,0,0,10,4,2,0,0,-6.59,0.9291,0.26553,6421
225,28,0,0,0,14,3,1,0,0,-9.96,0.9287,0.26554,6449
226,17,0,0,0,6,0,0,1,0,-10.59,0.9284,0.26605,6466
227,5,0,0,0,1,0,0,1,0,-10.45,0.9281,0.26605,6471
228,5,0,0,0,2,0,0,1,0,-11.6,0.9278,0.26605,6476
229,37,0,0,0,11,3,2,0,0,-8.19,0.9275,0.26528,6513
230,6,0,0,0,1,1,1,0,0,-8.42,0.9272,0.26528,6519
231,14,0,0,0,8,2,1,0,0,-9.88,0.9268,0.26533,6533
232,22,0,0,0,9,2,1,0,0,-10.04,0.9265,0.26514,6555
233,10,0,0,0,4,2,1,0,0,-9.1,0.9262,0.26482,6565
234,81,0,0,0,19,3,3,1,0,-7.07,0.9259,0.26484,6646
235,9,0,0,0,2,0,0,1,0,-10.53,0.9256,0.26484,6655
236,11,0,0,0,3,0,0,1,0,-11.22,0.9253,0.26505,6666
237,16,0,0,0,10,3,1,0,0,-9.02,0.925,0.26515,6682
238,13,0,0,0,6,1,1,0,0,-7.76,0.9246,0.26555,6695
239,10,0,0,0,4,2,1,0,0,-9.6,0.9243,0.26558,6705
240,17,0,0,0,3,1,1,0,0,-10.19,0.924,0.26604,6722
241,43,0,0,0,16,5,2,0,0,-7.26,0.9237,0.26573,6765
242,23,0,0,0,6,3,1,0,0,-7.86,0.9234,0.26571,6788
243,6,0,0,0,1,0,0,1,0,-9.62,0.9231,0.26571,6794
244,26,0,0,0,13,2,1,0,0,-9.82,0.9227,0.26562,6820
245,19,0,0,0,9,3,1,0,0,-9.53,0.9224,0.26523,6839
246,24,0,0,0,12,3,1,0,0,-8.68,0.9221,0.26571,6863
247,38,0,0,0,14,2,2,0,0,-9.41,0.9218,0.26522,6901
248,57,0,0,0,20,5,1,0,0,-9.29,0.9215,0.26556,6958
249,5,0,0,0,3,3,0,0,1,-12.95,0.9212,0.26549,6963
250,41,0,0,0,13,3,2,0,0,-6.77,0.9208,0.26589,7004
251,36,0,0,0,21,3,1,0,0,-9.92,0.9205,0.26624,7040
252,61,0,0,0,24,0,0,1,0,-13.87,0.9202,0.2657,7101
253,15,0,0,0,8,2,1,0,0,-9.35,0.9199,0.26515,7116
254,35,0,0,0,11,1,1,0,0,-10.4,0.9196,0.26481,7151
255,24,0,0,0,14,1,1,0,0,-10.88,0.9193,0.26485,7175
256,8,0,0,0,2,0,0,1,0,-10.61,0.9189,0.26485,7183
257,6,0,0,0,4,2,0,0,1,-13.02,0.9186,0.26436,7189
258,22,0,0,0,13,5,2,0,0,-7.94,0.9183,0.26445,7211
259,7,0,0,0,4,0,0,1,0,-11.74,0.918,0.26427,7218
260,8,0,0,0,1,3,1,0,0,-6.91,0.9177,0.26427,7226
261,8,0,0,0,4,4,0,0,1,-12.56,0.9173,0.26411,7234
262,7,0,0,0,0,0,0,1,0,-10.44,0.917,0.26411,7241
263,26,0,0,0,14,1,1,0,0,-10.42,0.9167,0.26332,7267
264,55,0,0,0,17,1,1,1,0,-10.6,0.9164,0.26343,7322
265,15,0,0,0,4,2,2,0,0,-6.95,0.9161,0.26326,7337
266,16,0,0,0,1,2,1,0,0,-7.57,0.9158,0.2633,7353
267,7,0,0,0,0,0,0,1,0,-10.04,0.9154,0.2629,7360
268,11,0,0,0,4,1,1,0,0,-9.57,0.9151,0.2629,7371
269,48,0,0,0,15,4,2,0,0,-9.06,0.9148,0.26286,7419
270,12,0,0,0,3,1,1,0,0,-8.64,0.9145,0.2625,7431
271,21,0,0,0,6,3,1,0,0,-8.87,0.9142,0.26249,7452
272,27,0,0,0,14,3,2,0,0,-7.64,0.9139,0.26198,7479
273,9,0,0,0,5,1,1,0,0,-10.13,0.9135,0.26182,7488
274,9,0,0,0,1,1,1,0,0,-8.83,0.9132,0.26182,7497
275,19,0,0,0,9,3,1,0,0,-8.98,0.9129,0.26189,7516
276,9,0,0,0,5,1,1,0,0,-10.13,0.9126,0.26181,7525
277,14,0,0,0,4,1,1,0,0,-8.58,0.9123,0.26191,7539
278,10,0,0,0,4,2,1,0,0,-9.6,0.912,0.26191,7549
279,10,0,0,0,3,0,0,1,0,-11.3,0.9116,0.26188,7559
280,30,0,0,0,15,2,1,0,0,-9.5,0.9113,0.26127,7589
281,43,1,1,0,8,6,4,1,0,-0.76,0.911,0.2607,7632
282,9,0,0,0,0,1,1,0,0,-7.18,0.9107,0.2607,7641
283,12,0,0,0,5,2,1,0,0,-9.69,0.9104,0.26055,7653
284,56,0,0,0,18,1,1,1,0,-11.62,0.9101,0.26017,7709
285,11,0,0,0,4,4,1,0,0,-7.02,0.9098,0.25991,7720
286,8,0,0,0,4,1,1,0,0,-10.06,0.9094,0.2596,7728
287,20,0,0,0,9,5,2,0,0,-7.1,0.9091,0.25925,7748
288,7,0,0,0,2,3,1,0,0,-8.39,0.9088,0.25925,7755
289,5,0,0,0,2,0,0,1,0,-11.65,0.9085,0.25953,7760
290,10,0,0,0,1,2,1,0,0,-8.35,0.9082,0.25953,7770
291,5,0,0,0,1,1,1,0,0,-9.3,0.9079,0.25953,7775
292,9,0,0,0,5,3,0,0,1,-12.63,0.9075,0.25983,7784
293,12,0,0,0,2,1,1,0,0,-9.49,0.9072,0.25978,7796
294,17,0,0,0,5,3,0,0,1,-13.29,0.9069,0.25969,7813
295,30,0,0,0,9,3,2,0,0,-7.8,0.9066,0.25925,7843
296,9,0,0,0,6,1,1,0,0,-9.58,0.9063,0.25925,7852
297,6,0,0,0,4,2,0,0,1,-13.02,0.906,0.25894,7858
298,27,0,0,0,6,1,1,0,0,-8.64,0.9056,0.25886,7885
299,5,0,0,0,3,2,0,0,1,-13.45,0.9053,0.25964,7890
300,7,0,0,0,1,0,0,1,0,-10.49,0.905,0.25964,7897
301,26,0,0,0,6,1,1,1,0,-10.27,0.9047,0.25915,7923
302,8,0,0,0,3,0,0,1,0,-11.81,0.9044,0.25915,7931
303,20,0,0,0,3,3,1,0,0,-7.15,0.9041,0.25883,7951
304,20,0,0,0,8,3,2,0,0,-8.15,0.9037,0.25937,7971
305,28,0,0,0,6,4,2,1,0,-5.21,0.9034,0.2591,7999
306,7,0,0,0,2,0,0,1,0,-11.74,0.9031,0.25925,8006
307,7,0,0,0,0,2,1,0,0,-7.59,0.9028,0.25925,8013
308,15,0,0,0,6,1,1,0,0,-10.3,0.9025,0.25952,8028
309,5,0,0,0,3,0,0,1,0,-11.15,0.9022,0.25943,8033
310,49,1,1,0,15,5,3,1,0,-3.58,0.9018,0.259,8082
311,23,0,0,0,8,2,1,0,0,-8.31,0.9015,0.25845,8105
312,29,0,0,0,10,2,2,1,0,-7.23,0.9012,0.25888,8134
313,24,0,0,0,11,2,1,0,0,-7.98,0.9009,0.25889,8158
314,7,0,0,0,3,1,1,0,0,-9.44,0.9006,0.2589,8165
315,16,0,0,0,6,3,1,0,0,-8.22,0.9002,0.25854,8181
316,10,0,0,0,3,0,0,1,0,-10.25,0.8999,0.25854,8191
317,13,0,0,0,4,2,1,0,0,-8.56,0.8996,0.25812,8204
318,8,0,0,0,1,2,1,0,0,-7.96,0.8993,0.25843,8212
319,15,0,0,0,5,2,1,0,0,-9.75,0.899,0.25855,8227
320,13,0,0,0,6,0,0,1,0,-10.61,0.8987,0.25834,8240
321,11,0,0,0,2,1,1,0,0,-8.02,0.8983,0.25834,8251
322,62,0,0,0,21,5,4,2,0,-5.09,0.898,0.25763,8313
323,5,0,0,0,2,2,1,0,0,-8.85,0.8977,0.25763,8318
324,16,0,0,0,7,3,2,0,0,-8.02,0.8974,0.25773,8334
325,12,0,0,0,4,2,1,0,0,-9.59,0.8971,0.2574,8346
326,16,0,0,0,5,1,1,1,0,-9.12,0.8968,0.25775,8362
327,25,0,0,0,9,5,2,0,0,-5.3,0.8964,0.25797,8387
328,7,0,0,0,3,2,1,0,0,-9.49,0.8961,0.25797,8394
329,15,0,0,0,5,2,1,0,0,-8.65,0.8958,0.25773,8409
330,19,0,0,0,9,3,1,0,0,-9.48,0.8955,0.25765,8428
331,7,0,0,0,2,2,1,0,0,-7.59,0.8952,0.25751,8435
332,16,0,0,0,8,2,0,0,1,-13.92,0.8949,0.25734,8451
333,7,0,0,0,1,2,1,0,0,-7.79,0.8945,0.25734,8458
334,13,0,0,0,3,0,0,1,0,-10.81,0.8942,0.25716,8471
335,7,0,0,0,2,2,1,0,0,-7.09,0.8939,0.25716,8478
336,8,0,0,0,5,2,1,0,0,-9.61,0.8936,0.25673,8486
337,11,0,0,0,5,2,1,0,0,-9.67,0.8933,0.25671,8497
338,29,0,0,0,13,0,0,1,0,-12.73,0.893,0.25664,8526
339,22,0,0,0,7,0,0,1,0,-12.29,0.8926,0.25711,8548
340,11,0,0,0,6,2,0,0,1,-13.72,0.8923,0.25711,8559
341,18,0,0,0,8,4,1,0,0,-7.36,0.892,0.25764,8577
342,17,0,0,0,7,2,0,0,1,-13.39,0.8917,0.25741,8594
343,35,0,0,0,15,2,1,1,0,-9.25,0.8914,0.25719,8629
344,25,0,0,0,9,2,1,1,0,-9.8,0.8911,0.25701,8654
345,5,0,0,0,3,2,1,0,0,-8.95,0.8908,0.25686,8659
346,8,0,0,0,4,2,0,0,1,-13.56,0.8904,0.25686,8667
347,12,0,0,0,7,0,0,1,0,-11.44,0.8901,0.25654,8679
348,8,0,0,0,5,1,1,0,0,-9.56,0.8898,0.25654,8687
349,7,0,0,0,1,2,1,0,0,-8.24,0.8895,0.25627,8694
350,28,0,0,0,8,1,1,0,0,-10.66,0.8892,0.25632,8722
351,7,0,0,0,0,2,1,0,0,-7.74,0.8889,0.25632,8729
352,28,0,0,0,11,1,1,0,0,-9.26,0.8885,0.25597,8757
353,43,0,0,0,10,3,2,0,0,-7.11,0.8882,0.25549,8800
354,12,0,0,0,5,0,0,1,0,-10.49,0.8879,0.25549,8812
355,11,0,0,0,4,2,1,0,0,-8.17,0.8876,0.25583,8823
356,19,0,0,0,7,1,1,0,0,-9.13,0.8873,0.25561,8842
357,15,0,0,0,5,1,1,0,0,-8.65,0.887,0.25537,8857
358,5,0,0,0,2,1,1,0,0,-8.8,0.8866,0.25537,8862
359,9,0,0,0,2,1,1,0,0,-8.53,0.8863,0.25519,8871
360,22,0,0,0,8,1,1,0,0,-9.39,0.886,0.25485,8893
361,23,0,0,0,7,3,1,0,0,-7.96,0.8857,0.25463,8916
362,7,0,0,0,3,2,1,0,0,-8.99,0.8854,0.25463,8923
363,9,0,0,0,0,0,0,1,0,-10.53,0.8851,0.25453,8932
364,12,0,0,0,4,4,0,0,1,-12.64,0.8847,0.25485,8944
365,14,0,0,0,5,2,1,0,0,-9.18,0.8844,0.25485,8958
366,14,0,0,0,10,2,0,0,1,-13.98,0.8841,0.25464,8972
367,14,0,0,0,5,2,0,0,1,-13.73,0.8838,0.25452,8986
368,11,0,0,0,3,1,1,0,0,-8.77,0.8835,0.25463,8997
369,5,0,0,0,2,1,1,0,0,-9.9,0.8831,0.25463,9002
370,5,0,0,0,2,1,1,0,0,-8.8,0.8828,0.25463,9007
371,26,0,0,0,5,3,2,1,0,-4.82,0.8825,0.25483,9033
372,6,0,0,0,2,0,0,1,0,-11.62,0.8822,0.25483,9039
373,11,0,0,0,4,2,1,0,0,-8.52,0.8819,0.25457,9050
374,20,0,0,0,6,4,1,0,0,-8.8,0.8816,0.25473,9070
375,6,0,0,0,3,1,1,0,0,-9.42,0.8812,0.2548,9076
376,6,0,0,0,3,1,1,0,0,-9.47,0.8809,0.2548,9082
377,15,0,0,0,5,3,1,0,0,-8.15,0.8806,0.25455,9097
378,5,0,0,0,1,2,1,0,0,-8.8,0.8803,0.25455,9102
379,8,0,0,0,4,3,0,0,1,-12.56,0.88,0.25436,9110
380,14,0,0,0,7,1,1,0,0,-9.83,0.8797,0.25432,9124
381,25,0,0,0,8,0,0,1,0,-10.55,0.8793,0.25411,9149
382,28,0,0,0,12,2,2,0,0,-6.76,0.879,0.25426,9177
383,15,0,0,0,7,3,0,0,1,-13.35,0.8787,0.25428,9192
384,5,0,0,0,1,1,1,0,0,-8.75,0.8784,0.25428,9197
385,10,0,0,0,3,1,1,0,0,-8.6,0.8781,0.25421,9207
386,6,0,0,0,3,1,1,0,0,-9.42,0.8778,0.25421,9213
387,10,0,0,0,3,1,1,0,0,-9.5,0.8775,0.25436,9223
388,6,0,0,0,3,2,1,0,0,-9.47,0.8771,0.25436,9229
389,9,0,0,0,2,1,1,0,0,-8.38,0.8768,0.25451,9238
390,9,0,0,0,4,0,0,1,0,-11.23,0.8765,0.25451,9247
391,5,0,0,0,2,0,0,1,0,-11.65,0.8762,0.25425,9252
392,6,0,0,0,1,1,1,0,0,-8.42,0.8759,0.25425,9258
393,6,0,0,0,2,1,1,0,0,-8.87,0.8756,0.2542,9264
394,10,0,0,0,6,3,0,0,1,-13.2,0.8752,0.2542,9274
395,9,0,0,0,5,0,0,1,0,-11.38,0.8749,0.2545,9283
396,11,0,0,0,3,2,1,0,0,-8.92,0.8746,0.2545,9294
397,10,0,0,0,3,2,1,0,0,-7.15,0.8743,0.2543,9304
398,25,0,0,0,4,3,2,0,0,-6.75,0.874,0.25367,9329
399,5,0,0,0,3,0,0,1,0,-11.7,0.8737,0.25367,9334
400,9,0,0,0,3,1,1,0,0,-8.93,0.8733,0.25367,9343
401,29,0,0,0,12,1,1,0,0,-10.88,0.873,0.25347,9372
402,14,0,0,0,8,1,1,0,0,-9.83,0.8727,0.25342,9386
403,8,0,0,0,6,4,0,0,1,-12.66,0.8724,0.25357,9394
404,48,0,0,0,11,2,2,1,0,-8.01,0.8721,0.25317,9442
405,16,0,0,0,3,2,2,0,0,-6.67,0.8718,0.25332,9458
406,15,0,0,0,8,1,1,0,0,-10.4,0.8714,0.25304,9473
407,9,0,0,0,2,1,1,0,0,-8.53,0.8711,0.25304,9482
408,10,0,0,0,1,1,1,0,0,-8.7,0.8708,0.253,9492
409,5,0,0,0,4,0,0,1,0,-11.7,0.8705,0.253,9497
410,6,0,0,0,3,0,0,1,0,-11.72,0.8702,0.253,9503
411,6,0,0,0,2,3,1,0,0,-7.82,0.8699,0.25297,9509
412,6,0,0,0,1,0,0,1,0,-10.57,0.8695,0.25297,9515
413,26,0,0,0,11,3,2,1,0,-7.97,0.8692,0.25326,9541
414,13,0,0,0,5,2,1,0,0,-9.71,0.8689,0.25289,9554
415,8,0,0,0,4,3,1,0,0,-9.06,0.8686,0.25289,9562
416,8,0,0,0,2,2,1,0,0,-8.36,0.8683,0.25285,9570
417,13,0,0,0,5,3,1,0,0,-8.71,0.8679,0.25285,9583
418,5,0,0,0,3,1,1,0,0,-9.95,0.8676,0.25276,9588
419,24,0,0,0,11,0,0,1,0,-11.08,0.8673,0.25252,9612
420,56,0,0,0,22,7,2,2,0,-7.37,0.867,0.25183,9668
421,19,0,0,0,9,3,2,0,0,-6.68,0.8667,0.2516,9687
422,29,0,0,0,8,1,1,0,0,-9.63,0.8664,0.2516,9716
423,10,0,0,0,5,1,1,0,0,-9.6,0.866,0.2516,9726
424,13,0,0,0,6,4,1,0,0,-7.56,0.8657,0.25146,9739
425,24,0,0,0,10,3,2,0,0,-7.88,0.8654,0.25129,9763
426,16,0,0,0,9,4,0,0,1,-12.97,0.8651,0.25106,9779
427,7,0,0,0,4,0,0,1,0,-11.19,0.8648,0.25106,9786
428,6,0,0,0,4,1,1,0,0,-10.02,0.8645,0.25086,9792
429,10,0,0,0,3,4,1,0,0,-6.95,0.8641,0.25086,9802
430,5,0,0,0,3,2,1,0,0,-8.95,0.8638,0.25086,9807
431,29,0,0,0,9,0,0,2,0,-10.48,0.8635,0.2511,9836
432,5,0,0,0,2,0,0,1,0,-11.65,0.8632,0.25083,9841
433,13,0,0,0,3,2,1,0,0,-8.51,0.8629,0.25083,9854
434,6,0,0,0,3,0,0,1,0,-10.62,0.8626,0.25092,9860
435,5,0,0,0,3,2,1,0,0,-9.45,0.8622,0.25092,9865
436,6,0,0,0,2,1,1,0,0,-8.82,0.8619,0.25092,9871
437,8,0,0,0,3,1,1,0,0,-9.51,0.8616,0.25084,9879
438,18,0,0,0,6,1,1,0,0,-9.86,0.8613,0.25066,9897
439,10,0,0,0,2,4,1,0,0,-7.4,0.861,0.25067,9907
440,7,0,0,0,0,2,1,0,0,-9.24,0.8607,0.25067,9914
441,5,0,0,0,0,0,0,1,0,-10.95,0.8603,0.25067,9919
442,22,0,0,0,4,1,1,1,0,-9.44,0.86,0.25084,9941
443,21,0,0,0,8,4,2,0,0,-6.07,0.8597,0.25077,9962
444,26,0,0,0,5,1,1,0,0,-8.67,0.8594,0.25088,9988
445,14,0,0,0,2,1,1,1,0,-8.53,0.8591,0.25097,10002
446,10,0,0,0,3,2,1,0,0,-7.7,0.8588,0.25097,10012
447,5,0,0,0,3,1,1,0,0,-9.95,0.8585,0.25105,10017
448,9,0,0,0,2,2,1,0,0,-7.48,0.8581,0.25105,10026
449,14,0,0,0,4,1,1,0,0,-9.03,0.8578,0.251,10040
450,17,0,0,0,4,4,1,0,0,-6.64,0.8575,0.25091,10057
451,5,0,0,0,3,2,1,0,0,-8.4,0.8572,0.25091,10062
452,29,0,0,0,8,2,2,1,0,-6.08,0.8569,0.25102,10091
453,13,0,0,0,1,1,1,1,0,-8.06,0.8566,0.25091,10104
454,8,0,0,0,3,1,1,0,0,-8.96,0.8562,0.25072,10112
455,20,0,0,0,11,1,1,0,0,-8.75,0.8559,0.25091,10132
456,20,0,0,0,4,5,2,0,0,-6.15,0.8556,0.25024,10152
457,8,0,0,0,4,0,0,1,0,-11.81,0.8553,0.25043,10160
458,16,0,0,0,5,1,1,1,0,-8.82,0.855,0.25097,10176
459,5,0,0,0,1,1,1,0,0,-9.85,0.8547,0.25097,10181
460,15,0,0,0,4,1,1,0,0,-8.7,0.8543,0.25085,10196
461,5,0,0,0,3,2,0,0,1,-13.45,0.854,0.25085,10201
462,7,0,0,0,3,3,1,0,0,-8.49,0.8537,0.2507,10208
463,13,0,0,0,4,2,1,0,0,-8.56,0.8534,0.2507,10221
464,6,0,0,0,2,1,1,0,0,-8.82,0.8531,0.25063,10227
465,28,0,0,0,18,3,3,0,0,-6.61,0.8528,0.25015,10255
466,16,0,0,0,4,2,1,0,0,-8.07,0.8524,0.25033,10271
467,61,0,0,0,18,5,4,1,0,-4.77,0.8521,0.24966,10332
468,11,0,0,0,5,2,1,0,0,-9.62,0.8518,0.25002,10343
469,7,0,0,0,0,1,1,0,0,-7.59,0.8515,0.25002,10350
470,22,0,0,0,7,4,2,0,0,-7.44,0.8512,0.25015,10372
471,8,0,0,0,4,3,0,0,1,-12.56,0.8508,0.25015,10380
472,25,0,0,0,10,2,1,0,0,-10.2,0.8505,0.25027,10405
473,13,0,0,0,4,3,1,0,0,-7.16,0.8502,0.25018,10418
474,26,0,0,0,10,4,2,0,0,-6.92,0.8499,0.25008,10444
475,38,0,0,0,14,3,2,0,0,-7.41,0.8496,0.24976,10482
476,7,0,0,0,3,1,1,0,0,-8.89,0.8493,0.24976,10489
477,7,0,0,0,2,0,0,1,0,-11.64,0.8489,0.24927,10496
478,12,0,0,0,7,1,1,0,0,-10.29,0.8486,0.24927,10508
479,9,0,0,0,3,1,1,0,0,-10.03,0.8483,0.24905,10517
480,13,0,0,0,5,3,0,0,1,-12.71,0.848,0.24849,10530
481,5,0,0,0,3,1,1,0,0,-9.95,0.8477,0.24849,10535
482,11,0,0,0,0,2,1,0,0,-6.32,0.8474,0.24824,10546
483,8,0,0,0,3,2,1,0,0,-7.66,0.847,0.24824,10554
484,5,0,0,0,3,2,1,0,0,-9.45,0.8467,0.24824,10559
485,20,0,0,0,6,1,1,1,0,-9.9,0.8464,0.24707,10579
486,6,0,0,0,3,1,1,0,0,-9.42,0.8461,0.24707,10585
487,7,0,0,0,2,0,0,1,0,-11.14,0.8458,0.24742,10592
488,7,0,0,0,3,0,0,1,0,-11.74,0.8455,0.24742,10599
489,13,0,0,0,5,3,0,0,1,-13.21,0.8452,0.24745,10612
490,12,0,0,0,1,0,0,1,0,-9.99,0.8448,0.2472,10624
491,5,0,0,0,2,2,0,0,1,-13.4,0.8445,0.2472,10629
492,5,0,0,0,0,1,1,0,0,-8.7,0.8442,0.2472,10634
493,5,0,0,0,2,2,1,0,0,-8.85,0.8439,0.2472,10639
494,7,0,0,0,5,3,1,0,0,-8.59,0.8436,0.24651,10646
495,27,0,0,0,9,4,3,0,0,-5.09,0.8433,0.24619,10673
496,10,0,0,0,2,2,0,0,1,-13.5,0.8429,0.24619,10683
497,12,0,0,0,5,4,2,0,0,-6.89,0.8426,0.24609,10695
498,10,0,0,0,2,5,1,0,0,-6.4,0.8423,0.2457,10705
499,47,0,0,0,19,4,3,2,0,-5.89,0.842,0.24523,10752
500,7,0,0,0,5,1,1,0,0,-9.54,0.8417,0.24523,10759
501,5,0,0,0,1,1,1,0,0,-9.85,0.8414,0.24523,10764
502,29,1,1,0,2,3,2,1,0,-5.03,0.841,0.24492,10793
503,9,0,0,0,2,0,0,1,0,-10.33,0.8407,0.2444,10802
504,49,0,0,0,12,5,4,1,0,-2.98,0.8404,0.24493,10851
505,10,0,0,0,5,1,1,0,0,-10.15,0.8401,0.24493,10861
506,6,0,0,0,1,1,1,0,0,-8.42,0.8398,0.24485,10867
507,10,0,0,0,3,2,1,0,0,-9.55,0.8395,0.24485,10877
508,38,0,0,0,10,2,2,0,0,-7.21,0.8391,0.2447,10915
509,5,0,0,0,3,3,0,0,1,-12.95,0.8388,0.2447,10920
510,12,0,0,0,3,2,1,0,0,-8.34,0.8385,0.2446,10932
511,24,0,0,0,6,1,1,1,0,-8.88,0.8382,0.24452,10956
512,19,0,0,0,3,2,2,0,0,-6.93,0.8379,0.24375,10975
513,14,0,0,0,5,1,1,0,0,-7.73,0.8376,0.24329,10989
514,5,0,0,0,2,1,1,0,0,-9.35,0.8372,0.24322,10994
515,27,0,0,0,10,5,3,0,0,-5.74,0.8369,0.24296,11021
516,6,0,0,0,4,2,0,0,1,-13.52,0.8366,0.2429,11027
517,8,0,0,0,2,0,0,1,0,-11.66,0.8363,0.2429,11035
518,10,0,0,0,3,1,1,0,0,-8.95,0.836,0.24275,11045
519,7,0,0,0,2,1,1,0,0,-8.09,0.8357,0.24275,11052
520,11,0,0,0,2,0,0,1,0,-10.47,0.8353,0.24308,11063
521,7,0,0,0,3,0,0,1,0,-11.74,0.835,0.24308,11070
522,10,0,0,0,1,3,1,0,0,-7.7,0.8347,0.24302,11080
523,23,0,0,0,8,3,2,0,0,-8.16,0.8344,0.24244,11103
524,14,0,0,0,6,1,1,0,0,-10.28,0.8341,0.24223,11117
525,23,0,0,0,10,6,2,0,0,-6.41,0.8337,0.2422,11140
526,7,0,0,0,0,2,1,0,0,-7.59,0.8334,0.2422,11147
527,9,0,0,0,5,3,0,0,1,-12.63,0.8331,0.2417,11156
528,5,0,0,0,2,1,1,0,0,-8.85,0.8328,0.2417,11161
529,12,0,0,0,1,1,1,0,0,-8.54,0.8325,0.24149,11173
530,13,0,0,0,2,0,0,1,0,-11.26,0.8322,0.24169,11186
531,10,0,0,0,1,1,1,0,0,-7.6,0.8318,0.24169,11196
532,5,0,0,0,1,1,1,0,0,-8.75,0.8315,0.24107,11201
533,5,0,0,0,3,1,1,0,0,-9.95,0.8312,0.24107,11206
534,7,0,0,0,2,2,1,0,0,-7.49,0.8309,0.24107,11213
535,20,0,0,0,9,4,2,0,0,-5.8,0.8306,0.24116,11233
536,14,0,0,0,4,5,2,0,0,-6.03,0.8303,0.24116,11247
537,12,0,0,0,6,2,1,0,0,-9.24,0.8299,0.24106,11259
538,5,0,0,0,1,2,1,0,0,-8.25,0.8296,0.24117,11264
539,5,0,0,0,3,2,0,0,1,-12.95,0.8293,0.24117,11269
540,10,0,0,0,4,0,0,1,0,-11.8,0.829,0.24117,11279
541,11,0,0,0,1,2,1,0,0,-7.87,0.8287,0.24108,11290
542,8,0,0,0,4,2,1,0,0,-9.01,0.8284,0.24122,11298
543,15,0,0,0,2,1,1,1,0,-8.8,0.828,0.2412,11313
544,23,0,0,0,10,4,2,0,0,-7.81,0.8277,0.24099,11336
545,16,0,0,0,2,0,0,1,0,-11.37,0.8274,0.24021,11352
546,14,0,0,0,7,2,1,0,0,-8.78,0.8271,0.2405,11366
547,32,1,1,0,11,6,3,0,0,-2.89,0.8268,0.24073,11398
548,7,0,0,0,3,2,0,0,1,-13.49,0.8265,0.24073,11405
549,5,0,0,0,3,1,1,0,0,-9.95,0.8262,0.24069,11410
550,30,0,1,0,12,2,2,0,0,-7.4,0.8258,0.24025,11440
551,14,0,0,0,3,0,0,1,0,-10.68,0.8255,0.24025,11454
552,7,0,0,0,4,2,1,0,0,-8.99,0.8252,0.24016,11461
553,7,0,0,0,5,1,1,0,0,-10.09,0.8249,0.24016,11468
554,5,0,0,0,3,3,1,0,0,-8.95,0.8246,0.24014,11473
555,8,0,0,0,4,1,1,0,0,-8.96,0.8243,0.24014,11481
556,7,0,0,0,2,4,1,0,0,-6.84,0.8239,0.24021,11488
557,8,0,0,0,6,2,0,0,1,-13.66,0.8236,0.24021,11496
558,12,0,0,0,5,1,0,0,1,-14.19,0.8233,0.24025,11508
559,10,0,0,0,4,3,1,0,0,-9.1,0.823,0.24025,11518
560,6,0,0,0,2,2,1,0,0,-9.42,0.8227,0.24068,11524
561,7,0,0,0,2,2,1,0,0,-7.09,0.8224,0.24068,11531
562,18,0,0,0,6,3,2,0,0,-6.66,0.822,0.24087,11549
563,20,0,0,0,11,3,2,0,0,-8.3,0.8217,0.24095,11569
564,7,0,0,0,2,1,1,0,0,-9.89,0.8214,0.24095,11576
565,16,0,0,0,6,2,2,0,0,-7.17,0.8211,0.24048,11592
566,21,0,0,0,3,7,3,0,0,-3.42,0.8208,0.23987,11613
567,25,0,0,0,6,4,3,0,0,-4.45,0.8205,0.23962,11638
568,5,0,0,0,3,3,0,0,1,-12.45,0.8201,0.23962,11643
569,6,0,0,0,3,0,0,1,0,-11.12,0.8198,0.23945,11649
570,9,0,0,0,4,3,1,0,0,-7.48,0.8195,0.23945,11658
571,14,0,0,0,5,0,0,1,0,-10.88,0.8192,0.23859,11672
572,6,0,0,0,3,2,1,0,0,-8.92,0.8189,0.23859,11678
573,8,0,0,0,3,1,1,0,0,-9.46,0.8185,0.23834,11686
574,22,0,0,0,7,0,0,1,0,-11.74,0.8182,0.23827,11708
575,6,0,0,0,4,3,0,0,1,-12.02,0.8179,0.23824,11714
576,11,0,0,0,4,1,1,0,0,-8.12,0.8176,0.23824,11725
577,13,0,0,0,7,3,1,0,0,-8.76,0.8173,0.23828,11738
578,8,0,0,0,2,1,1,0,0,-8.86,0.817,0.23803,11746
579,12,0,0,0,7,1,1,0,0,-8.44,0.8166,0.23803,11758
580,5,0,0,0,1,1,1,0,0,-9.85,0.8163,0.23784,11763
581,8,0,0,0,3,2,1,0,0,-7.16,0.816,0.23784,11771
582,6,0,0,0,0,1,1,0,0,-7.67,0.8157,0.23755,11777
583,14,0,0,0,2,1,1,1,0,-8.78,0.8154,0.23755,11791
584,21,0,0,0,7,1,1,1,0,-9.57,0.8151,0.23786,11812
585,10,0,0,0,6,3,1,0,0,-8.7,0.8147,0.23786,11822
586,8,0,0,0,6,2,1,0,0,-9.66,0.8144,0.23734,11830
587,6,0,0,0,1,0,0,1,0,-11.02,0.8141,0.23734,11836
588,14,0,0,0,6,2,2,0,0,-7.13,0.8138,0.23717,11850
589,5,0,0,0,3,1,1,0,0,-9.95,0.8135,0.23717,11855
590,7,0,0,0,2,1,1,0,0,-9.94,0.8132,0.23731,11862
591,51,0,0,0,21,4,2,1,0,-8.97,0.8128,0.23715,11913
592,5,0,0,0,1,2,1,0,0,-9.35,0.8125,0.23715,11918
593,6,0,0,0,3,2,1,0,0,-8.92,0.8122,0.2373,11924
594,11,0,0,0,3,1,1,0,0,-10.07,0.8119,0.2373,11935
595,7,0,0,0,2,0,0,1,0,-9.84,0.8116,0.23714,11942
596,6,0,0,0,3,1,1,0,0,-9.97,0.8113,0.23714,11948
597,10,0,0,0,7,3,1,0,0,-8.7,0.811,0.23664,11958
598,16,0,0,0,8,2,0,0,1,-13.92,0.8106,0.23707,11974
599,9,0,0,0,2,2,1,0,0,-8.33,0.8103,0.23707,11983
600,11,0,0,0,4,1,1,0,0,-8.17,0.81,0.23699,11994
601,13,0,0,0,6,2,1,0,0,-9.21,0.8097,0.23673,12007
602,10,0,0,0,4,3,1,0,0,-9.05,0.8094,0.23694,12017
603,30,0,0,0,12,3,2,0,0,-7.45,0.8091,0.23705,12047
604,20,0,0,0,5,3,2,0,0,-7.4,0.8087,0.23687,12067
605,5,0,0,0,3,2,0,0,1,-13.45,0.8084,0.23687,12072
606,18,0,0,0,8,1,1,1,0,-9.96,0.8081,0.23702,12090
607,10,0,0,0,2,0,0,1,0,-11.15,0.8078,0.23708,12100
608,6,0,0,0,3,0,0,1,0,-11.07,0.8075,0.23708,12106
609,10,0,0,0,5,1,1,0,0,-9.1,0.8072,0.23716,12116
610,25,0,0,0,13,1,1,2,0,-11.75,0.8068,0.23694,12141
611,24,0,0,0,9,5,2,0,0,-7.78,0.8065,0.23617,12165
612,6,0,0,0,4,2,0,0,1,-13.02,0.8062,0.23617,12171
613,12,0,0,0,5,0,0,1,0,-11.34,0.8059,0.23607,12183
614,9,0,0,0,4,1,1,0,0,-9.53,0.8056,0.23656,12192
615,28,0,0,0,9,4,2,1,0,-6.81,0.8053,0.23632,12220
616,8,0,0,0,1,1,1,0,0,-8.81,0.8049,0.23576,12228
617,8,0,0,0,1,0,0,1,0,-10.51,0.8046,0.23576,12236
618,39,0,0,0,14,7,3,1,0,-5.33,0.8043,0.23571,12275
619,31,0,0,0,7,4,3,1,0,-4.57,0.804,0.2357,12306
620,6,0,0,0,1,1,1,0,0,-8.02,0.8037,0.2357,12312
621,5,0,0,0,3,3,0,0,1,-12.45,0.8034,0.2357,12317
622,20,0,0,0,6,3,1,0,0,-8.3,0.803,0.23556,12337
623,23,0,0,0,10,2,1,0,0,-8.61,0.8027,0.2358,12360
624,42,0,0,0,15,5,2,1,0,-5.99,0.8024,0.23553,12402
625,12,0,0,0,3,1,1,0,0,-8.99,0.8021,0.23553,12414
626,6,0,0,0,3,1,1,0,0,-9.97,0.8018,0.2354,12420
627,6,0,0,0,4,1,1,0,0,-9.47,0.8014,0.2354,12426
628,12,0,0,0,3,1,1,0,0,-8.64,0.8011,0.2352,12438
629,8,0,0,0,4,3,1,0,0,-8.06,0.8008,0.2352,12446
630,5,0,0,0,1,2,1,0,0,-8.25,0.8005,0.23486,12451
631,5,0,0,0,3,2,1,0,0,-8.95,0.8002,0.23486,12456
632,9,0,0,0,5,1,1,0,0,-9.63,0.7999,0.23486,12465
633,17,0,0,0,3,4,2,0,0,-5.94,0.7995,0.23491,12482
634,6,0,0,0,3,2,1,0,0,-9.47,0.7992,0.23491,12488
635,10,0,0,0,5,5,1,0,0,-6.05,0.7989,0.23479,12498
636,8,0,0,0,6,2,1,0,0,-9.66,0.7986,0.23479,12506
637,5,0,0,0,3,3,0,0,1,-12.45,0.7983,0.23479,12511
638,17,0,0,0,4,2,1,1,0,-8.39,0.798,0.23495,12528
639,16,0,0,0,4,2,1,1,0,-8.67,0.7976,0.2347,12544
640,5,0,0,0,1,0,0,1,0,-10.5,0.7973,0.2347,12549
641,57,0,0,0,18,6,3,2,0,-4.54,0.797,0.23532,12606
642,19,0,0,0,7,3,0,0,1,-13.43,0.7967,0.23558,12625
643,9,0,0,0,4,1,1,0,0,-8.63,0.7964,0.23558,12634
644,7,0,0,0,3,3,1,0,0,-8.99,0.7961,0.23557,12641
645,33,0,0,0,7,5,3,0,0,-4.01,0.7957,0.23467,12674
646,11,0,0,0,5,1,1,0,0,-9.12,0.7954,0.23467,12685
647,30,0,0,0,9,3,2,0,0,-6.75,0.7951,0.23481,12715
648,11,0,0,0,4,1,1,0,0,-10.12,0.7948,0.23486,12726
649,11,0,0,0,4,2,1,0,0,-7.77,0.7945,0.23451,12737
650,16,0,0,0,3,0,0,1,0,-11.42,0.7942,0.23461,12753
651,13,0,0,0,6,3,2,0,0,-8.01,0.7938,0.23461,12766
652,8,0,0,0,6,2,1,0,0,-9.66,0.7935,0.23455,12774
653,7,0,0,0,5,1,1,0,0,-10.09,0.7932,0.23455,12781
654,22,0,0,0,11,4,2,1,0,-6.79,0.7929,0.23404,12803
655,5,0,0,0,3,2,1,0,0,-9.45,0.7926,0.23404,12808
656,16,0,0,0,9,4,2,0,0,-7.62,0.7923,0.23421,12824
657,6,0,0,0,4,3,0,0,1,-12.52,0.792,0.23421,12830
658,9,0,0,0,4,1,1,0,0,-9.53,0.7916,0.23345,12839
659,5,0,0,0,3,3,1,0,0,-8.95,0.7913,0.23345,12844
660,11,0,0,0,7,2,0,0,1,-13.77,0.791,0.23311,12855
661,5,0,0,0,2,3,0,0,1,-12.9,0.7907,0.23311,12860
662,5,0,0,0,3,1,1,0,0,-9.95,0.7904,0.2329,12865
663,21,0,0,0,4,6,2,0,0,-4.42,0.7901,0.23337,12886
664,5,0,0,0,2,1,1,0,0,-9.35,0.7897,0.23337,12891
665,5,0,0,0,3,2,0,0,1,-13.45,0.7894,0.23338,12896
666,35,0,0,0,15,6,3,0,0,-5.2,0.7891,0.23368,12931
667,18,0,0,0,5,2,2,0,0,-7.46,0.7888,0.23356,12949
668,5,0,0,0,3,0,0,1,0,-11.7,0.7885,0.23356,12954
669,10,0,0,0,4,2,1,0,0,-8.55,0.7882,0.23306,12964
670,7,0,0,0,3,0,0,1,0,-11.69,0.7878,0.23306,12971
671,6,0,0,0,4,0,0,1,0,-11.77,0.7875,0.23314,12977
672,8,0,0,0,3,0,0,1,0,-11.81,0.7872,0.23314,12985
673,11,0,0,0,5,2,1,0,0,-9.67,0.7869,0.23291,12996
674,5,0,0,0,1,1,1,0,0,-8.75,0.7866,0.23291,13001
675,7,0,0,0,4,0,0,1,0,-11.84,0.7863,0.23297,13008
676,12,0,0,0,5,1,1,0,0,-8.34,0.7859,0.23297,13020
677,5,0,0,0,0,1,1,0,0,-8.7,0.7856,0.23318,13025
678,5,0,0,0,1,1,1,0,0,-9.3,0.7853,0.23318,13030
679,7,0,0,0,3,2,1,0,0,-9.49,0.785,0.23318,13037
680,22,0,0,0,5,6,2,0,0,-5.04,0.7847,0.23234,13059
681,5,0,0,0,1,2,1,0,0,-7.75,0.7843,0.23234,13064
682,21,0,0,0,13,3,2,0,0,-8.42,0.784,0.23233,13085
683,21,0,0,0,8,4,2,0,0,-7.22,0.7837,0.23233,13106
684,5,0,0,0,1,0,0,1,0,-10.5,0.7834,0.23233,13111
685,17,0,0,0,4,3,2,0,0,-7.09,0.7831,0.23173,13128
686,15,0,0,0,4,1,1,0,0,-8.6,0.7828,0.23166,13143
687,15,0,0,0,4,2,1,0,0,-8.45,0.7824,0.23181,13158
688,8,0,0,0,5,1,1,0,0,-10.11,0.7821,0.23181,13166
689,6,0,0,0,2,1,1,0,0,-8.82,0.7818,0.232,13172
690,5,0,0,0,3,2,1,0,0,-8.95,0.7815,0.232,13177
691,7,0,0,0,4,0,0,1,0,-11.29,0.7812,0.23166,13184
692,17,0,0,0,3,3,2,0,0,-5.19,0.7809,0.23162,13201
693,16,0,0,0,4,3,2,0,0,-7.27,0.7805,0.23093,13217
694,40,0,0,0,9,5,2,0,0,-5.75,0.7802,0.2305,13257
695,7,0,0,0,1,3,1,0,0,-6.79,0.7799,0.23028,13264
696,9,0,0,0,2,1,1,0,0,-8.73,0.7796,0.23028,13273
697,19,0,0,0,3,4,2,1,0,-4.58,0.7793,0.23017,13292
698,5,0,0,0,3,0,0,1,0,-11.7,0.779,0.23053,13297
699,5,0,0,0,3,1,1,0,0,-9.95,0.7787,0.23053,13302
700,27,0,0,0,8,3,2,1,0,-6.79,0.7783,0.23013,13329
701,25,0,0,0,9,4,3,0,0,-5.95,0.778,0.22989,13354
702,6,0,0,0,3,2,1,0,0,-9.47,0.7777,0.2296,13360
703,6,0,0,0,4,1,1,0,0,-10.02,0.7774,0.2296,13366
704,6,0,0,0,3,1,1,0,0,-9.42,0.7771,0.2296,13372
705,8,0,0,0,3,0,0,1,0,-10.76,0.7768,0.22937,13380
706,7,0,0,0,3,2,1,0,0,-9.49,0.7764,0.22937,13387
707,17,0,0,0,7,3,2,0,0,-6.94,0.7761,0.22935,13404
708,11,0,0,0,5,2,1,0,0,-9.17,0.7758,0.22934,13415
709,9,0,0,0,5,2,0,0,1,-13.63,0.7755,0.22919,13424
710,5,0,0,0,0,2,0,0,1,-12.8,0.7752,0.22919,13429
711,15,0,0,0,3,2,1,1,0,-7.3,0.7749,0.22933,13444
712,17,0,0,0,1,2,1,1,0,-7.14,0.7745,0.22913,13461
713,24,0,0,0,11,4,2,0,0,-6.43,0.7742,0.2288,13485
714,14,0,0,0,5,2,1,0,0,-8.28,0.7739,0.22878,13499
715,7,0,0,0,2,3,1,0,0,-6.99,0.7736,0.22833,13506
716,5,0,0,0,2,3,0,0,1,-12.9,0.7733,0.22833,13511
717,10,0,0,0,3,2,1,0,0,-8.5,0.773,0.22757,13521
718,58,0,0,0,16,5,3,3,0,-5.26,0.7726,0.22762,13579
719,5,0,0,0,3,3,0,0,1,-12.45,0.7723,0.22744,13584
720,5,0,0,0,3,2,1,0,0,-9.45,0.772,0.22744,13589
721,50,0,0,0,17,3,3,2,0,-6.25,0.7717,0.22644,13639
722,6,0,0,0,1,1,1,0,0,-8.02,0.7714,0.22644,13645
723,15,0,0,0,4,3,2,0,0,-6.35,0.7711,0.22629,13660
724,5,0,0,0,3,3,1,0,0,-8.45,0.7707,0.22542,13665
725,5,0,0,0,2,1,1,0,0,-9.9,0.7704,0.22542,13670
726,22,0,0,0,7,3,2,0,0,-7.34,0.7701,0.22535,13692
727,18,0,0,0,5,3,2,0,0,-7.76,0.7698,0.22497,13710
728,34,0,0,0,3,3,2,1,0,-5.63,0.7695,0.22448,13744
729,5,0,0,0,3,2,0,0,1,-13.45,0.7692,0.22448,13749
730,12,0,0,0,3,0,0,1,0,-10.74,0.7688,0.2242,13761
731,20,0,0,0,8,1,1,0,0,-10.5,0.7685,0.22375,13781
732,25,1,1,0,8,3,2,1,0,-5.3,0.7682,0.22362,13806
733,10,0,0,0,3,2,1,0,0,-7.2,0.7679,0.22352,13816
734,13,0,0,0,6,1,1,1,0,-9.71,0.7676,0.22333,13829
735,5,0,0,0,1,0,0,1,0,-10.5,0.7672,0.22333,13834
736,16,0,0,0,4,4,2,0,0,-4.82,0.7669,0.22343,13850
737,14,0,0,0,3,1,1,0,0,-10.13,0.7666,0.22347,13864
738,6,0,0,0,4,2,1,0,0,-9.52,0.7663,0.22347,13870
739,6,0,0,0,3,2,1,0,0,-8.42,0.766,0.22302,13876
740,16,0,0,0,6,2,1,1,0,-8.02,0.7657,0.2229,13892
741,5,0,0,0,2,1,1,0,0,-8.8,0.7653,0.2229,13897
742,5,0,0,0,1,0,0,0,1,-14.3,0.765,0.2229,13902
743,6,0,0,0,1,2,1,0,0,-8.27,0.7647,0.22249,13908
744,5,0,0,0,3,1,1,0,0,-9.95,0.7644,0.22249,13913
745,5,0,0,0,3,2,0,0,1,-13.45,0.7641,0.22249,13918
746,7,0,0,0,5,0,0,1,0,-11.24,0.7638,0.22252,13925
747,13,0,0,0,4,1,1,0,0,-8.91,0.7634,0.22205,13938
748,6,0,0,0,3,1,1,0,0,-9.42,0.7631,0.22205,13944
749,10,0,0,0,4,2,1,0,0,-9.6,0.7628,0.22148,13954
750,20,0,0,0,8,2,1,1,0,-9.0,0.7625,0.22139,13974
751,5,0,0,0,2,3,0,0,1,-12.4,0.7622,0.22139,13979
752,5,0,0,0,0,1,0,0,1,-13.8,0.7619,0.22133,13984
753,9,0,0,0,3,3,0,0,1,-13.03,0.7615,0.22133,13993
754,6,0,0,0,4,1,1,0,0,-10.02,0.7612,0.22133,13999
755,38,0,0,0,13,0,0,3,0,-13.01,0.7609,0.22109,14037
756,6,0,0,0,2,2,0,0,1,-13.42,0.7606,0.22109,14043
757,13,0,0,0,5,4,1,0,0,-8.16,0.7603,0.22082,14056
758,10,0,0,0,4,2,1,0,0,-9.55,0.76,0.21999,14066
759,16,0,0,0,4,4,2,0,0,-5.32,0.7597,0.21939,14082
760,8,0,0,0,4,3,0,0,1,-12.56,0.7593,0.21939,14090
761,14,0,0,0,6,3,0,0,1,-13.28,0.759,0.21943,14104
762,17,1,1,0,5,2,2,0,0,-5.04,0.7587,0.21964,14121
763,5,0,0,0,2,0,0,1,0,-10.45,0.7584,0.21964,14126
764,9,0,0,0,1,1,1,0,0,-8.83,0.7581,0.21894,14135
765,5,0,0,0,3,1,1,0,0,-9.95,0.7578,0.21894,14140
766,8,0,0,0,2,2,1,0,0,-8.36,0.7574,0.21884,14148
767,5,0,0,0,3,3,0,0,1,-12.45,0.7571,0.21884,14153
768,7,0,0,0,5,1,1,0,0,-10.09,0.7568,0.21839,14160
769,6,0,0,0,4,0,0,1,0,-11.72,0.7565,0.21839,14166
770,23,0,0,0,10,4,2,1,0,-6.46,0.7562,0.21776,14189
771,6,0,0,0,1,0,0,1,0,-10.57,0.7559,0.21723,14195
772,19,0,0,0,3,1,1,1,0,-7.83,0.7555,0.21679,14214
773,10,0,0,0,3,4,1,0,0,-6.55,0.7552,0.21653,14224
774,12,0,0,0,4,0,0,1,0,-11.94,0.7549,0.21653,14236
775,10,0,0,0,2,0,0,1,0,-10.6,0.7546,0.21622,14246
776,7,0,0,0,5,3,0,0,1,-12.59,0.7543,0.21622,14253
777,19,0,0,0,8,3,2,0,0,-8.08,0.754,0.21575,14272
778,5,0,0,0,1,0,0,1,0,-11.6,0.7536,0.21575,14277
779,5,0,0,0,3,2,1,0,0,-9.45,0.7533,0.21575,14282
780,5,0,0,0,3,2,1,0,0,-8.95,0.753,0.21575,14287
781,15,0,0,0,3,0,0,2,0,-11.15,0.7527,0.21566,14302
782,5,0,0,0,3,4,0,0,1,-12.45,0.7524,0.21531,14307
783,9,0,0,0,6,0,0,1,0,-11.43,0.752,0.21531,14316
784,8,0,0,0,4,3,1,0,0,-9.06,0.7517,0.21519,14324
785,7,0,0,0,2,1,1,0,0,-8.09,0.7514,0.21519,14331
786,8,0,0,0,2,1,1,0,0,-9.96,0.7511,0.215,14339
787,14,0,0,0,7,2,1,0,0,-7.98,0.7508,0.21459,14353
788,5,0,0,0,3,2,0,0,1,-13.45,0.7505,0.21459,14358
789,15,0,0,0,7,3,2,0,0,-6.75,0.7501,0.214,14373
790,5,0,0,0,1,1,1,0,0,-8.75,0.7498,0.214,14378
791,5,0,0,0,3,2,1,0,0,-8.9,0.7495,0.214,14383
792,5,0,0,0,1,1,1,0,0,-8.75,0.7492,0.21382,14388
793,11,0,0,0,1,0,0,1,0,-11.12,0.7489,0.21382,14399
794,7,0,0,0,3,1,1,0,0,-9.99,0.7486,0.21336,14406
795,5,0,0,0,3,1,1,0,0,-9.95,0.7483,0.21336,14411
796,5,0,0,0,3,1,1,0,0,-9.4,0.7479,0.21292,14416
797,9,0,0,0,2,1,1,0,0,-8.23,0.7476,0.21292,14425
798,5,0,0,0,3,2,0,0,1,-13.45,0.7473,0.21292,14430
799,18,0,0,0,5,2,1,1,0,-8.36,0.747,0.21243,14448
800,17,0,0,0,5,3,2,0,0,-6.99,0.7467,0.21196,14465
801,7,0,0,0,5,1,1,0,0,-9.59,0.7464,0.21196,14472
802,5,0,0,0,2,0,0,1,0,-10.55,0.746,0.21196,14477
803,5,0,0,0,2,3,0,0,1,-12.9,0.7457,0.2118,14482
804,6,0,0,0,4,2,1,0,0,-9.52,0.7454,0.2118,14488
805,5,0,0,0,4,0,0,1,0,-11.7,0.7451,0.2118,14493
806,12,0,0,0,4,3,2,0,0,-6.64,0.7448,0.21173,14505
807,9,0,0,0,2,2,1,0,0,-8.03,0.7445,0.21198,14514
808,7,0,0,0,2,0,0,1,0,-10.44,0.7441,0.21198,14521
809,5,0,0,0,3,3,0,0,1,-12.95,0.7438,0.21198,14526
810,24,0,0,0,11,2,2,1,0,-9.28,0.7435,0.2117,14550
811,36,0,0,0,9,2,2,1,0,-8.97,0.7432,0.21143,14586
812,20,0,0,0,6,4,2,0,0,-6.6,0.7429,0.2112,14606
813,5,0,0,0,1,2,1,0,0,-9.35,0.7426,0.21109,14611
814,10,0,0,0,5,2,1,0,0,-9.1,0.7422,0.21109,14621
815,30,0,0,0,9,4,3,0,0,-4.85,0.7419,0.21083,14651
816,5,0,0,0,3,2,1,0,0,-9.45,0.7416,0.21067,14656
817,5,0,0,0,1,1,1,0,0,-9.85,0.7413,0.21067,14661
818,18,0,0,0,7,0,0,1,0,-10.61,0.741,0.21036,14679
819,20,0,0,0,7,2,2,0,0,-8.6,0.7407,0.2099,14699
820,5,0,0,0,3,3,0,0,1,-12.95,0.7403,0.20971,14704
821,21,0,0,0,5,1,1,1,0,-10.02,0.74,0.20929,14725
822,19,0,0,0,5,0,0,2,0,-10.68,0.7397,0.20952,14744
823,13,0,0,0,5,3,1,1,0,-8.11,0.7394,0.20937,14757
824,5,0,0,0,2,1,0,0,1,-13.9,0.7391,0.20937,14762
825,8,0,0,0,1,0,0,1,0,-11.11,0.7388,0.20908,14770
826,22,0,0,0,7,4,2,0,0,-7.59,0.7384,0.20891,14792
827,7,0,0,0,2,0,0,1,0,-11.69,0.7381,0.20891,14799
828,5,0,0,0,1,2,0,0,1,-13.35,0.7378,0.20879,14804
829,7,0,0,0,4,1,1,0,0,-10.04,0.7375,0.20879,14811
830,5,0,0,0,3,4,0,0,1,-12.45,0.7372,0.20866,14816
831,5,0,0,0,2,0,0,1,0,-10.5,0.7369,0.20866,14821
832,5,0,0,0,2,1,1,0,0,-9.9,0.7365,0.20866,14826
833,11,0,0,0,6,1,1,0,0,-9.17,0.7362,0.20881,14837
834,8,0,0,0,3,0,0,1,0,-9.96,0.7359,0.20881,14845
835,10,0,0,0,2,0,0,1,0,-10.65,0.7356,0.20832,14855
836,6,0,0,0,4,2,1,0,0,-9.52,0.7353,0.20832,14861
837,5,0,0,0,3,2,1,0,0,-9.45,0.7349,0.20829,14866
838,5,0,0,0,3,0,0,1,0,-11.15,0.7346,0.20829,14871
839,8,0,0,0,4,1,1,0,0,-9.56,0.7343,0.20829,14879
840,7,0,0,0,2,1,1,0,0,-8.09,0.734,0.20815,14886
841,5,0,0,0,3,2,1,0,0,-9.45,0.7337,0.20815,14891
842,34,0,0,0,13,4,4,0,0,-5.23,0.7334,0.20807,14925
843,9,0,0,0,5,3,0,0,1,-13.13,0.733,0.20816,14934
844,5,0,0,0,3,1,1,0,0,-9.95,0.7327,0.20816,14939
845,6,0,0,0,4,1,1,0,0,-10.02,0.7324,0.20765,14945
846,5,0,0,0,2,2,1,0,0,-9.4,0.7321,0.20765,14950
847,15,0,0,0,4,1,1,0,0,-9.05,0.7318,0.20749,14965
848,14,0,0,0,2,2,2,0,0,-7.63,0.7315,0.20708,14979
849,5,0,0,0,3,1,1,0,0,-9.95,0.7311,0.20708,14984
850,6,0,0,0,4,1,1,0,0,-9.52,0.7308,0.20708,14990
851,18,0,0,0,3,5,2,0,0,-4.71,0.7305,0.20663,15008
852,11,0,0,0,3,1,1,0,0,-10.07,0.7302,0.20663,15019
853,5,0,0,0,3,2,0,0,1,-12.95,0.7299,0.20623,15024
854,14,0,0,0,5,2,1,0,0,-7.88,0.7296,0.20623,15038
855,5,0,0,0,2,0,0,1,0,-11.05,0.7292,0.20613,15043
856,8,0,0,0,1,5,1,0,0,-6.81,0.7289,0.20613,15051
857,6,0,0,0,1,1,1,0,0,-8.02,0.7286,0.20636,15057
858,23,0,0,0,5,4,3,0,0,-4.21,0.7283,0.20608,15080
859,34,0,0,0,8,4,2,2,0,-5.98,0.728,0.20617,15114
860,6,0,0,0,4,1,1,0,0,-10.02,0.7277,0.20631,15120
861,8,0,0,0,4,3,1,0,0,-8.51,0.7274,0.20631,15128
862,7,0,0,0,3,0,0,1,0,-11.14,0.727,0.20631,15135
863,6,0,0,0,4,2,0,0,1,-13.52,0.7267,0.20594,15141
864,6,0,0,0,3,1,1,0,0,-9.47,0.7264,0.20594,15147
865,8,0,0,0,1,0,0,1,0,-10.51,0.7261,0.2056,15155
866,11,0,0,0,4,1,1,0,0,-8.27,0.7258,0.2056,15166
867,16,0,0,0,6,5,2,0,0,-6.52,0.7255,0.2055,15182
868,10,0,0,0,3,1,1,0,0,-8.05,0.7251,0.20558,15192
869,9,0,0,0,5,3,1,0,0,-8.58,0.7248,0.2054,15201
870,7,0,0,0,3,0,0,1,0,-10.64,0.7245,0.2054,15208
871,9,0,0,0,5,2,1,0,0,-9.63,0.7242,0.20546,15217
872,12,0,0,0,5,2,1,0,0,-9.69,0.7239,0.20546,15229
873,7,0,0,0,2,1,0,0,1,-13.94,0.7236,0.20546,15236
874,6,0,0,0,1,2,1,0,0,-8.27,0.7232,0.20546,15242
875,7,0,0,0,1,1,1,0,0,-9.89,0.7229,0.20547,15249
876,13,0,0,0,3,2,2,0,0,-6.36,0.7226,0.20547,15262
877,5,0,0,0,3,2,1,0,0,-8.4,0.7223,0.20553,15267
878,36,0,0,0,9,1,1,2,0,-8.57,0.722,0.20504,15303
879,9,0,0,0,2,2,1,0,0,-8.03,0.7217,0.20484,15312
880,5,0,0,0,3,2,0,0,1,-12.95,0.7213,0.20484,15317
881,5,0,0,0,3,2,1,0,0,-9.45,0.721,0.20484,15322
882,15,0,0,0,4,2,2,0,0,-7.95,0.7207,0.2047,15337
883,5,0,0,0,3,3,1,0,0,-8.95,0.7204,0.2047,15342
884,5,0,0,0,1,2,0,0,1,-13.35,0.7201,0.20447,15347
885,7,0,0,0,2,1,1,0,0,-9.34,0.7198,0.20447,15354
886,24,0,0,0,6,3,2,1,0,-7.53,0.7194,0.20414,15378
887,5,0,0,0,2,0,0,1,0,-10.5,0.7191,0.20414,15383
888,14,0,0,0,3,1,1,1,0,-8.58,0.7188,0.20379,15397
889,5,0,0,0,1,2,1,0,0,-9.35,0.7185,0.20379,15402
890,7,0,0,0,2,1,1,0,0,-9.94,0.7182,0.20398,15409
891,5,0,0,0,1,1,1,0,0,-8.75,0.7179,0.20398,15414
892,6,0,0,0,1,1,1,0,0,-7.37,0.7175,0.20398,15420
893,5,0,0,0,3,2,0,0,1,-13.45,0.7172,0.20399,15425
894,18,0,0,0,9,4,2,0,0,-7.66,0.7169,0.2039,15443
895,15,0,0,0,1,1,1,1,0,-7.95,0.7166,0.20376,15458
896,20,0,0,0,3,2,1,1,0,-7.65,0.7163,0.20376,15478
897,21,0,0,0,5,2,1,1,0,-7.92,0.716,0.20372,15499
898,22,0,0,0,5,6,2,1,0,-4.19,0.7156,0.20356,15521
899,7,0,0,0,2,2,1,0,0,-7.59,0.7153,0.20356,15528
900,5,0,0,0,3,2,0,0,1,-13.45,0.715,0.20356,15533
901,24,0,0,0,8,4,2,0,0,-5.03,0.7147,0.20311,15557
902,26,0,0,0,8,4,2,1,0,-7.07,0.7144,0.20333,15583
903,6,0,0,0,1,2,1,0,0,-7.52,0.7141,0.20376,15589
904,5,0,0,0,3,3,0,0,1,-12.45,0.7137,0.20376,15594
905,5,0,0,0,3,2,0,0,1,-13.45,0.7134,0.20376,15599
906,5,0,0,0,0,2,0,0,1,-13.3,0.7131,0.20342,15604
907,14,0,0,0,6,2,1,0,0,-9.78,0.7128,0.20346,15618
908,5,0,0,0,2,2,0,0,1,-13.4,0.7125,0.20346,15623
909,23,0,0,0,4,5,3,0,0,-3.46,0.7122,0.20356,15646
910,15,0,0,0,1,1,1,1,0,-7.65,0.7118,0.20344,15661
911,7,0,0,0,2,1,1,0,0,-8.49,0.7115,0.20339,15668
912,9,0,0,0,2,1,1,0,0,-9.93,0.7112,0.20339,15677
913,5,0,0,0,3,4,0,0,1,-11.95,0.7109,0.20336,15682
914,7,0,0,0,3,1,1,0,0,-9.94,0.7106,0.20336,15689
915,13,0,0,0,4,1,1,1,0,-9.81,0.7103,0.2031,15702
916,12,0,0,0,4,4,2,0,0,-5.14,0.7099,0.20302,15714
917,25,0,0,0,8,4,3,0,0,-4.05,0.7096,0.20287,15739
918,5,0,0,0,3,3,0,0,1,-12.45,0.7093,0.20279,15744
919,5,0,0,0,2,0,0,1,0,-11.05,0.709,0.20279,15749
920,21,0,0,0,7,1,1,1,0,-8.77,0.7087,0.20235,15770
921,6,0,0,0,1,0,0,1,0,-10.32,0.7084,0.20214,15776
922,25,0,0,0,5,1,1,2,0,-9.15,0.708,0.20196,15801
923,5,0,0,0,3,3,1,0,0,-8.95,0.7077,0.20196,15806
924,13,0,0,0,4,3,1,1,0,-7.61,0.7074,0.20178,15819
925,5,0,0,0,3,1,1,0,0,-9.95,0.7071,0.20187,15824
926,5,0,0,0,2,1,1,0,0,-9.9,0.7068,0.20187,15829
927,7,0,0,0,3,2,1,0,0,-8.39,0.7065,0.20187,15836
928,10,0,0,0,3,2,1,0,0,-9.55,0.7061,0.20163,15846
929,13,0,0,0,6,3,2,0,0,-8.41,0.7058,0.20164,15859
930,16,0,0,0,5,1,1,1,0,-8.67,0.7055,0.20155,15875
931,6,0,0,0,3,2,1,0,0,-9.47,0.7052,0.20155,15881
932,10,0,0,0,2,1,1,0,0,-10.0,0.7049,0.20092,15891
933,5,0,0,0,2,2,0,0,1,-12.9,0.7046,0.20092,15896
934,5,0,0,0,0,0,0,1,0,-9.55,0.7042,0.20092,15901
935,5,0,0,0,2,1,1,0,0,-9.9,0.7039,0.20113,15906
936,9,0,0,0,5,0,0,1,0,-11.93,0.7036,0.20113,15915
937,17,0,0,0,6,2,2,0,0,-8.99,0.7033,0.20107,15932
938,6,0,0,0,1,1,1,0,0,-8.37,0.703,0.20111,15938
939,5,0,0,0,1,0,0,1,0,-11.55,0.7026,0.20111,15943
940,14,0,0,0,7,3,2,0,0,-8.48,0.7023,0.20086,15957
941,6,0,0,0,1,2,1,0,0,-7.92,0.702,0.20086,15963
942,8,0,0,0,1,2,1,0,0,-7.31,0.7017,0.20051,15971
943,30,0,0,0,8,2,2,2,0,-6.5,0.7014,0.20021,16001
944,12,0,0,0,2,3,2,0,0,-5.64,0.7011,0.20021,16013
945,5,0,0,0,2,1,0,0,1,-13.9,0.7007,0.19985,16018
946,17,0,0,0,4,3,2,0,0,-6.84,0.7004,0.19979,16035
947,16,0,0,0,0,2,1,1,0,-6.92,0.7001,0.19994,16051
948,6,0,0,0,1,1,1,0,0,-8.02,0.6998,0.19994,16057
949,13,0,0,0,5,3,0,0,1,-13.21,0.6995,0.19976,16070
950,6,0,0,0,1,0,0,1,0,-11.67,0.6992,0.19976,16076
951,9,0,0,0,2,2,0,0,1,-13.48,0.6988,0.19956,16085
952,5,0,0,0,0,0,0,1,0,-9.5,0.6985,0.19956,16090
953,13,0,0,0,2,3,2,0,0,-5.81,0.6982,0.19968,16103
954,6,0,0,0,1,2,1,0,0,-6.52,0.6979,0.19968,16109
955,7,0,0,0,0,2,1,0,0,-6.99,0.6976,0.1993,16116
956,20,0,0,0,11,2,1,1,0,-8.2,0.6973,0.19882,16136
957,16,0,0,0,3,3,1,0,0,-7.17,0.6969,0.19868,16152
958,20,0,0,0,8,5,3,0,0,-4.3,0.6966,0.19865,16172
959,43,1,1,0,10,4,2,3,0,-5.16,0.6963,0.19848,16215
960,7,0,0,0,2,0,0,1,0,-10.19,0.696,0.19848,16222
961,5,0,0,0,3,2,1,0,0,-9.45,0.6957,0.19823,16227
962,5,0,0,0,3,3,0,0,1,-12.95,0.6954,0.19823,16232
963,11,0,0,0,2,3,1,0,0,-7.82,0.695,0.19813,16243
964,13,0,0,0,4,2,1,1,0,-9.01,0.6947,0.19784,16256
965,5,0,0,0,2,0,0,1,0,-11.65,0.6944,0.19784,16261
966,5,0,0,0,3,1,1,0,0,-9.4,0.6941,0.19784,16266
967,9,0,0,0,4,0,0,1,0,-10.33,0.6938,0.19786,16275
968,5,0,0,0,3,1,1,0,0,-9.95,0.6935,0.19786,16280
969,8,0,0,0,3,3,1,0,0,-7.56,0.6931,0.19803,16288
970,5,0,0,0,1,2,1,0,0,-8.25,0.6928,0.19803,16293
971,5,0,0,0,1,2,0,0,1,-12.85,0.6925,0.19803,16298
972,7,0,0,0,2,0,0,1,0,-11.14,0.6922,0.19805,16305
973,8,0,0,0,4,2,1,0,0,-9.56,0.6919,0.19805,16313
974,7,0,0,0,3,3,0,0,1,-11.99,0.6916,0.19791,16320
975,18,0,0,0,10,2,0,0,1,-14.06,0.6913,0.1978,16338
976,9,0,0,0,2,0,0,1,0,-10.08,0.6909,0.1978,16347
977,6,0,0,0,3,1,1,0,0,-9.97,0.6906,0.1973,16353
978,7,0,0,0,2,1,1,0,0,-8.84,0.6903,0.1973,16360
979,6,0,0,0,3,2,1,0,0,-8.42,0.69,0.1973,16366
980,38,0,0,0,12,7,3,0,0,-4.26,0.6897,0.19686,16404
981,5,0,0,0,0,0,0,1,0,-10.45,0.6894,0.19686,16409
982,6,0,0,0,4,2,1,0,0,-8.97,0.689,0.19686,16415
983,5,0,0,0,2,2,1,0,0,-8.85,0.6887,0.19681,16420
984,15,0,0,0,4,5,2,0,0,-4.3,0.6884,0.19663,16435
985,27,0,0,0,12,1,1,2,0,-9.49,0.6881,0.19665,16462
986,5,0,0,0,3,2,0,0,1,-13.45,0.6878,0.1967,16467
987,26,0,0,0,6,4,2,1,0,-5.92,0.6875,0.19686,16493
988,18,0,0,0,5,2,1,1,0,-9.51,0.6871,0.19668,16511
989,46,1,1,0,12,3,2,4,0,-3.97,0.6868,0.19556,16557
990,7,0,0,0,3,3,0,0,1,-12.99,0.6865,0.19557,16564
991,6,0,0,0,4,1,1,0,0,-9.52,0.6862,0.19557,16570
992,6,0,0,0,3,2,1,0,0,-9.47,0.6859,0.19453,16576
993,22,0,0,0,7,4,3,0,0,-4.69,0.6855,0.19471,16598
994,5,0,0,0,3,2,1,0,0,-8.95,0.6852,0.19471,16603
995,5,0,0,0,2,1,0,0,1,-13.9,0.6849,0.19454,16608
996,15,0,0,0,4,4,2,0,0,-5.7,0.6846,0.19454,16623
997,24,0,0,0,6,2,2,1,0,-8.38,0.6843,0.19465,16647
998,5,0,0,0,1,1,1,0,0,-8.25,0.684,0.19465,16652
999,6,0,0,0,2,1,1,0,0,-9.92,0.6836,0.19452,16658
1000,5,0,0,0,1,1,0,0,1,-13.85,0.6833,0.19452,16663
1001,15,0,0,0,6,3,1,0,0,-8.2,0.683,0.19461,16678
1002,6,0,0,0,2,1,1,0,0,-8.87,0.6827,0.19461,16684
1003,6,0,0,0,3,3,1,0,0,-7.92,0.6824,0.19452,16690
1004,13,0,0,0,4,2,2,0,0,-6.91,0.6821,0.19452,16703
1005,5,0,0,0,1,1,0,0,1,-13.35,0.6818,0.19432,16708
1006,33,0,0,0,9,5,4,0,0,-3.31,0.6814,0.19407,16741
1007,5,0,0,0,3,2,1,0,0,-9.45,0.6811,0.19407,16746
1008,63,0,0,0,18,8,4,3,0,-0.96,0.6808,0.19393,16809
1009,5,0,0,0,0,1,1,0,0,-8.15,0.6805,0.19393,16814
1010,7,0,0,0,3,1,1,0,0,-9.99,0.6802,0.19346,16821
1011,5,0,0,0,1,1,1,0,0,-9.85,0.6799,0.19346,16826
1012,5,0,0,0,2,1,1,0,0,-9.4,0.6795,0.19346,16831
1013,13,0,0,0,3,2,2,0,0,-6.91,0.6792,0.19371,16844
1014,15,0,0,0,4,4,2,0,0,-6.55,0.6789,0.19373,16859
1015,23,0,0,0,8,4,2,1,0,-5.16,0.6786,0.19378,16882
1016,6,0,0,0,2,1,1,0,0,-9.37,0.6783,0.19378,16888
1017,5,0,0,0,3,2,1,0,0,-8.95,0.678,0.19378,16893
1018,27,0,0,0,5,4,2,1,0,-5.64,0.6776,0.19374,16920
1019,9,0,0,0,5,1,1,0,0,-9.63,0.6773,0.19357,16929
1020,16,0,0,0,4,0,0,2,0,-10.47,0.677,0.193,16945
1021,5,0,0,0,3,1,1,0,0,-9.95,0.6767,0.193,16950
1022,7,0,0,0,3,1,1,0,0,-9.44,0.6764,0.193,16957
1023,6,0,0,0,3,3,1,0,0,-7.87,0.6761,0.1929,16963
1024,17,0,0,0,6,5,2,0,0,-6.54,0.6757,0.19272,16980
1025,18,0,0,0,5,1,1,1,0,-9.06,0.6754,0.19236,16998
1026,12,0,0,0,4,2,1,1,0,-8.59,0.6751,0.19216,17010
1027,8,0,0,0,1,1,1,0,0,-8.16,0.6748,0.19216,17018
1028,8,0,0,0,3,1,1,0,0,-9.46,0.6745,0.19185,17026
1029,22,0,0,0,8,0,0,2,0,-10.79,0.6742,0.19176,17048
1030,32,0,0,0,12,3,2,1,0,-8.34,0.6738,0.19119,17080
1031,10,0,0,0,3,1,1,0,0,-9.0,0.6735,0.19124,17090
1032,5,0,0,0,3,4,0,0,1,-11.45,0.6732,0.19124,17095
1033,5,0,0,0,0,2,1,0,0,-7.7,0.6729,0.19124,17100
1034,6,0,0,0,1,1,1,0,0,-7.87,0.6726,0.19127,17106
1035,14,0,0,0,5,3,1,0,0,-8.08,0.6723,0.19119,17120
1036,6,0,0,0,1,1,1,0,0,-7.87,0.6719,0.19119,17126
1037,6,0,0,0,2,1,1,0,0,-9.92,0.6716,0.19119,17132
1038,5,0,0,0,3,4,0,0,1,-12.45,0.6713,0.19126,17137
1039,5,0,0,0,3,1,1,0,0,-9.45,0.671,0.19126,17142
1040,19,0,0,0,3,3,2,0,0,-6.48,0.6707,0.19101,17161
1041,16,0,0,0,3,3,2,0,0,-6.67,0.6704,0.19073,17177
1042,13,0,0,0,2,0,0,2,0,-10.31,0.67,0.19065,17190
1043,6,0,0,0,1,2,1,0,0,-8.27,0.6697,0.19065,17196
1044,6,0,0,0,4,2,0,0,1,-13.02,0.6694,0.19048,17202
1045,7,0,0,0,3,3,0,0,1,-12.99,0.6691,0.19048,17209
1046,14,0,0,0,2,3,1,0,0,-6.98,0.6688,0.19009,17223
1047,6,0,0,0,4,2,0,0,1,-13.52,0.6684,0.19009,17229
1048,7,0,0,0,1,1,1,0,0,-8.79,0.6681,0.18996,17236
1049,5,0,0,0,3,2,0,0,1,-13.45,0.6678,0.18996,17241
1050,5,0,0,0,0,1,1,0,0,-8.7,0.6675,0.18996,17246
1051,13,0,0,0,4,4,1,1,0,-7.76,0.6672,0.18999,17259
1052,12,0,0,0,4,1,1,0,0,-9.04,0.6669,0.1898,17271
1053,5,0,0,0,3,3,0,0,1,-12.95,0.6665,0.1898,17276
1054,16,0,0,0,7,1,1,1,0,-10.37,0.6662,0.18935,17292
1055,29,0,0,0,9,3,2,2,0,-7.43,0.6659,0.18968,17321
1056,16,0,0,0,4,1,1,1,0,-8.82,0.6656,0.18958,17337
1057,58,0,0,0,15,9,4,3,0,-1.71,0.6653,0.18894,17395
1058,8,0,0,0,3,3,1,0,0,-7.46,0.665,0.18894,17403
1059,5,0,0,0,0,0,0,1,0,-9.55,0.6646,0.18874,17408
1060,5,0,0,0,3,3,0,0,1,-12.45,0.6643,0.18874,17413
1061,5,0,0,0,3,4,0,0,1,-11.95,0.664,0.18874,17418
1062,14,0,0,0,7,3,2,0,0,-8.48,0.6637,0.18899,17432
1063,7,0,0,0,2,2,1,0,0,-8.89,0.6634,0.18899,17439
1064,31,0,0,0,8,3,3,1,0,-4.87,0.6631,0.18832,17470
1065,25,0,0,0,12,2,2,1,0,-8.8,0.6627,0.18812,17495
1066,57,2,2,0,12,6,5,2,0,2.41,0.6624,0.18719,17552
1067,5,0,0,0,2,0,0,1,0,-11.65,0.6621,0.18719,17557
1068,5,0,0,0,3,4,0,0,1,-12.45,0.6618,0.18719,17562
1069,7,0,0,0,3,3,0,0,1,-12.99,0.6615,0.1871,17569
1070,7,0,0,0,2,1,1,0,0,-8.89,0.6612,0.1871,17576
1071,5,0,0,0,1,1,1,0,0,-8.75,0.6609,0.1871,17581
1072,6,0,0,0,1,2,1,0,0,-9.37,0.6605,0.18699,17587
1073,24,0,0,0,7,4,2,1,0,-5.43,0.6602,0.18717,17611
1074,8,0,0,0,1,0,0,1,0,-11.16,0.6599,0.18709,17619
1075,5,0,0,0,3,2,1,0,0,-9.45,0.6596,0.18709,17624
1076,16,0,0,0,8,3,2,0,0,-8.57,0.6593,0.18704,17640
1077,5,0,0,0,3,2,0,0,1,-12.95,0.659,0.18704,17645
1078,21,0,0,0,3,2,1,2,0,-7.22,0.6586,0.18688,17666
1079,5,0,0,0,3,2,1,0,0,-8.9,0.6583,0.18688,17671
1080,6,0,0,0,4,1,1,0,0,-10.02,0.658,0.18688,17677
1081,6,0,0,0,1,1,1,0,0,-7.87,0.6577,0.18681,17683
1082,8,0,0,0,6,2,1,0,0,-9.66,0.6574,0.18681,17691
1083,5,0,0,0,1,2,1,0,0,-8.35,0.6571,0.18679,17696
1084,9,0,0,0,4,1,1,0,0,-10.08,0.6567,0.18679,17705
1085,15,0,0,0,5,3,2,0,0,-6.0,0.6564,0.1865,17720
1086,5,0,0,0,3,0,0,1,0,-11.65,0.6561,0.1865,17725
1087,7,0,0,0,1,1,1,0,0,-8.79,0.6558,0.18655,17732
1088,7,0,0,0,2,1,1,0,0,-8.49,0.6555,0.18655,17739
1089,9,0,0,0,2,1,1,0,0,-9.43,0.6552,0.18632,17748
1090,5,0,0,0,3,2,1,0,0,-9.45,0.6548,0.18632,17753
1091,5,0,0,0,3,2,0,0,1,-12.45,0.6545,0.18632,17758
1092,6,0,0,0,4,2,0,0,1,-13.52,0.6542,0.18617,17764
1093,21,0,0,0,5,1,1,1,0,-9.37,0.6539,0.18619,17785
1094,40,0,0,0,12,4,2,2,0,-6.0,0.6536,0.18597,17825
1095,20,0,0,0,10,3,2,0,0,-6.5,0.6532,0.18609,17845
1096,18,0,0,0,3,3,2,0,0,-7.56,0.6529,0.1857,17863
1097,5,0,0,0,3,2,0,0,1,-13.45,0.6526,0.1857,17868
1098,18,0,0,0,6,2,2,0,0,-7.36,0.6523,0.18568,17886
1099,6,0,0,0,2,1,0,0,1,-13.92,0.652,0.18578,17892
1100,7,0,0,0,2,1,1,0,0,-7.59,0.6517,0.18578,17899
1101,14,0,0,0,4,4,2,0,0,-6.03,0.6514,0.18557,17913
1102,5,0,0,0,0,0,0,1,0,-9.5,0.651,0.18557,17918
1103,7,0,0,0,0,1,1,0,0,-7.99,0.6507,0.18542,17925
1104,22,1,1,0,5,5,3,0,0,-1.59,0.6504,0.18521,17947
1105,7,0,0,0,3,1,1,0,0,-9.94,0.6501,0.18496,17954
1106,5,0,0,0,2,1,1,0,0,-9.9,0.6498,0.18496,17959
1107,7,0,0,0,2,1,1,0,0,-8.49,0.6495,0.18496,17966
1108,5,0,0,0,3,1,1,0,0,-9.95,0.6491,0.18471,17971
1109,6,0,0,0,1,1,1,0,0,-9.87,0.6488,0.18471,17977
1110,6,0,0,0,4,1,1,0,0,-9.47,0.6485,0.18471,17983
1111,10,0,0,0,3,1,0,0,1,-14.05,0.6482,0.18451,17993
1112,31,0,0,0,10,5,4,0,0,-3.72,0.6479,0.18567,18024
1113,8,0,0,0,4,1,0,0,1,-14.06,0.6476,0.1866,18032
1114,13,0,0,0,3,1,1,1,0,-8.66,0.6472,0.1866,18045
1115,15,0,0,0,3,4,2,0,0,-5.4,0.6469,0.18714,18060
1116,6,0,0,0,2,1,1,0,0,-8.32,0.6466,0.18765,18066
1117,5,0,0,0,2,1,1,0,0,-9.35,0.6463,0.18765,18071
1118,6,0,0,0,3,2,1,0,0,-8.42,0.646,0.18765,18077
1119,8,0,0,0,3,2,1,0,0,-8.96,0.6457,0.18808,18085
1120,17,0,0,0,4,5,2,0,0,-5.94,0.6453,0.18869,18102
1121,5,0,0,0,3,2,0,0,1,-12.95,0.645,0.18869,18107
1122,8,0,0,0,4,2,1,0,0,-9.56,0.6447,0.18939,18115
1123,13,0,0,0,1,2,1,1,0,-7.26,0.6444,0.18995,18128
1124,5,0,0,0,3,4,0,0,1,-12.45,0.6441,0.18995,18133
1125,5,0,0,0,3,3,0,0,1,-12.95,0.6438,0.18995,18138
1126,5,0,0,0,3,1,1,0,0,-9.45,0.6434,0.18995,18143
1127,20,0,0,0,7,6,2,0,0,-5.55,0.6431,0.19048,18163
1128,29,1,1,0,6,3,2,2,0,-4.58,0.6428,0.19109,18192
1129,23,0,0,0,8,4,2,1,0,-6.36,0.6425,0.19156,18215
1130,9,0,0,0,3,2,1,0,0,-7.83,0.6422,0.19205,18224
1131,5,0,0,0,3,3,1,0,0,-8.45,0.6419,0.19205,18229
1132,24,0,0,0,5,4,3,0,0,-5.43,0.6415,0.19205,18253
1133,5,0,0,0,3,2,0,0,1,-13.45,0.6412,0.19224,18258
1134,9,0,0,0,3,3,0,0,1,-13.03,0.6409,0.19224,18267
1135,9,0,0,0,2,3,1,0,0,-6.53,0.6406,0.19251,18276
1136,36,0,0,0,11,6,3,1,0,-4.12,0.6403,0.19362,18312
1137,8,0,0,0,4,1,1,0,0,-10.06,0.64,0.19407,18320
1138,5,0,0,0,1,1,1,0,0,-8.75,0.6396,0.19407,18325
1139,7,0,0,0,2,1,1,0,0,-8.89,0.6393,0.19407,18332
1140,5,0,0,0,1,0,0,1,0,-10.45,0.639,0.19418,18337
1141,8,0,0,0,2,0,0,1,0,-10.61,0.6387,0.19418,18345
1142,17,0,0,0,3,2,2,0,0,-6.04,0.6384,0.19451,18362
1143,7,0,0,0,1,0,0,1,0,-10.54,0.6381,0.19469,18369
1144,5,0,0,0,3,2,1,0,0,-9.45,0.6377,0.19469,18374
1145,5,0,0,0,1,0,0,1,0,-11.6,0.6374,0.19469,18379
1146,5,0,0,0,3,2,0,0,1,-12.95,0.6371,0.19502,18384
1147,24,0,0,0,6,1,1,2,0,-8.58,0.6368,0.19504,18408
1148,5,0,0,0,3,0,0,1,0,-11.1,0.6365,0.19504,18413
1149,5,0,0,0,2,1,1,0,0,-8.8,0.6361,0.19552,18418
1150,5,0,0,0,1,1,0,0,1,-13.85,0.6358,0.19552,18423
1151,5,0,0,0,3,2,1,0,0,-8.95,0.6355,0.19552,18428
1152,11,0,0,0,4,2,1,0,0,-7.12,0.6352,0.19588,18439
1153,35,0,0,0,9,1,1,3,0,-8.25,0.6349,0.19673,18474
1154,5,0,0,0,1,1,1,0,0,-8.75,0.6346,0.19673,18479
1155,7,0,0,0,4,3,1,0,0,-7.99,0.6342,0.19779,18486
1156,5,0,0,0,2,0,0,1,0,-11.65,0.6339,0.19779,18491
1157,18,0,0,0,2,1,1,1,0,-8.56,0.6336,0.19861,18509
1158,6,0,0,0,2,2,0,0,1,-13.42,0.6333,0.19873,18515
1159,5,0,0,0,3,1,0,0,1,-13.95,0.633,0.19873,18520
1160,6,0,0,0,3,1,1,0,0,-9.42,0.6327,0.19873,18526
1161,6,0,0,0,3,1,1,0,0,-9.42,0.6323,0.19909,18532
1162,17,0,0,0,6,2,1,1,0,-9.09,0.632,0.19936,18549
1163,8,0,0,0,3,2,1,0,0,-7.91,0.6317,0.19936,18557
1164,7,0,0,0,2,1,1,0,0,-9.94,0.6314,0.20003,18564
1165,7,0,0,0,5,2,1,0,0,-9.59,0.6311,0.20003,18571
1166,19,0,0,0,6,0,0,2,0,-12.13,0.6308,0.20062,18590
1167,13,0,0,0,3,0,0,1,0,-11.26,0.6304,0.20069,18603
1168,7,0,0,0,3,1,1,0,0,-9.99,0.6301,0.2015,18610
1169,6,0,0,0,2,1,1,0,0,-8.82,0.6298,0.2015,18616
1170,5,0,0,0,2,1,1,0,0,-9.35,0.6295,0.2015,18621
1171,5,0,0,0,3,2,0,0,1,-13.45,0.6292,0.20189,18626
1172,17,0,0,0,3,3,1,1,0,-7.79,0.6289,0.20222,18643
1173,17,0,0,0,5,2,2,0,0,-6.14,0.6285,0.20295,18660
1174,7,0,0,0,4,1,1,0,0,-9.49,0.6282,0.20295,18667
1175,5,0,0,0,0,0,0,1,0,-10.95,0.6279,0.20356,18672
1176,18,0,0,0,6,4,2,0,0,-6.56,0.6276,0.20393,18690
1177,5,0,0,0,3,2,0,0,1,-13.45,0.6273,0.20393,18695
1178,7,0,0,0,2,1,1,0,0,-8.09,0.627,0.20393,18702
1179,5,0,0,0,2,0,0,1,0,-11.05,0.6266,0.20388,18707
1180,6,0,0,0,2,1,1,0,0,-9.87,0.6263,0.20388,18713
1181,12,0,0,0,6,2,0,0,1,-13.74,0.626,0.20407,18725
1182,6,0,0,0,3,3,1,0,0,-7.87,0.6257,0.20407,18731
1183,5,0,0,0,1,0,0,1,0,-10.45,0.6254,0.2042,18736
1184,5,0,0,0,2,1,1,0,0,-9.9,0.6251,0.2042,18741
1185,6,0,0,0,4,4,0,0,1,-12.52,0.6248,0.2042,18747
1186,8,0,0,0,1,3,1,0,0,-7.31,0.6244,0.20445,18755
1187,5,0,0,0,2,1,1,0,0,-9.9,0.6241,0.20445,18760
1188,13,0,0,0,1,2,1,1,0,-7.16,0.6238,0.20503,18773
1189,7,0,0,0,2,1,1,0,0,-8.09,0.6235,0.20503,18780
1190,19,0,0,0,7,1,1,1,0,-9.38,0.6232,0.20557,18799
1191,15,0,0,0,6,3,2,0,0,-7.75,0.6229,0.20617,18814
1192,18,0,0,0,10,2,2,0,0,-8.11,0.6225,0.20689,18832
1193,5,0,0,0,0,0,0,1,0,-11.55,0.6222,0.20689,18837
1194,5,0,0,0,3,1,1,0,0,-9.95,0.6219,0.20689,18842
1195,58,0,0,0,6,11,6,1,0,3.29,0.6216,0.20744,18900
1196,7,0,0,0,2,0,0,1,0,-10.49,0.6213,0.20744,18907
1197,5,0,0,0,1,2,0,0,1,-12.85,0.621,0.20779,18912
1198,6,0,0,0,0,1,1,0,0,-8.22,0.6206,0.20779,18918
1199,22,0,0,0,4,9,3,0,0,-1.29,0.6203,0.20797,18940
1200,6,0,0,0,3,1,1,0,0,-9.42,0.62,0.20825,18946
1201,5,0,0,0,2,0,0,1,0,-11.05,0.6197,0.20825,18951
1202,5,0,0,0,2,0,0,1,0,-11.6,0.6194,0.20825,18956
1203,10,0,0,0,5,1,1,0,0,-10.15,0.619,0.20871,18966
1204,10,0,0,0,3,1,1,0,0,-8.95,0.6187,0.20959,18976
1205,14,0,0,0,4,4,2,0,0,-5.43,0.6184,0.20959,18990
1206,7,0,0,0,0,1,1,0,0,-7.84,0.6181,0.2099,18997
1207,12,0,0,0,8,1,1,0,0,-10.34,0.6178,0.21007,19009
1208,18,0,0,0,9,2,2,0,0,-8.76,0.6175,0.21001,19027
1209,5,0,0,0,3,1,1,0,0,-9.95,0.6171,0.21001,19032
1210,31,0,0,0,8,4,3,1,0,-4.42,0.6168,0.21061,19063
1211,22,0,0,0,6,3,3,0,0,-6.94,0.6165,0.21095,19085
1212,6,0,0,0,1,0,0,1,0,-10.47,0.6162,0.21156,19091
1213,6,0,0,0,3,1,1,0,0,-9.47,0.6159,0.21156,19097
1214,19,0,0,0,6,1,1,2,0,-9.63,0.6156,0.21213,19116
1215,22,1,1,0,5,6,3,0,0,-2.39,0.6153,0.21281,19138
1216,5,0,0,0,1,1,1,0,0,-8.75,0.6149,0.21281,19143
1217,5,0,0,0,1,0,0,1,0,-10.5,0.6146,0.21281,19148
1218,7,0,0,0,3,0,0,1,0,-11.74,0.6143,0.2132,19155
1219,13,0,0,0,1,1,1,1,0,-7.66,0.614,0.21337,19168
1220,6,0,0,0,1,2,1,0,0,-6.87,0.6137,0.21337,19174
1221,5,0,0,0,1,1,1,0,0,-8.75,0.6134,0.21337,19179
1222,5,0,0,0,3,2,1,0,0,-9.45,0.613,0.21364,19184
1223,7,0,0,0,1,1,1,0,0,-8.79,0.6127,0.21364,19191
1224,5,0,0,0,1,1,0,0,1,-13.85,0.6124,0.21364,19196
1225,6,0,0,0,1,2,1,0,0,-7.52,0.6121,0.21417,19202
1226,13,0,0,0,5,5,2,0,0,-5.21,0.6118,0.21417,19215
1227,19,0,0,0,8,1,1,1,0,-9.98,0.6115,0.21451,19234
1228,11,0,0,0,4,1,1,0,0,-8.27,0.6111,0.21451,19245
1229,6,0,0,0,1,1,1,0,0,-7.87,0.6108,0.21467,19251
1230,57,0,1,0,9,5,3,4,0,-0.94,0.6105,0.21522,19308
1231,6,0,0,0,1,1,1,0,0,-7.47,0.6102,0.21607,19314
1232,7,0,0,0,3,4,0,0,1,-12.49,0.6099,0.21607,19321
1233,13,0,0,0,7,2,1,0,0,-9.81,0.6096,0.21663,19334
1234,7,0,0,0,3,3,0,0,1,-12.99,0.6092,0.21663,19341
1235,8,0,0,0,4,1,1,0,0,-10.06,0.6089,0.21677,19349
1236,7,0,0,0,3,2,0,0,1,-12.49,0.6086,0.21677,19356
1237,8,0,0,0,2,1,1,0,0,-8.86,0.6083,0.21699,19364
1238,6,0,0,0,0,1,1,0,0,-8.22,0.608,0.21699,19370
1239,7,0,0,0,3,0,0,1,0,-11.69,0.6077,0.21705,19377
1240,5,0,0,0,3,2,0,0,1,-13.45,0.6073,0.21705,19382
1241,11,0,0,0,3,2,1,0,0,-9.02,0.607,0.2176,19393
1242,5,0,0,0,3,2,1,0,0,-8.9,0.6067,0.2176,19398
1243,5,0,0,0,1,0,0,1,0,-11.55,0.6064,0.2176,19403
1244,12,0,0,0,5,3,2,0,0,-7.24,0.6061,0.21779,19415
1245,5,0,0,0,3,3,0,0,1,-12.95,0.6058,0.21779,19420
1246,5,0,0,0,1,0,0,1,0,-10.45,0.6054,0.21809,19425
1247,13,0,0,0,3,4,1,1,0,-6.91,0.6051,0.21809,19438
1248,34,0,0,0,5,3,3,1,0,-4.98,0.6048,0.21941,19472
1249,7,0,0,0,1,1,1,0,0,-8.79,0.6045,0.21941,19479
1250,9,0,0,0,3,3,1,0,0,-8.53,0.6042,0.21973,19488
1251,18,0,0,0,7,2,2,0,0,-7.96,0.6038,0.2198,19506
1252,23,0,0,0,4,2,1,0,0,-8.41,0.6035,0.22029,19529
1253,15,0,0,0,1,1,1,1,0,-8.35,0.6032,0.22039,19544
1254,16,0,0,0,10,1,1,0,0,-10.02,0.6029,0.2206,19560
1255,5,0,0,0,0,3,0,0,1,-12.3,0.6026,0.2206,19565
1256,43,0,0,0,12,4,2,0,0,-7.36,0.6023,0.22154,19608
1257,11,0,0,0,3,2,1,0,0,-8.42,0.6019,0.22175,19619
1258,35,0,0,0,8,2,1,1,0,-8.55,0.6016,0.22293,19654
1259,5,0,0,0,3,2,1,0,0,-9.45,0.6013,0.22293,19659
1260,10,0,0,0,4,4,1,0,0,-8.55,0.601,0.22302,19669
1261,18,0,0,0,4,4,1,1,0,-6.71,0.6007,0.22343,19687
1262,18,0,0,0,5,6,2,0,0,-5.91,0.6004,0.22377,19705
1263,11,0,0,0,1,0,0,1,0,-10.67,0.6,0.22382,19716
1264,6,0,0,0,4,2,1,0,0,-9.52,0.5997,0.22382,19722
1265,17,0,0,0,5,7,2,0,0,-3.14,0.5994,0.22408,19739
1266,5,0,0,0,3,4,0,0,1,-12.45,0.5991,0.22443,19744
1267,33,0,0,0,3,6,3,1,0,-1.56,0.5988,0.22502,19777
1268,6,0,0,0,1,1,1,0,0,-7.92,0.5985,0.22502,19783
1269,5,0,0,0,1,0,0,1,0,-10.5,0.5981,0.22502,19788
1270,13,0,0,0,3,5,2,0,0,-5.61,0.5978,0.22514,19801
1271,16,0,0,0,5,3,2,0,0,-6.02,0.5975,0.22561,19817
1272,14,0,0,0,1,3,1,0,0,-7.03,0.5972,0.22588,19831
1273,8,0,0,0,1,1,1,0,0,-8.01,0.5969,0.22588,19839
1274,5,0,0,0,3,0,0,1,0,-11.65,0.5966,0.22587,19844
1275,8,0,0,0,2,0,0,1,0,-10.56,0.5962,0.22587,19852
1276,5,0,0,0,0,1,0,0,1,-13.3,0.5959,0.22612,19857
1277,5,0,0,0,3,3,0,0,1,-12.95,0.5956,0.22612,19862
1278,5,0,0,0,3,1,1,0,0,-9.45,0.5953,0.22612,19867
1279,7,0,0,0,3,2,0,0,1,-12.99,0.595,0.22632,19874
1280,5,0,0,0,3,1,0,0,1,-13.45,0.5947,0.22632,19879
1281,32,0,1,0,8,5,3,1,0,-3.54,0.5944,0.22657,19911
1282,5,0,0,0,3,2,0,0,1,-13.45,0.594,0.22657,19916
1283,26,0,0,0,7,5,3,0,0,-5.52,0.5937,0.22698,19942
1284,5,0,0,0,3,3,0,0,1,-11.95,0.5934,0.22698,19947
1285,6,0,0,0,4,1,1,0,0,-10.02,0.5931,0.22738,19953
1286,6,0,0,0,4,4,0,0,1,-12.02,0.5928,0.22738,19959
1287,6,0,0,0,1,0,0,1,0,-9.72,0.5925,0.22738,19965
1288,13,0,0,0,7,1,1,0,0,-10.31,0.5921,0.22725,19978
1289,65,0,0,0,16,15,6,1,0,6.2,0.5918,0.22838,20043
1290,5,0,0,0,0,0,0,1,0,-10.4,0.5915,0.22861,20048
1291,19,0,0,0,3,6,2,1,0,-4.33,0.5912,0.22897,20067
1292,7,0,0,0,1,3,1,0,0,-7.29,0.5909,0.22897,20074
1293,5,0,0,0,2,2,1,0,0,-7.8,0.5906,0.22897,20079
1294,7,0,0,0,4,2,1,0,0,-8.99,0.5902,0.22931,20086
1295,14,0,0,0,2,2,1,1,0,-8.88,0.5899,0.22947,20100
1296,6,0,0,0,4,1,1,0,0,-10.02,0.5896,0.22947,20106
1297,6,0,0,0,4,3,1,0,0,-8.52,0.5893,0.22949,20112
1298,7,0,0,0,0,2,1,0,0,-7.74,0.589,0.22949,20119
1299,9,0,0,0,3,1,1,0,0,-8.98,0.5887,0.23015,20128
1300,9,0,0,0,4,1,1,0,0,-9.58,0.5883,0.23015,20137
1301,6,0,0,0,3,0,0,1,0,-11.17,0.588,0.23015,20143
1302,6,0,0,0,4,2,0,0,1,-13.02,0.5877,0.23018,20149
1303,8,0,0,0,1,3,1,0,0,-7.16,0.5874,0.23018,20157
1304,5,0,0,0,3,1,1,0,0,-9.45,0.5871,0.23035,20162
1305,8,0,0,0,4,1,1,0,0,-10.06,0.5867,0.23035,20170
1306,8,0,0,0,1,1,1,0,0,-7.91,0.5864,0.23063,20178
1307,18,0,0,0,5,1,1,1,0,-8.86,0.5861,0.23026,20196
1308,12,0,0,0,4,4,1,1,0,-7.44,0.5858,0.23059,20208
1309,13,0,0,0,5,4,2,0,0,-6.41,0.5855,0.23059,20221
1310,5,0,0,0,0,1,1,0,0,-7.8,0.5852,0.23083,20226
1311,22,0,0,0,4,1,1,1,0,-9.04,0.5849,0.23104,20248
1312,12,0,0,0,1,2,1,0,0,-7.24,0.5845,0.23124,20260
1313,9,0,0,0,0,2,1,0,0,-7.63,0.5842,0.23124,20269
1314,55,0,0,0,13,5,4,2,0,-3.45,0.5839,0.23178,20324
1315,5,0,0,0,3,1,1,0,0,-9.4,0.5836,0.23178,20329
1316,6,0,0,0,4,1,1,0,0,-10.02,0.5833,0.23178,20335
1317,32,0,0,0,10,5,3,1,0,-3.69,0.583,0.23222,20367
1318,22,0,0,0,7,3,3,0,0,-5.59,0.5826,0.23328,20389
1319,11,0,0,0,2,0,0,1,0,-9.72,0.5823,0.23345,20400
1320,6,0,0,0,1,0,0,1,0,-10.22,0.582,0.23345,20406
1321,13,0,0,0,4,2,0,0,1,-13.66,0.5817,0.2335,20419
1322,7,0,0,0,4,2,1,0,0,-8.99,0.5814,0.2335,20426
1323,7,0,0,0,4,2,1,0,0,-7.99,0.5811,0.23383,20433
1324,19,0,0,0,5,2,1,1,0,-8.78,0.5807,0.23402,20452
1325,5,0,0,0,2,2,1,0,0,-8.3,0.5804,0.23402,20457
1326,7,0,0,0,3,3,0,0,1,-12.99,0.5801,0.23446,20464
1327,41,1,1,0,10,8,4,2,0,1.23,0.5798,0.23491,20505
1328,15,0,0,0,3,3,2,0,0,-6.05,0.5795,0.2355,20520
1329,14,0,0,0,3,3,1,0,0,-6.88,0.5792,0.23614,20534
1330,35,0,0,0,6,6,3,0,0,-3.55,0.5788,0.23649,20569
1331,55,1,1,0,9,10,6,0,0,3.35,0.5785,0.23717,20624
1332,43,0,0,0,8,7,3,1,0,-3.41,0.5782,0.23761,20667
1333,5,0,0,0,3,2,1,0,0,-9.45,0.5779,0.23768,20672
1334,5,0,0,0,1,1,0,0,1,-13.85,0.5776,0.23768,20677
1335,5,0,0,0,0,1,0,0,1,-13.8,0.5773,0.23768,20682
1336,14,0,0,0,2,2,1,1,0,-6.93,0.5769,0.23788,20696
1337,96,0,0,0,19,10,7,4,0,3.38,0.5766,0.23963,20792
1338,17,0,0,0,6,2,1,1,0,-9.19,0.5763,0.2398,20809
1339,5,0,0,0,3,2,0,0,1,-13.45,0.576,0.2398,20814
1340,37,0,0,0,8,8,4,1,0,-1.09,0.5757,0.24049,20851
1341,5,0,0,0,0,1,1,0,0,-9.8,0.5754,0.24049,20856
1342,17,0,0,0,5,3,2,0,0,-6.84,0.575,0.24049,20873
1343,13,0,0,0,4,2,2,0,0,-7.31,0.5747,0.24059,20886
1344,6,0,0,0,4,2,0,0,1,-13.52,0.5744,0.24059,20892
1345,17,0,0,0,6,5,2,0,0,-6.19,0.5741,0.24103,20909
1346,12,0,0,0,5,5,2,0,0,-5.34,0.5738,0.241,20921
1347,15,1,2,0,2,3,2,0,0,-3.5,0.5735,0.24113,20936
1348,5,0,0,0,2,1,1,0,0,-8.8,0.5731,0.24113,20941
1349,7,0,0,0,3,1,1,0,0,-9.49,0.5728,0.24137,20948
1350,45,0,0,0,9,9,5,1,0,0.65,0.5725,0.24236,20993
1351,5,0,0,0,0,0,0,1,0,-11.0,0.5722,0.24236,20998
1352,5,0,0,0,2,1,1,0,0,-8.8,0.5719,0.24236,21003
1353,6,0,0,0,0,2,1,0,0,-7.17,0.5716,0.24238,21009
1354,5,0,0,0,3,1,0,0,1,-13.95,0.5712,0.24238,21014
1355,6,0,0,0,4,2,0,0,1,-13.52,0.5709,0.24238,21020
1356,5,0,0,0,1,2,1,0,0,-9.35,0.5706,0.24264,21025
1357,8,0,0,0,4,4,0,0,1,-12.06,0.5703,0.24264,21033
1358,6,0,0,0,1,3,1,0,0,-6.37,0.57,0.24264,21039
1359,6,0,0,0,1,0,0,1,0,-9.72,0.5696,0.24308,21045
1360,8,0,0,0,3,2,1,0,0,-9.51,0.5693,0.24308,21053
1361,6,0,0,0,1,1,1,0,0,-7.87,0.569,0.24358,21059
1362,19,0,0,0,10,2,2,0,0,-7.93,0.5687,0.24408,21078
1363,15,0,0,0,3,2,2,0,0,-8.4,0.5684,0.24432,21093
1364,13,0,0,0,4,3,1,1,0,-7.76,0.5681,0.24439,21106
1365,5,0,0,0,3,2,0,0,1,-12.95,0.5677,0.24439,21111
1366,5,0,0,0,1,1,0,0,1,-13.85,0.5674,0.24439,21116
1367,5,0,0,0,3,2,1,0,0,-9.45,0.5671,0.2447,21121
1368,6,0,0,0,4,2,1,0,0,-9.52,0.5668,0.2447,21127
1369,9,0,0,0,2,0,0,1,0,-9.83,0.5665,0.24511,21136
1370,7,0,0,0,2,0,0,1,0,-10.29,0.5662,0.24511,21143
1371,6,0,0,0,2,1,1,0,0,-9.32,0.5658,0.24511,21149
1372,27,0,0,0,5,3,3,0,0,-5.34,0.5655,0.24514,21176
1373,15,0,0,0,3,0,0,2,0,-11.5,0.5652,0.24529,21191
1374,6,0,0,0,1,2,1,0,0,-6.37,0.5649,0.24529,21197
1375,5,0,0,0,1,2,1,0,0,-9.35,0.5646,0.24565,21202
1376,43,1,1,0,18,5,3,1,0,-4.96,0.5643,0.24625,21245
1377,6,0,0,0,3,1,1,0,0,-9.42,0.5639,0.24644,21251
1378,7,0,0,0,3,2,0,0,1,-12.99,0.5636,0.24644,21258
1379,18,0,0,0,4,1,1,1,0,-8.31,0.5633,0.24661,21276
1380,20,0,0,0,6,3,2,1,0,-6.55,0.563,0.24676,21296
1381,5,0,0,0,3,2,0,0,1,-13.45,0.5627,0.24676,21301
1382,5,0,0,0,1,2,1,0,0,-8.25,0.5624,0.24676,21306
1383,6,0,0,0,4,2,0,0,1,-13.52,0.562,0.24701,21312
1384,24,1,1,0,6,7,3,0,0,-1.28,0.5617,0.2477,21336
1385,8,0,0,0,4,1,1,0,0,-10.06,0.5614,0.248,21344
1386,5,0,0,0,3,1,1,0,0,-9.95,0.5611,0.248,21349
1387,5,0,0,0,1,1,1,0,0,-9.85,0.5608,0.248,21354
1388,13,0,0,0,6,5,2,0,0,-6.36,0.5605,0.24822,21367
1389,5,0,0,0,0,1,1,0,0,-7.8,0.5601,0.24822,21372
1390,19,0,0,0,2,6,2,1,0,-3.98,0.5598,0.24845,21391
1391,12,0,0,0,1,3,2,0,0,-7.19,0.5595,0.24851,21403
1392,6,0,0,0,1,1,1,0,0,-7.87,0.5592,0.24883,21409
1393,6,0,0,0,1,1,1,0,0,-8.42,0.5589,0.24883,21415
1394,8,0,0,0,1,3,1,0,0,-6.91,0.5586,0.24883,21423
1395,37,0,0,0,8,5,3,2,0,-2.59,0.5583,0.2502,21460
1396,5,0,0,0,3,1,1,0,0,-9.95,0.5579,0.2502,21465
1397,40,0,0,0,7,5,4,1,0,-1.4,0.5576,0.25064,21505
1398,49,1,1,0,24,8,4,0,0,-0.43,0.5573,0.25166,21554
1399,32,0,0,0,6,8,4,0,0,0.41,0.557,0.2524,21586
1400,5,0,0,0,3,3,0,0,1,-12.45,0.5567,0.2524,21591
1401,9,0,0,0,4,1,1,0,0,-8.63,0.5564,0.25277,21600
1402,27,0,0,0,10,2,2,1,0,-7.69,0.556,0.25317,21627
1403,5,0,0,0,3,3,0,0,1,-12.95,0.5557,0.2535,21632
1404,22,0,0,0,8,6,3,0,0,-3.54,0.5554,0.25376,21654
1405,7,0,0,0,4,2,1,0,0,-9.04,0.5551,0.25376,21661
1406,6,0,0,0,1,1,1,0,0,-8.42,0.5548,0.25425,21667
1407,30,0,0,0,10,7,2,2,0,-4.05,0.5545,0.25499,21697
1408,5,0,0,0,3,1,1,0,0,-9.95,0.5541,0.25499,21702
1409,9,0,0,0,2,2,1,0,0,-7.88,0.5538,0.25499,21711
1410,13,0,0,0,3,4,2,0,0,-5.36,0.5535,0.25496,21724
1411,8,0,0,0,1,1,1,0,0,-7.91,0.5532,0.25525,21732
1412,17,0,0,0,3,5,2,0,0,-4.44,0.5529,0.25542,21749
1413,5,0,0,0,2,1,1,0,0,-9.9,0.5526,0.25542,21754
1414,5,0,0,0,2,1,1,0,0,-8.8,0.5522,0.25542,21759
1415,8,0,0,0,0,0,0,1,0,-9.46,0.5519,0.25562,21767
1416,28,0,0,0,10,6,3,1,0,-3.91,0.5516,0.25622,21795
1417,14,0,0,0,5,4,2,0,0,-6.08,0.5513,0.25659,21809
1418,29,1,1,0,9,6,2,1,0,-4.33,0.551,0.25679,21838
1419,5,0,0,0,3,2,1,0,0,-9.45,0.5507,0.2569,21843
1420,5,0,0,0,2,1,1,0,0,-9.35,0.5503,0.2569,21848
1421,5,0,0,0,0,1,1,0,0,-9.8,0.55,0.2569,21853
1422,5,0,0,0,3,3,0,0,1,-12.45,0.5497,0.25709,21858
1423,21,0,0,0,6,4,2,1,0,-4.97,0.5494,0.25761,21879
1424,22,0,0,0,8,7,3,0,0,-5.04,0.5491,0.25753,21901
1425,5,0,0,0,2,0,0,0,1,-14.35,0.5488,0.25797,21906
1426,14,0,0,0,1,1,1,1,0,-9.23,0.5484,0.25832,21920
1427,8,0,0,0,1,2,1,0,0,-7.66,0.5481,0.25832,21928
1428,16,0,0,0,3,3,1,1,0,-7.22,0.5478,0.25883,21944
1429,5,0,0,0,3,2,0,0,1,-12.95,0.5475,0.25883,21949
1430,6,0,0,0,1,2,1,0,0,-7.77,0.5472,0.25907,21955
1431,15,0,0,0,3,3,2,0,0,-5.9,0.5469,0.2594,21970
1432,108,1,1,0,28,15,11,3,0,14.14,0.5465,0.26097,22078
1433,53,1,1,0,14,9,3,4,0,0.79,0.5462,0.26235,22131
1434,9,0,0,0,4,0,0,1,0,-11.28,0.5459,0.26235,22140
1435,5,0,0,0,3,4,0,0,1,-12.45,0.5456,0.26239,22145
1436,5,0,0,0,3,1,1,0,0,-9.4,0.5453,0.26239,22150
1437,9,0,0,0,0,0,0,1,0,-11.63,0.545,0.26239,22159
1438,36,0,0,0,10,9,3,2,0,-2.42,0.5446,0.263,22195
1439,8,0,0,0,6,2,0,0,1,-13.66,0.5443,0.263,22203
1440,5,0,0,0,1,0,0,1,0,-10.5,0.544,0.26315,22208
1441,14,0,0,0,4,3,2,0,0,-7.38,0.5437,0.26315,22222
1442,20,0,0,0,4,6,2,1,0,-4.0,0.5434,0.26396,22242
1443,5,0,0,0,0,1,1,0,0,-7.8,0.5431,0.26396,22247
1444,13,0,0,0,3,2,2,0,0,-7.76,0.5427,0.26396,22260
1445,19,0,0,0,7,7,3,0,0,-3.83,0.5424,0.2641,22279
1446,5,0,0,0,3,0,0,1,0,-11.15,0.5421,0.2641,22284
1447,5,0,0,0,3,1,1,0,0,-9.95,0.5418,0.26418,22289
1448,5,0,0,0,2,2,0,0,1,-13.4,0.5415,0.26418,22294
1449,18,0,0,0,6,1,1,1,0,-8.56,0.5412,0.26418,22312
1450,25,0,0,0,4,6,3,0,0,-2.85,0.5408,0.26478,22337
1451,14,0,0,0,2,4,2,0,0,-5.18,0.5405,0.26478,22351
1452,5,0,0,0,2,2,1,0,0,-8.85,0.5402,0.26515,22356
1453,5,0,0,0,1,1,1,0,0,-8.75,0.5399,0.26515,22361
1454,11,0,0,0,5,4,1,0,0,-8.12,0.5396,0.26546,22372
1455,13,0,0,0,3,5,2,0,0,-4.21,0.5393,0.26583,22385
1456,9,0,0,0,0,5,1,0,0,-6.28,0.5389,0.26583,22394
1457,12,0,0,0,5,4,2,0,0,-6.79,0.5386,0.26644,22406
1458,17,0,0,0,10,2,2,0,0,-8.69,0.5383,0.26664,22423
1459,5,0,0,0,3,2,1,0,0,-8.9,0.538,0.26664,22428
1460,5,0,0,0,0,0,0,1,0,-9.55,0.5377,0.26678,22433
1461,16,0,0,0,4,1,1,1,0,-8.62,0.5373,0.26682,22449
1462,8,0,0,0,1,2,0,0,1,-13.41,0.537,0.26682,22457
1463,5,0,0,0,3,3,0,0,1,-12.45,0.5367,0.26682,22462
1464,5,0,0,0,1,1,1,0,0,-9.85,0.5364,0.26739,22467
1465,6,0,0,0,4,2,0,0,1,-13.52,0.5361,0.26739,22473
1466,9,0,0,0,3,5,1,0,0,-6.93,0.5358,0.26773,22482
1467,33,0,0,0,11,3,2,0,0,-7.61,0.5354,0.26829,22515
1468,38,1,1,0,11,3,3,0,0,-5.56,0.5351,0.26878,22553
1469,5,0,0,0,3,2,0,0,1,-13.45,0.5348,0.26878,22558
1470,54,1,1,0,13,7,5,2,0,0.92,0.5345,0.27022,22612
1471,5,0,0,0,3,2,0,0,1,-13.45,0.5342,0.27022,22617
1472,9,0,0,0,3,1,1,0,0,-10.03,0.5339,0.2705,22626
1473,6,0,0,0,1,0,0,1,0,-11.67,0.5335,0.2705,22632
1474,7,0,0,0,3,1,0,0,1,-13.99,0.5332,0.2705,22639
1475,13,0,0,0,3,0,0,2,0,-10.76,0.5329,0.27069,22652
1476,6,0,0,0,2,1,0,0,1,-13.92,0.5326,0.27095,22658
1477,6,0,0,0,1,0,0,1,0,-10.52,0.5323,0.27095,22664
1478,5,0,0,0,1,0,0,1,0,-10.45,0.532,0.27095,22669
1479,8,0,0,0,3,1,1,0,0,-8.91,0.5316,0.27134,22677
1480,7,0,0,0,2,1,1,0,0,-8.89,0.5313,0.27134,22684
1481,13,0,0,0,3,2,1,1,0,-7.46,0.531,0.27166,22697
1482,5,0,0,0,4,1,1,0,0,-9.5,0.5307,0.27166,22702
1483,11,0,0,0,4,1,1,0,0,-8.12,0.5304,0.27186,22713
1484,5,0,0,0,3,3,0,0,1,-12.45,0.5301,0.27186,22718
1485,5,0,0,0,3,2,1,0,0,-9.45,0.5297,0.27198,22723
1486,14,0,0,0,5,4,2,0,0,-6.58,0.5294,0.27183,22737
1487,5,0,0,0,2,2,1,0,0,-8.3,0.5291,0.27183,22742
1488,13,0,0,0,6,1,1,1,0,-10.71,0.5288,0.27215,22755
1489,29,1,1,0,7,9,3,1,0,-1.03,0.5285,0.27254,22784
1490,32,0,0,0,8,5,3,1,0,-4.14,0.5282,0.27285,22816
1491,31,1,1,0,7,5,3,1,0,-2.77,0.5279,0.27287,22847
1492,7,0,0,0,2,2,1,0,0,-7.99,0.5275,0.27314,22854
1493,8,0,0,0,3,2,0,0,1,-13.51,0.5272,0.27314,22862
1494,15,0,0,0,5,3,2,0,0,-6.25,0.5269,0.27353,22877
1495,15,0,0,0,3,3,2,0,0,-7.05,0.5266,0.27371,22892
1496,62,0,0,0,24,9,4,1,0,-1.54,0.5263,0.27541,22954
1497,5,0,0,0,3,1,1,0,0,-9.95,0.526,0.27541,22959
1498,6,0,0,0,1,1,1,0,0,-7.37,0.5256,0.27581,22965
1499,12,0,0,0,2,1,1,1,0,-8.99,0.5253,0.27619,22977
1500,27,0,0,0,7,2,2,2,0,-5.99,0.525,0.27661,23004
1501,8,0,0,0,1,2,1,0,0,-7.36,0.5247,0.27709,23012
1502,67,1,1,0,12,11,6,2,0,4.66,0.5244,0.27797,23079
1503,10,0,0,0,3,1,1,0,0,-7.95,0.5241,0.27836,23089
1504,13,0,0,0,0,3,2,0,0,-6.06,0.5237,0.27836,23102
1505,5,0,0,0,3,2,0,0,1,-13.45,0.5234,0.27853,23107
1506,14,0,0,0,5,4,1,0,0,-8.63,0.5231,0.27866,23121
1507,6,0,0,0,2,1,1,0,0,-8.82,0.5228,0.27866,23127
1508,9,0,0,0,2,2,0,0,1,-12.98,0.5225,0.27924,23136
1509,14,0,0,0,3,4,2,0,0,-6.28,0.5222,0.27924,23150
1510,65,0,0,0,22,7,4,0,0,-4.1,0.5218,0.28036,23215
1511,10,0,0,0,1,1,1,0,0,-7.95,0.5215,0.28043,23225
1512,8,0,0,0,4,2,0,0,1,-13.56,0.5212,0.28051,23233
1513,14,0,0,0,5,3,2,0,0,-5.83,0.5209,0.28051,23247
1514,6,0,0,0,2,1,0,0,1,-13.92,0.5206,0.28095,23253
1515,14,0,0,0,3,4,1,1,0,-5.98,0.5203,0.28132,23267
1516,39,0,0,0,6,5,3,2,0,-3.13,0.5199,0.28176,23306
1517,21,0,0,0,2,4,3,0,0,-3.32,0.5196,0.28216,23327
1518,5,0,0,0,3,1,1,0,0,-9.4,0.5193,0.28239,23332
1519,7,0,0,0,2,0,0,1,0,-11.09,0.519,0.28239,23339
1520,5,0,0,0,3,2,1,0,0,-9.45,0.5187,0.28254,23344
1521,6,0,0,0,1,0,0,1,0,-9.97,0.5184,0.28254,23350
1522,5,0,0,0,3,2,0,0,1,-12.45,0.518,0.28254,23355
1523,22,0,0,0,6,5,3,0,0,-4.39,0.5177,0.2833,23377
1524,7,0,0,0,3,2,0,0,1,-13.49,0.5174,0.2833,23384
1525,36,0,0,0,8,2,1,3,0,-8.82,0.5171,0.28396,23420
1526,5,0,0,0,3,1,0,0,1,-13.45,0.5168,0.28407,23425
1527,5,0,0,0,1,2,1,0,0,-9.35,0.5165,0.28407,23430
1528,29,0,0,0,10,5,4,0,0,-3.93,0.5161,0.2846,23459
1529,8,0,0,0,2,2,1,0,0,-8.31,0.5158,0.2846,23467
1530,58,0,0,0,14,4,4,2,0,-3.61,0.5155,0.28548,23525
1531,10,0,0,0,1,0,0,1,0,-11.2,0.5152,0.28548,23535
1532,6,0,0,0,1,1,1,0,0,-7.87,0.5149,0.28596,23541
1533,5,0,0,0,1,2,0,0,1,-13.35,0.5146,0.28596,23546
1534,5,0,0,0,3,2,0,0,1,-12.95,0.5142,0.28596,23551
1535,5,0,0,0,0,2,0,0,1,-13.3,0.5139,0.28602,23556
1536,5,0,0,0,3,2,0,0,1,-13.45,0.5136,0.28602,23561
1537,13,0,0,0,5,4,2,0,0,-5.86,0.5133,0.28597,23574
1538,5,0,0,0,3,3,0,0,1,-12.95,0.513,0.28597,23579
1539,5,0,0,0,2,1,1,0,0,-9.9,0.5127,0.28583,23584
1540,6,0,0,0,2,0,0,1,0,-11.67,0.5123,0.28583,23590
1541,8,0,0,0,3,0,0,1,0,-10.76,0.512,0.28583,23598
1542,9,0,0,0,2,0,0,1,0,-9.68,0.5117,0.28609,23607
1543,7,0,0,0,4,1,1,0,0,-10.04,0.5114,0.28609,23614
1544,8,0,0,0,3,4,1,0,0,-7.41,0.5111,0.28644,23622
1545,31,0,1,0,4,5,2,2,0,-2.97,0.5108,0.28703,23653
1546,29,0,0,0,8,6,4,0,0,-2.63,0.5104,0.28728,23682
1547,5,0,0,0,3,3,0,0,1,-12.95,0.5101,0.28728,23687
1548,100,1,1,0,25,13,8,3,0,10.05,0.5098,0.28952,23787
1549,12,0,0,0,3,6,2,0,0,-5.14,0.5095,0.28983,23799
1550,7,0,0,0,1,2,1,0,0,-8.89,0.5092,0.28983,23806
1551,5,0,0,0,1,1,0,0,1,-13.35,0.5089,0.28992,23811
1552,7,0,0,0,3,3,1,0,0,-8.49,0.5085,0.28992,23818
1553,5,0,0,0,3,1,1,0,0,-9.95,0.5082,0.28992,23823
1554,11,0,0,0,4,1,1,0,0,-9.07,0.5079,0.29027,23834
1555,27,0,0,0,6,2,2,1,0,-6.89,0.5076,0.29091,23861
1556,5,0,0,0,0,1,1,0,0,-7.8,0.5073,0.29091,23866
1557,6,0,0,0,4,3,0,0,1,-13.02,0.507,0.2911,23872
1558,15,0,0,0,1,3,2,0,0,-5.15,0.5066,0.2911,23887
1559,5,0,0,0,3,3,0,0,1,-12.45,0.5063,0.29147,23892
1560,8,0,0,0,4,0,0,1,0,-11.21,0.506,0.29147,23900
1561,12,0,0,0,2,4,2,0,0,-5.14,0.5057,0.29162,23912
1562,5,0,0,0,3,2,1,0,0,-8.9,0.5054,0.29162,23917
1563,7,0,0,0,2,1,1,0,0,-8.09,0.505,0.29197,23924
1564,5,0,0,0,2,2,1,0,0,-9.4,0.5047,0.29197,23929
1565,5,0,0,0,4,2,0,0,1,-13.5,0.5044,0.29197,23934
1566,9,0,0,0,3,2,0,0,1,-13.53,0.5041,0.29209,23943
1567,5,0,0,0,2,1,1,0,0,-9.35,0.5038,0.29209,23948
1568,22,0,0,0,7,4,2,1,0,-6.44,0.5035,0.29286,23970
1569,7,0,0,0,2,1,1,0,0,-8.09,0.5031,0.29286,23977
1570,56,0,0,0,10,9,5,2,0,0.73,0.5028,0.29388,24033
1571,5,0,0,0,3,1,1,0,0,-9.95,0.5025,0.29388,24038
1572,15,0,0,0,3,1,1,1,0,-9.1,0.5022,0.29422,24053
1573,15,0,0,0,3,4,2,0,0,-4.75,0.5019,0.29472,24068
1574,5,0,0,0,0,2,1,0,0,-7.3,0.5016,0.29472,24073
1575,12,0,0,0,5,6,1,1,0,-6.64,0.5012,0.29519,24085
1576,17,0,0,0,5,2,2,0,0,-7.34,0.5009,0.29556,24102
1577,5,0,0,0,0,0,0,1,0,-9.5,0.5006,0.29556,24107
1578,5,0,0,0,3,3,0,0,1,-12.95,0.5003,0.29598,24112
1579,18,0,0,0,5,6,2,0,0,-4.41,0.5,0.29656,24130
1580,5,0,0,0,2,3,1,0,0,-8.35,0.4997,0.29656,24135
1581,35,0,0,0,7,4,2,2,0,-5.7,0.4993,0.29688,24170
1582,6,0,0,0,2,2,1,0,0,-8.32,0.499,0.29709,24176
1583,21,0,0,0,0,6,3,0,0,-2.32,0.4987,0.29736,24197
1584,6,0,0,0,1,1,1,0,0,-8.42,0.4984,0.29736,24203
1585,7,0,0,0,3,1,1,0,0,-9.99,0.4981,0.29812,24210
1586,13,0,0,0,2,2,1,1,0,-7.96,0.4978,0.29812,24223
1587,15,0,0,0,3,4,2,0,0,-5.55,0.4974,0.29845,24238
1588,7,0,0,0,4,2,1,0,0,-9.54,0.4971,0.29909,24245
1589,5,0,0,0,0,1,1,0,0,-9.8,0.4968,0.29909,24250
1590,5,0,0,0,2,1,1,0,0,-9.35,0.4965,0.29909,24255
1591,13,0,0,0,6,4,2,0,0,-6.46,0.4962,0.29948,24268
1592,23,0,0,0,2,4,2,1,0,-4.66,0.4959,0.29976,24291
1593,6,0,0,0,1,2,1,0,0,-7.77,0.4956,0.29976,24297
1594,13,0,0,0,6,2,2,0,0,-8.11,0.4952,0.30023,24310
1595,15,0,0,0,3,3,2,0,0,-5.45,0.4949,0.30056,24325
1596,36,0,0,0,8,8,4,1,0,-1.17,0.4946,0.3015,24361
1597,7,0,0,0,2,4,1,0,0,-7.89,0.4943,0.30196,24368
1598,6,0,0,0,1,0,0,1,0,-10.22,0.494,0.30196,24374
1599,5,0,0,0,1,1,1,0,0,-8.75,0.4937,0.30196,24379
1600,6,0,0,0,1,0,0,1,0,-9.57,0.4933,0.30204,24385
1601,7,0,0,0,2,1,1,0,0,-9.89,0.493,0.30204,24392
1602,5,0,0,0,1,1,1,0,0,-8.75,0.4927,0.30204,24397
1603,5,0,0,0,1,1,1,0,0,-8.75,0.4924,0.30218,24402
1604,7,0,0,0,3,3,1,0,0,-8.94,0.4921,0.30218,24409
1605,18,0,0,0,9,3,2,0,0,-8.11,0.4918,0.30244,24427
1606,5,0,0,0,1,1,1,0,0,-9.85,0.4914,0.3031,24432
1607,21,0,0,0,4,2,2,1,0,-6.47,0.4911,0.30341,24453
1608,6,0,0,0,4,2,1,0,0,-9.52,0.4908,0.30341,24459
1609,15,0,0,0,2,1,1,1,0,-8.65,0.4905,0.30359,24474
1610,46,0,0,0,14,6,5,1,0,-1.47,0.4902,0.30429,24520
1611,5,0,0,0,0,1,1,0,0,-8.7,0.4899,0.30429,24525
1612,5,0,0,0,3,2,0,0,1,-12.95,0.4895,0.3048,24530
1613,13,0,0,0,2,5,1,1,0,-5.61,0.4892,0.3048,24543
1614,5,0,0,0,0,0,0,1,0,-11.55,0.4889,0.30525,24548
1615,36,0,0,0,10,3,3,1,0,-4.17,0.4886,0.30593,24584
1616,5,0,0,0,3,2,1,0,0,-9.45,0.4883,0.30593,24589
1617,5,0,0,0,3,2,0,0,1,-13.45,0.4879,0.30601,24594
1618,5,0,0,0,1,1,1,0,0,-8.75,0.4876,0.30601,24599
1619,6,0,0,0,4,1,1,0,0,-10.02,0.4873,0.30601,24605
1620,18,0,0,0,7,4,2,0,0,-7.16,0.487,0.30635,24623
1621,5,0,0,0,3,2,1,0,0,-9.45,0.4867,0.30653,24628
1622,7,0,0,0,2,1,1,0,0,-8.69,0.4864,0.30653,24635
1623,39,0,0,0,14,6,3,0,0,-3.13,0.486,0.30775,24674
1624,5,0,0,0,0,1,0,0,1,-13.8,0.4857,0.30775,24679
1625,14,0,0,0,2,2,1,1,0,-6.93,0.4854,0.30814,24693
1626,15,0,0,0,9,2,1,0,0,-9.95,0.4851,0.30863,24708
1627,5,0,0,0,0,1,1,0,0,-8.7,0.4848,0.30863,24713
1628,13,0,0,0,4,3,2,0,0,-6.41,0.4845,0.30879,24726
1629,20,1,1,0,4,4,2,1,0,-4.5,0.4841,0.3091,24746
1630,43,0,0,0,9,2,2,2,0,-6.81,0.4838,0.3098,24789
1631,9,0,0,0,2,2,1,0,0,-7.23,0.4835,0.3098,24798
1632,17,0,0,0,3,3,2,0,0,-6.29,0.4832,0.30995,24815
1633,6,0,0,0,1,2,1,0,0,-7.52,0.4829,0.3101,24821
1634,13,0,0,0,6,2,1,1,0,-8.66,0.4826,0.31022,24834
1635,5,0,0,0,2,0,0,1,0,-11.1,0.4822,0.31022,24839
1636,42,0,0,0,9,8,4,1,0,-0.19,0.4819,0.31091,24881
1637,23,0,0,0,6,4,2,1,0,-6.71,0.4816,0.31087,24904
1638,5,0,0,0,0,0,0,1,0,-10.45,0.4813,0.31087,24909
1639,45,0,0,0,8,4,3,2,0,-5.9,0.481,0.31176,24954
1640,21,1,1,0,4,6,3,0,0,-3.12,0.4807,0.31198,24975
1641,13,0,0,0,0,2,2,0,0,-6.06,0.4803,0.31242,24988
1642,6,0,0,0,4,4,0,0,1,-12.52,0.48,0.31289,24994
1643,5,0,0,0,1,1,1,0,0,-9.35,0.4797,0.31289,24999
1644,5,0,0,0,1,0,0,1,0,-11.05,0.4794,0.31289,25004
1645,20,0,0,0,5,2,2,1,0,-5.95,0.4791,0.314,25024
1646,16,0,0,0,3,1,1,1,0,-8.82,0.4788,0.31442,25040
1647,5,0,0,0,1,2,1,0,0,-8.85,0.4784,0.31442,25045
1648,5,0,0,0,3,1,1,0,0,-9.4,0.4781,0.31442,25050
1649,29,1,1,0,7,9,3,1,0,-0.38,0.4778,0.31454,25079
1650,13,0,0,0,5,6,2,0,0,-5.91,0.4775,0.31476,25092
1651,16,0,0,0,8,2,1,1,0,-9.87,0.4772,0.31489,25108
1652,5,0,0,0,0,2,1,0,0,-8.2,0.4769,0.31489,25113
1653,6,0,0,0,3,2,1,0,0,-7.87,0.4766,0.31489,25119
1654,21,1,1,0,2,3,2,1,0,-4.12,0.4762,0.31545,25140
1655,6,0,0,0,1,1,1,0,0,-8.02,0.4759,0.31545,25146
1656,7,0,0,0,3,3,1,0,0,-8.49,0.4756,0.3157,25153
1657,5,0,0,0,3,3,0,0,1,-12.45,0.4753,0.3157,25158
1658,6,0,0,0,1,0,0,1,0,-10.12,0.475,0.3157,25164
1659,20,0,0,0,4,7,2,1,0,-3.05,0.4747,0.31582,25184
1660,5,0,0,0,3,3,0,0,1,-12.45,0.4743,0.31582,25189
1661,5,0,0,0,1,1,1,0,0,-8.75,0.474,0.31582,25194
1662,7,0,0,0,3,2,1,0,0,-8.99,0.4737,0.31614,25201
1663,7,0,0,0,3,2,0,0,1,-13.49,0.4734,0.31614,25208
1664,6,0,0,0,1,0,0,1,0,-10.32,0.4731,0.31614,25214
1665,6,0,0,0,1,2,1,0,0,-7.37,0.4728,0.31643,25220
1666,30,0,0,0,6,7,4,0,0,-1.85,0.4724,0.31688,25250
1667,13,0,0,0,3,2,2,0,0,-8.36,0.4721,0.31688,25263
1668,13,0,0,0,4,4,2,0,0,-7.11,0.4718,0.31701,25276
1669,5,0,0,0,3,1,1,0,0,-9.45,0.4715,0.31732,25281
1670,6,0,0,0,4,1,1,0,0,-10.02,0.4712,0.31732,25287
1671,5,0,0,0,1,2,1,0,0,-7.25,0.4708,0.31732,25292
1672,23,0,0,0,3,5,1,2,0,-6.61,0.4705,0.31793,25315
1673,53,0,0,0,6,4,3,3,0,-4.21,0.4702,0.31864,25368
1674,133,1,1,0,52,6,3,6,0,-3.71,0.4699,0.32119,25501
1675,5,0,0,0,1,1,1,0,0,-8.75,0.4696,0.3215,25506
1676,13,0,0,0,1,3,2,0,0,-4.36,0.4693,0.3215,25519
1677,24,1,1,0,6,6,3,0,0,-2.93,0.4689,0.32186,25543
1678,45,1,1,0,11,12,5,1,0,4.35,0.4686,0.32305,25588
1679,5,0,0,0,3,3,0,0,1,-12.95,0.4683,0.32305,25593
1680,7,0,0,0,3,4,0,0,1,-12.49,0.468,0.32324,25600
1681,5,0,0,0,3,1,0,0,1,-13.95,0.4677,0.32324,25605
1682,12,0,0,0,2,3,1,1,0,-6.99,0.4674,0.32347,25617
1683,5,0,0,0,1,1,1,0,0,-8.25,0.467,0.32347,25622
1684,5,0,0,0,2,1,1,0,0,-9.9,0.4667,0.32347,25627
1685,37,0,0,0,14,9,5,0,0,0.01,0.4664,0.3247,25664
1686,26,0,0,0,6,7,2,2,0,-2.52,0.4661,0.32506,25690
1687,5,0,0,0,3,1,1,0,0,-9.45,0.4658,0.32506,25695
1688,29,1,1,0,10,4,2,1,0,-3.53,0.4655,0.32523,25724
1689,15,0,0,0,3,5,2,0,0,-4.75,0.4652,0.32526,25739
1690,14,0,0,0,7,1,1,1,0,-9.73,0.4648,0.32558,25753
1691,5,0,0,0,3,2,1,0,0,-9.45,0.4645,0.32558,25758
1692,43,2,2,0,12,8,5,1,0,2.74,0.4642,0.32616,25801
1693,5,0,0,0,3,3,0,0,1,-12.45,0.4639,0.32616,25806
1694,5,0,0,0,1,0,0,0,1,-14.3,0.4636,0.3265,25811
1695,5,0,0,0,1,2,0,0,1,-13.35,0.4633,0.3265,25816
1696,5,0,0,0,1,1,1,0,0,-9.85,0.4629,0.3265,25821
1697,35,0,0,0,4,6,4,1,0,-1.3,0.4626,0.32723,25856
1698,35,0,0,0,7,8,3,2,0,-1.95,0.4623,0.32721,25891
1699,20,0,0,0,3,1,1,2,0,-7.4,0.462,0.32756,25911
1700,50,0,0,0,12,9,5,2,0,-1.15,0.4617,0.32834,25961
1701,29,0,0,0,7,5,3,1,0,-2.43,0.4614,0.32893,25990
1702,16,0,0,0,4,0,0,2,0,-11.02,0.461,0.32872,26006
1703,14,0,0,0,5,3,2,0,0,-7.68,0.4607,0.32852,26020
1704,5,0,0,0,2,1,1,0,0,-9.35,0.4604,0.32852,26025
1705,5,0,0,0,3,2,1,0,0,-8.95,0.4601,0.32852,26030
1706,6,0,0,0,1,1,1,0,0,-8.27,0.4598,0.32786,26036
1707,5,0,0,0,0,1,1,0,0,-8.7,0.4595,0.32786,26041
1708,5,0,0,0,0,0,0,1,0,-10.45,0.4591,0.32786,26046
1709,5,0,0,0,1,1,1,0,0,-8.75,0.4588,0.32738,26051
1710,5,0,0,0,3,1,1,0,0,-9.95,0.4585,0.32738,26056
1711,31,1,1,0,10,3,2,2,0,-4.97,0.4582,0.32658,26087
1712,14,0,0,0,2,5,2,0,0,-4.18,0.4579,0.32622,26101
1713,12,0,0,0,4,5,2,0,0,-6.19,0.4576,0.326,26113
1714,26,0,0,0,4,1,1,2,0,-8.97,0.4572,0.32549,26139
1715,6,0,0,0,2,1,1,0,0,-9.92,0.4569,0.32524,26145
1716,15,0,0,0,6,3,2,0,0,-7.0,0.4566,0.32529,26160
1717,5,0,0,0,1,2,1,0,0,-8.25,0.4563,0.32529,26165
1718,5,0,0,0,0,1,1,0,0,-8.7,0.456,0.32529,26170
1719,14,0,0,0,5,5,2,0,0,-5.43,0.4557,0.32493,26184
1720,7,0,0,0,2,0,0,1,0,-9.89,0.4553,0.32493,26191
1721,6,0,0,0,1,2,1,0,0,-7.77,0.455,0.32462,26197
1722,15,0,0,0,6,3,2,0,0,-7.1,0.4547,0.32464,26212
1723,5,0,0,0,2,2,1,0,0,-8.9,0.4544,0.32464,26217
1724,13,0,0,0,6,2,2,0,0,-8.11,0.4541,0.32433,26230
1725,24,0,0,0,4,4,2,1,0,-5.53,0.4538,0.32449,26254
1726,5,0,0,0,2,3,1,0,0,-7.85,0.4534,0.32436,26259
1727,26,0,0,0,7,7,3,1,0,-4.02,0.4531,0.32415,26285
1728,5,0,0,0,3,2,0,0,1,-12.95,0.4528,0.32411,26290
1729,5,0,0,0,0,1,1,0,0,-9.3,0.4525,0.32411,26295
1730,5,0,0,0,3,2,1,0,0,-9.45,0.4522,0.32411,26300
1731,20,1,1,0,5,3,2,1,0,-3.8,0.4519,0.32335,26320
1732,6,0,0,0,1,1,1,0,0,-8.27,0.4515,0.32335,26326
1733,15,0,0,0,6,3,2,0,0,-7.5,0.4512,0.32317,26341
1734,12,0,0,0,5,2,2,0,0,-7.89,0.4509,0.32316,26353
1735,5,0,0,0,1,2,1,0,0,-7.7,0.4506,0.32316,26358
1736,15,0,0,0,2,2,2,0,0,-8.15,0.4503,0.32303,26373
1737,8,0,0,0,2,1,1,0,0,-9.96,0.45,0.32303,26381
1738,5,0,0,0,1,1,0,0,1,-13.85,0.4496,0.3228,26386
1739,5,0,0,0,0,0,0,1,0,-9.5,0.4493,0.3228,26391
1740,6,0,0,0,1,1,1,0,0,-8.02,0.449,0.3228,26397
1741,13,0,0,0,4,2,2,0,0,-7.46,0.4487,0.32286,26410
1742,35,0,0,0,11,4,3,1,0,-4.75,0.4484,0.32257,26445
1743,5,0,0,0,0,0,0,1,0,-10.4,0.4481,0.32214,26450
1744,6,0,0,0,4,3,0,0,1,-12.52,0.4477,0.32214,26456
1745,5,0,0,0,3,2,1,0,0,-9.45,0.4474,0.32214,26461
1746,13,0,0,0,1,6,2,0,0,-2.71,0.4471,0.32224,26474
1747,12,0,0,0,5,4,2,0,0,-6.39,0.4468,0.32128,26486
1748,5,0,0,0,3,2,0,0,1,-13.45,0.4465,0.32128,26491
1749,13,0,0,0,4,5,2,0,0,-6.41,0.4462,0.32057,26504
1750,20,0,0,0,4,1,1,1,0,-8.6,0.4458,0.32099,26524
1751,21,0,0,0,4,3,1,2,0,-8.82,0.4455,0.32095,26545
1752,5,0,0,0,2,2,1,0,0,-9.4,0.4452,0.32095,26550
1753,8,0,0,0,3,1,1,0,0,-9.41,0.4449,0.32095,26558
1754,6,0,0,0,1,1,1,0,0,-8.42,0.4446,0.32066,26564
1755,5,0,0,0,3,2,1,0,0,-9.45,0.4443,0.32066,26569
1756,6,0,0,0,1,2,1,0,0,-7.62,0.4439,0.32066,26575
1757,6,0,0,0,3,1,1,0,0,-9.97,0.4436,0.3201,26581
1758,5,0,0,0,3,1,1,0,0,-9.95,0.4433,0.3201,26586
1759,5,0,0,0,3,2,1,0,0,-9.45,0.443,0.3201,26591
1760,66,0,0,0,10,5,4,4,0,0.03,0.4427,0.31887,26657
1761,14,0,0,0,2,4,2,0,0,-4.43,0.4424,0.31887,26671
1762,5,0,0,0,3,1,0,0,1,-13.95,0.442,0.3185,26676
1763,5,0,0,0,1,0,0,1,0,-9.9,0.4417,0.3185,26681
1764,5,0,0,0,2,1,1,0,0,-9.35,0.4414,0.3185,26686
1765,5,0,0,0,2,2,1,0,0,-8.3,0.4411,0.31836,26691
1766,5,0,0,0,1,1,1,0,0,-9.35,0.4408,0.31836,26696
1767,5,0,0,0,3,1,1,0,0,-9.95,0.4405,0.31836,26701
1768,5,0,0,0,1,1,1,0,0,-9.85,0.4401,0.31838,26706
1769,6,0,0,0,1,1,1,0,0,-8.02,0.4398,0.31838,26712
1770,5,0,0,0,3,1,1,0,0,-9.4,0.4395,0.31838,26717
1771,5,0,0,0,3,2,0,0,1,-12.95,0.4392,0.31831,26722
1772,64,0,0,0,16,15,7,1,0,8.02,0.4389,0.31759,26786
1773,53,2,2,0,7,13,6,1,0,6.79,0.4386,0.31689,26839
1774,9,0,0,0,0,2,1,0,0,-7.63,0.4382,0.31702,26848
1775,14,0,0,0,4,2,1,1,0,-8.98,0.4379,0.31702,26862
1776,12,0,0,0,5,3,2,0,0,-7.29,0.4376,0.31733,26874
1777,8,0,0,0,2,1,1,0,0,-9.96,0.4373,0.31727,26882
1778,7,0,0,0,2,0,0,1,0,-9.69,0.437,0.31727,26889
1779,5,0,0,0,2,1,1,0,0,-8.8,0.4367,0.31727,26894
1780,41,0,0,0,9,5,3,3,0,-1.92,0.4363,0.31743,26935
1781,13,0,0,0,6,4,2,0,0,-7.51,0.436,0.3173,26948
1782,5,0,0,0,3,2,0,0,1,-13.45,0.4357,0.3173,26953
1783,6,0,0,0,4,1,1,0,0,-10.02,0.4354,0.3173,26959
1784,5,0,0,0,2,2,0,0,1,-13.4,0.4351,0.31684,26964
1785,5,0,0,0,3,1,1,0,0,-9.45,0.4348,0.31684,26969
1786,5,0,0,0,3,2,0,0,1,-12.45,0.4344,0.31684,26974
1787,5,0,0,0,3,3,1,0,0,-8.45,0.4341,0.31641,26979
1788,17,0,0,0,5,1,1,1,0,-8.44,0.4338,0.31613,26996
1789,6,0,0,0,4,3,1,0,0,-9.02,0.4335,0.31613,27002
1790,7,0,0,0,6,0,0,1,0,-11.89,0.4332,0.31609,27009
1791,6,0,0,0,4,3,0,0,1,-12.02,0.4329,0.31609,27015
1792,7,0,0,0,2,0,0,1,0,-10.64,0.4325,0.31609,27022
1793,5,0,0,0,3,2,0,0,1,-13.45,0.4322,0.31628,27027
1794,5,0,0,0,0,2,1,0,0,-9.3,0.4319,0.31628,27032
1795,7,0,0,0,2,0,0,1,0,-9.89,0.4316,0.31628,27039
1796,5,0,0,0,3,1,1,0,0,-9.95,0.4313,0.31564,27044
1797,37,0,0,0,10,4,2,3,0,-4.79,0.431,0.31515,27081
1798,27,1,1,0,4,10,4,0,0,0.56,0.4306,0.31456,27108
1799,6,0,0,0,1,1,1,0,0,-7.52,0.4303,0.31456,27114
1800,22,0,0,0,6,5,3,0,0,-3.74,0.43,0.31435,27136
1801,14,0,0,0,4,3,2,0,0,-6.33,0.4297,0.31435,27150
1802,5,0,0,0,3,1,1,0,0,-9.45,0.4294,0.31449,27155
1803,33,0,0,0,10,8,3,1,0,-3.06,0.4291,0.31458,27188
1804,34,0,0,0,11,7,3,1,0,-4.08,0.4287,0.31442,27222
1805,19,0,0,0,6,7,3,0,0,-3.18,0.4284,0.31439,27241
1806,6,0,0,0,1,2,1,0,0,-6.37,0.4281,0.31439,27247
1807,14,0,0,0,4,3,1,0,0,-9.18,0.4278,0.31387,27261
1808,49,0,0,0,14,9,5,1,0,0.57,0.4275,0.31374,27310
1809,7,0,0,0,2,2,1,0,0,-8.89,0.4272,0.31332,27317
1810,19,0,0,0,3,6,3,0,0,-2.03,0.4268,0.31297,27336
1811,7,0,0,0,2,1,0,0,1,-13.94,0.4265,0.31297,27343
1812,5,0,0,0,3,3,0,0,1,-11.95,0.4262,0.3132,27348
1813,5,0,0,0,2,1,1,0,0,-8.8,0.4259,0.3132,27353
1814,5,0,0,0,2,3,0,0,1,-12.4,0.4256,0.3132,27358
1815,29,0,0,0,8,5,3,1,0,-4.58,0.4253,0.31266,27387
1816,8,0,0,0,2,2,0,0,1,-13.46,0.4249,0.31249,27395
1817,27,0,0,0,6,7,4,0,0,-0.94,0.4246,0.31233,27422
1818,5,0,0,0,3,2,0,0,1,-13.45,0.4243,0.31245,27427
1819,15,0,0,0,3,2,2,0,0,-5.75,0.424,0.312,27442
1820,27,0,0,0,9,4,2,2,0,-5.24,0.4237,0.31201,27469
1821,15,0,0,0,3,3,2,0,0,-5.75,0.4234,0.31167,27484
1822,64,1,1,0,14,20,7,2,0,11.42,0.423,0.31111,27548
1823,12,0,0,0,4,6,2,0,0,-5.29,0.4227,0.311,27560
1824,5,0,0,0,1,1,1,0,0,-8.75,0.4224,0.311,27565
1825,19,0,0,0,7,5,3,0,0,-3.78,0.4221,0.31086,27584
1826,7,0,0,0,2,1,1,0,0,-7.59,0.4218,0.31086,27591
1827,5,0,0,0,3,3,0,0,1,-12.95,0.4214,0.31086,27596
1828,12,0,0,0,5,5,2,0,0,-6.79,0.4211,0.31026,27608
1829,12,0,0,0,3,3,1,1,0,-8.49,0.4208,0.30996,27620
1830,6,0,0,0,3,2,1,0,0,-8.97,0.4205,0.30996,27626
1831,19,0,0,0,3,5,3,0,0,-5.03,0.4202,0.30965,27645
1832,5,0,0,0,3,1,1,0,0,-9.95,0.4199,0.30923,27650
1833,5,0,0,0,3,1,1,0,0,-9.45,0.4196,0.30923,27655
1834,6,0,0,0,1,0,0,1,0,-9.57,0.4192,0.30923,27661
1835,5,0,0,0,3,1,1,0,0,-9.4,0.4189,0.30917,27666
1836,13,0,0,0,1,3,2,0,0,-5.61,0.4186,0.30917,27679
1837,5,0,0,0,2,2,0,0,1,-13.4,0.4183,0.30888,27684
1838,5,0,0,0,0,0,0,1,0,-9.55,0.418,0.30888,27689
1839,7,0,0,0,3,3,0,0,1,-12.49,0.4177,0.3087,27696
1840,16,0,0,0,6,3,1,1,0,-9.17,0.4173,0.30895,27712
1841,14,0,0,0,2,4,2,0,0,-4.28,0.417,0.30895,27726
1842,13,0,0,0,4,3,2,0,0,-6.86,0.4167,0.30886,27739
1843,13,0,0,0,2,2,2,0,0,-8.01,0.4164,0.30843,27752
1844,7,0,0,0,2,0,0,1,0,-9.84,0.4161,0.30843,27759
1845,5,0,0,0,3,1,1,0,0,-9.95,0.4158,0.30847,27764
1846,22,1,1,0,5,4,3,0,0,-3.94,0.4154,0.30865,27786
1847,23,1,1,0,4,5,2,0,0,-3.96,0.4151,0.30819,27809
1848,32,0,0,0,6,6,3,0,0,-4.39,0.4148,0.30876,27841
1849,29,0,0,0,12,5,2,0,0,-6.58,0.4145,0.30871,27870
1850,7,0,0,0,0,0,0,1,0,-9.64,0.4142,0.30899,27877
1851,9,0,0,0,2,2,1,0,0,-8.38,0.4139,0.30899,27886
1852,40,0,0,0,8,6,4,0,0,-1.2,0.4135,0.30941,27926
1853,10,0,0,0,4,3,1,0,0,-8.6,0.4132,0.30935,27936
1854,7,0,0,0,2,4,1,0,0,-7.34,0.4129,0.30935,27943
1855,5,0,0,0,3,3,0,0,1,-12.45,0.4126,0.30935,27948
1856,7,0,0,0,2,1,1,0,0,-7.94,0.4123,0.30913,27955
1857,5,0,0,0,2,2,0,0,1,-13.4,0.412,0.30913,27960
1858,5,0,0,0,1,0,0,1,0,-9.9,0.4116,0.30913,27965
1859,28,0,0,0,9,2,2,0,0,-8.96,0.4113,0.30952,27993
1860,29,0,0,0,5,5,3,1,0,-3.13,0.411,0.30926,28022
1861,5,0,0,0,3,3,0,0,1,-12.95,0.4107,0.30926,28027
1862,7,0,0,0,2,2,1,0,0,-7.99,0.4104,0.30924,28034
1863,5,0,0,0,3,2,0,0,1,-12.95,0.4101,0.30924,28039
1864,5,0,0,0,3,2,1,0,0,-8.95,0.4097,0.30924,28044
1865,8,0,0,0,1,1,1,0,0,-8.06,0.4094,0.30928,28052
1866,74,0,0,0,20,12,5,4,0,1.77,0.4091,0.30873,28126
1867,29,0,0,0,7,5,3,1,0,-2.68,0.4088,0.3083,28155
1868,6,0,0,0,4,1,1,0,0,-9.52,0.4085,0.3083,28161
1869,5,0,0,0,1,0,0,1,0,-11.0,0.4082,0.3083,28166
1870,17,0,0,0,3,1,1,1,0,-7.99,0.4078,0.30848,28183
1871,20,0,0,0,5,4,2,1,0,-5.25,0.4075,0.30845,28203
1872,5,0,0,0,3,3,0,0,1,-12.95,0.4072,0.30838,28208
1873,19,0,0,0,5,3,2,1,0,-5.93,0.4069,0.30845,28227
1874,36,1,1,0,11,7,4,1,0,-1.52,0.4066,0.30824,28263
1875,37,1,1,0,13,8,4,1,0,-1.19,0.4062,0.30803,28300
1876,6,0,0,0,1,1,1,0,0,-8.27,0.4059,0.30828,28306
1877,5,0,0,0,3,2,1,0,0,-9.45,0.4056,0.30828,28311
1878,9,0,0,0,4,2,1,0,0,-9.08,0.4053,0.30818,28320
1879,6,0,0,0,1,2,1,0,0,-7.77,0.405,0.30818,28326
1880,5,0,0,0,3,3,1,0,0,-8.95,0.4047,0.30818,28331
1881,7,0,0,0,5,1,0,0,1,-14.09,0.4043,0.30797,28338
1882,5,0,0,0,2,0,0,1,0,-11.1,0.404,0.30797,28343
1883,5,0,0,0,0,1,1,0,0,-9.3,0.4037,0.30797,28348
1884,10,0,0,0,6,3,1,0,0,-9.2,0.4034,0.30765,28358
1885,13,0,0,0,3,4,2,0,0,-4.31,0.4031,0.3075,28371
1886,13,0,0,0,3,2,2,0,0,-5.86,0.4028,0.30684,28384
1887,7,0,0,0,2,0,0,1,0,-10.54,0.4024,0.30684,28391
1888,5,0,0,0,3,2,0,0,1,-13.45,0.4021,0.30684,28396
1889,5,0,0,0,3,3,0,0,1,-12.95,0.4018,0.30688,28401
1890,5,0,0,0,3,1,0,0,1,-13.95,0.4015,0.30688,28406
1891,5,0,0,0,3,1,1,0,0,-9.95,0.4012,0.30688,28411
1892,5,0,0,0,0,1,1,0,0,-8.7,0.4009,0.30678,28416
1893,5,0,0,0,0,0,0,1,0,-9.45,0.4006,0.30678,28421
1894,30,0,0,0,7,4,2,2,0,-6.9,0.4002,0.30657,28451
1895,6,0,0,0,1,1,1,0,0,-8.12,0.3999,0.30657,28457
1896,7,0,0,0,0,0,0,1,0,-10.54,0.3996,0.30632,28464
1897,8,0,0,0,1,1,1,0,0,-7.81,0.3993,0.30632,28472
1898,80,0,0,0,41,3,2,1,0,-8.8,0.399,0.30627,28552
1899,5,0,0,0,2,1,1,0,0,-8.8,0.3987,0.30627,28557
1900,7,0,0,0,0,2,1,0,0,-6.74,0.3983,0.30596,28564
1901,112,0,0,0,14,2,2,13,0,-5.79,0.398,0.30595,28676
1902,5,0,0,0,1,2,0,0,1,-13.35,0.3977,0.30595,28681
1903,6,0,0,0,1,2,1,0,0,-7.37,0.3974,0.30595,28687
1904,5,0,0,0,0,2,1,0,0,-7.3,0.3971,0.30583,28692
1905,5,0,0,0,1,2,0,0,1,-13.35,0.3968,0.30583,28697
1906,7,0,0,0,3,3,0,0,1,-12.99,0.3964,0.30585,28704
1907,27,0,0,0,10,6,4,0,0,-1.94,0.3961,0.30578,28731
1908,5,0,0,0,3,3,1,0,0,-8.95,0.3958,0.30558,28736
1909,20,0,0,0,5,2,2,1,0,-7.4,0.3955,0.30563,28756
1910,40,0,0,0,11,8,3,2,0,-2.25,0.3952,0.30547,28796
1911,5,0,0,0,3,3,0,0,1,-12.45,0.3949,0.30537,28801
1912,50,0,0,0,22,3,2,2,0,-7.1,0.3945,0.30552,28851
1913,67,0,0,0,14,14,6,3,0,4.31,0.3942,0.30571,28918
1914,26,0,0,0,4,8,4,0,0,-0.32,0.3939,0.30577,28944
1915,5,0,0,0,3,1,1,0,0,-9.45,0.3936,0.30577,28949
1916,23,0,0,0,6,6,3,0,0,-3.16,0.3933,0.30585,28972
1917,14,0,0,0,5,4,2,0,0,-7.03,0.393,0.3056,28986
1918,5,0,0,0,3,2,1,0,0,-9.45,0.3926,0.3056,28991
1919,6,0,0,0,1,0,0,1,0,-11.67,0.3923,0.30565,28997
1920,5,0,0,0,3,2,1,0,0,-8.95,0.392,0.30565,29002
1921,19,0,0,0,6,3,2,1,0,-6.28,0.3917,0.30572,29021
1922,12,0,0,0,5,5,2,0,0,-6.29,0.3914,0.3059,29033
1923,6,0,0,0,2,2,1,0,0,-8.32,0.3911,0.3059,29039
1924,5,0,0,0,0,1,1,0,0,-9.3,0.3907,0.30574,29044
1925,12,1,1,0,4,3,2,0,0,-4.39,0.3904,0.30563,29056
1926,21,0,0,0,6,1,1,2,0,-10.37,0.3901,0.30524,29077
1927,5,0,0,0,3,2,1,0,0,-9.45,0.3898,0.30524,29082
1928,5,0,0,0,0,1,0,0,1,-13.8,0.3895,0.30524,29087
1929,45,1,1,0,12,10,5,1,0,2.6,0.3891,0.30565,29132
1930,6,0,0,0,0,0,0,1,0,-9.92,0.3888,0.3055,29138
1931,22,0,0,0,5,5,3,0,0,-3.34,0.3885,0.30554,29160
1932,33,0,0,0,8,7,3,2,0,-3.16,0.3882,0.30563,29193
1933,29,0,0,0,7,6,3,1,0,-2.48,0.3879,0.30549,29222
1934,75,1,1,0,19,15,7,3,0,10.05,0.3876,0.30535,29297
1935,5,0,0,0,2,2,1,0,0,-8.3,0.3872,0.30535,29302
1936,12,0,0,0,4,1,1,1,0,-8.09,0.3869,0.30527,29314
1937,15,1,1,0,6,5,2,0,0,-5.0,0.3866,0.3051,29329
1938,5,0,0,0,3,2,1,0,0,-9.45,0.3863,0.3051,29334
1939,5,0,0,0,1,3,0,0,1,-11.85,0.386,0.3051,29339
1940,7,0,0,0,2,0,0,1,0,-10.29,0.3857,0.30515,29346
1941,5,0,0,0,3,1,1,0,0,-9.95,0.3853,0.30515,29351
1942,5,0,0,0,3,2,0,0,1,-13.45,0.385,0.30515,29356
1943,5,0,0,0,3,1,1,0,0,-9.95,0.3847,0.30513,29361
1944,6,0,0,0,1,1,1,0,0,-8.27,0.3844,0.30513,29367
1945,44,0,0,0,12,12,5,1,0,2.62,0.3841,0.30552,29411
1946,5,0,0,0,2,2,1,0,0,-7.8,0.3838,0.30552,29416
1947,13,0,0,0,6,4,2,0,0,-7.36,0.3834,0.30541,29429
1948,38,0,0,0,9,6,3,2,0,-2.01,0.3831,0.305,29467
1949,8,0,0,0,1,1,1,0,0,-7.56,0.3828,0.30508,29475
1950,15,0,0,0,5,4,2,0,0,-5.35,0.3825,0.30489,29490
1951,20,0,0,0,4,5,2,0,0,-3.75,0.3822,0.30468,29510
1952,22,0,0,0,3,3,2,1,0,-6.44,0.3819,0.30454,29532
1953,8,0,0,0,3,3,1,0,0,-7.16,0.3816,0.30443,29540
1954,5,0,0,0,3,3,0,0,1,-12.95,0.3812,0.30443,29545
1955,5,0,0,0,2,1,1,0,0,-9.9,0.3809,0.30443,29550
1956,5,0,0,0,3,2,1,0,0,-8.95,0.3806,0.30413,29555
1957,5,0,0,0,0,3,0,0,1,-12.3,0.3803,0.30413,29560
1958,5,0,0,0,1,1,1,0,0,-8.75,0.38,0.30413,29565
1959,66,1,1,0,20,6,4,5,0,-1.27,0.3797,0.30386,29631
1960,31,0,0,0,10,5,3,1,0,-5.12,0.3793,0.30382,29662
1961,6,0,0,0,1,2,1,0,0,-8.12,0.379,0.30385,29668
1962,5,0,0,0,0,2,0,0,1,-12.8,0.3787,0.30385,29673
1963,12,0,0,0,3,4,2,0,0,-6.79,0.3784,0.30381,29685
1964,15,0,0,0,5,4,2,0,0,-5.9,0.3781,0.30353,29700
1965,27,0,0,0,7,7,3,1,0,-3.24,0.3778,0.30343,29727
1966,5,0,0,0,3,1,0,0,1,-13.95,0.3774,0.30318,29732
1967,44,0,0,0,8,7,3,3,0,-1.28,0.3771,0.30314,29776
1968,12,0,0,0,4,6,2,0,0,-4.64,0.3768,0.30314,29788
1969,7,0,0,0,3,2,0,0,1,-12.99,0.3765,0.30328,29795
1970,5,0,0,0,3,1,1,0,0,-9.95,0.3762,0.30328,29800
1971,5,0,0,0,3,3,0,0,1,-12.95,0.3759,0.30328,29805
1972,12,0,0,0,5,3,2,0,0,-6.89,0.3755,0.30316,29817
1973,5,0,0,0,3,2,0,0,1,-13.45,0.3752,0.30316,29822
1974,5,0,0,0,1,2,1,0,0,-7.2,0.3749,0.30306,29827
1975,20,0,0,0,1,2,2,1,0,-6.05,0.3746,0.30304,29847
1976,5,0,0,0,3,1,1,0,0,-9.95,0.3743,0.30304,29852
1977,11,0,0,0,1,1,1,0,0,-8.87,0.374,0.30274,29863
1978,22,0,0,0,3,4,2,1,0,-4.64,0.3736,0.30248,29885
1979,21,0,0,0,5,7,3,0,0,-3.42,0.3733,0.30259,29906
1980,5,0,0,0,2,1,1,0,0,-8.85,0.373,0.30259,29911
1981,12,0,0,0,4,5,2,0,0,-5.19,0.3727,0.30244,29923
1982,9,0,0,0,4,0,0,1,0,-10.43,0.3724,0.30244,29932
1983,5,0,0,0,1,0,0,1,0,-9.9,0.372,0.30244,29937
1984,21,0,0,0,2,7,2,1,0,-3.32,0.3717,0.30254,29958
1985,20,0,0,0,8,5,3,0,0,-5.85,0.3714,0.30244,29978
1986,5,0,0,0,2,1,1,0,0,-8.8,0.3711,0.30244,29983
1987,5,0,0,0,1,1,1,0,0,-8.75,0.3708,0.30225,29988
1988,14,0,0,0,2,1,1,1,0,-8.53,0.3705,0.30236,30002
1989,6,0,0,0,3,1,1,0,0,-9.97,0.3701,0.30236,30008
1990,5,0,0,0,3,2,1,0,0,-9.45,0.3698,0.30236,30013
1991,5,0,0,0,0,0,0,1,0,-10.45,0.3695,0.30235,30018
1992,14,0,0,0,2,5,2,0,0,-5.58,0.3692,0.30249,30032
1993,64,0,0,0,18,12,6,3,0,4.02,0.3689,0.30168,30096
1994,13,0,0,0,6,4,2,0,0,-7.01,0.3686,0.30168,30109
1995,37,2,2,0,8,8,3,2,0,1.31,0.3682,0.30247,30146
1996,7,0,0,0,0,3,1,0,0,-6.99,0.3679,0.30247,30153
1997,34,0,0,0,11,5,3,2,0,-4.68,0.3676,0.30266,30187
1998,5,0,0,0,3,3,0,0,1,-12.45,0.3673,0.30307,30192
1999,19,0,0,0,7,5,3,0,0,-5.23,0.367,0.30319,30211
2000,5,0,0,0,3,3,0,0,1,-12.95,0.3667,0.30319,30216
2001,19,0,0,0,2,3,2,1,0,-5.53,0.3663,0.30327,30235
2002,5,0,0,0,3,2,1,0,0,-9.45,0.366,0.30302,30240
2003,5,0,0,0,3,3,1,0,0,-8.95,0.3657,0.30302,30245
2004,48,0,0,0,15,8,3,2,0,-3.71,0.3654,0.30349,30293
2005,5,0,0,0,1,0,0,1,0,-11.6,0.3651,0.30349,30298
2006,51,0,0,0,19,9,5,0,0,0.33,0.3648,0.30404,30349
2007,43,0,0,0,18,2,2,1,0,-7.71,0.3644,0.30463,30392
2008,5,0,0,0,3,1,1,0,0,-9.95,0.3641,0.30463,30397
2009,36,0,0,0,7,6,3,1,0,-4.47,0.3638,0.30478,30433
2010,20,0,0,0,4,4,2,1,0,-5.45,0.3635,0.30509,30453
2011,35,0,0,0,8,7,5,0,0,-0.2,0.3632,0.3045,30488
2012,7,0,0,0,2,2,1,0,0,-7.99,0.3629,0.3045,30495
2013,5,0,0,0,2,1,0,0,1,-13.4,0.3626,0.30454,30500
2014,23,0,0,0,4,3,3,0,0,-4.31,0.3622,0.30423,30523
2015,36,0,0,0,11,6,4,1,0,-3.62,0.3619,0.3039,30559
2016,5,0,0,0,3,1,1,0,0,-9.95,0.3616,0.30353,30564
2017,38,0,0,0,16,9,4,1,0,-1.96,0.3613,0.30325,30602
2018,5,0,0,0,3,2,1,0,0,-9.45,0.361,0.30325,30607
2019,6,0,0,0,5,3,0,0,1,-13.07,0.3607,0.30331,30613
2020,5,0,0,0,1,1,1,0,0,-8.25,0.3603,0.30331,30618
2021,5,0,0,0,0,1,1,0,0,-9.25,0.36,0.30331,30623
2022,24,0,0,0,7,3,3,0,0,-4.08,0.3597,0.30316,30647
2023,5,0,0,0,3,2,1,0,0,-9.45,0.3594,0.30316,30652
2024,5,0,0,0,1,2,1,0,0,-8.85,0.3591,0.3032,30657
2025,19,0,0,0,4,3,3,0,0,-4.08,0.3588,0.30319,30676
2026,13,0,0,0,6,3,1,1,0,-8.21,0.3584,0.30328,30689
2027,31,0,0,0,10,4,2,2,0,-7.22,0.3581,0.30324,30720
2028,67,0,0,0,10,7,3,6,0,-1.54,0.3578,0.30293,30787
2029,12,0,0,0,2,6,2,0,0,-3.24,0.3575,0.30293,30799
2030,8,0,0,0,4,1,1,0,0,-10.06,0.3572,0.30296,30807
2031,77,0,0,0,18,15,7,3,0,5.76,0.3569,0.30273,30884
2032,5,0,0,0,3,2,0,0,1,-13.45,0.3565,0.30273,30889
2033,5,0,0,0,3,2,0,0,1,-13.45,0.3562,0.30273,30894
2034,42,0,0,0,12,7,5,1,0,1.41,0.3559,0.30192,30936
2035,5,0,0,0,2,2,1,0,0,-8.3,0.3556,0.30192,30941
2036,13,0,0,0,5,5,2,0,0,-5.21,0.3553,0.30145,30954
2037,5,0,0,0,1,0,0,1,0,-11.55,0.3549,0.30145,30959
2038,5,0,0,0,0,2,1,0,0,-7.3,0.3546,0.30104,30964
2039,34,0,0,0,5,9,4,1,0,0.62,0.3543,0.30033,30998
2040,21,0,0,0,6,1,1,2,0,-7.92,0.354,0.3001,31019
2041,13,0,0,0,5,5,1,1,0,-8.06,0.3537,0.29997,31032
2042,5,0,0,0,2,1,1,0,0,-8.8,0.3534,0.29997,31037
2043,28,0,0,0,11,4,3,1,0,-5.81,0.353,0.30025,31065
2044,7,0,0,0,2,0,0,1,0,-11.69,0.3527,0.29988,31072
2045,12,0,0,0,5,2,1,1,0,-8.14,0.3524,0.29988,31084
2046,7,0,0,0,0,1,1,0,0,-7.94,0.3521,0.2997,31091
2047,5,0,0,0,2,2,0,0,1,-13.4,0.3518,0.2997,31096
2048,5,0,0,0,1,1,1,0,0,-9.85,0.3515,0.2997,31101
2049,6,0,0,0,1,1,1,0,0,-7.77,0.3511,0.29953,31107
2050,47,2,2,0,15,7,5,0,0,2.41,0.3508,0.29924,31154
2051,40,0,0,0,9,6,2,3,0,-2.6,0.3505,0.2992,31194
2052,48,0,0,0,11,9,5,1,0,-0.96,0.3502,0.29918,31242
2053,5,0,0,0,3,1,1,0,0,-9.95,0.3499,0.29918,31247
2054,6,0,0,0,1,2,1,0,0,-7.62,0.3496,0.29909,31253
2055,12,0,0,0,1,2,1,1,0,-7.79,0.3492,0.29895,31265
2056,44,0,0,0,13,6,2,4,0,-6.23,0.3489,0.29868,31309
2057,13,0,0,0,4,3,2,0,0,-6.41,0.3486,0.2986,31322
2058,5,0,0,0,0,1,0,0,1,-13.3,0.3483,0.2986,31327
2059,53,2,2,0,12,7,5,2,0,3.64,0.348,0.29846,31380
2060,5,0,0,0,2,2,1,0,0,-8.85,0.3477,0.29846,31385
2061,37,1,1,0,7,8,4,1,0,0.71,0.3473,0.29823,31422
2062,21,0,0,0,4,5,3,0,0,-3.37,0.347,0.29854,31443
2063,5,0,0,0,1,2,0,0,1,-13.35,0.3467,0.29854,31448
2064,5,0,0,0,1,1,0,0,1,-13.85,0.3464,0.29854,31453
2065,18,0,0,0,4,4,2,0,0,-5.01,0.3461,0.29829,31471
2066,5,0,0,0,3,1,1,0,0,-9.95,0.3458,0.29805,31476
2067,12,0,0,0,1,2,2,0,0,-6.44,0.3455,0.29806,31488
2068,5,0,0,0,2,1,1,0,0,-8.8,0.3451,0.29806,31493
2069,19,0,0,0,4,3,1,2,0,-7.13,0.3448,0.29797,31512
2070,21,0,0,0,6,4,3,0,0,-5.57,0.3445,0.29771,31533
2071,6,0,0,0,4,2,0,0,1,-13.52,0.3442,0.29775,31539
2072,12,0,0,0,4,4,2,0,0,-6.29,0.3439,0.29775,31551
2073,5,0,0,0,3,1,1,0,0,-9.95,0.3436,0.29779,31556
2074,5,0,0,0,3,2,1,0,0,-9.45,0.3432,0.29779,31561
2075,24,0,0,0,7,5,3,0,0,-2.83,0.3429,0.29773,31585
2076,5,0,0,0,3,3,0,0,1,-12.45,0.3426,0.29773,31590
2077,9,0,0,0,2,1,1,0,0,-8.13,0.3423,0.29773,31599
2078,43,0,0,0,14,1,1,4,0,-7.96,0.342,0.29777,31642
2079,20,1,1,0,5,5,3,0,0,-1.3,0.3417,0.29786,31662
2080,15,0,0,0,5,5,1,1,0,-5.4,0.3413,0.29811,31677
2081,5,0,0,0,3,2,0,0,1,-13.45,0.341,0.29851,31682
2082,5,0,0,0,3,3,1,0,0,-8.95,0.3407,0.29851,31687
2083,5,0,0,0,3,2,1,0,0,-9.45,0.3404,0.29851,31692
2084,39,0,0,0,12,6,4,1,0,-2.68,0.3401,0.29826,31731
2085,5,0,0,0,1,2,0,0,1,-13.35,0.3398,0.29826,31736
2086,5,0,0,0,2,1,1,0,0,-9.9,0.3394,0.29826,31741
2087,31,0,0,0,7,7,4,0,0,-0.62,0.3391,0.29787,31772
2088,5,0,0,0,3,2,1,0,0,-8.95,0.3388,0.29785,31777
2089,8,0,0,0,0,1,1,0,0,-8.16,0.3385,0.29785,31785
2090,8,0,0,0,1,2,1,0,0,-7.31,0.3382,0.29781,31793
2091,5,0,0,0,1,3,0,0,1,-12.35,0.3379,0.29781,31798
2092,12,0,0,0,2,3,2,0,0,-5.64,0.3375,0.29811,31810
2093,5,0,0,0,1,3,1,0,0,-7.75,0.3372,0.29811,31815
2094,5,0,0,0,1,0,0,1,0,-10.5,0.3369,0.29811,31820
2095,20,0,0,0,4,4,3,0,0,-5.2,0.3366,0.29833,31840
2096,5,0,0,0,1,2,1,0,0,-9.35,0.3363,0.29833,31845
2097,28,0,0,0,7,7,3,1,0,-3.01,0.336,0.29805,31873
2098,5,0,0,0,3,2,1,0,0,-8.95,0.3356,0.29805,31878
2099,7,0,0,0,2,3,1,0,0,-7.34,0.3353,0.29805,31885
2100,5,0,0,0,0,2,1,0,0,-6.8,0.335,0.29767,31890
2101,34,0,0,0,13,14,4,0,0,0.87,0.3347,0.29762,31924
2102,19,0,0,0,4,6,3,0,0,-1.98,0.3344,0.29788,31943
2103,5,0,0,0,1,1,1,0,0,-8.75,0.3341,0.29788,31948
2104,12,0,0,0,2,3,2,0,0,-6.14,0.3337,0.29752,31960
2105,5,0,0,0,1,1,0,0,1,-13.85,0.3334,0.29752,31965
2106,36,1,1,0,10,7,4,1,0,-1.07,0.3331,0.29699,32001
2107,34,0,0,0,5,4,3,2,0,-3.68,0.3328,0.29704,32035
2108,5,0,0,0,3,1,0,0,1,-13.95,0.3325,0.29704,32040
2109,5,0,0,0,3,3,1,0,0,-8.45,0.3322,0.29704,32045
2110,7,0,0,0,3,1,1,0,0,-9.94,0.3318,0.29686,32052
2111,5,0,0,0,3,2,1,0,0,-9.45,0.3315,0.29686,32057
2112,5,0,0,0,0,1,0,0,1,-13.8,0.3312,0.29686,32062
2113,124,2,2,0,25,10,6,11,0,7.87,0.3309,0.29576,32186
2114,13,0,0,0,4,3,2,0,0,-6.96,0.3306,0.29579,32199
2115,5,0,0,0,2,2,1,0,0,-8.35,0.3303,0.29579,32204
2116,5,0,0,0,3,2,0,0,1,-13.45,0.3299,0.29531,32209
2117,23,0,0,0,8,10,3,0,0,-0.81,0.3296,0.29512,32232
2118,21,0,0,0,6,4,3,0,0,-3.37,0.3293,0.29492,32253
2119,86,0,0,0,53,2,2,3,0,-9.92,0.329,0.29443,32339
2120,21,0,0,0,5,5,2,0,0,-4.97,0.3287,0.29434,32360
2121,17,0,0,0,3,3,1,1,0,-6.59,0.3284,0.29418,32377
2122,5,0,0,0,3,1,1,0,0,-9.45,0.328,0.29418,32382
2123,109,0,0,0,24,4,4,11,0,-1.53,0.3277,0.29352,32491
2124,5,0,0,0,1,2,1,0,0,-9.35,0.3274,0.29363,32496
2125,44,1,1,0,8,5,3,3,0,-1.08,0.3271,0.29357,32540
2126,5,0,0,0,2,1,1,0,0,-9.9,0.3268,0.29351,32545
2127,19,0,0,0,6,3,2,1,0,-6.03,0.3265,0.29346,32564
2128,12,0,0,0,4,3,2,0,0,-6.64,0.3261,0.29342,32576
2129,5,0,0,0,3,1,1,0,0,-9.95,0.3258,0.29342,32581
2130,27,0,0,0,7,10,4,0,0,1.76,0.3255,0.29329,32608
2131,6,0,0,0,4,3,0,0,1,-12.52,0.3252,0.29329,32614
2132,5,0,0,0,3,2,0,0,1,-13.45,0.3249,0.29329,32619
2133,35,0,0,0,4,1,1,4,0,-7.1,0.3246,0.29298,32654
2134,14,0,0,0,2,3,2,0,0,-6.58,0.3242,0.29286,32668
2135,12,0,0,0,2,1,1,1,0,-8.34,0.3239,0.29262,32680
2136,58,0,0,0,14,3,3,5,0,-3.51,0.3236,0.29177,32738
2137,5,0,0,0,3,0,0,1,0,-11.1,0.3233,0.29177,32743
2138,5,0,0,0,1,0,0,1,0,-11.05,0.323,0.29177,32748
2139,5,0,0,0,2,0,0,1,0,-11.65,0.3227,0.29166,32753
2140,5,0,0,0,0,1,1,0,0,-8.7,0.3223,0.29166,32758
2141,7,0,0,0,4,1,1,0,0,-8.94,0.322,0.29166,32765
2142,5,0,0,0,3,2,0,0,1,-13.45,0.3217,0.2917,32770
2143,5,0,0,0,0,1,1,0,0,-7.8,0.3214,0.2917,32775
2144,5,0,0,0,3,3,0,0,1,-12.95,0.3211,0.2917,32780
2145,34,0,0,0,9,5,2,3,0,-3.73,0.3208,0.29196,32814
2146,5,0,0,0,2,3,0,0,1,-12.9,0.3204,0.29211,32819
2147,6,0,0,0,2,2,0,0,1,-12.92,0.3201,0.29211,32825
2148,5,0,0,0,3,4,0,0,1,-12.45,0.3198,0.29211,32830
2149,16,0,0,0,6,5,2,0,0,-5.87,0.3195,0.2919,32846
2150,13,0,0,0,5,3,2,0,0,-7.41,0.3192,0.29161,32859
2151,32,0,0,0,8,5,2,2,0,-4.89,0.3189,0.29175,32891
2152,5,0,0,0,2,2,1,0,0,-8.85,0.3185,0.29179,32896
2153,6,0,0,0,1,0,0,1,0,-10.47,0.3182,0.29179,32902
2154,5,0,0,0,1,0,0,1,0,-10.45,0.3179,0.29179,32907
2155,6,0,0,0,1,0,0,1,0,-9.97,0.3176,0.29175,32913
2156,14,0,0,0,4,4,2,0,0,-5.28,0.3173,0.29175,32927
2157,13,0,0,0,4,3,2,0,0,-7.26,0.317,0.29185,32940
2158,5,0,0,0,3,1,1,0,0,-9.95,0.3166,0.29224,32945
2159,58,0,0,0,22,7,3,2,0,-4.96,0.3163,0.29201,33003
2160,6,0,0,0,4,2,0,0,1,-13.02,0.316,0.29185,33009
2161,22,0,0,0,4,5,3,0,0,-4.24,0.3157,0.29171,33031
2162,5,0,0,0,1,0,0,1,0,-10.5,0.3154,0.29171,33036
2163,7,0,0,0,2,1,1,0,0,-9.34,0.3151,0.29178,33043
2164,20,0,0,0,4,9,2,0,0,-2.5,0.3147,0.29221,33063
2165,14,0,0,0,4,2,2,0,0,-5.53,0.3144,0.29238,33077
2166,14,0,0,0,4,5,2,0,0,-4.28,0.3141,0.29235,33091
2167,9,0,0,0,0,2,1,0,0,-7.53,0.3138,0.29235,33100
2168,13,0,0,0,3,6,2,0,0,-3.76,0.3135,0.29265,33113
2169,5,0,0,0,3,1,0,0,1,-13.95,0.3132,0.29265,33118
2170,52,0,0,0,13,7,3,2,0,-2.24,0.3128,0.29256,33170
2171,10,0,0,0,1,3,1,0,0,-7.85,0.3125,0.29256,33180
2172,5,0,0,0,3,1,1,0,0,-9.95,0.3122,0.29269,33185
2173,15,0,0,0,1,6,2,0,0,-4.15,0.3119,0.29253,33200
2174,7,0,0,0,0,5,1,0,0,-5.74,0.3116,0.29253,33207
2175,21,0,0,0,5,4,3,0,0,-5.52,0.3113,0.29265,33228
2176,5,0,0,0,1,1,0,0,1,-13.85,0.3109,0.29268,33233
2177,5,0,0,0,3,3,0,0,1,-12.95,0.3106,0.29268,33238
2178,19,0,0,0,1,5,3,0,0,-3.33,0.3103,0.29255,33257
2179,8,0,0,0,1,2,1,0,0,-7.56,0.31,0.29272,33265
2180,34,0,0,0,8,8,4,1,0,-2.03,0.3097,0.29253,33299
2181,20,0,0,0,3,3,1,1,0,-8.25,0.3094,0.29259,33319
2182,50,0,0,0,8,5,4,3,0,-0.9,0.309,0.29254,33369
2183,23,0,0,0,3,7,3,0,0,-2.81,0.3087,0.29208,33392
2184,15,0,0,0,3,4,2,0,0,-4.85,0.3084,0.29208,33407
2185,5,0,0,0,3,1,1,0,0,-9.95,0.3081,0.29225,33412
2186,44,0,0,0,13,9,4,2,0,-0.98,0.3078,0.29194,33456
2187,20,0,0,0,3,6,3,0,0,-1.45,0.3075,0.29195,33476
2188,5,0,0,0,2,2,1,0,0,-8.3,0.3071,0.29195,33481
2189,15,0,0,0,4,2,2,0,0,-8.05,0.3068,0.29168,33496
2190,5,0,0,0,2,1,1,0,0,-9.9,0.3065,0.29168,33501
2191,5,0,0,0,0,0,0,1,0,-10.45,0.3062,0.29187,33506
2192,75,0,0,0,13,8,4,6,0,1.5,0.3059,0.29216,33581
2193,52,1,1,0,15,7,5,2,0,1.61,0.3056,0.29185,33633
2194,21,0,0,0,6,3,2,1,0,-5.72,0.3052,0.29177,33654
2195,14,0,0,0,5,3,1,1,0,-8.68,0.3049,0.29188,33668
2196,14,0,0,0,5,4,2,0,0,-6.93,0.3046,0.29175,33682
2197,5,0,0,0,0,0,0,1,0,-9.55,0.3043,0.29175,33687
2198,5,0,0,0,1,0,0,1,0,-11.6,0.304,0.29175,33692
2199,42,0,0,0,8,7,3,3,0,-3.54,0.3037,0.29202,33734
2200,5,0,0,0,3,1,1,0,0,-9.95,0.3033,0.29202,33739
2201,7,0,0,0,2,0,0,1,0,-9.89,0.303,0.29198,33746
2202,20,0,0,0,5,4,2,1,0,-4.5,0.3027,0.29206,33766
2203,6,0,0,0,3,1,1,0,0,-9.42,0.3024,0.29206,33772
2204,45,0,0,0,7,5,3,3,0,-2.55,0.3021,0.29211,33817
2205,102,1,1,0,22,24,10,3,0,18.81,0.3018,0.29218,33919
2206,5,0,0,0,3,2,1,0,0,-9.45,0.3014,0.29199,33924
2207,12,0,0,0,5,2,2,0,0,-7.74,0.3011,0.29201,33936
2208,29,0,0,0,5,2,1,3,0,-6.73,0.3008,0.29199,33965
2209,5,0,0,0,3,3,0,0,1,-12.95,0.3005,0.29211,33970
2210,25,1,1,0,2,4,2,1,0,-2.9,0.3002,0.2917,33995
2211,7,0,0,0,1,2,0,0,1,-12.89,0.2999,0.29214,34002
2212,28,0,0,0,5,8,4,0,0,-1.46,0.2995,0.29239,34030
2213,19,0,0,0,4,2,1,2,0,-7.63,0.2992,0.29361,34049
2214,13,0,0,0,1,4,2,0,0,-4.36,0.2989,0.29361,34062
2215,6,0,0,0,1,1,1,0,0,-7.87,0.2986,0.29417,34068
2216,13,0,0,0,6,2,1,1,0,-9.41,0.2983,0.29448,34081
2217,6,0,0,0,4,1,0,0,1,-14.02,0.298,0.29448,34087
2218,5,0,0,0,3,3,0,0,1,-12.95,0.2976,0.29448,34092
2219,6,0,0,0,2,0,0,1,0,-11.67,0.2973,0.29462,34098
2220,18,0,0,0,6,1,1,1,0,-7.86,0.297,0.29525,34116
2221,40,1,1,0,9,8,3,2,0,-0.1,0.2967,0.29613,34156
2222,93,1,1,0,19,8,5,8,0,4.04,0.2964,0.29913,34249
2223,6,0,0,0,4,1,0,0,1,-13.52,0.2961,0.29913,34255
2224,48,1,1,0,11,9,5,2,0,4.54,0.2957,0.29945,34303
2225,12,0,0,0,1,3,2,0,0,-7.04,0.2954,0.30008,34315
2226,21,0,0,0,6,7,3,0,0,-3.17,0.2951,0.30128,34336
2227,32,0,0,0,4,5,4,0,0,-1.14,0.2948,0.30227,34368
2228,9,0,0,0,3,0,0,1,0,-10.73,0.2945,0.30227,34377
2229,5,0,0,0,0,0,0,1,0,-11.55,0.2942,0.30227,34382
2230,7,0,0,0,3,3,1,0,0,-8.49,0.2938,0.30282,34389
2231,23,0,0,0,5,2,1,2,0,-7.81,0.2935,0.30286,34412
2232,8,0,0,0,2,4,1,0,0,-6.86,0.2932,0.30305,34420
2233,7,0,0,0,2,0,0,1,0,-9.89,0.2929,0.30305,34427
2234,7,0,0,0,3,2,1,0,0,-9.44,0.2926,0.30344,34434
2235,5,0,0,0,1,1,0,0,1,-13.85,0.2923,0.30344,34439
2236,5,0,0,0,1,3,0,0,1,-12.85,0.2919,0.30344,34444
2237,75,0,0,0,15,6,4,6,0,-1.25,0.2916,0.30498,34519
2238,29,0,0,0,5,4,3,1,0,-3.13,0.2913,0.30535,34548
2239,5,0,0,0,3,2,0,0,1,-12.95,0.291,0.30535,34553
2240,88,0,0,0,25,5,2,10,0,-5.51,0.2907,0.30704,34641
2241,5,0,0,0,3,1,1,0,0,-9.45,0.2903,0.30704,34646
2242,5,0,0,0,3,1,1,0,0,-9.95,0.29,0.30704,34651
2243,5,0,0,0,3,1,1,0,0,-9.95,0.2897,0.30748,34656
2244,5,0,0,0,1,0,0,1,0,-11.6,0.2894,0.30748,34661
2245,16,0,0,0,4,3,1,1,0,-6.82,0.2891,0.30775,34677
2246,5,0,0,0,3,1,1,0,0,-9.95,0.2888,0.30775,34682
2247,19,0,0,0,1,0,0,3,0,-9.48,0.2884,0.30789,34701
2248,71,1,1,0,16,11,7,2,0,7.48,0.2881,0.30993,34772
2249,33,0,0,0,9,2,2,3,0,-6.21,0.2878,0.31039,34805
2250,6,0,0,0,1,0,0,1,0,-9.82,0.2875,0.31039,34811
2251,41,0,0,0,13,10,5,1,0,2.93,0.2872,0.31199,34852
2252,5,0,0,0,1,2,1,0,0,-8.3,0.2869,0.31199,34857
2253,74,2,2,0,14,8,6,4,0,6.62,0.2866,0.3131,34931
2254,5,0,0,0,0,1,1,0,0,-8.7,0.2862,0.3131,34936
2255,5,0,0,0,1,2,1,0,0,-8.8,0.2859,0.3131,34941
2256,27,1,1,0,7,6,3,1,0,-1.04,0.2856,0.3136,34968
2257,5,0,0,0,3,3,0,0,1,-12.45,0.2853,0.3136,34973
2258,43,0,0,0,11,4,3,3,0,-3.11,0.285,0.31468,35016
2259,22,0,0,0,3,3,2,1,0,-5.84,0.2847,0.31505,35038
2260,28,0,0,0,8,3,3,1,0,-4.11,0.2843,0.31609,35066
2261,12,0,0,0,4,2,2,0,0,-7.29,0.284,0.31639,35078
2262,5,0,0,0,0,1,1,0,0,-7.8,0.2837,0.31639,35083
2263,5,0,0,0,0,1,1,0,0,-9.8,0.2834,0.31655,35088
2264,5,0,0,0,3,2,0,0,1,-12.95,0.2831,0.31655,35093
2265,5,0,0,0,1,1,1,0,0,-8.75,0.2828,0.31655,35098
2266,5,0,0,0,3,3,0,0,1,-12.95,0.2824,0.31655,35103
2267,5,0,0,0,3,2,0,0,1,-13.45,0.2821,0.31667,35108
2268,43,1,1,0,10,5,3,3,0,-1.56,0.2818,0.31753,35151
2269,6,0,0,0,1,2,1,0,0,-7.37,0.2815,0.31773,35157
2270,44,0,0,0,10,4,3,3,0,-3.58,0.2812,0.31845,35201
2271,5,0,0,0,3,3,0,0,1,-12.45,0.2809,0.31845,35206
2272,35,1,1,0,12,8,5,0,0,-0.7,0.2805,0.31838,35241
2273,5,0,0,0,0,1,0,0,1,-13.3,0.2802,0.31838,35246
2274,13,0,0,0,5,2,1,1,0,-8.81,0.2799,0.31869,35259
2275,5,0,0,0,1,2,1,0,0,-8.25,0.2796,0.31899,35264
2276,5,0,0,0,3,2,0,0,1,-13.45,0.2793,0.31899,35269
2277,10,0,0,0,6,4,0,0,1,-12.2,0.279,0.31899,35279
2278,5,0,0,0,1,2,0,0,1,-12.85,0.2786,0.31905,35284
2279,5,0,0,0,0,0,0,1,0,-10.4,0.2783,0.31905,35289
2280,5,0,0,0,0,1,1,0,0,-8.7,0.278,0.31905,35294
2281,5,0,0,0,3,2,0,0,1,-12.95,0.2777,0.31914,35299
2282,5,0,0,0,3,2,0,0,1,-12.95,0.2774,0.31914,35304
2283,5,0,0,0,1,2,0,0,1,-13.35,0.2771,0.31914,35309
2284,6,0,0,0,1,2,1,0,0,-7.92,0.2767,0.31962,35315
2285,5,0,0,0,3,1,1,0,0,-9.45,0.2764,0.31962,35320
2286,12,0,0,0,2,3,2,0,0,-4.74,0.2761,0.31961,35332
2287,55,2,2,0,9,9,5,3,0,5.15,0.2758,0.32065,35387
2288,15,0,0,0,4,4,2,0,0,-6.05,0.2755,0.32122,35402
2289,12,0,0,0,3,4,2,0,0,-5.69,0.2752,0.32153,35414
2290,38,0,0,0,7,4,3,2,0,-3.21,0.2748,0.32212,35452
2291,5,0,0,0,3,2,0,0,1,-13.45,0.2745,0.32224,35457
2292,5,0,0,0,3,2,1,0,0,-8.95,0.2742,0.32224,35462
2293,5,0,0,0,3,2,0,0,1,-13.45,0.2739,0.32224,35467
2294,35,1,1,0,10,7,4,1,0,0.55,0.2736,0.32279,35502
2295,7,0,0,0,1,0,0,1,0,-11.64,0.2732,0.3231,35509
2296,84,0,0,0,16,6,5,7,0,-0.13,0.2729,0.32427,35593
2297,5,0,0,0,3,2,0,0,1,-13.45,0.2726,0.32427,35598
2298,5,0,0,0,0,2,0,0,1,-12.8,0.2723,0.32446,35603
2299,86,0,0,0,23,8,4,7,0,1.63,0.272,0.3263,35689
2300,41,0,0,0,9,9,4,2,0,-0.22,0.2717,0.32664,35730
2301,12,0,0,0,5,5,2,0,0,-6.39,0.2713,0.32664,35742
2302,66,0,0,0,18,8,4,5,0,-1.17,0.271,0.32798,35808
2303,5,0,0,0,1,1,1,0,0,-9.85,0.2707,0.32798,35813
2304,59,0,0,0,15,6,4,4,0,-0.73,0.2704,0.32822,35872
2305,12,0,0,0,4,2,1,1,0,-7.99,0.2701,0.32822,35884
2306,13,0,0,0,5,1,1,1,0,-8.56,0.2698,0.32852,35897
2307,41,1,1,0,10,10,4,2,0,2.48,0.2694,0.32977,35938
2308,80,2,2,0,15,11,6,5,0,6.4,0.2691,0.33081,36018
2309,5,0,0,0,0,2,1,0,0,-9.3,0.2688,0.33081,36023
2310,5,0,0,0,1,2,0,0,1,-13.35,0.2685,0.33081,36028
2311,5,0,0,0,2,2,0,0,1,-13.4,0.2682,0.33097,36033
2312,5,0,0,0,1,2,0,0,1,-12.85,0.2679,0.33097,36038
2313,5,0,0,0,3,2,1,0,0,-9.45,0.2676,0.33097,36043
2314,5,0,0,0,3,2,0,0,1,-13.45,0.2672,0.33108,36048
2315,22,0,0,0,7,6,3,0,0,-3.49,0.2669,0.33137,36070
2316,5,0,0,0,1,2,0,0,1,-13.35,0.2666,0.33137,36075
2317,13,0,0,0,2,3,2,0,0,-7.81,0.2663,0.33185,36088
2318,6,0,0,0,1,0,0,1,0,-9.62,0.266,0.33185,36094
2319,5,0,0,0,3,2,0,0,1,-12.95,0.2657,0.33177,36099
2320,89,1,1,0,21,12,7,4,0,7.62,0.2653,0.3328,36188
2321,14,0,0,0,6,3,2,0,0,-6.53,0.265,0.33317,36202
2322,5,0,0,0,0,1,1,0,0,-8.7,0.2647,0.33317,36207
2323,5,0,0,0,0,1,1,0,0,-8.2,0.2644,0.33313,36212
2324,13,0,0,0,2,2,2,0,0,-7.61,0.2641,0.33323,36225
2325,15,0,0,0,5,1,1,1,0,-8.45,0.2638,0.33323,36240
2326,22,0,0,0,3,4,3,0,0,-4.29,0.2634,0.33351,36262
2327,6,0,0,0,1,1,1,0,0,-7.87,0.2631,0.33351,36268
2328,58,0,0,0,14,12,5,2,0,2.69,0.2628,0.33462,36326
2329,51,0,0,0,11,15,7,0,0,6.33,0.2625,0.33545,36377
2330,46,0,0,0,8,3,3,3,0,-4.82,0.2622,0.33659,36423
2331,8,0,0,0,1,2,1,0,0,-6.91,0.2619,0.33659,36431
2332,52,0,0,0,8,2,2,4,0,-5.99,0.2615,0.33755,36483
2333,5,0,0,0,3,3,0,0,1,-12.45,0.2612,0.33755,36488
2334,21,0,0,0,0,3,2,1,0,-5.67,0.2609,0.33822,36509
2335,30,0,0,0,9,4,3,0,0,-4.2,0.2606,0.33841,36539
2336,22,0,0,0,5,7,3,0,0,-2.34,0.2603,0.33893,36561
2337,5,0,0,0,3,2,1,0,0,-8.95,0.26,0.33893,36566
2338,5,0,0,0,3,1,1,0,0,-9.95,0.2596,0.33893,36571
2339,22,0,0,0,7,3,2,1,0,-8.29,0.2593,0.339,36593
2340,29,0,0,0,4,6,3,1,0,-4.58,0.259,0.33947,36622
2341,12,0,0,0,2,1,1,1,0,-7.49,0.2587,0.33936,36634
2342,7,0,0,0,0,1,1,0,0,-7.99,0.2584,0.33954,36641
2343,42,0,0,0,11,10,5,1,0,0.36,0.2581,0.34016,36683
2344,26,1,1,0,8,3,2,2,0,-2.97,0.2577,0.34093,36709
2345,5,0,0,0,2,0,0,1,0,-10.5,0.2574,0.34093,36714
2346,5,0,0,0,1,3,0,0,1,-12.35,0.2571,0.34093,36719
2347,5,0,0,0,3,2,0,0,1,-12.45,0.2568,0.34123,36724
2348,5,0,0,0,3,3,0,0,1,-12.45,0.2565,0.34123,36729
2349,20,0,0,0,8,5,2,1,0,-6.6,0.2561,0.34163,36749
2350,15,0,0,0,3,3,2,0,0,-6.7,0.2558,0.34206,36764
2351,5,0,0,0,3,2,1,0,0,-9.45,0.2555,0.34242,36769
2352,5,0,0,0,2,2,1,0,0,-8.9,0.2552,0.34242,36774
2353,5,0,0,0,1,2,1,0,0,-9.35,0.2549,0.34242,36779
2354,5,0,0,0,3,3,0,0,1,-12.95,0.2546,0.3425,36784
2355,5,0,0,0,3,2,0,0,1,-13.45,0.2542,0.3425,36789
2356,40,0,0,0,9,8,3,3,0,-1.8,0.2539,0.34284,36829
2357,178,2,2,0,41,11,8,16,0,11.54,0.2536,0.34527,37007
2358,50,0,0,0,31,2,1,2,0,-8.95,0.2533,0.34595,37057
2359,21,1,1,0,4,10,3,0,0,-0.02,0.253,0.3464,37078
2360,12,0,0,0,3,4,2,0,0,-5.59,0.2527,0.34663,37090
2361,77,0,0,0,14,5,3,8,0,-0.84,0.2523,0.34699,37167
2362,5,0,0,0,3,1,1,0,0,-9.95,0.252,0.34741,37172
2363,27,0,0,0,5,3,2,2,0,-5.94,0.2517,0.34759,37199
2364,19,0,0,0,5,8,3,0,0,-1.53,0.2514,0.34815,37218
2365,34,0,0,0,8,5,3,2,0,-3.23,0.2511,0.34866,37252
2366,50,1,1,0,15,10,5,2,0,1.3,0.2508,0.34935,37302
2367,13,0,0,0,1,4,1,1,0,-5.91,0.2504,0.34979,37315
2368,173,2,2,0,39,24,12,11,0,22.24,0.2501,0.3513,37488
2369,130,2,2,0,32,26,12,5,0,25.95,0.2498,0.35294,37618
2370,6,0,0,0,2,1,0,0,1,-13.92,0.2495,0.35294,37624
2371,5,0,0,0,3,4,0,0,1,-11.95,0.2492,0.35294,37629
2372,5,0,0,0,3,2,0,0,1,-13.45,0.2489,0.35315,37634
2373,5,0,0,0,0,1,1,0,0,-8.15,0.2486,0.35315,37639
2374,108,1,1,0,20,6,6,8,0,4.19,0.2482,0.3554,37747
2375,20,0,0,0,3,4,3,0,0,-3.6,0.2479,0.35588,37767
2376,9,0,0,0,1,1,1,0,0,-8.73,0.2476,0.35608,37776
2377,6,0,0,0,4,3,0,0,1,-12.52,0.2473,0.35608,37782
2378,50,0,0,0,20,13,6,1,0,4.9,0.247,0.35672,37832
2379,5,0,0,0,0,1,1,0,0,-9.25,0.2467,0.35672,37837
2380,25,0,0,0,12,3,1,1,0,-8.55,0.2463,0.35773,37862
2381,5,0,0,0,1,1,1,0,0,-8.75,0.246,0.35773,37867
2382,87,1,1,0,15,10,7,5,0,6.46,0.2457,0.3589,37954
2383,7,0,0,0,1,1,1,0,0,-8.74,0.2454,0.3589,37961
2384,9,0,0,0,2,1,1,0,0,-8.48,0.2451,0.35916,37970
2385,41,1,1,0,7,5,4,1,0,-0.17,0.2448,0.35976,38011
2386,85,0,0,0,15,14,7,5,0,6.9,0.2444,0.3617,38096
2387,34,0,0,0,10,4,3,2,0,-4.43,0.2441,0.36233,38130
2388,7,0,0,0,0,1,1,0,0,-8.64,0.2438,0.36233,38137
2389,8,0,0,0,3,3,1,0,0,-7.86,0.2435,0.36226,38145
2390,76,0,0,0,21,4,3,7,0,-6.02,0.2432,0.36332,38221
2391,5,0,0,0,1,1,0,0,1,-13.85,0.2429,0.36386,38226
2392,149,2,2,0,35,19,8,12,0,13.97,0.2425,0.36521,38375
2393,21,1,1,0,2,6,3,0,0,-1.02,0.2422,0.36526,38396
2394,13,0,0,0,1,3,2,0,0,-5.46,0.2419,0.36538,38409
2395,5,0,0,0,1,3,1,0,0,-7.75,0.2416,0.36538,38414
2396,20,0,0,0,5,4,2,1,0,-6.0,0.2413,0.36568,38434
2397,5,0,0,0,3,3,0,0,1,-12.95,0.2409,0.36568,38439
2398,13,0,0,0,4,4,2,0,0,-6.21,0.2406,0.36584,38452
2399,5,0,0,0,1,2,1,0,0,-9.35,0.2403,0.36584,38457
2400,5,0,0,0,3,3,0,0,1,-12.95,0.24,0.36584,38462
2401,24,0,0,0,5,8,3,0,0,-1.73,0.2397,0.36647,38486
2402,5,0,0,0,1,2,1,0,0,-8.85,0.2394,0.36647,38491
2403,5,0,0,0,3,2,1,0,0,-8.9,0.239,0.3665,38496
2404,40,1,1,0,10,6,4,2,0,0.45,0.2387,0.3672,38536
2405,5,0,0,0,1,1,1,0,0,-9.85,0.2384,0.3672,38541
2406,5,0,0,0,1,3,1,0,0,-7.75,0.2381,0.36744,38546
2407,26,1,1,0,5,3,2,2,0,-4.07,0.2378,0.36788,38572
2408,5,0,0,0,0,1,0,0,1,-13.8,0.2375,0.36832,38577
2409,5,0,0,0,3,1,0,0,1,-13.95,0.2371,0.36832,38582
2410,6,0,0,0,2,2,1,0,0,-7.27,0.2368,0.36832,38588
2411,84,0,0,0,16,15,7,5,0,8.72,0.2365,0.36946,38672
2412,74,0,0,0,24,11,6,3,0,3.27,0.2362,0.37032,38746
2413,12,0,0,0,4,5,2,0,0,-6.19,0.2359,0.37069,38758
2414,15,0,0,0,4,3,2,0,0,-6.55,0.2356,0.37104,38773
2415,22,0,0,0,4,3,2,1,0,-6.54,0.2352,0.37131,38795
2416,114,0,0,0,26,16,9,5,0,10.67,0.2349,0.37366,38909
2417,5,0,0,0,1,2,0,0,1,-13.35,0.2346,0.37397,38914
2418,8,0,0,0,3,0,0,1,0,-9.96,0.2343,0.37397,38922
2419,6,0,0,0,1,1,1,0,0,-7.87,0.234,0.37416,38928
2420,5,0,0,0,0,1,0,0,1,-13.8,0.2337,0.37416,38933
2421,191,1,1,0,54,13,7,12,0,6.48,0.2333,0.37752,39124
2422,5,0,0,0,0,1,0,0,1,-13.8,0.233,0.37752,39129
2423,9,0,0,0,2,2,1,0,0,-8.28,0.2327,0.37775,39138
2424,65,0,0,0,21,19,8,1,0,10.7,0.2324,0.37905,39203
2425,115,0,0,0,25,11,8,7,0,7.0,0.2321,0.38091,39318
2426,27,0,0,0,1,6,3,1,0,-2.04,0.2318,0.38149,39345
2427,6,0,0,0,1,1,1,0,0,-7.87,0.2314,0.38149,39351
2428,48,0,0,0,6,4,3,3,0,-4.81,0.2311,0.38164,39399
2429,7,0,0,0,2,1,1,0,0,-8.09,0.2308,0.38164,39406
2430,40,0,0,0,13,7,4,1,0,-0.4,0.2305,0.38224,39446
2431,54,1,1,0,12,5,4,4,0,-1.83,0.2302,0.38302,39500
2432,6,0,0,0,1,1,1,0,0,-8.62,0.2299,0.38327,39506
2433,12,0,0,0,3,2,2,0,0,-7.64,0.2296,0.38327,39518
2434,5,0,0,0,3,2,1,0,0,-8.45,0.2292,0.38359,39523
2435,64,1,1,0,15,14,7,2,0,9.17,0.2289,0.38443,39587
2436,87,0,0,0,15,6,4,8,0,-0.24,0.2286,0.38529,39674
2437,69,1,1,0,10,6,3,4,0,-0.93,0.2283,0.3857,39743
2438,43,0,0,0,11,6,4,2,0,-3.36,0.228,0.38615,39786
2439,5,0,0,0,2,0,0,1,0,-11.65,0.2277,0.38615,39791
2440,5,0,0,0,1,0,0,1,0,-11.0,0.2273,0.38636,39796
2441,12,0,0,0,2,3,2,0,0,-5.49,0.227,0.38644,39808
2442,10,0,0,0,1,3,1,0,0,-8.4,0.2267,0.38644,39818
2443,5,0,0,0,2,3,1,0,0,-7.85,0.2264,0.38644,39823
2444,5,0,0,0,3,4,0,0,1,-11.45,0.2261,0.38623,39828
2445,353,0,0,0,220,5,3,8,0,-19.66,0.2258,0.39059,40181
2446,76,0,0,0,23,9,6,4,0,0.88,0.2254,0.39137,40257
2447,6,0,0,0,1,0,0,1,0,-9.62,0.2251,0.39137,40263
2448,14,0,0,0,1,2,2,0,0,-6.53,0.2248,0.39128,40277
2449,27,1,1,0,5,7,3,1,0,-0.24,0.2245,0.39161,40304
2450,21,0,0,0,4,7,2,1,0,-3.57,0.2242,0.39192,40325
2451,5,0,0,0,2,0,0,1,0,-11.65,0.2239,0.39192,40330
2452,36,1,1,0,5,9,4,1,0,2.68,0.2235,0.39254,40366
2453,105,0,0,0,15,8,3,11,0,0.25,0.2232,0.3941,40471
2454,44,1,1,0,14,5,3,3,0,-2.13,0.2229,0.39386,40515
2455,5,0,0,0,2,1,1,0,0,-9.9,0.2226,0.39386,40520
2456,69,1,1,0,23,13,7,3,0,5.32,0.2223,0.39447,40589
2457,5,0,0,0,3,2,0,0,1,-12.95,0.222,0.39489,40594
2458,5,0,0,0,3,4,0,0,1,-11.95,0.2216,0.39489,40599
2459,6,0,0,0,0,1,1,0,0,-7.17,0.2213,0.39489,40605
2460,28,0,0,0,6,7,3,1,0,-2.26,0.221,0.39512,40633
2461,5,0,0,0,1,3,0,0,1,-12.85,0.2207,0.39512,40638
2462,13,0,0,0,4,3,1,1,0,-7.81,0.2204,0.39512,40651
2463,35,0,0,0,7,9,4,1,0,0.85,0.2201,0.39583,40686
2464,5,0,0,0,3,3,0,0,1,-12.95,0.2197,0.39648,40691
2465,95,0,0,0,10,9,4,5,0,1.0,0.2194,0.39828,40786
2466,6,0,0,0,1,0,0,1,0,-11.67,0.2191,0.39828,40792
2467,5,0,0,0,1,2,1,0,0,-8.8,0.2188,0.39828,40797
2468,106,1,1,0,36,12,6,6,0,5.23,0.2185,0.39974,40903
2469,51,1,1,0,12,6,4,3,0,0.18,0.2182,0.40027,40954
2470,34,0,0,0,15,5,3,2,0,-3.13,0.2178,0.40066,40988
2471,21,0,0,0,4,1,1,2,0,-7.22,0.2175,0.40098,41009
2472,37,0,0,0,9,6,4,1,0,-3.09,0.2172,0.40085,41046
2473,5,0,0,0,0,1,1,0,0,-8.2,0.2169,0.40085,41051
2474,7,0,0,0,4,1,1,0,0,-9.54,0.2166,0.40064,41058
2475,47,0,0,0,6,8,5,0,0,0.91,0.2163,0.40084,41105
2476,58,1,1,0,16,12,6,2,0,5.14,0.2159,0.40138,41163
2477,5,0,0,0,3,4,0,0,1,-11.95,0.2156,0.40149,41168
2478,5,0,0,0,1,3,0,0,1,-12.35,0.2153,0.40149,41173
2479,5,0,0,0,1,2,1,0,0,-8.25,0.215,0.40149,41178
2480,35,0,0,0,8,3,3,2,0,-4.4,0.2147,0.40197,41213
2481,38,0,0,0,7,2,2,3,0,-6.01,0.2144,0.40273,41251
2482,100,1,1,0,24,20,8,6,0,13.4,0.214,0.40379,41351
2483,6,0,0,0,1,2,1,0,0,-7.27,0.2137,0.40379,41357
2484,5,0,0,0,3,2,0,0,1,-13.45,0.2134,0.40405,41362
2485,5,0,0,0,3,2,1,0,0,-9.45,0.2131,0.40405,41367
2486,32,1,1,0,10,4,3,1,0,-2.24,0.2128,0.4049,41399
2487,5,0,0,0,3,2,1,0,0,-9.45,0.2125,0.4049,41404
2488,5,0,0,0,1,1,1,0,0,-9.85,0.2121,0.40499,41409
2489,100,1,1,0,25,10,6,7,0,6.1,0.2118,0.40652,41509
2490,30,0,0,0,8,5,3,1,0,-4.25,0.2115,0.40633,41539
2491,19,0,0,0,4,2,1,1,0,-8.18,0.2112,0.40637,41558
2492,5,0,0,0,3,2,0,0,1,-12.95,0.2109,0.40637,41563
2493,6,0,0,0,4,3,0,0,1,-13.02,0.2106,0.40638,41569
2494,7,0,0,0,3,3,0,0,1,-12.99,0.2102,0.40638,41576
2495,90,0,0,0,22,4,4,8,0,-3.95,0.2099,0.40721,41666
2496,46,0,0,0,13,4,3,3,0,-4.72,0.2096,0.40816,41712
2497,38,0,0,0,7,5,4,1,0,-2.36,0.2093,0.40876,41750
2498,51,0,0,0,14,8,4,3,0,-0.42,0.209,0.40968,41801
2499,48,0,0,0,9,13,6,1,0,5.94,0.2087,0.41008,41849
2500,27,0,0,0,8,0,0,3,0,-9.89,0.2083,0.41059,41876
2501,6,0,0,0,1,2,1,0,0,-7.37,0.208,0.41059,41882
2502,5,0,0,0,3,3,0,0,1,-12.95,0.2077,0.41059,41887
2503,5,0,0,0,2,3,1,0,0,-8.35,0.2074,0.41053,41892
2504,44,1,1,0,13,9,4,2,0,2.67,0.2071,0.41116,41936
2505,13,0,0,0,6,3,2,0,0,-7.56,0.2068,0.41116,41949
2506,5,0,0,0,2,3,1,0,0,-8.35,0.2064,0.41115,41954
2507,6,0,0,0,1,1,1,0,0,-9.87,0.2061,0.41115,41960
2508,5,0,0,0,3,3,0,0,1,-12.95,0.2058,0.41115,41965
2509,46,1,1,0,5,6,4,1,0,0.18,0.2055,0.41113,42011
2510,5,0,0,0,0,2,0,0,1,-13.3,0.2052,0.4106,42016
2511,40,0,0,0,7,7,3,2,0,-1.3,0.2049,0.41003,42056
2512,7,0,0,0,1,2,1,0,0,-7.24,0.2045,0.41003,42063
2513,75,1,1,0,15,6,4,6,0,0.35,0.2042,0.40819,42138
2514,58,0,0,0,30,4,3,1,0,-5.56,0.2039,0.40583,42196
2515,5,0,0,0,1,1,1,0,0,-8.2,0.2036,0.40583,42201
2516,6,0,0,0,1,0,0,1,0,-11.67,0.2033,0.40583,42207
2517,16,0,0,0,4,2,1,1,0,-7.52,0.203,0.40566,42223
2518,5,0,0,0,1,1,1,0,0,-8.75,0.2026,0.40493,42228
2519,15,0,0,0,5,1,1,1,0,-8.05,0.2023,0.40459,42243
2520,150,1,1,0,38,11,6,14,0,5.8,0.202,0.40213,42393
2521,38,0,0,0,8,3,3,2,0,-4.51,0.2017,0.40205,42431
2522,71,1,1,0,23,10,6,4,0,5.13,0.2014,0.40101,42502
2523,307,1,1,0,80,11,8,33,0,13.81,0.2011,0.39704,42809
2524,242,2,2,0,65,20,15,16,0,22.51,0.2007,0.39293,43051
2525,20,0,0,0,6,4,2,1,0,-7.0,0.2004,0.39257,43071
2526,5,0,0,0,1,3,0,0,1,-12.85,0.2001,0.39266,43076
2527,24,0,0,0,2,5,3,0,0,-2.93,0.1998,0.39251,43100
2528,6,0,0,0,4,3,0,0,1,-12.52,0.1995,0.39301,43106
2529,5,0,0,0,3,2,0,0,1,-12.95,0.1992,0.39301,43111
2530,26,0,0,0,4,7,4,0,0,0.78,0.1988,0.39202,43137
2531,19,0,0,0,2,4,2,1,0,-4.23,0.1985,0.392,43156
2532,24,0,0,0,5,3,2,1,0,-5.53,0.1982,0.3918,43180
2533,5,0,0,0,3,2,0,0,1,-13.45,0.1979,0.3917,43185
2534,5,0,0,0,2,3,0,0,1,-12.9,0.1976,0.3917,43190
2535,7,0,0,0,2,2,1,0,0,-8.89,0.1973,0.3917,43197
2536,27,1,1,0,5,5,3,1,0,-0.89,0.1969,0.39168,43224
2537,122,0,0,0,29,7,5,10,0,0.06,0.1966,0.39167,43346
2538,252,1,1,0,29,12,7,19,0,6.16,0.1963,0.38987,43598
2539,22,0,0,0,2,3,2,0,0,-4.99,0.196,0.38992,43620
2540,99,2,2,0,10,6,4,5,0,0.82,0.1957,0.38866,43719
2541,58,0,0,0,9,11,5,3,0,4.59,0.1954,0.38779,43777
2542,5,0,0,0,1,2,0,0,1,-12.85,0.195,0.38779,43782
2543,24,0,0,0,5,7,2,1,0,-4.18,0.1947,0.38756,43806
2544,5,0,0,0,3,2,0,0,1,-13.45,0.1944,0.38725,43811
2545,44,0,0,0,21,7,3,2,0,-2.53,0.1941,0.38711,43855
2546,12,0,0,0,0,4,2,0,0,-5.39,0.1938,0.38703,43867
2547,55,1,1,0,11,4,2,6,0,-3.7,0.1935,0.38551,43922
2548,5,0,0,0,0,1,0,0,1,-13.8,0.1931,0.38551,43927
2549,5,0,0,0,4,2,0,0,1,-13.5,0.1928,0.38551,43932
2550,401,1,1,0,72,11,9,33,0,22.53,0.1925,0.38184,44332
2551,15,1,1,0,3,3,2,0,0,-4.5,0.1922,0.38174,44347
2552,53,1,1,0,6,7,5,2,0,2.54,0.1919,0.38169,44400
2553,5,0,0,0,0,1,1,0,0,-7.3,0.1916,0.38169,44405
2554,6,0,0,0,1,1,1,0,0,-7.87,0.1912,0.38169,44411
2555,5,0,0,0,2,1,0,0,1,-13.9,0.1909,0.38163,44416
2556,28,1,1,0,6,8,4,0,0,1.04,0.1906,0.38147,44444
2557,13,0,0,0,3,1,1,1,0,-7.91,0.1903,0.38101,44457
2558,5,0,0,0,1,1,1,0,0,-8.2,0.19,0.38101,44462
2559,74,1,1,0,13,11,7,3,0,6.07,0.1897,0.37973,44536
2560,12,0,0,0,5,5,2,0,0,-6.39,0.1893,0.37989,44548
2561,80,1,1,0,21,12,5,6,0,5.4,0.189,0.38011,44628
2562,23,0,0,0,6,5,2,1,0,-4.36,0.1887,0.37995,44651
2563,5,0,0,0,1,2,1,0,0,-7.75,0.1884,0.38003,44656
2564,57,3,3,0,15,17,7,1,0,12.51,0.1881,0.37931,44713
2565,38,0,0,0,13,4,3,2,0,-5.46,0.1878,0.3788,44751
2566,5,0,0,0,3,2,0,0,1,-13.45,0.1874,0.37862,44756
2567,5,0,0,0,3,3,0,0,1,-12.95,0.1871,0.37862,44761
2568,36,0,0,0,1,0,0,1,0,-12.27,0.1868,0.37822,44797
2569,5,0,0,0,3,2,1,0,0,-9.45,0.1865,0.37836,44802
2570,35,0,0,0,4,5,3,2,0,-4.7,0.1862,0.37824,44837
2571,5,0,0,0,3,2,0,0,1,-13.45,0.1859,0.37824,44842
2572,41,1,1,0,6,7,4,1,0,0.33,0.1855,0.37806,44883
2573,5,0,0,0,3,3,0,0,1,-12.45,0.1852,0.37806,44888
2574,20,0,0,0,3,6,3,0,0,-1.95,0.1849,0.37782,44908
2575,6,0,0,0,1,2,1,0,0,-7.37,0.1846,0.37757,44914
2576,6,0,0,0,1,1,1,0,0,-8.42,0.1843,0.37757,44920
2577,59,0,0,0,14,7,4,3,0,-1.58,0.184,0.37711,44979
2578,34,0,0,0,10,4,3,1,0,-4.13,0.1836,0.37708,45013
2579,28,0,0,0,8,6,3,1,0,-2.06,0.1833,0.37673,45041
2580,65,0,0,0,15,14,6,3,0,5.3,0.183,0.37593,45106
2581,5,0,0,0,3,2,0,0,1,-12.95,0.1827,0.37593,45111
2582,40,2,2,0,7,10,4,2,0,4.3,0.1824,0.37596,45151
2583,14,0,0,0,4,2,2,0,0,-5.98,0.1821,0.37567,45165
2584,269,0,0,0,138,4,3,14,0,-10.93,0.1817,0.37444,45434
2585,13,0,0,0,1,1,1,1,0,-7.81,0.1814,0.37442,45447
2586,29,0,0,0,8,4,3,1,0,-4.28,0.1811,0.37394,45476
2587,5,0,0,0,3,2,0,0,1,-13.45,0.1808,0.37394,45481
2588,37,1,1,0,7,6,3,1,0,-2.74,0.1805,0.37385,45518
2589,26,0,0,0,7,4,2,1,0,-4.92,0.1802,0.37341,45544
2590,6,0,0,0,1,1,1,0,0,-8.42,0.1798,0.37341,45550
2591,57,1,1,0,7,11,6,2,0,5.96,0.1795,0.37315,45607
2592,121,1,1,0,23,16,8,8,0,13.68,0.1792,0.3722,45728
2593,19,0,0,0,2,6,3,0,0,-2.23,0.1789,0.37234,45747
2594,33,1,1,0,4,8,3,2,0,1.14,0.1786,0.37215,45780
2595,14,0,0,0,2,1,1,1,0,-7.78,0.1783,0.37175,45794
2596,5,0,0,0,3,3,0,0,1,-12.95,0.1779,0.37175,45799
2597,18,1,1,0,3,4,2,0,0,-4.46,0.1776,0.37148,45817
2598,39,0,0,0,14,8,4,1,0,-0.53,0.1773,0.37059,45856
2599,110,3,3,0,37,21,8,7,0,15.15,0.177,0.3701,45966
2600,12,0,0,0,2,3,2,0,0,-4.74,0.1767,0.37005,45978
2601,61,0,0,0,13,18,9,0,0,10.98,0.1764,0.36914,46039
2602,82,0,0,0,29,5,4,7,0,-2.99,0.176,0.36875,46121
2603,14,0,0,0,4,2,1,1,0,-7.48,0.1757,0.36813,46135
2604,27,0,0,0,9,3,3,1,0,-5.54,0.1754,0.36772,46162
2605,37,0,0,0,4,1,1,4,0,-7.89,0.1751,0.36717,46199
2606,44,1,1,0,5,12,6,0,0,6.72,0.1748,0.36604,46243
2607,5,0,0,0,3,3,0,0,1,-12.95,0.1744,0.36604,46248
2608,77,0,0,0,12,19,8,3,0,12.86,0.1741,0.36531,46325
2609,5,0,0,0,3,2,0,0,1,-13.45,0.1738,0.36531,46330
2610,235,0,0,0,134,7,6,9,0,-5.0,0.1735,0.3645,46565
2611,90,0,0,0,61,4,2,2,0,-9.65,0.1732,0.36299,46655
2612,5,0,0,0,3,3,0,0,1,-12.95,0.1729,0.36263,46660
2613,6,0,0,0,1,1,1,0,0,-8.02,0.1726,0.36263,46666
2614,7,0,0,0,2,2,1,0,0,-7.49,0.1722,0.36268,46673
2615,5,0,0,0,4,3,0,0,1,-13.0,0.1719,0.36268,46678
2616,13,0,0,0,3,3,2,0,0,-5.86,0.1716,0.3625,46691
2617,42,0,0,0,15,8,4,2,0,-2.49,0.1713,0.36252,46733
2618,5,0,0,0,3,2,0,0,1,-13.45,0.171,0.36256,46738
2619,106,0,0,0,26,7,4,10,0,0.88,0.1707,0.36165,46844
2620,55,0,0,0,16,8,7,1,0,3.1,0.1703,0.3618,46899
2621,17,0,0,0,4,1,1,1,0,-8.59,0.17,0.36143,46916
2622,5,0,0,0,0,1,1,0,0,-7.8,0.1697,0.36143,46921
2623,152,1,1,0,18,11,9,9,0,11.21,0.1694,0.36081,47073
2624,94,1,1,0,15,13,5,8,0,4.77,0.1691,0.35927,47167
2625,6,0,0,0,1,2,1,0,0,-7.37,0.1688,0.35895,47173
2626,5,0,0,0,2,1,1,0,0,-9.9,0.1684,0.35895,47178
2627,5,0,0,0,0,1,0,0,1,-13.8,0.1681,0.35895,47183
2628,34,0,0,0,13,5,3,2,0,-3.58,0.1678,0.35829,47217
2629,58,0,0,0,10,5,4,4,0,-1.56,0.1675,0.3576,47275
2630,6,0,0,0,1,1,1,0,0,-7.87,0.1672,0.35762,47281
2631,5,0,0,0,0,1,1,0,0,-8.15,0.1669,0.35762,47286
2632,5,0,0,0,0,1,1,0,0,-7.8,0.1665,0.35762,47291
2633,5,0,0,0,0,1,0,0,1,-13.3,0.1662,0.35743,47296
2634,28,0,0,0,6,2,2,2,0,-8.06,0.1659,0.35709,47324
2635,5,0,0,0,0,0,0,1,0,-11.55,0.1656,0.35679,47329
2636,5,0,0,0,1,2,1,0,0,-9.35,0.1653,0.35679,47334
2637,88,3,3,0,22,16,9,3,0,15.19,0.165,0.35757,47422
2638,5,0,0,0,1,2,1,0,0,-9.35,0.1646,0.35742,47427
2639,5,0,0,0,0,2,0,0,1,-13.3,0.1643,0.35742,47432
2640,5,0,0,0,3,2,0,0,1,-13.45,0.164,0.35742,47437
2641,5,0,0,0,3,4,0,0,1,-12.45,0.1637,0.35714,47442
2642,93,1,1,0,17,14,8,5,0,11.39,0.1634,0.35656,47535
2643,96,2,2,0,17,18,8,5,0,14.73,0.1631,0.356,47631
2644,51,0,0,0,4,0,0,1,0,-10.77,0.1627,0.35533,47682
2645,63,0,0,0,10,12,7,2,0,6.44,0.1624,0.35483,47745
2646,158,0,0,0,26,7,5,17,0,3.39,0.1621,0.35449,47903
2647,5,0,0,0,3,2,0,0,1,-13.45,0.1618,0.35442,47908
2648,13,0,0,0,4,2,2,0,0,-6.81,0.1615,0.35466,47921
2649,47,1,1,0,14,12,6,1,0,4.86,0.1612,0.35394,47968
2650,316,3,3,0,93,21,9,26,0,18.03,0.1608,0.35246,48284
2651,12,0,0,0,2,7,2,0,0,-2.64,0.1605,0.35253,48296
2652,42,1,1,0,8,6,5,1,0,2.56,0.1602,0.35247,48338
2653,41,0,0,0,10,9,4,1,0,-0.77,0.1599,0.3525,48379
2654,96,1,1,0,22,13,8,5,0,8.83,0.1596,0.35164,48475
2655,27,0,0,0,10,4,4,0,0,-3.99,0.1593,0.35154,48502
2656,6,0,0,0,5,3,0,0,1,-12.57,0.1589,0.35154,48508
2657,7,0,0,0,0,0,0,1,0,-9.94,0.1586,0.35173,48515
2658,16,0,0,0,4,2,1,1,0,-9.77,0.1583,0.35172,48531
2659,22,0,0,0,7,2,2,1,0,-7.74,0.158,0.35184,48553
2660,5,0,0,0,0,2,1,0,0,-7.65,0.1577,0.35184,48558
2661,16,0,0,0,4,2,1,1,0,-7.42,0.1573,0.35168,48574
2662,13,0,0,0,6,1,1,1,0,-9.41,0.157,0.35158,48587
2663,5,0,0,0,3,4,0,0,1,-12.45,0.1567,0.35121,48592
2664,13,0,0,0,5,0,0,2,0,-10.01,0.1564,0.35121,48605
2665,21,0,0,0,5,5,1,2,0,-7.62,0.1561,0.35105,48626
2666,7,0,0,0,2,0,0,1,0,-9.79,0.1558,0.35105,48633
2667,21,0,0,0,2,4,2,1,0,-4.37,0.1554,0.35138,48654
2668,220,1,1,0,25,11,8,18,0,9.6,0.1551,0.35007,48874
2669,72,0,0,0,19,13,6,3,0,5.51,0.1548,0.34894,48946
2670,401,3,3,0,42,15,10,20,0,21.98,0.1545,0.34541,49346
2671,5,0,0,0,1,2,1,0,0,-8.25,0.1542,0.34541,49351
2672,74,0,0,0,27,5,4,5,0,-1.28,0.1539,0.34506,49425
2673,99,1,1,0,35,12,8,6,0,8.32,0.1536,0.34529,49524
2674,5,0,0,0,3,2,1,0,0,-9.45,0.1532,0.34529,49529
2675,5,0,0,0,3,3,0,0,1,-12.95,0.1529,0.34529,49534
2676,12,0,0,0,2,3,1,1,0,-7.29,0.1526,0.34515,49546
2677,6,0,0,0,0,1,1,0,0,-9.77,0.1523,0.34527,49552
2678,6,0,0,0,1,0,0,1,0,-10.47,0.152,0.34527,49558
2679,5,0,0,0,2,3,0,0,1,-12.4,0.1517,0.34527,49563
2680,76,0,0,0,20,8,5,5,0,0.93,0.1513,0.34534,49639
2681,5,0,0,0,3,3,0,0,1,-12.95,0.151,0.34534,49644
2682,57,0,0,0,15,14,7,0,0,5.76,0.1507,0.34485,49701
2683,5,0,0,0,3,3,0,0,1,-12.95,0.1504,0.34485,49706
2684,58,0,0,0,18,15,5,2,0,3.24,0.1501,0.34357,49764
2685,8,0,0,0,1,1,1,0,0,-8.06,0.1498,0.34357,49772
2686,16,0,0,0,2,3,1,1,0,-7.57,0.1494,0.34349,49788
2687,43,0,0,0,13,8,5,1,0,-0.21,0.1491,0.34319,49831
2688,56,1,1,0,10,14,7,1,0,8.28,0.1488,0.34222,49887
2689,13,0,0,0,5,3,2,0,0,-7.56,0.1485,0.3422,49900
2690,49,0,0,0,10,6,5,2,0,-1.33,0.1482,0.34205,49949
2691,14,0,0,0,5,5,2,0,0,-6.43,0.1479,0.3421,49963
2692,94,1,1,0,9,11,8,5,0,10.27,0.1475,0.34252,50000
2693,6,0,0,0,1,2,1,0,0,-7.37,0.1472,0.34252,50000
2694,21,0,0,0,4,4,2,1,0,-4.72,0.1469,0.34317,50000
2695,5,0,0,0,1,1,0,0,1,-13.85,0.1466,0.34317,50000
2696,12,0,0,0,5,3,2,0,0,-7.39,0.1463,0.3439,50000
2697,20,0,0,0,5,2,2,1,0,-7.5,0.146,0.34395,50000
2698,12,0,0,0,4,3,2,0,0,-7.19,0.1456,0.34427,50000
2699,55,0,0,0,9,9,6,2,0,2.4,0.1453,0.34512,50000
2700,20,0,0,0,5,7,3,0,0,-2.55,0.145,0.3456,50000
2701,5,0,0,0,3,2,0,0,1,-12.95,0.1447,0.3456,50000
2702,86,0,0,0,15,7,4,7,0,0.28,0.1444,0.34668,50000
2703,5,0,0,0,4,3,0,0,1,-12.5,0.1441,0.34701,50000
2704,25,0,0,0,6,5,3,0,0,-3.6,0.1437,0.34693,50000
2705,6,0,0,0,3,1,1,0,0,-9.47,0.1434,0.34693,50000
2706,20,0,0,0,5,4,3,0,0,-4.7,0.1431,0.34728,50000
2707,56,1,1,0,17,9,5,2,0,2.38,0.1428,0.347,50000
2708,27,0,0,0,9,3,2,2,0,-7.04,0.1425,0.34726,50000
2709,83,1,1,0,18,17,8,3,0,13.49,0.1421,0.34847,50000
2710,5,0,0,0,2,3,0,0,1,-12.9,0.1418,0.34847,50000
2711,34,0,0,0,10,6,2,3,0,-4.43,0.1415,0.3489,50000
2712,5,0,0,0,3,3,0,0,1,-12.95,0.1412,0.3489,50000
2713,12,0,0,0,4,3,2,0,0,-6.19,0.1409,0.34899,50000
2714,6,0,0,0,1,1,1,0,0,-7.37,0.1406,0.34899,50000
2715,157,1,1,0,31,20,13,9,0,20.61,0.1402,0.34972,50000
2716,114,0,0,0,23,15,9,7,0,9.27,0.1399,0.35132,50000
2717,5,0,0,0,4,4,0,0,1,-12.0,0.1396,0.35132,50000
2718,21,0,0,0,4,5,2,1,0,-4.72,0.1393,0.35148,50000
2719,7,0,0,0,2,0,0,1,0,-9.79,0.139,0.35148,50000
2720,95,0,0,0,22,8,6,7,0,4.5,0.1387,0.35237,50000
2721,27,0,0,0,3,3,3,1,0,-5.74,0.1383,0.35285,50000
2722,35,0,0,0,9,8,5,0,0,1.3,0.138,0.35303,50000
2723,135,1,1,0,20,20,10,9,0,18.45,0.1377,0.35376,50000
2724,5,0,0,0,1,2,0,0,1,-13.35,0.1374,0.35436,50000
2725,40,0,0,0,11,5,5,1,0,-2.3,0.1371,0.35513,50000
2726,5,0,0,0,1,1,0,0,1,-13.85,0.1368,0.35513,50000
2727,5,0,0,0,1,2,0,0,1,-13.35,0.1364,0.35501,50000
2728,5,0,0,0,3,3,0,0,1,-12.95,0.1361,0.35501,50000
2729,6,0,0,0,1,0,0,1,0,-11.02,0.1358,0.35501,50000
2730,5,0,0,0,3,4,0,0,1,-12.45,0.1355,0.35505,50000
2731,5,0,0,0,1,2,0,0,1,-12.85,0.1352,0.35505,50000
2732,34,1,1,0,9,3,3,2,0,-2.43,0.1349,0.35551,50000
2733,22,0,0,0,4,4,2,1,0,-6.09,0.1346,0.35539,50000
2734,6,0,0,0,1,2,1,0,0,-7.37,0.1342,0.35525,50000
2735,5,0,0,0,1,2,0,0,1,-12.85,0.1339,0.35525,50000
2736,30,0,0,0,2,4,2,2,0,-4.65,0.1336,0.35574,50000
2737,6,0,0,0,4,2,1,0,0,-9.02,0.1333,0.35574,50000
2738,43,0,0,0,11,7,3,3,0,-1.51,0.133,0.35654,50000
2739,49,0,0,0,6,4,2,5,0,-3.83,0.1327,0.35724,50000
2740,82,1,1,0,24,15,6,5,0,6.06,0.1323,0.35788,50000
2741,37,1,1,0,5,5,3,2,0,-2.04,0.132,0.3586,50000
2742,32,0,0,0,2,5,3,1,0,-2.89,0.1317,0.35876,50000
2743,81,1,1,0,21,23,10,1,0,17.53,0.1314,0.35949,50000
2744,65,1,1,0,12,6,5,4,0,3.2,0.1311,0.36133,50000
2745,5,0,0,0,3,4,0,0,1,-11.95,0.1308,0.36133,50000
2746,12,0,0,0,4,4,2,0,0,-4.79,0.1304,0.36127,50000
2747,14,0,0,0,4,1,1,1,0,-8.48,0.1301,0.36158,50000
2748,12,0,0,0,3,5,2,0,0,-5.79,0.1298,0.36158,50000
2749,164,1,1,0,27,17,9,14,0,16.37,0.1295,0.3643,50000
2750,177,1,1,0,103,11,7,9,0,2.91,0.1292,0.36566,50000
2751,78,1,1,0,30,11,6,4,0,5.39,0.1289,0.36744,50000
2752,5,0,0,0,1,2,0,0,1,-13.35,0.1285,0.36744,50000
2753,70,0,0,0,12,10,5,5,0,3.85,0.1282,0.36788,50000
2754,5,0,0,0,1,2,0,0,1,-13.35,0.1279,0.36793,50000
2755,170,2,2,0,31,30,16,7,0,35.35,0.1276,0.36907,50000
2756,50,0,0,0,11,8,6,1,0,2.0,0.1273,0.36977,50000
2757,5,0,0,0,3,2,0,0,1,-13.45,0.127,0.37026,50000
2758,25,0,0,0,6,5,2,1,0,-4.75,0.1266,0.37034,50000
2759,113,0,0,0,37,1,1,13,0,-7.91,0.1263,0.37052,50000
2760,15,0,0,0,5,1,1,1,0,-8.45,0.126,0.37065,50000
2761,49,0,0,0,14,8,4,3,0,-0.63,0.1257,0.37106,50000
2762,5,0,0,0,3,3,0,0,1,-12.45,0.1254,0.37127,50000
2763,21,0,0,0,7,7,3,0,0,-2.92,0.125,0.37115,50000
2764,27,0,0,0,9,6,4,0,0,-1.49,0.1247,0.37192,50000
2765,171,0,0,0,34,38,17,7,0,35.63,0.1244,0.37314,50000
2766,5,0,0,0,4,2,1,0,0,-9.0,0.1241,0.37328,50000
2767,19,0,0,0,5,2,1,1,0,-7.88,0.1238,0.37344,50000
2768,5,0,0,0,3,3,0,0,1,-12.95,0.1235,0.37344,50000
2769,25,0,0,0,4,6,3,0,0,-4.85,0.1231,0.37357,50000
2770,5,0,0,0,1,3,0,0,1,-12.85,0.1228,0.37357,50000
2771,7,0,0,0,2,1,1,0,0,-8.09,0.1225,0.37357,50000
2772,42,0,0,0,9,4,3,2,0,-3.29,0.1222,0.37365,50000
2773,58,1,1,0,12,7,5,3,0,2.74,0.1219,0.37431,50000
2774,51,0,0,0,14,12,6,1,0,5.08,0.1216,0.37512,50000
2775,7,0,0,0,0,0,0,1,0,-10.54,0.1212,0.37512,50000
2776,34,0,0,0,8,5,4,1,0,-0.93,0.1209,0.37577,50000
2777,5,0,0,0,4,3,1,0,0,-9.0,0.1206,0.37536,50000
2778,76,1,1,0,9,4,4,7,0,1.83,0.1203,0.37548,50000
2779,5,0,0,0,3,3,0,0,1,-12.95,0.12,0.37562,50000
2780,26,0,0,0,6,7,3,1,0,-1.87,0.1197,0.37566,50000
2781,401,2,2,0,115,25,19,26,0,42.53,0.1193,0.38011,50000
2782,150,0,0,0,44,17,10,11,0,13.65,0.119,0.38253,50000
2783,199,1,1,0,35,17,13,15,0,23.02,0.1187,0.38452,50000
2784,52,2,2,0,14,11,5,2,0,3.46,0.1184,0.38443,50000
2785,32,0,0,0,21,5,2,0,0,-7.69,0.1181,0.38476,50000
2786,124,1,1,0,43,28,11,4,0,22.52,0.1178,0.38651,50000
2787,93,1,1,0,14,13,6,7,0,7.24,0.1174,0.38707,50000
2788,5,0,0,0,3,3,0,0,1,-12.45,0.1171,0.38707,50000
2789,329,2,2,0,44,23,12,31,0,32.47,0.1168,0.38919,50000
2790,159,2,2,0,41,28,13,9,0,28.67,0.1165,0.38996,50000
2791,7,0,0,0,1,1,1,0,0,-9.39,0.1162,0.38996,50000
2792,24,0,0,0,3,5,3,0,0,-3.28,0.1159,0.38985,50000
2793,105,1,1,0,31,9,6,7,0,4.4,0.1156,0.39148,50000
2794,16,0,0,0,3,6,2,0,0,-5.17,0.1152,0.39176,50000
2795,6,0,0,0,1,1,1,0,0,-7.92,0.1149,0.39165,50000
2796,5,0,0,0,1,2,0,0,1,-12.85,0.1146,0.39165,50000
2797,49,1,1,0,11,6,4,3,0,-0.78,0.1143,0.39224,50000
2798,72,0,0,0,30,10,6,2,0,3.46,0.114,0.39365,50000
2799,5,0,0,0,1,3,0,0,1,-12.85,0.1137,0.39365,50000
2800,70,1,1,0,25,5,4,3,0,-2.5,0.1133,0.39472,50000
2801,37,0,0,0,4,2,1,4,0,-6.04,0.113,0.39578,50000
2802,5,0,0,0,1,2,0,0,1,-12.85,0.1127,0.39578,50000
2803,6,0,0,0,1,1,0,0,1,-13.87,0.1124,0.39578,50000
2804,5,0,0,0,1,0,0,1,0,-11.6,0.1121,0.39596,50000
2805,146,0,0,0,23,14,9,11,0,13.33,0.1118,0.39741,50000
2806,5,0,0,0,3,3,0,0,1,-12.45,0.1114,0.39741,50000
2807,55,0,0,0,12,7,4,3,0,-1.0,0.1111,0.39804,50000
2808,20,0,0,0,9,4,3,0,0,-5.15,0.1108,0.39842,50000
2809,110,0,0,0,20,11,5,10,0,4.9,0.1105,0.39885,50000
2810,7,0,0,0,2,0,0,1,0,-9.89,0.1102,0.39885,50000
2811,87,2,2,0,21,18,8,4,0,12.91,0.1099,0.3992,50000
2812,49,0,0,0,11,14,6,1,0,5.57,0.1095,0.39962,50000
2813,7,0,0,0,2,2,1,0,0,-7.59,0.1092,0.39962,50000
2814,89,0,0,0,6,9,4,7,0,2.82,0.1089,0.40028,50000
2815,6,0,0,0,1,2,1,0,0,-7.52,0.1086,0.40028,50000
2816,21,1,1,0,1,7,3,0,0,-0.12,0.1083,0.40069,50000
2817,8,0,0,0,3,1,1,0,0,-10.01,0.108,0.40091,50000
2818,13,0,0,0,3,2,2,0,0,-7.26,0.1076,0.40123,50000
2819,35,0,0,0,6,7,4,1,0,-0.4,0.1073,0.40118,50000
2820,8,0,0,0,1,2,1,0,0,-7.81,0.107,0.40118,50000
2821,100,2,2,0,22,22,12,2,0,21.8,0.1067,0.40204,50000
2822,329,2,2,0,34,19,11,30,0,28.27,0.1064,0.40472,50000
2823,6,0,0,0,1,1,1,0,0,-9.87,0.1061,0.40472,50000
2824,7,0,0,0,2,1,1,0,0,-8.49,0.1057,0.40489,50000
2825,20,0,0,0,3,4,2,1,0,-6.65,0.1054,0.40514,50000
2826,78,0,0,0,17,6,5,6,0,2.39,0.1051,0.40614,50000
2827,79,0,0,0,25,7,5,5,0,1.07,0.1048,0.40752,50000
2828,123,0,0,0,56,6,4,7,0,-3.01,0.1045,0.40929,50000
2829,38,0,0,0,13,7,4,1,0,0.34,0.1042,0.40937,50000
2830,5,0,0,0,1,2,0,0,1,-13.35,0.1038,0.40937,50000
2831,36,0,0,0,3,7,3,2,0,-1.02,0.1035,0.40915,50000
2832,73,1,1,0,11,14,8,2,0,10.24,0.1032,0.4093,50000
2833,15,0,0,0,0,2,2,0,0,-6.2,0.1029,0.40957,50000
2834,116,0,0,0,19,17,11,4,0,15.78,0.1026,0.4107,50000
2835,128,0,0,0,22,12,6,10,0,5.69,0.1023,0.41252,50000
2836,78,1,1,0,11,13,8,3,0,11.19,0.1019,0.41368,50000
2837,47,0,0,0,12,12,6,1,0,5.51,0.1016,0.41446,50000
2838,90,0,0,0,15,13,7,6,0,7.9,0.1013,0.41564,50000
2839,20,0,0,0,6,3,2,1,0,-6.45,0.101,0.41556,50000
2840,139,3,3,0,62,17,10,2,0,15.17,0.1007,0.41561,50000
2841,62,0,0,0,10,10,5,3,0,2.66,0.1004,0.41553,50000
2842,5,0,0,0,3,3,0,0,1,-12.95,0.1,0.41553,50000
2843,145,3,3,0,18,37,15,4,0,36.6,0.0997,0.41641,50000
2844,67,1,1,0,16,14,7,2,0,8.26,0.0994,0.41768,50000
2845,9,0,0,0,0,2,1,0,0,-7.38,0.0991,0.418,50000
2846,5,0,0,0,3,2,1,0,0,-9.45,0.0988,0.418,50000
2847,71,1,1,0,11,6,5,5,0,1.03,0.0985,0.4186,50000
2848,167,1,1,0,29,15,7,13,0,13.26,0.0981,0.42138,50000
2849,157,1,1,0,33,20,13,7,0,20.56,0.0978,0.42012,50000
2850,52,1,1,0,12,10,5,2,0,3.91,0.0975,0.41958,50000
2851,15,0,0,0,1,4,2,0,0,-5.15,0.0972,0.41919,50000
2852,45,0,0,0,9,10,5,1,0,3.85,0.0969,0.41876,50000
2853,92,2,2,0,12,11,6,6,0,6.76,0.0966,0.41878,50000
2854,70,1,1,0,12,19,8,2,0,13.8,0.0962,0.41904,50000
2855,22,0,0,0,4,4,2,1,0,-5.54,0.0959,0.41906,50000
2856,65,0,0,0,51,3,2,0,0,-9.8,0.0956,0.41797,50000
2857,148,0,0,0,29,20,9,12,0,17.09,0.0953,0.41726,50000
2858,235,4,4,0,39,19,13,17,0,28.25,0.095,0.41758,50000
2859,173,2,2,0,33,27,13,10,0,26.09,0.0947,0.41673,50000
2860,281,1,1,0,39,13,7,13,0,8.63,0.0943,0.41384,50000
2861,5,0,0,0,3,3,0,0,1,-12.45,0.094,0.41384,50000
2862,226,2,2,0,37,24,15,16,0,30.28,0.0937,0.41197,50000
2863,139,2,2,0,27,16,8,10,0,15.47,0.0934,0.41013,50000
2864,45,1,1,0,10,5,3,3,0,-1.2,0.0931,0.4093,50000
2865,111,0,0,0,48,15,5,6,0,4.68,0.0928,0.40988,50000
2866,14,0,0,0,2,2,1,1,0,-6.43,0.0924,0.40947,50000
2867,45,0,0,0,13,6,3,3,0,-4.2,0.0921,0.40808,50000
2868,111,1,1,0,21,15,9,7,0,14.58,0.0918,0.40689,50000
2869,6,0,0,0,3,1,1,0,0,-9.97,0.0915,0.40689,50000
2870,5,0,0,0,4,3,0,0,1,-13.0,0.0912,0.40664,50000
2871,28,0,0,0,7,6,4,0,0,-2.86,0.0909,0.40637,50000
2872,5,0,0,0,3,4,0,0,1,-11.95,0.0905,0.40646,50000
2873,14,0,0,0,4,3,1,1,0,-7.48,0.0902,0.40662,50000
2874,28,1,1,0,7,5,4,0,0,-1.71,0.0899,0.40619,50000
2875,35,0,0,0,5,4,3,2,0,-4.7,0.0896,0.40572,50000
2876,5,0,0,0,3,3,1,0,0,-8.45,0.0893,0.40572,50000
2877,30,0,0,0,4,7,3,1,0,-3.05,0.089,0.4052,50000
2878,123,2,2,0,18,19,10,7,0,20.19,0.0886,0.40476,50000
2879,7,0,0,0,2,2,1,0,0,-7.99,0.0883,0.40468,50000
2880,47,0,0,0,10,9,5,1,0,-0.29,0.088,0.40432,50000
2881,123,0,0,0,22,26,11,6,0,23.24,0.0877,0.40285,50000
2882,84,1,1,0,9,12,7,4,0,5.17,0.0874,0.40327,50000
2883,7,0,0,0,2,2,1,0,0,-7.49,0.0871,0.40327,50000
2884,139,1,1,0,28,17,9,10,0,16.07,0.0867,0.40279,50000
2885,38,1,1,0,8,11,5,0,0,3.69,0.0864,0.40252,50000
2886,12,0,0,0,5,3,2,0,0,-6.89,0.0861,0.40204,50000
2887,33,0,0,0,5,9,3,1,0,-0.01,0.0858,0.40181,50000
2888,48,0,0,0,6,7,4,0,0,-2.06,0.0855,0.40122,50000
2889,48,1,1,0,7,9,5,1,0,1.89,0.0852,0.401,50000
2890,28,0,0,0,5,4,3,1,0,-5.31,0.0848,0.40042,50000
2891,127,0,0,0,35,7,3,15,0,0.81,0.0845,0.40056,50000
2892,5,0,0,0,3,1,0,0,1,-13.95,0.0842,0.40056,50000
2893,14,0,0,0,4,3,2,0,0,-6.88,0.0839,0.40076,50000
2894,66,1,1,0,19,15,6,3,0,7.13,0.0836,0.40003,50000
2895,50,0,0,0,7,7,5,2,0,1.0,0.0833,0.4,50000
2896,19,0,0,0,2,3,2,1,0,-6.43,0.0829,0.40022,50000
2897,19,0,0,0,6,3,2,1,0,-7.23,0.0826,0.40035,50000
2898,5,0,0,0,0,0,0,1,0,-10.45,0.0823,0.40035,50000
2899,31,0,0,0,10,3,3,1,0,-5.32,0.082,0.4008,50000
2900,5,0,0,0,3,2,1,0,0,-9.45,0.0817,0.4008,50000
2901,111,2,2,0,18,22,8,7,0,17.48,0.0814,0.39988,50000
2902,116,0,0,0,24,16,8,8,0,10.53,0.081,0.39932,50000
2903,222,1,1,0,21,12,9,12,0,13.56,0.0807,0.39702,50000
2904,28,1,1,0,8,6,4,0,0,-2.11,0.0804,0.39675,50000
2905,25,0,0,0,4,1,1,2,0,-8.3,0.0801,0.39677,50000
2906,29,0,0,0,10,4,3,0,0,-6.63,0.0798,0.39655,50000
2907,53,0,0,0,8,6,3,4,0,-0.56,0.0795,0.39611,50000
2908,28,0,0,0,6,2,2,2,0,-7.41,0.0791,0.39608,50000
2909,27,0,0,0,7,4,3,1,0,-3.59,0.0788,0.39604,50000
2910,6,0,0,0,0,2,1,0,0,-7.17,0.0785,0.39604,50000
2911,13,0,0,0,3,3,1,1,0,-9.01,0.0782,0.3959,50000
2912,27,0,0,0,5,7,3,1,0,-2.29,0.0779,0.39541,50000
2913,5,0,0,0,1,3,0,0,1,-12.85,0.0776,0.39541,50000
2914,41,0,0,0,7,10,6,0,0,4.43,0.0772,0.39545,50000
2915,5,0,0,0,3,3,0,0,1,-12.95,0.0769,0.39545,50000
2916,221,1,1,0,25,19,14,16,0,25.23,0.0766,0.39233,50000
2917,8,0,0,0,1,0,0,1,0,-11.71,0.0763,0.39233,50000
2918,6,0,0,0,1,1,1,0,0,-7.97,0.076,0.39269,50000
2919,5,0,0,0,3,1,1,0,0,-9.95,0.0757,0.39269,50000
2920,14,0,0,0,4,4,2,0,0,-5.03,0.0753,0.39245,50000
2921,6,0,0,0,1,1,1,0,0,-7.87,0.075,0.39245,50000
2922,124,1,1,0,18,14,10,8,0,16.02,0.0747,0.39199,50000
2923,5,0,0,0,3,4,0,0,1,-12.45,0.0744,0.39199,50000
2924,12,0,0,0,2,2,2,0,0,-7.59,0.0741,0.39194,50000
2925,29,0,0,0,7,5,3,1,0,-5.23,0.0738,0.39144,50000
2926,34,1,1,0,1,6,3,2,0,0.17,0.0734,0.3907,50000
2927,5,0,0,0,3,4,0,0,1,-11.95,0.0731,0.3907,50000
2928,5,0,0,0,1,1,1,0,0,-9.85,0.0728,0.39075,50000
2929,5,0,0,0,1,3,0,0,1,-12.85,0.0725,0.39075,50000
2930,5,0,0,0,3,3,1,0,0,-8.45,0.0722,0.39075,50000
2931,401,2,2,0,78,29,18,31,0,50.38,0.0719,0.38915,50000
2932,363,1,1,0,77,16,8,12,0,7.99,0.0715,0.38581,50000
2933,21,0,0,0,5,4,2,1,0,-5.77,0.0712,0.38525,50000
2934,78,0,0,0,16,8,6,4,0,1.39,0.0709,0.38478,50000
2935,5,0,0,0,3,2,0,0,1,-12.95,0.0706,0.38459,50000
2936,21,0,0,0,6,4,3,0,0,-2.92,0.0703,0.38435,50000
2937,128,1,1,0,56,15,10,3,0,9.94,0.07,0.38397,50000
2938,123,0,0,0,56,7,5,6,0,0.14,0.0696,0.3833,50000
2939,106,0,0,0,41,7,5,4,0,-2.67,0.0693,0.3826,50000
2940,76,1,1,0,12,8,3,2,0,-1.17,0.069,0.38156,50000
2941,52,1,1,0,11,9,3,4,0,1.06,0.0687,0.38132,50000
2942,157,1,1,0,31,20,12,10,0,21.76,0.0684,0.37997,50000
2943,401,2,2,0,40,31,13,14,0,36.93,0.0681,0.37574,50000
2944,5,0,0,0,3,3,0,0,1,-12.95,0.0677,0.37574,50000
2945,5,0,0,0,3,3,0,0,1,-12.95,0.0674,0.37634,50000
2946,5,0,0,0,3,3,0,0,1,-12.95,0.0671,0.37634,50000
2947,306,2,2,0,41,19,11,12,0,19.53,0.0668,0.37289,50000
2948,200,2,2,0,25,18,12,15,0,23.2,0.0665,0.37168,50000
2949,35,0,0,0,10,9,3,2,0,-0.45,0.0662,0.3712,50000
2950,6,0,0,0,1,1,1,0,0,-9.87,0.0658,0.3712,50000
2951,401,1,1,0,22,20,10,16,0,26.58,0.0655,0.36725,50000
2952,5,0,0,0,1,2,1,0,0,-7.75,0.0652,0.36725,50000
2953,20,0,0,0,3,7,3,0,0,-1.8,0.0649,0.36728,50000
2954,28,0,0,0,8,7,3,1,0,-1.71,0.0646,0.36714,50000
2955,243,2,2,0,153,17,8,6,0,4.34,0.0643,0.36466,50000
2956,164,1,1,0,25,26,13,10,0,26.02,0.0639,0.36223,50000
2957,5,0,0,0,3,2,1,0,0,-8.95,0.0636,0.36223,50000
2958,5,0,0,0,3,2,0,0,1,-13.45,0.0633,0.36201,50000
2959,69,1,1,0,14,21,7,3,0,11.72,0.063,0.36094,50000
2960,29,0,0,0,5,6,3,1,0,-2.98,0.0627,0.36085,50000
2961,123,1,1,0,31,25,11,6,0,20.94,0.0624,0.36135,50000
2962,186,6,6,0,15,25,12,13,0,35.23,0.062,0.3604,50000
2963,41,1,1,0,7,10,4,2,0,1.88,0.0617,0.35985,50000
2964,305,1,1,0,71,30,15,21,0,30.8,0.0614,0.35984,50000
2965,5,0,0,0,0,0,0,1,0,-11.55,0.0611,0.35984,50000
2966,401,1,1,0,215,24,13,17,0,23.78,0.0608,0.35857,50000
2967,5,0,0,0,1,2,0,0,1,-12.85,0.0605,0.35857,50000
2968,45,0,0,0,24,2,1,2,0,-8.3,0.0601,0.35875,50000
2969,5,0,0,0,4,1,1,0,0,-9.5,0.0598,0.35875,50000
2970,15,0,0,0,3,3,2,0,0,-5.9,0.0595,0.35891,50000
2971,7,0,0,0,2,2,1,0,0,-8.39,0.0592,0.35886,50000
2972,45,1,1,0,12,13,5,1,0,5.15,0.0589,0.35858,50000
2973,5,0,0,0,3,3,0,0,1,-12.45,0.0586,0.35858,50000
2974,5,0,0,0,3,2,0,0,1,-12.95,0.0582,0.35858,50000
2975,102,0,0,0,17,10,7,6,0,7.01,0.0579,0.35814,50000
2976,186,2,2,0,28,27,11,8,0,23.58,0.0576,0.35649,50000
2977,41,1,1,0,6,5,3,3,0,-2.22,0.0573,0.35661,50000
2978,79,0,0,0,15,12,6,5,0,6.17,0.057,0.3567,50000
2979,401,3,3,0,237,27,14,10,0,27.48,0.0567,0.35573,50000
2980,21,0,0,0,6,4,2,1,0,-5.17,0.0563,0.35593,50000
2981,23,0,0,0,9,4,2,1,0,-6.61,0.056,0.35626,50000
2982,44,0,0,0,7,16,6,0,0,8.27,0.0557,0.35691,50000
2983,107,1,1,0,19,18,8,7,0,14.16,0.0554,0.35675,50000
2984,166,2,2,0,33,32,14,9,0,29.68,0.0551,0.35591,50000
2985,20,0,0,0,3,1,1,2,0,-9.65,0.0548,0.35576,50000
2986,168,0,0,0,38,22,11,11,0,16.59,0.0544,0.35411,50000
2987,153,0,0,0,57,12,6,12,0,6.49,0.0541,0.35411,50000
2988,7,0,0,0,2,2,1,0,0,-7.59,0.0538,0.35411,50000
2989,7,0,0,0,0,2,1,0,0,-7.34,0.0535,0.35411,50000
2990,38,0,0,0,10,3,3,2,0,-5.11,0.0532,0.35351,50000
2991,401,0,0,0,222,19,9,14,0,12.33,0.0529,0.35258,50000
2992,147,0,0,0,10,8,6,11,0,6.06,0.0525,0.35046,50000
2993,131,0,0,0,65,12,7,3,0,2.53,0.0522,0.34919,50000
2994,20,0,0,0,5,7,3,0,0,-4.3,0.0519,0.34921,50000
2995,5,0,0,0,1,3,0,0,1,-12.85,0.0516,0.34924,50000
2996,382,4,4,0,152,29,18,18,0,30.86,0.0513,0.34606,50000
2997,27,0,0,0,11,7,4,0,0,-1.69,0.051,0.34605,50000
2998,20,0,0,0,5,5,3,0,0,-2.4,0.0506,0.34553,50000
2999,268,2,2,0,60,38,18,15,0,39.49,0.0503,0.34372,50000
3000,98,0,0,0,19,21,9,4,0,15.29,0.05,0.3443,50000
3001,322,2,2,0,154,21,13,12,0,15.26,0.05,0.34203,50000
3002,13,0,0,0,4,4,2,0,0,-7.01,0.05,0.34203,50000
3003,144,0,0,0,36,25,9,11,0,19.67,0.05,0.34088,50000
3004,6,0,0,0,1,2,1,0,0,-7.37,0.05,0.3405,50000
3005,7,0,0,0,1,1,1,0,0,-9.89,0.05,0.3405,50000
3006,5,0,0,0,3,3,0,0,1,-12.45,0.05,0.3405,50000
3007,7,0,0,0,0,2,1,0,0,-7.34,0.05,0.34058,50000
3008,260,1,1,0,32,19,8,26,0,16.45,0.05,0.34052,50000
3009,5,0,0,0,4,3,0,0,1,-13.0,0.05,0.34052,50000
3010,85,0,0,0,19,8,4,6,0,1.5,0.05,0.34054,50000
3011,393,3,3,0,41,25,14,36,0,37.04,0.05,0.33682,50000
3012,149,1,1,0,21,27,14,6,0,26.12,0.05,0.33611,50000
3013,5,0,0,0,3,2,0,0,1,-12.95,0.05,0.33611,50000
3014,293,2,2,0,219,21,8,4,0,2.84,0.05,0.33528,50000
3015,74,0,0,0,16,2,1,7,0,-6.38,0.05,0.33537,50000
3016,5,0,0,0,3,2,0,0,1,-12.95,0.05,0.33537,50000
3017,401,2,2,0,97,24,11,10,0,24.18,0.05,0.33448,50000
3018,26,1,1,0,11,9,3,1,0,-1.72,0.05,0.33467,50000
3019,5,0,0,0,3,2,1,0,0,-9.45,0.05,0.33467,50000
3020,12,0,0,0,2,4,2,0,0,-5.64,0.05,0.33496,50000
3021,35,0,0,0,4,4,2,2,0,-6.7,0.05,0.3345,50000
3022,102,1,1,0,28,20,10,3,0,14.66,0.05,0.33398,50000
3023,68,1,1,0,14,23,8,1,0,14.09,0.05,0.33306,50000
3024,401,2,2,0,174,8,5,28,0,10.58,0.05,0.33127,50000
3025,401,1,1,0,101,25,13,33,0,36.58,0.05,0.32967,50000
3026,105,1,1,0,15,23,10,2,0,18.65,0.05,0.32959,50000
3027,173,2,2,0,39,23,12,11,0,19.34,0.05,0.32846,50000
3028,351,0,0,0,30,7,5,26,0,4.23,0.05,0.32451,50000
3029,401,0,0,0,156,19,9,24,0,18.93,0.05,0.32071,50000
3030,5,0,0,0,1,2,0,0,1,-12.85,0.05,0.32071,50000
3031,5,0,0,0,1,2,0,0,1,-13.35,0.05,0.32025,50000
3032,259,2,2,0,67,37,14,17,0,34.37,0.05,0.31864,50000
3033,23,0,0,0,6,4,3,0,0,-3.41,0.05,0.3185,50000
3034,5,0,0,0,3,3,0,0,1,-11.95,0.05,0.31801,50000
3035,173,3,3,0,25,41,13,3,0,33.24,0.05,0.31603,50000
3036,36,0,0,0,7,3,2,3,0,-6.32,0.05,0.31504,50000
3037,6,0,0,0,1,2,1,0,0,-7.37,0.05,0.31504,50000
3038,119,2,2,0,59,15,9,2,0,9.87,0.05,0.31432,50000
3039,48,2,2,0,16,13,6,1,0,7.74,0.05,0.31384,50000
3040,69,0,0,0,16,17,8,2,0,8.47,0.05,0.31242,50000
3041,198,1,1,0,148,9,4,2,0,-8.21,0.05,0.3112,50000
3042,43,0,0,0,15,11,6,0,0,4.19,0.05,0.31124,50000
3043,129,1,1,0,33,25,10,8,0,20.87,0.05,0.30878,50000
3044,230,0,0,0,48,13,7,21,0,9.5,0.05,0.30661,50000
3045,401,1,1,0,155,11,8,26,0,13.93,0.05,0.30318,50000
3046,45,0,0,0,11,10,5,1,0,2.9,0.05,0.30248,50000
3047,365,2,2,0,159,24,12,16,0,17.55,0.05,0.29851,50000
3048,22,0,0,0,1,6,3,0,0,-2.54,0.05,0.29827,50000
3049,28,0,0,0,8,4,3,1,0,-5.46,0.05,0.29793,50000
3050,5,0,0,0,3,2,0,0,1,-13.45,0.05,0.29793,50000
3051,5,0,0,0,3,4,0,0,1,-12.45,0.05,0.29707,50000
3052,7,0,0,0,3,3,1,0,0,-8.99,0.05,0.29707,50000
3053,20,0,0,0,3,6,3,0,0,-2.7,0.05,0.29671,50000
3054,55,1,1,0,14,9,5,2,0,3.7,0.05,0.29618,50000
3055,298,4,4,0,89,36,16,7,0,31.89,0.05,0.29264,50000
3056,41,0,0,0,5,10,6,0,0,4.78,0.05,0.29234,50000
3057,401,2,2,0,123,38,19,15,0,45.63,0.05,0.28975,50000
3058,103,4,4,0,26,23,10,4,0,19.59,0.05,0.28781,50000
3059,38,0,0,0,9,7,5,0,0,0.89,0.05,0.28722,50000
3060,5,0,0,0,3,4,0,0,1,-12.45,0.05,0.28722,50000
3061,29,1,1,0,5,8,4,0,0,0.57,0.05,0.28763,50000
3062,13,0,0,0,1,1,1,1,0,-9.16,0.05,0.28755,50000
3063,339,0,0,0,194,0,0,1,0,-26.13,0.05,0.2847,50000
3064,306,1,1,0,55,29,16,23,0,30.63,0.05,0.2814,50000
3065,50,0,0,0,7,5,3,4,0,-1.9,0.05,0.28139,50000
3066,287,0,0,0,48,28,15,24,0,28.21,0.05,0.27866,50000
3067,64,1,1,0,7,10,6,3,0,6.52,0.05,0.27779,50000
3068,84,1,1,0,16,25,9,3,0,16.92,0.05,0.27664,50000
3069,401,2,2,0,25,23,12,5,0,26.48,0.05,0.27155,50000
3070,401,5,5,0,46,34,15,31,0,50.78,0.05,0.26925,50000
3071,25,0,0,0,6,8,3,0,0,-2.35,0.05,0.26909,50000
3072,7,0,0,0,0,1,1,0,0,-7.79,0.05,0.26909,50000
3073,237,2,3,0,46,19,9,20,0,14.21,0.05,0.26613,50000
3074,66,1,1,0,11,19,8,1,0,11.93,0.05,0.2648,50000
3075,91,3,3,0,25,16,10,3,0,16.43,0.05,0.26396,50000
3076,401,2,2,0,106,32,16,13,0,35.53,0.05,0.25879,50000
3077,189,1,1,0,107,18,8,4,0,6.12,0.05,0.25729,50000
3078,155,0,0,0,10,10,7,15,0,9.85,0.05,0.25658,50000
3079,324,5,5,0,42,41,19,15,0,45.67,0.05,0.25352,50000
3080,5,0,0,0,3,4,0,0,1,-12.45,0.05,0.25352,50000
3081,44,0,0,0,8,17,6,0,0,4.42,0.05,0.25287,50000
3082,5,0,0,0,4,4,0,0,1,-12.0,0.05,0.25287,50000
3083,205,2,2,0,27,35,13,11,0,30.8,0.05,0.25015,50000
3084,401,6,6,0,29,30,14,12,0,41.23,0.05,0.24808,50000
3085,14,0,0,0,4,3,2,0,0,-5.53,0.05,0.24778,50000
3086,56,0,0,0,43,3,1,1,0,-11.87,0.05,0.24761,50000
3087,30,0,0,0,4,11,4,0,0,0.5,0.05,0.24766,50000
3088,24,0,0,0,5,5,3,0,0,-4.28,0.05,0.24753,50000
3089,7,0,0,0,2,2,1,0,0,-7.59,0.05,0.24753,50000
3090,16,0,0,0,7,4,2,0,0,-7.62,0.05,0.24752,50000
3091,23,0,0,0,3,3,3,0,0,-3.61,0.05,0.24728,50000
3092,28,1,1,0,13,8,3,1,0,-2.91,0.05,0.24703,50000
3093,5,0,0,0,3,2,0,0,1,-13.45,0.05,0.24684,50000
3094,96,1,1,0,17,17,8,5,0,13.83,0.05,0.24682,50000
3095,401,0,0,0,107,34,20,8,0,43.23,0.05,0.24323,50000
3096,401,3,3,0,38,25,16,2,0,34.68,0.05,0.23975,50000
3097,18,0,0,0,5,7,2,0,0,-5.51,0.05,0.23976,50000
3098,401,1,1,0,39,35,17,4,0,38.98,0.05,0.23594,50000
3099,48,0,0,0,7,10,6,0,0,3.94,0.05,0.23629,50000
3100,381,1,1,0,105,26,13,7,0,18.98,0.05,0.23318,50000
3101,401,2,2,0,28,25,12,1,0,27.63,0.05,0.23003,50000
3102,6,0,0,0,0,0,0,1,0,-11.07,0.05,0.23003,50000
3103,401,1,1,0,41,31,18,13,0,44.28,0.05,0.22747,50000
3104,401,0,0,0,29,24,11,3,0,24.53,0.05,0.22475,50000
3105,401,2,2,0,36,17,11,12,0,20.73,0.05,0.22106,50000
3106,77,0,0,0,11,17,9,1,0,13.51,0.05,0.22011,50000
3107,29,1,1,0,9,5,3,1,0,-1.08,0.05,0.22024,50000
3108,7,0,0,0,0,1,1,0,0,-8.74,0.05,0.22024,50000
3109,375,1,1,0,181,31,11,21,0,15.75,0.05,0.21778,50000
3110,44,2,2,0,18,12,5,0,0,3.77,0.05,0.21743,50000
3111,401,5,5,0,98,52,26,14,0,69.58,0.05,0.21434,50000
3112,28,0,0,0,6,9,4,0,0,2.04,0.05,0.21367,50000
3113,5,0,0,0,3,3,0,0,1,-12.45,0.05,0.21367,50000
3114,219,1,1,0,95,28,14,6,0,21.22,0.05,0.21147,50000
3115,78,0,0,0,18,8,4,5,0,-1.11,0.05,0.21131,50000
3116,51,0,0,0,10,15,7,0,0,7.58,0.05,0.21075,50000
3117,401,2,2,0,79,30,16,17,0,39.88,0.05,0.20898,50000
3118,401,2,2,0,21,16,8,16,0,22.83,0.05,0.20635,50000
3119,87,2,2,0,17,24,10,0,0,20.06,0.05,0.2059,50000
3120,40,0,0,0,12,8,4,1,0,-2.25,0.05,0.20581,50000
3121,55,1,1,0,20,12,6,0,0,5.05,0.05,0.20528,50000
3122,73,0,0,0,64,1,1,0,0,-14.26,0.05,0.20412,50000
3123,401,4,4,0,240,35,15,7,0,33.63,0.05,0.20139,50000
3124,401,2,2,0,128,24,12,13,0,25.78,0.05,0.19895,50000
3125,59,1,1,0,15,12,7,1,0,7.37,0.05,0.19789,50000
3126,159,0,0,0,109,14,7,1,0,-1.68,0.05,0.19608,50000
3127,401,4,4,0,49,33,17,16,0,45.08,0.05,0.19335,50000
3128,401,5,5,0,68,39,22,25,0,62.78,0.05,0.19134,50000
3129,34,0,0,0,11,6,5,0,0,-1.68,0.05,0.19074,50000
3130,166,1,1,0,35,22,10,11,0,18.33,0.05,0.18892,50000
3131,29,0,0,0,7,7,2,2,0,-2.68,0.05,0.18881,50000
3132,56,1,1,0,11,14,7,0,0,8.68,0.05,0.18826,50000
3133,184,3,3,0,17,17,8,2,0,11.77,0.05,0.18763,50000
3134,15,0,0,0,1,5,2,0,0,-5.1,0.05,0.18751,50000
3135,55,1,1,0,12,7,4,3,0,0.35,0.05,0.1864,50000
3136,20,0,0,0,7,7,3,0,0,-4.0,0.05,0.18638,50000
3137,89,0,0,0,13,11,8,0,0,6.92,0.05,0.18532,50000
3138,6,0,0,0,1,0,0,1,0,-11.67,0.05,0.18532,50000
3139,20,1,1,0,3,4,3,0,0,-2.5,0.05,0.1854,50000
3140,401,3,3,0,54,49,26,17,0,69.83,0.05,0.18179,50000
3141,218,1,1,0,35,18,9,18,0,15.89,0.05,0.17962,50000
3142,298,0,0,0,25,18,12,4,0,13.84,0.05,0.17671,50000
3143,91,0,0,0,16,20,12,0,0,18.03,0.05,0.17642,50000
3144,152,0,0,0,31,9,5,13,0,-0.59,0.05,0.1749,50000
3145,153,0,0,0,105,13,6,0,0,-1.21,0.05,0.17367,50000
3146,86,0,0,0,27,8,4,7,0,-2.07,0.05,0.17337,50000
3147,17,0,0,0,3,2,1,1,0,-9.19,0.05,0.1731,50000
3148,39,0,0,0,10,13,5,0,0,2.77,0.05,0.17208,50000
3149,23,0,0,0,4,5,3,0,0,-1.76,0.05,0.17193,50000
3150,401,1,1,0,348,9,5,2,0,-10.17,0.05,0.16838,50000
3151,94,0,0,0,17,20,9,3,0,12.52,0.05,0.16789,50000
3152,122,1,1,0,28,30,12,5,0,24.36,0.05,0.16676,50000
3153,37,1,1,0,8,6,4,1,0,0.06,0.05,0.16645,50000
3154,175,2,2,0,37,33,17,5,0,34.85,0.05,0.16554,50000
3155,91,0,0,0,30,21,9,1,0,13.83,0.05,0.16445,50000
3156,350,0,0,0,33,10,5,6,0,-4.5,0.05,0.16246,50000
3157,401,3,3,0,312,18,8,1,0,4.63,0.05,0.15996,50000
3158,42,0,0,0,9,8,4,1,0,0.46,0.05,0.15982,50000
3159,7,0,0,0,2,2,1,0,0,-7.59,0.05,0.15982,50000
3160,44,0,0,0,9,10,5,1,0,2.32,0.05,0.15919,50000
3161,28,0,0,0,3,4,2,2,0,-6.21,0.05,0.15885,50000
3162,45,3,3,0,7,12,6,0,0,10.2,0.05,0.15857,50000
3163,7,0,0,0,2,1,1,0,0,-8.09,0.05,0.15857,50000
3164,13,0,0,0,3,2,1,1,0,-9.26,0.05,0.15846,50000
3165,37,0,0,0,5,5,4,0,0,-1.79,0.05,0.15895,50000
3166,27,1,1,0,7,3,3,1,0,-3.04,0.05,0.1588,50000
3167,401,2,2,0,72,22,12,9,0,23.68,0.05,0.15667,50000
3168,136,0,0,0,14,9,4,4,0,-0.57,0.05,0.15673,50000
3169,135,1,1,0,13,18,10,0,0,15.55,0.05,0.15608,50000
3170,173,1,1,0,135,8,4,0,0,-7.06,0.05,0.15512,50000
3171,13,0,0,0,4,5,2,0,0,-4.91,0.05,0.15512,50000
3172,401,1,1,0,24,19,10,4,0,20.43,0.05,0.15245,50000
3173,224,2,2,0,57,36,15,14,0,35.27,0.05,0.15207,50000
3174,81,0,0,0,19,22,10,0,0,15.48,0.05,0.15143,50000
3175,80,0,0,0,13,19,10,1,0,15.45,0.05,0.1509,50000
3176,24,1,1,0,1,7,3,0,0,0.87,0.05,0.15094,50000
3177,361,1,1,0,34,25,13,4,0,18.63,0.05,0.14896,50000
3178,15,0,0,0,4,5,2,0,0,-5.9,0.05,0.14872,50000
3179,401,1,1,0,49,32,17,9,0,39.48,0.05,0.14747,50000
3180,401,1,1,0,25,22,10,13,0,22.63,0.05,0.14574,50000
3181,160,1,1,0,64,14,6,2,0,0.9,0.05,0.1454,50000
3182,156,4,4,0,26,26,14,6,0,30.18,0.05,0.14526,50000
3183,401,2,2,0,29,18,8,7,0,17.18,0.05,0.14258,50000
3184,182,1,1,0,42,22,11,7,0,19.51,0.05,0.14138,50000
3185,7,0,0,0,0,2,1,0,0,-7.24,0.05,0.14138,50000
3186,187,3,3,0,42,37,16,7,0,36.81,0.05,0.14091,50000
3187,282,2,2,0,18,19,8,6,0,12.01,0.05,0.13961,50000
3188,401,1,1,0,48,31,14,12,0,35.58,0.05,0.13819,50000
3189,258,3,3,0,41,40,20,16,0,46.79,0.05,0.13812,50000
3190,216,0,0,0,78,12,5,17,0,2.58,0.05,0.13695,50000
3191,162,2,2,0,30,30,16,6,0,34.16,0.05,0.13667,50000
3192,24,0,0,0,5,8,3,0,0,-0.78,0.05,0.13637,50000
3193,401,2,2,0,195,38,23,10,0,47.53,0.05,0.13461,50000
3194,27,1,1,0,6,4,3,1,0,-3.14,0.05,0.13448,50000
3195,401,1,1,0,63,43,21,33,0,61.58,0.05,0.1338,50000
3196,401,7,7,0,61,47,25,14,0,72.08,0.05,0.13207,50000
3197,5,0,0,0,3,3,0,0,1,-12.95,0.05,0.13179,50000
3198,6,0,0,0,1,0,0,1,0,-9.82,0.05,0.13179,50000
3199,54,1,1,0,12,11,5,2,0,4.97,0.05,0.13145,50000
3200,99,2,2,0,22,24,12,1,0,20.07,0.05,0.13103,50000
3201,23,1,1,0,4,8,3,0,0,0.24,0.05,0.131,50000
3202,6,0,0,0,1,2,1,0,0,-7.42,0.05,0.131,50000
3203,151,2,2,0,28,19,9,12,0,18.93,0.05,0.12987,50000
3204,244,2,2,0,61,35,15,20,0,34.62,0.05,0.12911,50000
3205,400,6,6,0,48,49,27,27,0,69.15,0.05,0.12686,50000
3206,332,1,1,0,191,21,11,11,0,7.96,0.05,0.12599,50000
3207,401,4,4,0,83,41,23,28,0,65.73,0.05,0.12403,50000
3208,5,0,0,0,3,4,0,0,1,-12.45,0.05,0.12403,50000
3209,386,2,2,0,121,32,17,15,0,27.58,0.05,0.12114,50000
3210,300,0,0,0,36,21,9,17,0,20.4,0.05,0.11955,50000
3211,401,2,2,0,90,22,12,23,0,29.68,0.05,0.11709,50000
3212,6,0,0,0,3,1,1,0,0,-9.47,0.05,0.11709,50000
3213,28,0,0,0,10,8,4,0,0,0.19,0.05,0.11713,50000
3214,22,0,0,0,6,6,3,0,0,-3.34,0.05,0.11705,50000
3215,183,0,0,0,83,20,11,5,0,13.39,0.05,0.11522,50000
3216,17,0,0,0,4,4,2,0,0,-6.34,0.05,0.11481,50000
3217,252,2,2,0,68,34,15,17,0,34.76,0.05,0.11341,50000
3218,50,0,0,0,5,13,3,2,0,1.75,0.05,0.11336,50000
3219,401,1,1,0,65,30,16,15,0,38.23,0.05,0.11096,50000
3220,368,4,4,0,92,40,22,28,0,55.19,0.05,0.10984,50000
3221,84,1,1,0,26,15,8,4,0,10.02,0.05,0.10976,50000
3222,39,0,0,0,1,9,5,0,0,2.42,0.05,0.10964,50000
3223,205,1,1,0,38,24,11,6,0,19.35,0.05,0.1086,50000
3224,168,3,3,0,29,37,17,6,0,40.74,0.05,0.10816,50000
3225,399,2,2,0,90,44,21,30,0,47.32,0.05,0.10673,50000
3226,20,0,0,0,3,5,2,1,0,-3.85,0.05,0.10701,50000
3227,189,1,1,0,37,37,17,9,0,40.52,0.05,0.10646,50000
3228,401,3,3,0,55,38,21,29,0,59.08,0.05,0.10496,50000
3229,66,0,0,0,15,10,6,3,0,5.43,0.05,0.10465,50000
3230,157,1,1,0,46,11,6,3,0,0.51,0.05,0.10344,50000
3231,43,2,2,0,15,11,5,1,0,4.44,0.05,0.10337,50000
3232,51,0,0,0,16,15,6,1,0,5.28,0.05,0.10327,50000
3233,401,3,3,0,131,37,19,30,0,52.73,0.05,0.1011,50000
3234,124,2,2,0,27,29,15,2,0,30.47,0.05,0.10116,50000
3235,119,1,1,0,89,10,5,0,0,-2.88,0.05,0.10032,50000
3236,90,0,0,0,37,9,6,3,0,3.2,0.05,0.10002,50000
3237,7,0,0,0,0,1,1,0,0,-7.84,0.05,0.10002,50000
3238,5,0,0,0,3,3,0,0,1,-12.95,0.05,0.10002,50000
3239,92,2,2,0,21,18,12,1,0,18.01,0.05,0.09925,50000
3240,401,4,4,0,127,48,24,23,0,66.43,0.05,0.09746,50000
3241,401,3,3,0,73,43,22,21,0,60.38,0.05,0.09622,50000
3242,206,0,0,0,41,24,15,8,0,25.23,0.05,0.09538,50000
3243,325,2,2,0,46,31,19,9,0,33.35,0.05,0.09496,50000
3244,250,3,3,0,35,35,24,10,0,51.05,0.05,0.09458,50000
3245,8,0,0,0,3,2,1,0,0,-8.06,0.05,0.09458,50000
3246,44,0,0,0,8,11,5,1,0,4.27,0.05,0.09423,50000
3247,401,6,6,0,54,37,19,17,0,53.93,0.05,0.09371,50000
3248,173,0,0,0,33,40,18,6,0,39.04,0.05,0.09352,50000
3249,401,3,3,0,96,35,20,19,0,49.83,0.05,0.09161,50000
3250,44,0,0,0,12,10,5,1,0,3.42,0.05,0.09148,50000
3251,243,2,2,0,97,15,8,12,0,9.69,0.05,0.09097,50000
3252,131,1,1,0,27,24,14,4,0,24.63,0.05,0.09109,50000
3253,15,0,0,0,3,3,1,1,0,-6.8,0.05,0.09114,50000
3254,14,0,0,0,2,3,1,1,0,-6.63,0.05,0.09118,50000
3255,81,1,1,0,16,15,9,2,0,10.88,0.05,0.09134,50000
3256,98,1,1,0,59,7,4,3,0,-2.46,0.05,0.09089,50000
3257,401,2,2,0,36,28,13,8,0,32.63,0.05,0.09044,50000
3258,19,0,0,0,2,5,3,0,0,-3.13,0.05,0.09047,50000
3259,8,0,0,0,3,1,1,0,0,-8.06,0.05,0.09037,50000
3260,130,0,0,0,121,2,1,0,0,-15.85,0.05,0.09093,50000
3261,36,0,0,0,10,11,5,0,0,1.48,0.05,0.09084,50000
3262,201,0,0,0,37,34,14,5,0,28.18,0.05,0.09093,50000
3263,96,1,1,0,26,26,9,3,0,19.88,0.05,0.09081,50000
3264,29,0,0,0,5,7,4,0,0,-0.13,0.05,0.09088,50000
3265,251,6,6,0,40,32,20,7,0,47.08,0.05,0.09084,50000
3266,401,0,0,0,13,1,1,0,0,-6.52,0.05,0.09025,50000
3267,21,0,0,0,6,2,2,1,0,-6.17,0.05,0.09029,50000
3268,179,2,2,0,31,29,14,6,0,30.02,0.05,0.08992,50000
3269,109,1,1,0,12,21,12,1,0,21.12,0.05,0.08973,50000
3270,401,3,3,0,168,40,24,10,0,52.18,0.05,0.08886,50000
3271,34,0,0,0,7,3,2,3,0,-4.98,0.05,0.08863,50000
3272,349,4,4,0,58,45,23,22,0,57.47,0.05,0.08772,50000
3273,50,0,0,0,10,16,6,1,0,5.85,0.05,0.08774,50000
3274,71,1,1,0,15,17,10,0,0,16.13,0.05,0.08772,50000
3275,108,1,1,0,23,23,13,2,0,22.69,0.05,0.08672,50000
3276,160,1,1,0,30,32,15,5,0,29.6,0.05,0.08583,50000
3277,15,0,0,0,1,6,2,0,0,-3.9,0.05,0.08572,50000
3278,168,1,1,0,67,18,11,9,0,15.29,0.05,0.08558,50000
3279,193,2,2,0,26,25,12,3,0,24.09,0.05,0.08536,50000
3280,77,3,3,0,13,17,9,0,0,15.81,0.05,0.08515,50000
3281,56,2,2,0,11,16,7,0,0,10.23,0.05,0.08491,50000
3282,20,0,0,0,3,8,3,0,0,-3.7,0.05,0.08483,50000
3283,401,2,2,0,260,27,13,5,0,20.63,0.05,0.08435,50000
3284,44,1,1,0,8,10,5,1,0,4.02,0.05,0.08431,50000
3285,278,2,2,0,47,26,15,20,0,33.79,0.05,0.08446,50000
3286,401,4,4,0,224,35,17,2,0,32.78,0.05,0.0842,50000
3287,142,3,3,0,29,29,13,4,0,29.46,0.05,0.0849,50000
3288,22,0,0,0,5,6,3,0,0,-1.94,0.05,0.08496,50000
3289,56,2,2,0,15,18,8,0,0,14.78,0.05,0.08465,50000
3290,5,0,0,0,3,3,0,0,1,-11.95,0.05,0.08465,50000
3291,246,2,2,0,88,28,15,12,0,29.33,0.05,0.08451,50000
3292,254,2,2,0,35,29,13,10,0,29.92,0.05,0.08416,50000
3293,360,2,2,0,65,35,15,34,0,39.6,0.05,0.08362,50000
3294,200,1,1,0,37,28,14,9,0,26.8,0.05,0.08388,50000
3295,302,4,4,0,62,40,19,23,0,51.96,0.05,0.08388,50000
3296,208,4,4,0,31,36,20,8,0,47.24,0.05,0.08336,50000
3297,188,1,1,0,36,16,11,12,0,17.64,0.05,0.08319,50000
3298,64,1,1,0,15,8,5,4,0,3.37,0.05,0.08318,50000
3299,45,1,1,0,13,11,6,0,0,4.3,0.05,0.08332,50000
3300,122,2,2,0,21,28,14,2,0,28.56,0.05,0.08268,50000
3301,5,0,0,0,2,1,1,0,0,-8.8,0.05,0.08265,50000
3302,155,4,4,0,28,31,15,6,0,36.15,0.05,0.08285,50000
3303,41,0,0,0,13,11,4,2,0,1.28,0.05,0.08315,50000
3304,57,1,1,0,15,12,7,1,0,9.41,0.05,0.08328,50000
3305,5,0,0,0,4,3,0,0,1,-12.5,0.05,0.08324,50000
3306,97,4,4,0,15,26,11,2,0,25.06,0.05,0.08321,50000
3307,173,2,2,0,101,17,6,4,0,6.29,0.05,0.08316,50000
3308,29,1,1,0,2,5,3,1,0,-1.48,0.05,0.08338,50000
3309,20,0,0,0,7,6,3,0,0,-4.15,0.05,0.08342,50000
3310,401,1,1,0,60,39,23,22,0,60.78,0.05,0.08249,50000
3311,171,1,1,0,90,28,13,2,0,21.73,0.05,0.08259,50000
3312,298,1,1,0,23,19,10,26,0,21.94,0.05,0.08226,50000
3313,195,1,1,0,47,20,11,16,0,19.05,0.05,0.08129,50000
3314,8,0,0,0,1,2,1,0,0,-7.41,0.05,0.08128,50000
3315,126,0,0,0,14,15,6,3,0,4.93,0.05,0.08122,50000
3316,27,0,0,0,6,8,4,0,0,-0.19,0.05,0.08122,50000
3317,117,0,0,0,29,28,13,3,0,23.51,0.05,0.08134,50000
3318,127,2,2,0,54,24,10,1,0,18.76,0.05,0.08157,50000
3319,300,3,3,0,68,47,23,11,0,54.7,0.05,0.08117,50000
3320,249,1,1,0,23,24,11,9,0,21.07,0.05,0.08101,50000
3321,253,4,4,0,34,29,16,19,0,39.64,0.05,0.08125,50000
3322,126,0,0,0,11,23,12,5,0,23.33,0.05,0.08102,50000
3323,31,0,0,0,3,7,4,0,0,0.53,0.05,0.08097,50000
3324,58,2,2,0,10,15,8,0,0,12.89,0.05,0.08103,50000
3325,71,0,0,0,18,24,10,0,0,16.58,0.05,0.08114,50000
3326,310,2,2,0,32,23,13,13,0,26.6,0.05,0.08111,50000
3327,50,0,0,0,9,9,7,0,0,5.55,0.05,0.0813,50000
3328,97,2,2,0,22,26,11,2,0,23.16,0.05,0.08128,50000
3329,187,4,4,0,20,29,16,8,0,36.66,0.05,0.0812,50000
3330,63,3,3,0,16,20,9,0,0,19.09,0.05,0.08114,50000
3331,129,2,2,0,23,20,9,9,0,18.12,0.05,0.08138,50000
3332,70,1,1,0,11,17,9,1,0,13.05,0.05,0.08155,50000
3333,30,0,0,0,4,9,4,0,0,0.0,0.05,0.08158,50000
3334,401,5,5,0,73,42,16,34,0,60.83,0.05,0.08124,50000
3335,117,3,3,0,21,36,14,2,0,32.46,0.05,0.08107,50000
3336,155,2,2,0,67,22,12,1,0,18.4,0.05,0.0809,50000
3337,15,0,0,0,6,4,2,0,0,-6.5,0.05,0.08085,50000
3338,117,3,3,0,27,35,16,0,0,37.76,0.05,0.08093,50000
3339,78,3,3,0,13,19,9,2,0,18.44,0.05,0.08094,50000
3340,153,3,3,0,30,21,11,10,0,24.39,0.05,0.08068,50000
3341,29,1,1,0,7,6,4,0,0,0.07,0.05,0.08066,50000
3342,134,3,3,0,25,43,16,1,0,42.72,0.05,0.08017,50000
3343,120,1,1,0,15,24,11,0,0,20.35,0.05,0.07998,50000
3344,45,2,2,0,11,11,5,1,0,5.45,0.05,0.07999,50000
3345,14,0,0,0,2,4,2,0,0,-6.28,0.05,0.07986,50000
3346,382,3,3,0,78,41,20,26,0,52.66,0.05,0.07869,50000
3347,15,0,0,0,1,3,2,0,0,-6.05,0.05,0.0786,50000
3348,43,0,0,0,5,10,6,0,0,3.44,0.05,0.07842,50000
3349,152,3,3,0,17,32,11,6,0,30.86,0.05,0.07857,50000
3350,269,3,3,0,41,36,16,18,0,41.52,0.05,0.07822,50000
3351,151,1,1,0,78,26,10,1,0,17.38,0.05,0.07792,50000
3352,349,2,2,0,95,36,20,20,0,40.27,0.05,0.07793,50000
3353,42,0,0,0,11,9,6,0,0,2.81,0.05,0.07805,50000
3354,93,4,4,0,15,24,9,3,0,23.49,0.05,0.07792,50000
3355,401,6,6,0,68,47,26,20,0,75.23,0.05,0.07664,50000
3356,79,0,0,0,46,12,6,0,0,1.67,0.05,0.07659,50000
3357,400,3,3,0,74,36,21,19,0,49.55,0.05,0.07617,50000
3358,401,4,4,0,158,33,17,17,0,43.43,0.05,0.07526,50000
3359,28,0,0,0,6,9,4,0,0,1.69,0.05,0.07529,50000
3360,87,1,1,0,21,28,10,2,0,20.61,0.05,0.07536,50000
3361,5,0,0,0,1,1,1,0,0,-9.85,0.05,0.07536,50000
3362,203,1,1,0,150,13,6,1,0,-2.81,0.05,0.07501,50000
3363,401,3,3,0,154,28,17,18,0,41.38,0.05,0.0741,50000
3364,67,1,1,0,14,20,9,0,0,17.51,0.05,0.07399,50000
3365,5,0,0,0,4,3,0,0,1,-12.5,0.05,0.07399,50000
3366,102,0,0,0,16,23,12,2,0,22.21,0.05,0.07384,50000
3367,15,0,0,0,6,5,2,0,0,-6.65,0.05,0.07384,50000
3368,94,3,3,0,15,23,12,1,0,26.17,0.05,0.07378,50000
3369,84,2,2,0,14,21,12,0,0,21.22,0.05,0.07372,50000
3370,178,3,3,0,30,46,22,2,0,52.99,0.05,0.07391,50000
3371,5,0,0,0,0,2,1,0,0,-7.3,0.05,0.07391,50000
3372,159,1,1,0,33,25,12,10,0,24.62,0.05,0.07429,50000
3373,198,1,1,0,129,30,11,0,0,14.09,0.05,0.0739,50000
3374,5,0,0,0,3,3,0,0,1,-12.95,0.05,0.07379,50000
3375,116,1,1,0,22,25,14,0,0,26.08,0.05,0.07359,50000
3376,285,1,1,0,57,41,19,14,0,43.3,0.05,0.07296,50000
3377,401,2,2,0,80,50,24,29,0,71.83,0.05,0.07276,50000
3378,7,0,0,0,3,2,1,0,0,-9.49,0.05,0.07276,50000
3379,401,4,4,0,77,36,20,30,0,60.13,0.05,0.07223,50000
3380,5,0,0,0,4,3,0,0,1,-12.5,0.05,0.07223,50000
3381,15,0,0,0,3,5,2,0,0,-3.85,0.05,0.07241,50000
3382,54,0,0,0,13,12,6,1,0,5.37,0.05,0.07188,50000
3383,58,0,0,0,7,16,7,0,0,9.54,0.05,0.0719,50000
3384,19,0,0,0,2,4,3,0,0,-3.08,0.05,0.07195,50000
3385,5,0,0,0,1,1,1,0,0,-9.85,0.05,0.07195,50000
3386,40,1,1,0,8,10,6,0,0,5.5,0.05,0.07175,50000
3387,76,1,1,0,10,10,7,4,0,7.73,0.05,0.07172,50000
3388,262,2,2,0,132,35,16,2,0,29.96,0.05,0.07142,50000
3389,401,2,2,0,42,38,17,7,0,45.73,0.05,0.07126,50000
3390,51,0,0,0,14,13,7,0,0,5.88,0.05,0.07097,50000
3391,66,0,0,0,8,12,8,1,0,9.43,0.05,0.07092,50000
3392,401,3,3,0,60,50,21,12,0,61.03,0.05,0.07102,50000
3393,20,0,0,0,5,6,3,0,0,-3.3,0.05,0.07089,50000
3394,5,0,0,0,3,3,0,0,1,-12.45,0.05,0.07089,50000
3395,401,2,2,0,322,28,11,0,0,13.33,0.05,0.07087,50000
3396,21,0,0,0,2,4,2,1,0,-4.72,0.05,0.07077,50000
3397,258,2,2,0,53,27,16,19,0,31.84,0.05,0.07084,50000
3398,179,2,2,0,34,38,17,7,0,40.12,0.05,0.07094,50000
3399,352,6,6,0,62,54,27,15,0,69.56,0.05,0.07179,50000
3400,7,0,0,0,0,2,1,0,0,-8.24,0.05,0.07179,50000
3401,147,4,4,0,51,30,15,1,0,31.81,0.05,0.07175,50000
3402,228,0,0,0,53,26,16,15,0,29.49,0.05,0.07161,50000
3403,137,1,1,0,16,35,16,3,0,36.06,0.05,0.07201,50000
3404,22,1,1,0,7,6,3,0,0,-2.69,0.05,0.07209,50000
3405,117,4,4,0,23,24,12,2,0,24.46,0.05,0.07214,50000
3406,401,2,2,0,51,44,20,10,0,53.83,0.05,0.07181,50000
3407,275,3,3,0,61,31,21,17,0,45.95,0.05,0.07201,50000
3408,35,0,0,0,4,10,5,0,0,4.05,0.05,0.07197,50000
3409,150,2,2,0,34,49,20,0,0,49.6,0.05,0.07191,50000
3410,78,3,3,0,13,30,11,0,0,27.39,0.05,0.07215,50000
3411,15,1,1,0,4,5,2,0,0,-3.95,0.05,0.07218,50000
3412,23,0,0,0,8,4,3,0,0,-4.51,0.05,0.07208,50000
3413,401,4,4,0,61,34,19,29,0,57.48,0.05,0.07285,50000
3414,28,1,1,0,7,9,3,1,0,0.09,0.05,0.07292,50000
3415,121,2,2,0,26,32,13,3,0,29.03,0.05,0.07262,50000
3416,60,1,1,0,14,18,8,0,0,11.9,0.05,0.07252,50000
3417,247,6,6,0,45,41,19,16,0,51.86,0.05,0.0728,50000
3418,195,3,3,0,75,25,13,5,0,25.0,0.05,0.07319,50000
3419,298,2,2,0,65,44,20,13,0,46.29,0.05,0.07362,50000
3420,42,0,0,0,6,16,6,0,0,8.36,0.05,0.07335,50000
3421,30,0,0,0,6,13,4,0,0,3.8,0.05,0.07335,50000
3422,160,2,2,0,36,41,17,4,0,40.55,0.05,0.07332,50000
3423,401,0,0,0,388,0,0,0,0,-27.42,0.05,0.0732,50000
3424,71,1,1,0,15,21,10,0,0,19.13,0.05,0.07347,50000
3425,35,2,2,0,8,8,5,0,0,3.9,0.05,0.07326,50000
3426,241,5,5,0,47,39,21,10,0,48.53,0.05,0.07298,50000
3427,213,2,2,0,44,41,24,5,0,53.39,0.05,0.07303,50000
3428,65,3,3,0,14,17,9,0,0,17.7,0.05,0.07332,50000
3429,401,2,2,0,63,58,30,8,0,77.58,0.05,0.07359,50000
3430,16,0,0,0,2,4,2,0,0,-4.97,0.05,0.07359,50000
3431,154,2,2,0,38,42,20,0,0,45.72,0.05,0.07382,50000
3432,71,0,0,0,12,24,9,1,0,15.38,0.05,0.07386,50000
3433,90,2,2,0,13,30,12,1,0,29.25,0.05,0.0743,50000
3434,5,0,0,0,1,2,1,0,0,-9.35,0.05,0.0743,50000
3435,107,0,0,0,28,28,13,0,0,24.16,0.05,0.07403,50000
3436,5,0,0,0,4,2,0,0,1,-13.5,0.05,0.07403,50000
3437,94,2,2,0,14,23,11,1,0,22.67,0.05,0.074,50000
3438,95,0,0,0,28,17,12,1,0,17.55,0.05,0.07396,50000
3439,128,3,3,0,48,31,11,3,0,24.49,0.05,0.07371,50000
3440,401,7,7,0,120,56,24,21,0,75.73,0.05,0.07376,50000
3441,146,3,3,0,35,41,16,2,0,37.43,0.05,0.07387,50000
3442,227,3,3,0,80,33,18,7,0,38.11,0.05,0.07382,50000
3443,53,0,0,0,8,16,7,0,0,9.79,0.05,0.07408,50000
3444,190,3,3,0,45,33,17,8,0,38.85,0.05,0.07379,50000
3445,52,1,1,0,11,17,7,0,0,8.96,0.05,0.07357,50000
3446,112,1,1,0,21,31,15,0,0,31.91,0.05,0.07389,50000
3447,154,2,2,0,23,38,15,4,0,36.72,0.05,0.074,50000
3448,37,1,1,0,10,13,5,0,0,6.21,0.05,0.07386,50000
3449,129,1,1,0,21,17,9,9,0,17.77,0.05,0.07412,50000
3450,29,0,0,0,1,8,4,0,0,1.57,0.05,0.07409,50000
3451,76,2,2,0,14,15,10,0,0,15.18,0.05,0.0745,50000
3452,401,3,3,0,70,28,15,24,0,45.23,0.05,0.07447,50000
3453,29,0,0,0,6,9,4,0,0,0.02,0.05,0.0743,50000
3454,58,1,1,0,12,17,6,2,0,9.29,0.05,0.07427,50000
3455,279,6,6,0,30,46,18,2,0,45.37,0.05,0.07414,50000
3456,35,0,0,0,3,13,5,0,0,5.25,0.05,0.07401,50000
3457,401,2,2,0,68,40,24,21,0,61.78,0.05,0.07352,50000
3458,401,4,4,0,50,51,27,19,0,78.33,0.05,0.07291,50000
3459,7,0,0,0,0,2,1,0,0,-6.29,0.05,0.07294,50000
3460,69,1,1,0,18,16,9,0,0,13.22,0.05,0.07279,50000
3461,152,4,4,0,27,34,19,1,0,40.91,0.05,0.07244,50000
3462,39,0,0,0,8,10,5,0,0,1.17,0.05,0.07249,50000
3463,126,3,3,0,17,34,13,0,0,32.08,0.05,0.07246,50000
3464,340,7,7,0,72,47,23,23,0,64.05,0.05,0.07179,50000
3465,131,1,1,0,26,40,15,2,0,34.23,0.05,0.07174,50000
3466,25,1,1,0,8,5,3,0,0,-3.8,0.05,0.07159,50000
3467,5,0,0,0,4,4,0,0,1,-12.0,0.05,0.07159,50000
3468,120,3,3,0,24,26,12,4,0,25.8,0.05,0.07161,50000
3469,401,5,5,0,21,28,14,15,0,43.08,0.05,0.07048,50000
3470,96,0,0,0,21,3,1,10,0,-4.52,0.05,0.07055,50000
3471,166,2,2,0,36,38,18,4,0,39.98,0.05,0.07055,50000
3472,399,3,3,0,58,52,24,25,0,65.12,0.05,0.07043,50000
3473,384,4,4,0,102,52,23,15,0,59.62,0.05,0.07062,50000
3474,99,2,2,0,18,24,12,1,0,24.27,0.05,0.07054,50000
3475,51,1,1,0,11,16,7,0,0,9.23,0.05,0.07058,50000
3476,80,4,4,0,13,18,9,2,0,18.4,0.05,0.07066,50000
3477,106,2,2,0,22,36,15,0,0,32.08,0.05,0.07088,50000
3478,401,4,4,0,75,44,23,14,0,63.58,0.05,0.07032,50000
3479,186,4,4,0,32,40,21,5,0,50.68,0.05,0.07047,50000
3480,132,6,6,0,29,39,17,0,0,45.01,0.05,0.07037,50000
3481,154,1,1,0,43,28,13,6,0,24.92,0.05,0.07032,50000
3482,182,3,3,0,19,25,13,10,0,28.06,0.05,0.06999,50000
3483,367,5,5,0,64,56,28,15,0,70.06,0.05,0.06929,50000
3484,177,2,2,0,29,34,22,1,0,44.41,0.05,0.06915,50000
3485,178,1,1,0,42,23,14,7,0,24.49,0.05,0.06905,50000
3486,320,4,4,0,67,47,20,15,0,52.4,0.05,0.06959,50000
3487,43,2,2,0,7,12,6,0,0,8.79,0.05,0.06946,50000
3488,401,2,2,0,40,36,18,5,0,44.38,0.05,0.06956,50000
3489,401,4,4,0,77,45,27,23,0,74.08,0.05,0.06859,50000
3490,151,3,3,0,24,29,16,3,0,35.88,0.05,0.0687,50000
3491,401,4,4,0,78,49,23,2,0,58.93,0.05,0.06847,50000
3492,15,0,0,0,3,3,2,0,0,-7.4,0.05,0.06845,50000
3493,68,1,1,0,7,11,6,1,0,4.69,0.05,0.068,50000
3494,189,2,2,0,45,35,17,6,0,36.42,0.05,0.06827,50000
3495,401,3,3,0,77,46,20,22,0,60.68,0.05,0.06884,50000
3496,147,1,1,0,15,38,17,2,0,38.56,0.05,0.06915,50000
3497,80,1,1,0,18,23,9,1,0,16.55,0.05,0.06921,50000
3498,78,1,1,0,15,27,11,0,0,22.59,0.05,0.06929,50000
3499,91,0,0,0,15,27,12,0,0,24.13,0.05,0.06942,50000
3500,7,0,0,0,0,2,1,0,0,-7.69,0.05,0.06942,50000
3501,217,3,3,0,30,35,16,14,0,39.11,0.05,0.07005,50000
3502,371,7,7,0,37,48,26,16,0,69.88,0.05,0.07045,50000
3503,177,3,3,0,37,46,21,1,0,49.86,0.05,0.0703,50000
3504,203,3,3,0,32,43,22,5,0,52.04,0.05,0.07029,50000
3505,5,0,0,0,1,3,0,0,1,-12.35,0.05,0.07029,50000
3506,45,0,0,0,3,14,6,0,0,6.05,0.05,0.07034,50000
3507,39,1,1,0,20,7,2,1,0,-1.68,0.05,0.07032,50000
3508,29,0,0,0,1,10,4,0,0,1.77,0.05,0.07043,50000
3509,401,6,6,0,34,50,24,13,0,70.73,0.05,0.07053,50000
3510,112,2,2,0,17,41,14,1,0,36.81,0.05,0.0706,50000
3511,297,7,7,0,44,48,25,10,0,64.96,0.05,0.07078,50000
3512,5,0,0,0,3,2,0,0,1,-13.45,0.05,0.07078,50000
3513,105,2,2,0,15,24,11,3,0,23.15,0.05,0.0705,50000
3514,96,1,1,0,16,22,12,0,0,22.98,0.05,0.07058,50000
3515,88,1,1,0,10,25,12,0,0,23.14,0.05,0.07059,50000
3516,58,1,1,0,9,14,7,1,0,8.09,0.05,0.07052,50000
3517,23,0,0,0,2,8,3,0,0,-0.66,0.05,0.07051,50000
3518,401,5,5,0,46,52,28,15,0,78.88,0.05,0.07019,50000
3519,401,4,4,0,157,51,27,5,0,66.98,0.05,0.0696,50000
3520,107,1,1,0,47,21,10,0,0,14.51,0.05,0.06961,50000
3521,103,6,6,0,17,35,13,1,0,37.29,0.05,0.0699,50000
3522,97,4,4,0,19,32,13,0,0,30.46,0.05,0.06981,50000
3523,101,1,1,0,23,33,13,1,0,28.23,0.05,0.06956,50000
3524,401,3,3,0,105,44,20,25,0,61.78,0.05,0.07053,50000
3525,57,0,0,0,33,10,4,0,0,-0.99,0.05,0.07038,50000
3526,374,7,7,0,63,51,25,21,0,68.17,0.05,0.06937,50000
3527,401,4,4,0,86,60,26,2,0,69.78,0.05,0.06982,50000
3528,140,3,3,0,28,51,19,0,0,48.1,0.05,0.06967,50000
3529,189,1,1,0,21,30,17,3,0,33.57,0.05,0.06948,50000
3530,142,4,4,0,22,46,18,1,0,48.46,0.05,0.06975,50000
3531,31,1,1,0,3,11,4,0,0,4.03,0.05,0.06957,50000
3532,163,3,3,0,16,24,10,3,0,20.19,0.05,0.06934,50000
3533,148,4,4,0,22,34,17,3,0,38.64,0.05,0.06923,50000
3534,33,0,0,0,6,8,5,0,0,0.69,0.05,0.06913,50000
3535,5,0,0,0,0,2,0,0,1,-13.3,0.05,0.06914,50000
3536,5,0,0,0,0,2,0,0,1,-12.8,0.05,0.06914,50000
3537,5,0,0,0,3,2,0,0,1,-12.95,0.05,0.06914,50000
3538,177,2,2,0,68,38,15,1,0,31.91,0.05,0.06939,50000
3539,90,1,1,0,20,19,11,0,0,16.25,0.05,0.06934,50000
3540,24,0,0,0,7,7,3,0,0,-1.58,0.05,0.0693,50000
3541,112,3,3,0,22,30,13,1,0,30.26,0.05,0.06927,50000
3542,401,6,6,0,36,44,23,11,0,65.43,0.05,0.07023,50000
3543,98,1,1,0,5,27,11,2,0,23.59,0.05,0.07012,50000
3544,82,3,3,0,9,33,11,0,0,28.66,0.05,0.07007,50000
3545,59,0,0,0,8,14,7,1,0,8.07,0.05,0.06992,50000
3546,401,6,6,0,40,40,20,18,0,60.78,0.05,0.07003,50000
3547,21,0,0,0,3,6,3,0,0,-3.67,0.05,0.06998,50000
3548,67,1,1,0,5,18,8,0,0,15.46,0.05,0.06988,50000
3549,23,0,0,0,1,7,3,0,0,-3.91,0.05,0.06965,50000
3550,5,0,0,0,3,3,0,0,1,-11.95,0.05,0.06957,50000
3551,64,1,1,0,11,26,9,0,0,19.42,0.05,0.06944,50000
3552,401,4,4,0,60,47,26,19,0,72.08,0.05,0.06889,50000
3553,62,2,2,0,8,18,8,0,0,15.21,0.05,0.06898,50000
3554,5,0,0,0,1,1,0,0,1,-13.35,0.05,0.06898,50000
3555,5,0,0,0,0,2,0,0,1,-13.3,0.05,0.06898,50000
3556,13,0,0,0,4,5,2,0,0,-6.76,0.05,0.06896,50000
3557,65,1,1,0,12,19,9,0,0,16.1,0.05,0.06874,50000
3558,5,0,0,0,3,2,0,0,1,-13.45,0.05,0.06874,50000
3559,5,0,0,0,2,3,0,0,1,-12.9,0.05,0.06862,50000
3560,401,6,6,0,56,50,28,18,0,80.58,0.05,0.06851,50000
3561,63,0,0,0,12,18,9,0,0,13.64,0.05,0.06826,50000
3562,15,0,0,0,1,4,2,0,0,-4.7,0.05,0.06823,50000
3563,321,5,5,0,131,43,18,12,0,43.13,0.05,0.06801,50000
3564,401,5,5,0,43,44,18,12,0,56.73,0.05,0.06808,50000
3565,308,7,7,0,32,44,20,20,0,59.59,0.05,0.06767,50000
3566,65,2,2,0,12,21,9,0,0,17.45,0.05,0.06778,50000
3567,401,4,4,0,25,50,22,9,0,65.93,0.05,0.06781,50000
3568,61,3,3,0,7,20,8,0,0,17.13,0.05,0.06782,50000
3569,52,0,0,0,5,19,6,1,0,9.86,0.05,0.06783,50000
3570,77,0,0,0,20,25,11,0,0,19.56,0.05,0.06778,50000
3571,16,0,0,0,0,4,2,0,0,-4.52,0.05,0.06777,50000
3572,401,7,7,0,50,54,32,8,0,85.78,0.05,0.06807,50000
3573,28,0,0,0,2,9,4,0,0,2.04,0.05,0.06797,50000
3574,147,2,2,0,28,30,14,6,0,29.31,0.05,0.06812,50000
3575,81,0,0,0,25,28,9,0,0,16.78,0.05,0.06806,50000
3576,334,5,5,0,47,58,32,7,0,78.37,0.05,0.06816,50000
3577,147,0,0,0,34,33,16,4,0,33.46,0.05,0.06795,50000
3578,401,5,5,0,61,52,27,21,0,78.73,0.05,0.06767,50000
3579,128,1,1,0,15,33,16,1,0,34.49,0.05,0.06752,50000
3580,103,2,2,0,28,30,13,0,0,25.44,0.05,0.06759,50000
3581,83,2,2,0,17,30,10,1,0,23.29,0.05,0.06749,50000
3582,288,4,4,0,46,46,25,13,0,61.89,0.05,0.06798,50000
3583,401,3,3,0,44,46,22,11,0,62.58,0.05,0.06831,50000
3584,22,0,0,0,1,10,3,0,0,-0.24,0.05,0.06831,50000
3585,5,0,0,0,3,2,0,0,1,-13.45,0.05,0.06831,50000
3586,5,0,0,0,3,3,0,0,1,-12.45,0.05,0.06833,50000
3587,401,4,4,0,54,50,28,7,0,74.58,0.05,0.06824,50000
3588,77,4,4,0,19,26,11,0,0,24.06,0.05,0.06838,50000
3589,19,0,0,0,4,5,3,0,0,-2.18,0.05,0.06836,50000
3590,28,1,1,0,6,10,4,0,0,1.04,0.05,0.06832,50000
3591,140,2,2,0,20,40,19,1,0,44.45,0.05,0.06886,50000
3592,20,0,0,0,2,6,3,0,0,-3.15,0.05,0.0687,50000
3593,401,5,5,0,29,44,19,9,0,56.58,0.05,0.06879,50000
3594,401,2,2,0,64,41,20,2,0,50.48,0.05,0.06856,50000
3595,401,7,7,0,50,50,28,18,0,83.38,0.05,0.06781,50000
3596,5,0,0,0,3,3,0,0,1,-12.45,0.05,0.06787,50000
3597,54,0,0,0,7,16,8,0,0,9.77,0.05,0.06802,50000
3598,76,0,0,0,37,14,5,0,0,4.68,0.05,0.06801,50000
3599,54,0,0,0,7,18,7,0,0,10.72,0.05,0.06807,50000
3600,49,2,2,0,13,16,6,0,0,10.72,0.05,0.06795,50000
3601,5,0,0,0,1,1,0,0,1,-13.85,0.05,0.06795,50000
3602,42,0,0,0,9,16,6,0,0,5.86,0.05,0.06772,50000
3603,356,2,2,0,62,43,27,13,0,58.83,0.05,0.06774,50000
3604,5,0,0,0,3,2,0,0,1,-12.95,0.05,0.06776,50000
3605,5,0,0,0,3,2,0,0,1,-13.45,0.05,0.06776,50000
3606,189,3,3,0,20,51,22,3,0,57.77,0.05,0.06794,50000
3607,128,7,7,0,20,41,17,1,0,47.24,0.05,0.06845,50000
3608,401,7,7,0,51,45,24,8,0,66.08,0.05,0.06886,50000
3609,27,0,0,0,5,13,4,0,0,3.26,0.05,0.06891,50000
3610,14,1,1,0,4,6,2,0,0,-3.88,0.05,0.06872,50000
3611,401,8,8,0,84,51,28,13,0,79.48,0.05,0.06886,50000
3612,36,1,1,0,1,11,5,0,0,6.68,0.05,0.06896,50000
3613,5,0,0,0,3,4,0,0,1,-11.95,0.05,0.06896,50000
3614,101,2,2,0,16,21,11,2,0,20.38,0.05,0.06905,50000
3615,34,1,1,0,1,12,5,0,0,5.72,0.05,0.0691,50000
3616,14,0,0,0,2,6,2,0,0,-5.73,0.05,0.0691,50000
3617,15,0,0,0,1,5,2,0,0,-5.15,0.05,0.06917,50000
3618,24,0,0,0,3,12,3,0,0,1.62,0.05,0.0694,50000
3619,170,7,7,0,24,60,21,1,0,63.85,0.05,0.07005,50000
3620,226,5,5,0,86,38,20,0,0,42.53,0.05,0.07052,50000
3621,142,3,3,0,31,38,18,0,0,40.61,0.05,0.07017,50000
3622,5,0,0,0,3,3,0,0,1,-12.95,0.05,0.07022,50000
3623,5,0,0,0,1,3,0,0,1,-12.35,0.05,0.07022,50000
3624,100,1,1,0,18,24,13,1,0,24.5,0.05,0.07031,50000
3625,75,1,1,0,8,24,10,0,0,19.1,0.05,0.07055,50000
3626,401,6,6,0,139,45,19,5,0,53.18,0.05,0.0702,50000
3627,145,2,2,0,18,50,18,0,0,45.8,0.05,0.0707,50000
3628,21,0,0,0,1,10,3,0,0,0.03,0.05,0.07071,50000
3629,257,5,5,0,55,61,24,7,0,65.96,0.05,0.07188,50000
3630,5,0,0,0,1,1,1,0,0,-9.3,0.05,0.07203,50000
3631,7,0,0,0,3,2,1,0,0,-8.89,0.05,0.07203,50000
3632,105,3,3,0,11,23,12,0,0,25.15,0.05,0.07201,50000
3633,13,0,0,0,1,2,2,0,0,-6.11,0.05,0.07201,50000
3634,57,1,1,0,8,21,8,0,0,13.96,0.05,0.07205,50000
3635,43,1,1,0,3,11,5,1,0,4.04,0.05,0.07212,50000
3636,134,3,3,0,17,44,19,0,0,48.47,0.05,0.07232,50000
3637,145,4,4,0,23,43,17,3,0,46.0,0.05,0.07254,50000
3638,21,0,0,0,4,3,2,1,0,-4.42,0.05,0.07256,50000
3639,12,0,0,0,2,5,2,0,0,-4.14,0.05,0.07258,50000
3640,9,0,0,0,2,1,1,0,0,-8.13,0.05,0.07252,50000
3641,401,5,5,0,90,49,29,15,0,76.88,0.05,0.07323,50000
3642,166,1,1,0,11,19,8,0,0,11.73,0.05,0.07361,50000
3643,14,0,0,0,5,5,2,0,0,-4.93,0.05,0.07361,50000
3644,20,0,0,0,3,9,3,0,0,-2.3,0.05,0.07359,50000
3645,94,1,1,0,12,27,13,0,0,25.82,0.05,0.0738,50000
3646,221,7,7,0,46,53,24,3,0,63.23,0.05,0.07442,50000
3647,132,1,1,0,13,35,16,1,0,36.06,0.05,0.07472,50000
3648,5,0,0,0,3,3,0,0,1,-12.95,0.05,0.07472,50000
3649,97,0,0,0,16,32,10,3,0,22.66,0.05,0.07468,50000
3650,5,0,0,0,0,1,0,0,1,-13.3,0.05,0.07468,50000
3651,75,2,2,0,13,24,10,0,0,20.45,0.05,0.07469,50000
3652,390,8,8,0,41,59,34,17,0,87.65,0.05,0.07504,50000
3653,45,3,3,0,3,19,6,0,0,15.25,0.05,0.07486,50000
3654,401,4,4,0,68,45,23,4,0,60.18,0.05,0.07491,50000
3655,129,3,3,0,25,39,16,0,0,38.37,0.05,0.07522,50000
3656,143,2,2,0,76,30,11,0,0,21.54,0.05,0.07554,50000
3657,12,0,0,0,1,3,2,0,0,-6.09,0.05,0.07554,50000
3658,401,1,1,0,252,47,22,2,0,43.83,0.05,0.07541,50000
3659,134,3,3,0,10,36,17,1,0,41.82,0.05,0.07582,50000
3660,401,7,7,0,24,45,24,11,0,69.28,0.05,0.07664,50000
3661,84,2,2,0,10,33,12,0,0,28.97,0.05,0.07662,50000
3662,218,6,6,0,34,43,25,3,0,60.94,0.05,0.07658,50000
3663,14,0,0,0,0,5,2,0,0,-3.68,0.05,0.07669,50000
3664,22,0,0,0,3,7,3,0,0,-2.74,0.05,0.07663,50000
3665,7,0,0,0,0,3,1,0,0,-6.74,0.05,0.07663,50000
3666,180,4,4,0,42,32,15,5,0,35.4,0.05,0.0767,50000
3667,203,4,4,0,33,56,24,2,0,62.84,0.05,0.07688,50000
3668,43,0,0,0,1,17,6,0,0,8.54,0.05,0.07682,50000
3669,29,2,2,0,3,14,4,0,0,6.42,0.05,0.07687,50000
3670,305,5,5,0,54,46,22,5,0,53.85,0.05,0.07753,50000
3671,209,3,3,0,121,37,13,1,0,28.52,0.05,0.07738,50000
3672,6,0,0,0,3,1,1,0,0,-9.97,0.05,0.07738,50000
3673,185,4,4,0,36,49,21,2,0,54.65,0.05,0.07732,50000
3674,20,0,0,0,2,9,3,0,0,-1.15,0.05,0.0773,50000
3675,401,9,9,0,71,51,26,19,0,81.98,0.05,0.07667,50000
3676,211,5,5,0,18,54,27,0,0,68.93,0.05,0.07678,50000
3677,127,2,2,0,31,38,15,0,0,33.21,0.05,0.0764,50000
3678,15,0,0,0,4,10,2,0,0,-3.4,0.05,0.0764,50000
3679,149,2,2,0,25,41,18,2,0,43.72,0.05,0.07607,50000
3680,401,9,9,0,42,61,29,0,0,83.23,0.05,0.07506,50000
3681,74,2,2,0,8,16,9,1,0,15.57,0.05,0.07507,50000
3682,241,4,4,0,32,33,17,10,0,41.63,0.05,0.07504,50000
3683,14,0,0,0,2,6,2,0,0,-2.78,0.05,0.07504,50000
3684,149,4,4,0,18,36,19,0,0,43.97,0.05,0.07532,50000
3685,12,0,0,0,3,5,2,0,0,-6.19,0.05,0.07524,50000
3686,33,0,0,0,3,8,5,0,0,1.59,0.05,0.07523,50000
3687,294,9,9,0,30,62,29,3,0,87.17,0.05,0.07507,50000
3688,261,5,5,0,131,37,18,0,0,35.48,0.05,0.07523,50000
3689,401,8,8,0,27,46,26,9,0,74.18,0.05,0.07396,50000
3690,36,1,1,0,5,9,5,0,0,3.08,0.05,0.07389,50000
3691,401,6,6,0,32,43,21,4,0,58.88,0.05,0.07309,50000
3692,210,3,3,0,56,27,15,6,0,28.85,0.05,0.07279,50000
3693,401,4,4,0,36,49,23,11,0,68.18,0.05,0.07233,50000
3694,70,2,2,0,7,17,9,0,0,15.25,0.05,0.07217,50000
3695,107,1,1,0,18,27,15,0,0,28.01,0.05,0.07225,50000
3696,401,6,6,0,31,53,24,4,0,70.33,0.05,0.07147,50000
3697,131,2,2,0,14,41,17,0,0,40.78,0.05,0.07153,50000
3698,401,4,4,0,69,63,31,6,0,84.03,0.05,0.07138,50000
3699,93,3,3,0,13,32,11,1,0,28.44,0.05,0.07138,50000
3700,84,1,1,0,5,27,11,0,0,22.32,0.05,0.07134,50000
3701,108,5,5,0,15,37,15,0,0,41.04,0.05,0.07127,50000
3702,42,1,1,0,7,13,6,0,0,6.91,0.05,0.07127,50000
3703,401,6,6,0,110,54,27,12,0,77.43,0.05,0.0705,50000
3704,144,4,4,0,11,48,18,1,0,47.92,0.05,0.07036,50000
3705,401,7,7,0,42,50,27,3,0,73.68,0.05,0.0703,50000
3706,316,6,6,0,97,66,24,5,0,65.33,0.05,0.06963,50000
3707,34,1,1,0,5,14,5,0,0,7.02,0.05,0.06972,50000
3708,102,2,2,0,14,34,14,0,0,33.86,0.05,0.06993,50000
3709,401,2,2,0,14,17,10,2,0,20.98,0.05,0.0695,50000
3710,5,0,0,0,3,4,0,0,1,-12.45,0.05,0.0695,50000
3711,401,4,4,0,72,48,23,5,0,59.68,0.05,0.06952,50000
3712,62,1,1,0,11,20,8,0,0,13.96,0.05,0.06917,50000
3713,29,0,0,0,5,6,4,0,0,-1.23,0.05,0.06902,50000
3714,20,0,0,0,3,6,3,0,0,-2.7,0.05,0.06897,50000
3715,401,7,7,0,28,63,29,8,0,87.43,0.05,0.06849,50000
3716,401,8,8,0,59,52,25,16,0,76.13,0.05,0.06852,50000
3717,401,6,6,0,66,54,24,6,0,70.28,0.05,0.06859,50000
3718,135,3,3,0,20,44,17,1,0,42.65,0.05,0.06873,50000
3719,401,6,6,0,51,54,25,23,0,80.08,0.05,0.0691,50000
3720,401,4,4,0,260,41,19,0,0,39.33,0.05,0.06961,50000
3721,218,2,2,0,13,39,19,2,0,41.39,0.05,0.06983,50000
3722,122,1,1,0,15,45,16,0,0,38.11,0.05,0.06979,50000
3723,28,0,0,0,4,9,4,0,0,0.89,0.05,0.06978,50000
3724,401,4,4,0,24,59,28,2,0,76.23,0.05,0.06979,50000
3725,50,0,0,0,17,12,5,0,0,0.7,0.05,0.06987,50000
3726,239,6,6,0,101,46,20,2,0,46.52,0.05,0.06989,50000
3727,5,0,0,0,0,2,1,0,0,-7.3,0.05,0.06989,50000
3728,26,0,0,0,4,11,4,0,0,3.43,0.05,0.0699,50000
3729,401,7,7,0,26,44,23,4,0,64.23,0.05,0.06985,50000
3730,326,6,6,0,31,52,27,6,0,65.98,0.05,0.06913,50000
3731,111,5,5,0,25,34,14,0,0,36.78,0.05,0.06896,50000
3732,32,0,0,0,6,10,4,0,0,0.16,0.05,0.06907,50000
3733,79,2,2,0,12,27,11,0,0,25.97,0.05,0.06899,50000
3734,5,0,0,0,1,1,0,0,1,-13.35,0.05,0.06899,50000
3735,401,1,1,0,339,27,7,0,0,3.68,0.05,0.06881,50000
3736,5,0,0,0,3,2,0,0,1,-13.45,0.05,0.06893,50000
3737,397,7,7,0,53,56,25,5,0,65.36,0.05,0.06896,50000
3738,164,4,4,0,19,47,21,0,0,53.42,0.05,0.06924,50000
3739,156,6,6,0,26,47,20,0,0,52.78,0.05,0.06915,50000
3740,5,0,0,0,3,3,0,0,1,-12.45,0.05,0.06915,50000
3741,5,0,0,0,3,3,0,0,1,-12.95,0.05,0.06915,50000
3742,127,4,4,0,17,42,16,1,0,41.21,0.05,0.06924,50000
3743,242,5,5,0,73,55,21,4,0,57.41,0.05,0.0695,50000
3744,7,0,0,0,0,2,1,0,0,-7.29,0.05,0.06958,50000
3745,401,8,8,0,25,58,26,7,0,80.08,0.05,0.06922,50000
3746,401,8,8,0,24,53,26,8,0,77.88,0.05,0.06904,50000
3747,167,3,3,0,20,45,19,1,0,46.91,0.05,0.06925,50000
3748,125,3,3,0,12,39,17,0,0,42.65,0.05,0.06913,50000
3749,125,2,2,0,18,32,17,0,0,34.9,0.05,0.06911,50000
3750,401,7,7,0,23,50,22,16,0,73.03,0.05,0.06935,50000
3751,401,7,7,0,46,53,26,18,0,80.93,0.05,0.06885,50000
3752,182,5,5,0,22,45,23,0,0,54.01,0.05,0.06868,50000
3753,7,0,0,0,3,3,1,0,0,-8.49,0.05,0.06876,50000
3754,116,3,3,0,17,44,14,0,0,37.13,0.05,0.06916,50000
3755,77,2,2,0,6,23,10,1,0,18.86,0.05,0.06936,50000
3756,401,6,6,0,31,59,26,26,0,85.78,0.05,0.06965,50000
3757,237,6,6,0,40,50,22,6,0,58.16,0.05,0.06908,50000
3758,146,4,4,0,13,50,18,1,0,51.63,0.05,0.06925,50000
3759,186,4,4,0,30,41,19,5,0,46.58,0.05,0.06894,50000
3760,267,8,8,0,40,50,25,5,0,63.86,0.05,0.06904,50000
3761,5,0,0,0,3,2,0,0,1,-12.95,0.05,0.06904,50000
3762,30,0,0,0,5,11,4,0,0,0.2,0.05,0.06886,50000
3763,58,0,0,0,8,25,8,0,0,14.44,0.05,0.06921,50000
3764,73,2,2,0,8,23,10,0,0,19.94,0.05,0.06907,50000
3765,50,0,0,0,8,20,7,0,0,9.4,0.05,0.06916,50000
3766,165,4,4,0,14,42,14,1,0,39.35,0.05,0.06938,50000
3767,401,8,8,0,31,59,29,5,0,85.28,0.05,0.06881,50000
3768,229,6,6,0,46,43,25,4,0,58.27,0.05,0.06878,50000
3769,261,5,5,0,81,50,21,1,0,52.58,0.05,0.06881,50000
3770,202,5,5,0,21,46,24,3,0,58.76,0.05,0.06899,50000
3771,58,1,1,0,4,25,8,0,0,17.29,0.05,0.06924,50000
3772,137,5,5,0,13,39,18,0,0,44.01,0.05,0.06912,50000
3773,50,2,2,0,7,21,7,0,0,13.3,0.05,0.06934,50000
3774,116,1,1,0,21,36,16,0,0,34.03,0.05,0.06964,50000
3775,65,3,3,0,10,20,9,0,0,18.55,0.05,0.06953,50000
3776,20,1,1,0,5,7,3,0,0,-0.95,0.05,0.06961,50000
3777,401,7,7,0,70,60,27,1,0,75.48,0.05,0.06964,50000
3778,93,0,0,0,15,35,13,0,0,27.39,0.05,0.06956,50000
3779,19,1,1,0,2,7,3,0,0,0.42,0.05,0.0696,50000
3780,359,7,7,0,31,60,24,10,0,68.12,0.05,0.06984,50000
3781,401,7,7,0,51,46,23,9,0,67.03,0.05,0.07007,50000
3782,254,4,4,0,17,57,25,4,0,66.02,0.05,0.06964,50000
3783,401,9,9,0,130,55,25,12,0,72.48,0.05,0.06921,50000
3784,104,3,3,0,16,34,14,0,0,32.62,0.05,0.06884,50000
3785,87,2,2,0,14,32,12,0,0,26.11,0.05,0.06908,50000
3786,67,0,0,0,7,24,9,0,0,18.46,0.05,0.06889,50000
3787,6,0,0,0,1,2,1,0,0,-7.52,0.05,0.06883,50000
3788,46,1,1,0,4,14,6,0,0,8.03,0.05,0.06866,50000
3789,234,7,7,0,23,52,25,2,0,65.02,0.05,0.06801,50000
3790,75,1,1,0,5,37,10,0,0,26.7,0.05,0.06814,50000
3791,401,7,7,0,65,60,30,2,0,82.03,0.05,0.06866,50000
3792,57,1,1,0,6,16,8,0,0,10.61,0.05,0.06853,50000
3793,401,8,8,0,17,46,20,25,0,71.73,0.05,0.06733,50000
3794,107,1,1,0,10,38,13,0,0,32.76,0.05,0.06737,50000
3795,89,4,4,0,6,29,12,0,0,28.97,0.05,0.06746,50000
3796,139,5,5,0,19,43,19,0,0,47.62,0.05,0.06701,50000
3797,35,1,1,0,4,13,5,0,0,5.3,0.05,0.06703,50000
3798,401,5,5,0,91,53,23,11,0,66.93,0.05,0.06683,50000
3799,21,0,0,0,1,9,3,0,0,-0.97,0.05,0.06682,50000
3800,401,7,7,0,36,57,27,15,0,81.63,0.05,0.06704,50000
3801,37,2,2,0,3,13,5,0,0,5.66,0.05,0.0671,50000
3802,198,4,4,0,29,51,26,1,0,62.54,0.05,0.06655,50000
3803,42,1,1,0,10,10,6,0,0,3.11,0.05,0.06629,50000
3804,401,8,8,0,43,56,26,6,0,75.13,0.05,0.06643,50000
3805,7,0,0,0,0,4,1,0,0,-6.34,0.05,0.06651,50000
3806,56,1,1,0,11,23,8,0,0,13.53,0.05,0.06675,50000
3807,108,2,2,0,17,44,15,0,0,39.99,0.05,0.06677,50000
3808,137,1,1,0,20,43,18,1,0,41.66,0.05,0.06651,50000
3809,401,7,7,0,67,55,27,25,0,84.58,0.05,0.06632,50000
3810,21,0,0,0,6,8,3,0,0,-0.97,0.05,0.06645,50000
3811,47,1,1,0,2,14,6,0,0,8.56,0.05,0.06636,50000
3812,5,0,0,0,1,1,1,0,0,-9.3,0.05,0.06636,50000
3813,177,7,7,0,22,37,15,2,0,41.26,0.05,0.06589,50000
3814,401,0,0,0,330,15,7,1,0,-2.97,0.05,0.06556,50000
3815,83,2,2,0,10,31,11,0,0,25.29,0.05,0.06568,50000
3816,401,9,9,0,53,57,28,18,0,87.18,0.05,0.06499,50000
3817,233,6,6,0,116,41,17,0,0,38.34,0.05,0.06448,50000
3818,6,0,0,0,1,2,1,0,0,-7.52,0.05,0.06448,50000
3819,45,0,0,0,7,16,6,0,0,7.55,0.05,0.0644,50000
3820,126,3,3,0,26,36,17,0,0,39.53,0.05,0.06409,50000
3821,43,0,0,0,5,19,6,0,0,11.54,0.05,0.06412,50000
3822,35,0,0,0,6,10,4,1,0,1.6,0.05,0.06383,50000
3823,243,8,8,0,24,60,26,3,0,71.39,0.05,0.06355,50000
3824,20,0,0,0,4,7,3,0,0,-1.75,0.05,0.0635,50000
3825,401,9,9,0,38,58,25,28,0,89.03,0.05,0.06376,50000
3826,401,7,7,0,138,78,27,13,0,89.28,0.05,0.06386,50000
3827,5,0,0,0,3,3,0,0,1,-12.95,0.05,0.06386,50000
3828,401,7,7,0,130,63,21,20,0,73.93,0.05,0.06435,50000
3829,401,7,7,0,33,50,22,23,0,74.93,0.05,0.06396,50000
3830,315,8,8,0,27,57,27,9,0,75.15,0.05,0.06371,50000
3831,224,6,6,0,20,47,22,8,0,57.47,0.05,0.06406,50000
3832,14,0,0,0,2,6,2,0,0,-4.18,0.05,0.0641,50000
3833,24,0,0,0,3,15,3,0,0,2.27,0.05,0.06411,50000
3834,69,0,0,0,11,25,9,0,0,16.32,0.05,0.06398,50000
3835,65,2,2,0,11,19,8,1,0,14.4,0.05,0.06386,50000
3836,93,1,1,0,53,15,6,0,0,3.64,0.05,0.0642,50000
3837,94,1,1,0,12,40,13,0,0,32.22,0.05,0.06422,50000
3838,113,0,0,0,79,10,4,0,0,-3.86,0.05,0.06428,50000
3839,110,4,4,0,14,39,14,0,0,38.05,0.05,0.06408,50000
3840,401,9,9,0,165,62,25,9,0,74.33,0.05,0.0645,50000
3841,111,5,5,0,13,44,15,0,0,42.83,0.05,0.06476,50000
3842,26,0,0,0,1,11,3,0,0,0.73,0.05,0.06486,50000
3843,179,6,6,0,24,45,17,6,0,50.27,0.05,0.06506,50000
3844,397,8,8,0,135,58,27,9,0,69.36,0.05,0.0654,50000
3845,188,5,5,0,21,46,21,4,0,56.04,0.05,0.06532,50000
3846,295,9,9,0,30,65,28,10,0,92.1,0.05,0.06556,50000
3847,236,5,5,0,71,47,21,0,0,51.83,0.05,0.06534,50000
3848,43,0,0,0,9,14,6,0,0,7.54,0.05,0.06533,50000
3849,52,0,0,0,12,16,7,0,0,6.76,0.05,0.06538,50000
3850,199,5,5,0,61,50,18,0,0,47.12,0.05,0.06519,50000
3851,152,6,6,0,20,43,18,3,0,46.91,0.05,0.06541,50000
3852,401,9,9,0,75,55,27,25,0,86.08,0.05,0.06528,50000
3853,401,5,5,0,207,54,23,5,0,57.63,0.05,0.0648,50000
3854,59,1,1,0,11,17,8,0,0,13.07,0.05,0.0648,50000
3855,336,7,7,0,32,54,25,19,0,71.33,0.05,0.06434,50000
3856,401,8,8,0,112,71,33,10,0,95.98,0.05,0.06446,50000
3857,335,7,7,0,58,57,27,16,0,71.9,0.05,0.06377,50000
3858,401,8,8,0,58,47,21,32,0,76.33,0.05,0.06302,50000
3859,193,3,3,0,53,47,20,0,0,48.59,0.05,0.06283,50000
3860,194,1,1,0,56,31,12,0,0,21.12,0.05,0.06235,50000
3861,78,3,3,0,9,31,11,0,0,26.74,0.05,0.06232,50000
3862,401,8,8,0,46,54,29,24,0,88.68,0.05,0.06195,50000
3863,92,2,2,0,7,34,12,1,0,31.01,0.05,0.06198,50000
3864,100,3,3,0,16,33,13,0,0,28.85,0.05,0.06196,50000
3865,8,0,0,0,1,2,1,0,0,-8.86,0.05,0.06185,50000
3866,5,0,0,0,3,2,0,0,1,-13.45,0.05,0.06185,50000
3867,258,7,7,0,116,40,20,2,0,46.19,0.05,0.06155,50000
3868,17,0,0,0,1,8,2,0,0,-3.34,0.05,0.06158,50000
3869,213,8,10,0,13,52,25,1,0,80.24,0.05,0.06128,50000
3870,285,8,8,0,32,62,27,8,0,76.85,0.05,0.06058,50000
3871,35,1,1,0,3,11,5,0,0,4.25,0.05,0.06039,50000
3872,97,4,4,0,12,29,13,0,0,30.06,0.05,0.06028,50000
3873,401,8,8,0,82,63,28,19,0,89.33,0.05,0.05995,50000
3874,348,8,10,0,31,53,28,13,0,86.54,0.05,0.05996,50000
3875,61,0,0,0,32,12,3,0,0,-1.32,0.05,0.05966,50000
3876,124,1,1,0,15,44,17,0,0,42.17,0.05,0.05952,50000
3877,206,8,8,0,76,45,18,0,0,47.73,0.05,0.05968,50000
3878,18,0,0,0,3,5,2,0,0,-5.31,0.05,0.05957,50000
3879,219,6,6,0,48,54,23,2,0,59.37,0.05,0.06002,50000
3880,302,8,8,0,38,64,31,8,0,82.51,0.05,0.05918,50000
3881,286,8,8,0,32,52,24,14,0,68.98,0.05,0.05861,50000
3882,401,5,7,0,57,54,25,29,0,81.73,0.05,0.05837,50000
3883,113,3,3,0,8,39,14,1,0,37.54,0.05,0.05775,50000
3884,55,1,1,0,9,17,7,0,0,9.7,0.05,0.05782,50000
3885,44,2,2,0,8,12,6,0,0,7.42,0.05,0.0578,50000
3886,175,4,4,0,21,46,20,2,0,51.0,0.05,0.05745,50000
3887,340,9,9,0,52,49,23,20,0,78.8,0.05,0.05767,50000
3888,64,1,1,0,9,26,9,0,0,20.82,0.05,0.05816,50000
3889,67,3,3,0,5,25,8,0,0,18.31,0.05,0.05808,50000
3890,16,1,1,0,2,6,2,0,0,-2.27,0.05,0.05808,50000
3891,76,2,2,0,2,26,10,0,0,23.38,0.05,0.058,50000
3892,130,3,3,0,16,38,17,1,0,39.75,0.05,0.0582,50000
3893,302,6,6,0,23,69,28,7,0,80.66,0.05,0.05804,50000
3894,291,9,9,0,35,48,26,9,0,79.63,0.05,0.05794,50000
3895,143,4,4,0,18,52,19,0,0,51.79,0.05,0.05834,50000
3896,32,1,1,0,3,13,4,0,0,2.91,0.05,0.05841,50000
3897,225,7,7,0,27,54,23,5,0,64.55,0.05,0.05909,50000
3898,401,6,6,0,45,55,20,33,0,76.83,0.05,0.05961,50000
3899,401,3,3,0,282,39,15,0,0,30.73,0.05,0.06018,50000
3900,142,4,4,0,14,43,17,1,0,46.01,0.05,0.06014,50000
3901,35,0,0,0,3,16,4,0,0,4.55,0.05,0.06023,50000
3902,307,8,8,0,38,55,21,20,0,68.16,0.05,0.06097,50000
3903,401,8,8,0,28,55,27,20,0,87.83,0.05,0.06163,50000
3904,44,0,0,0,10,14,6,0,0,6.12,0.05,0.06155,50000
3905,276,6,6,0,29,42,18,3,0,45.33,0.05,0.06211,50000
3906,153,2,2,0,12,57,21,0,0,56.69,0.05,0.06207,50000
3907,5,0,0,0,3,3,0,0,1,-12.95,0.05,0.06207,50000
3908,401,8,8,0,118,58,23,17,0,74.33,0.05,0.0622,50000
3909,47,0,0,0,7,21,6,0,0,11.36,0.05,0.0624,50000
3910,136,3,3,0,14,48,17,0,0,46.68,0.05,0.06288,50000
3911,318,7,7,0,36,59,24,10,0,69.99,0.05,0.06295,50000
3912,5,0,0,0,3,2,0,0,1,-13.45,0.05,0.06295,50000
3913,401,8,8,0,45,64,31,23,0,97.48,0.05,0.06353,50000
3914,22,0,0,0,1,7,3,0,0,-1.44,0.05,0.06355,50000
3915,5,0,0,0,4,3,0,0,1,-13.0,0.05,0.06355,50000
3916,42,1,1,0,9,17,6,0,0,8.26,0.05,0.06359,50000
3917,214,4,4,0,141,27,11,1,0,17.72,0.05,0.06404,50000
3918,36,0,0,0,6,9,5,0,0,3.58,0.05,0.06372,50000
3919,38,1,1,0,1,16,5,0,0,8.29,0.05,0.06372,50000
3920,122,3,3,0,13,41,16,0,0,40.81,0.05,0.06417,50000
3921,324,8,8,0,38,61,30,10,0,81.42,0.05,0.0642,50000
3922,42,0,0,0,6,9,5,1,0,4.16,0.05,0.06419,50000
3923,258,9,9,0,20,57,27,4,0,84.14,0.05,0.06499,50000
3924,401,7,7,0,99,51,25,16,0,75.43,0.05,0.06431,50000
3925,30,0,0,0,4,10,4,0,0,0.85,0.05,0.0643,50000
3926,401,8,8,0,55,58,30,16,0,90.93,0.05,0.06482,50000
3927,341,6,6,0,49,44,21,26,0,59.98,0.05,0.0648,50000
3928,363,9,9,0,24,73,33,7,0,101.69,0.05,0.06526,50000
3929,22,0,0,0,3,8,3,0,0,-1.34,0.05,0.06532,50000
3930,308,8,8,0,38,53,25,13,0,68.24,0.05,0.0653,50000
3931,401,3,3,0,24,53,25,3,0,67.93,0.05,0.06551,50000
3932,162,2,2,0,18,53,22,0,0,55.71,0.05,0.06544,50000
3933,401,8,8,0,39,52,26,9,0,78.13,0.05,0.06588,50000
3934,21,1,1,0,4,6,3,0,0,-1.42,0.05,0.06584,50000
3935,65,3,3,0,9,25,9,0,0,20.4,0.05,0.06583,50000
3936,401,8,8,0,30,54,24,26,0,84.13,0.05,0.06467,50000
3937,117,3,3,0,14,40,16,0,0,39.61,0.05,0.06424,50000
3938,354,9,9,0,32,50,26,21,0,84.12,0.05,0.06389,50000
3939,401,2,2,0,319,32,11,0,0,16.28,0.05,0.06306,50000
3940,29,0,0,0,1,12,4,0,0,3.07,0.05,0.06292,50000
3941,21,0,0,0,5,4,3,0,0,-5.22,0.05,0.06295,50000
3942,401,9,9,0,46,60,28,14,0,87.28,0.05,0.06246,50000
3943,33,1,1,0,6,11,4,0,0,2.19,0.05,0.06226,50000
3944,281,5,5,0,23,42,14,8,0,41.53,0.05,0.06156,50000
3945,401,8,8,0,42,57,27,18,0,84.28,0.05,0.06154,50000
3946,368,8,10,0,112,61,27,7,0,80.34,0.05,0.06108,50000
3947,30,1,1,0,0,11,4,0,0,4.6,0.05,0.06117,50000
3948,53,1,1,0,2,23,7,0,0,15.19,0.05,0.06098,50000
3949,5,0,0,0,2,2,0,0,1,-13.4,0.05,0.06098,50000
3950,14,0,0,0,1,5,2,0,0,-5.83,0.05,0.06097,50000
3951,135,4,4,0,11,50,18,0,0,50.8,0.05,0.06076,50000
3952,400,9,9,0,41,47,24,22,0,66.3,0.05,0.06033,50000
3953,40,1,1,0,2,18,6,0,0,12.0,0.05,0.06012,50000
3954,401,7,7,0,33,44,22,30,0,74.08,0.05,0.0593,50000
3955,223,8,8,0,11,38,18,1,0,47.54,0.05,0.05886,50000
3956,221,9,9,0,21,47,22,4,0,72.13,0.05,0.05903,50000
3957,27,2,2,0,1,8,4,0,0,4.61,0.05,0.05902,50000
3958,355,9,9,0,40,62,28,11,0,87.95,0.05,0.0588,50000
3959,97,3,3,0,9,29,14,0,0,33.01,0.05,0.05845,50000
3960,200,7,7,0,27,48,20,4,0,55.6,0.05,0.05784,50000
3961,110,4,4,0,9,41,14,0,0,37.45,0.05,0.05783,50000
3962,123,3,3,0,11,49,15,0,0,44.19,0.05,0.05778,50000
3963,5,0,0,0,1,1,1,0,0,-8.75,0.05,0.05777,50000
3964,349,8,8,0,37,52,26,4,0,66.67,0.05,0.05742,50000
3965,45,1,1,0,7,12,6,0,0,6.35,0.05,0.05754,50000
3966,96,2,2,0,17,38,13,0,0,34.38,0.05,0.05741,50000
3967,167,6,6,0,24,47,19,1,0,51.36,0.05,0.05748,50000
3968,401,7,7,0,80,44,23,1,0,62.08,0.05,0.05706,50000
3969,28,0,0,0,4,12,4,0,0,2.54,0.05,0.057,50000
3970,217,7,7,0,42,59,24,0,0,65.21,0.05,0.05689,50000
3971,216,6,6,0,22,41,19,10,0,50.43,0.05,0.05682,50000
3972,5,0,0,0,3,3,0,0,1,-12.45,0.05,0.05682,50000
3973,5,0,0,0,3,2,0,0,1,-13.45,0.05,0.05682,50000
3974,171,2,2,0,13,34,11,0,0,26.23,0.05,0.05662,50000
3975,218,6,6,0,27,55,26,3,0,69.34,0.05,0.05609,50000
3976,395,7,7,0,66,53,24,19,0,66.0,0.05,0.05543,50000
3977,179,4,4,0,13,48,21,3,0,54.57,0.05,0.05531,50000
3978,272,9,9,0,26,62,28,3,0,87.71,0.05,0.05541,50000
3979,202,3,3,0,14,52,20,0,0,52.46,0.05,0.05548,50000
3980,118,5,5,0,11,30,16,0,0,36.69,0.05,0.05592,50000
3981,177,7,7,0,15,56,22,0,0,62.56,0.05,0.05625,50000
3982,52,2,2,0,9,21,6,1,0,13.96,0.05,0.05639,50000
3983,401,8,8,0,40,62,29,18,0,92.63,0.05,0.05654,50000
3984,85,2,2,0,13,27,12,0,0,24.6,0.05,0.05654,50000
3985,35,0,0,0,6,13,5,0,0,4.8,0.05,0.05653,50000
3986,282,8,8,0,23,50,25,12,0,69.41,0.05,0.0568,50000
3987,83,3,3,0,8,23,10,2,0,20.14,0.05,0.05679,50000
3988,132,2,2,0,13,38,15,1,0,34.76,0.05,0.05678,50000
3989,42,0,0,0,8,14,5,1,0,4.16,0.05,0.05668,50000
3990,218,7,7,0,13,53,22,3,0,62.29,0.05,0.05686,50000
3991,127,4,4,0,12,47,17,1,0,47.01,0.05,0.05698,50000
3992,401,8,10,0,34,52,27,28,0,90.53,0.05,0.05743,50000
3993,142,3,3,0,11,36,17,2,0,40.26,0.05,0.05801,50000
3994,27,0,0,0,7,6,4,0,0,-1.49,0.05,0.05809,50000
3995,348,8,8,0,30,58,30,14,0,81.09,0.05,0.05844,50000
3996,99,2,2,0,22,31,14,0,0,30.92,0.05,0.05866,50000
3997,401,6,6,0,38,62,26,29,0,88.33,0.05,0.05912,50000
3998,74,1,1,0,4,32,10,0,0,23.77,0.05,0.0593,50000
3999,89,0,0,0,11,27,12,0,0,24.27,0.05,0.05932,50000
4000,38,0,0,0,7,9,5,0,0,2.44,0.05,0.05945,50000
4001,73,2,2,0,6,25,10,0,0,20.94,0.05,0.05951,50000
4002,201,6,6,0,18,47,22,5,0,58.13,0.05,0.05966,50000
4003,401,9,9,0,55,55,29,18,0,87.63,0.05,0.05935,50000
4004,193,8,8,0,28,60,26,1,0,70.24,0.05,0.05989,50000
4005,5,0,0,0,4,2,0,0,1,-13.5,0.05,0.05989,50000
4006,5,0,0,0,1,2,0,0,1,-13.35,0.05,0.05989,50000
4007,401,8,8,0,29,61,29,16,0,90.93,0.05,0.06084,50000
4008,122,2,2,0,9,39,17,0,0,40.56,0.05,0.0608,50000
4009,302,8,8,0,42,51,26,16,0,71.01,0.05,0.06125,50000
4010,163,6,6,0,20,45,19,3,0,50.69,0.05,0.06149,50000
4011,388,8,8,0,30,57,23,27,0,74.49,0.05,0.06157,50000
4012,365,8,8,0,50,59,27,22,0,76.7,0.05,0.06135,50000
4013,19,0,0,0,0,13,3,0,0,2.52,0.05,0.06136,50000
4014,93,2,2,0,11,29,12,1,0,27.09,0.05,0.0615,50000
4015,33,0,0,0,5,14,5,0,0,4.04,0.05,0.06138,50000
4016,148,2,2,0,13,26,10,0,0,18.59,0.05,0.06146,50000
4017,125,5,5,0,15,34,16,1,0,38.05,0.05,0.06156,50000
4018,50,2,2,0,10,20,7,0,0,14.7,0.05,0.06152,50000
4019,401,8,8,0,35,59,29,25,0,91.18,0.05,0.06193,50000
4020,401,8,8,0,33,61,25,20,0,84.83,0.05,0.06199,50000
4021,8,0,0,0,1,3,1,0,0,-6.91,0.05,0.06203,50000
4022,89,2,2,0,9,32,12,0,0,28.27,0.05,0.06225,50000
4023,152,6,6,0,28,44,19,0,0,49.86,0.05,0.0625,50000
4024,7,0,0,0,0,2,1,0,0,-7.34,0.05,0.0625,50000
4025,191,6,6,0,22,54,23,3,0,61.43,0.05,0.06209,50000
4026,325,9,9,0,29,55,28,16,0,78.7,0.05,0.06208,50000
4027,5,0,0,0,2,2,0,0,1,-13.4,0.05,0.06208,50000
4028,401,8,8,0,14,41,25,19,0,74.68,0.05,0.06149,50000
4029,340,9,9,0,39,53,25,20,0,70.05,0.05,0.06172,50000
4030,27,0,0,0,8,10,4,0,0,-0.64,0.05,0.06176,50000
4031,180,6,6,0,16,52,20,4,0,57.65,0.05,0.06166,50000
4032,13,0,0,0,1,6,2,0,0,-3.36,0.05,0.0616,50000
4033,78,1,1,0,7,30,10,0,0,22.59,0.05,0.06159,50000
4034,8,0,0,0,1,3,1,0,0,-6.91,0.05,0.06159,50000
4035,26,1,1,0,1,10,4,0,0,1.13,0.05,0.06157,50000
4036,294,7,7,0,44,46,21,19,0,61.42,0.05,0.06127,50000
4037,164,6,6,0,15,46,18,4,0,50.47,0.05,0.06148,50000
4038,148,6,6,0,17,41,18,3,0,48.14,0.05,0.06132,50000
4039,368,9,9,0,61,47,25,25,0,70.14,0.05,0.06163,50000
4040,327,7,7,0,20,46,29,15,0,72.96,0.05,0.06129,50000
4041,75,1,1,0,7,24,10,0,0,20.3,0.05,0.06104,50000
4042,365,9,9,0,42,51,20,21,0,60.55,0.05,0.06049,50000
4043,185,7,7,0,19,50,21,4,0,59.6,0.05,0.06023,50000
4044,80,3,3,0,9,21,11,0,0,23.05,0.05,0.06006,50000
4045,81,1,1,0,40,14,6,0,0,4.58,0.05,0.0605,50000
4046,242,8,8,0,15,50,23,10,0,65.71,0.05,0.06034,50000
4047,229,7,7,0,20,51,26,5,0,68.67,0.05,0.06017,50000
4048,401,8,8,0,48,48,22,34,0,77.98,0.05,0.05978,50000
4049,145,5,5,0,10,41,17,3,0,47.35,0.05,0.05983,50000
4050,401,9,9,0,44,52,24,30,0,81.48,0.05,0.0593,50000
4051,401,9,9,0,87,58,30,20,0,88.58,0.05,0.05963,50000
4052,99,3,3,0,16,37,13,1,0,32.67,0.05,0.05953,50000
4053,304,7,7,0,33,53,24,18,0,67.52,0.05,0.05921,50000
4054,5,0,0,0,3,2,0,0,1,-13.45,0.05,0.05921,50000
4055,53,1,1,0,7,24,7,0,0,14.24,0.05,0.0591,50000
4056,301,8,8,0,22,51,25,14,0,70.28,0.05,0.05873,50000
4057,401,9,9,0,47,50,22,32,0,78.58,0.05,0.05926,50000
4058,109,3,3,0,16,38,15,0,0,38.62,0.05,0.05947,50000
4059,98,3,3,0,9,37,13,1,0,33.69,0.05,0.05926,50000
4060,180,6,6,0,17,46,20,3,0,52.7,0.05,0.05953,50000
4061,193,6,6,0,18,49,22,5,0,60.24,0.05,0.05946,50000
4062,72,2,2,0,5,33,10,0,0,26.41,0.05,0.05964,50000
4063,13,0,0,0,2,6,2,0,0,-4.26,0.05,0.05958,50000
4064,38,1,1,0,1,12,5,0,0,6.04,0.05,0.05962,50000
4065,274,9,9,0,21,52,25,12,0,70.82,0.05,0.05999,50000
4066,179,3,3,0,43,46,20,0,0,46.67,0.05,0.06002,50000
4067,385,9,9,0,71,61,29,25,0,83.2,0.05,0.05993,50000
4068,178,8,8,0,16,43,21,3,0,57.09,0.05,0.06008,50000
4069,136,3,3,0,7,43,16,3,0,43.03,0.05,0.05997,50000
4070,5,0,0,0,4,2,0,0,1,-13.5,0.05,0.06003,50000
4071,5,0,0,0,4,3,0,0,1,-12.5,0.05,0.06003,50000
4072,401,8,8,0,50,55,22,34,0,81.48,0.05,0.06097,50000
4073,5,0,0,0,3,2,0,0,1,-13.45,0.05,0.06097,50000
4074,14,0,0,0,1,9,2,0,0,-3.23,0.05,0.061,50000
4075,27,0,0,0,5,5,3,1,0,-2.19,0.05,0.06106,50000
4076,283,5,5,0,69,61,24,10,0,66.29,0.05,0.06103,50000
4077,280,6,6,0,73,58,23,7,0,61.9,0.05,0.0612,50000
4078,7,0,0,0,0,4,1,0,0,-6.34,0.05,0.06122,50000
4079,214,4,4,0,30,43,24,6,0,55.82,0.05,0.06134,50000
4080,5,0,0,0,3,2,0,0,1,-13.45,0.05,0.06134,50000
4081,115,4,4,0,15,35,14,2,0,36.5,0.05,0.06142,50000
4082,136,4,4,0,18,53,16,2,0,48.68,0.05,0.06138,50000
4083,194,8,8,0,29,55,23,4,0,66.52,0.05,0.06139,50000
4084,297,9,9,0,38,50,27,14,0,73.16,0.05,0.06091,50000
4085,30,0,0,0,2,14,4,0,0,4.6,0.05,0.06077,50000
4086,29,1,1,0,3,12,4,0,0,3.47,0.05,0.0608,50000
4087,126,4,4,0,18,32,15,2,0,35.43,0.05,0.06053,50000
4088,315,8,8,0,28,57,25,18,0,73.95,0.05,0.06116,50000
4089,401,9,9,0,37,53,27,28,0,87.28,0.05,0.0615,50000
4090,15,0,0,0,1,5,2,0,0,-6.4,0.05,0.06149,50000
4091,401,8,8,0,59,61,23,28,0,82.73,0.05,0.06127,50000
4092,56,1,1,0,9,24,8,0,0,14.83,0.05,0.06139,50000
4093,401,8,8,0,106,55,26,18,0,78.48,0.05,0.06151,50000
4094,401,9,9,0,28,46,27,29,0,86.83,0.05,0.06204,50000
4095,57,3,3,0,3,22,8,0,0,18.66,0.05,0.06164,50000
4096,26,0,0,0,4,10,4,0,0,0.48,0.05,0.06166,50000
4097,360,9,9,0,61,62,30,14,0,81.4,0.05,0.06188,50000
4098,131,3,3,0,14,37,17,2,0,39.93,0.05,0.06182,50000
4099,172,2,2,0,22,37,17,6,0,40.21,0.05,0.06155,50000
4100,160,6,6,0,16,44,19,3,0,51.75,0.05,0.06173,50000
4101,401,8,8,0,32,51,25,28,0,84.73,0.05,0.06215,50000
4102,104,2,2,0,7,39,15,0,0,36.77,0.05,0.06215,50000
4103,311,7,7,0,31,66,27,15,0,80.93,0.05,0.06212,50000
4104,46,1,1,0,7,15,6,0,0,7.13,0.05,0.06206,50000
4105,387,9,9,0,26,64,30,23,0,89.21,0.05,0.06245,50000
4106,5,0,0,0,2,3,0,0,1,-12.9,0.05,0.06245,50000
4107,60,2,2,0,6,23,8,0,0,18.45,0.05,0.06258,50000
4108,5,0,0,0,2,1,1,0,0,-9.9,0.05,0.06258,50000
4109,401,9,9,0,48,55,27,28,0,89.73,0.05,0.06187,50000
4110,401,7,7,0,49,50,20,36,0,75.38,0.05,0.06166,50000
4111,172,6,6,0,22,51,24,0,0,62.61,0.05,0.06165,50000
4112,28,2,2,0,3,12,4,0,0,4.04,0.05,0.0617,50000
4113,216,7,7,0,31,61,24,5,0,71.18,0.05,0.06169,50000
4114,112,5,5,0,14,39,14,2,0,39.81,0.05,0.06163,50000
4115,171,4,4,0,14,51,21,2,0,56.98,0.05,0.06137,50000
4116,27,1,1,0,8,11,3,1,0,1.26,0.05,0.06136,50000
4117,6,0,0,0,1,3,1,0,0,-7.02,0.05,0.06136,50000
4118,398,9,9,0,54,64,29,13,0,81.79,0.05,0.05977,50000
4119,20,0,0,0,2,8,3,0,0,-1.5,0.05,0.05972,50000
4120,206,5,5,0,24,49,22,6,0,58.28,0.05,0.05986,50000
4121,66,3,3,0,13,27,9,0,0,22.63,0.05,0.05964,50000
4122,257,5,5,0,32,54,23,12,0,63.31,0.05,0.0596,50000
4123,259,9,9,0,17,53,23,11,0,68.82,0.05,0.05945,50000
4124,126,6,6,0,18,40,18,0,0,48.53,0.05,0.05943,50000
4125,66,0,0,0,5,28,9,0,0,20.53,0.05,0.05942,50000
4126,90,2,2,0,6,35,12,0,0,30.95,0.05,0.05976,50000
4127,85,0,0,0,3,34,11,1,0,27.1,0.05,0.05972,50000
4128,5,0,0,0,1,1,0,0,1,-13.85,0.05,0.05964,50000
4129,369,9,9,0,32,61,31,20,0,88.02,0.05,0.05956,50000
4130,174,6,6,0,21,48,22,1,0,57.27,0.05,0.05932,50000
4131,118,4,4,0,14,37,17,0,0,41.09,0.05,0.05943,50000
4132,44,2,2,0,8,15,6,0,0,9.32,0.05,0.05923,50000
4133,44,0,0,0,10,11,6,0,0,4.47,0.05,0.05928,50000
4134,29,0,0,0,5,9,4,0,0,1.22,0.05,0.05937,50000
4135,5,0,0,0,0,3,1,0,0,-6.8,0.05,0.0592,50000
4136,351,9,9,0,25,60,26,20,0,78.53,0.05,0.05877,50000
4137,224,8,8,0,24,55,25,5,0,70.97,0.05,0.05841,50000
4138,119,2,2,0,9,37,16,0,0,39.37,0.05,0.05831,50000
4139,5,0,0,0,3,4,0,0,1,-12.45,0.05,0.05831,50000
4140,14,0,0,0,1,7,2,0,0,-3.58,0.05,0.05828,50000
4141,85,1,1,0,15,33,11,1,0,26.3,0.05,0.05819,50000
4142,63,0,0,0,10,19,8,1,0,11.79,0.05,0.0583,50000
4143,5,0,0,0,1,3,0,0,1,-12.85,0.05,0.05844,50000
4144,6,0,0,0,1,1,1,0,0,-8.27,0.05,0.05844,50000
4145,5,0,0,0,3,2,0,0,1,-12.95,0.05,0.05844,50000
4146,401,9,9,0,40,50,26,28,0,87.23,0.05,0.05826,50000
4147,186,4,4,0,19,56,24,1,0,62.73,0.05,0.05835,50000
4148,5,0,0,0,0,2,1,0,0,-7.7,0.05,0.05835,50000
4149,5,0,0,0,3,3,0,0,1,-12.95,0.05,0.05838,50000
4150,59,0,0,0,7,21,8,0,0,13.52,0.05,0.05844,50000
4151,33,2,2,0,3,12,5,0,0,6.89,0.05,0.05859,50000
4152,12,0,0,0,2,4,2,0,0,-4.74,0.05,0.05864,50000
4153,56,1,1,0,4,19,7,1,0,12.53,0.05,0.05878,50000
4154,226,5,5,0,19,49,25,6,0,64.98,0.05,0.05809,50000
4155,76,2,2,0,5,17,9,2,0,16.48,0.05,0.0583,50000
4156,5,0,0,0,0,2,1,0,0,-8.2,0.05,0.0583,50000
4157,327,8,8,0,52,44,22,22,0,60.91,0.05,0.05869,50000
4158,35,0,0,0,6,14,5,0,0,3.9,0.05,0.05851,50000
4159,253,9,9,0,23,60,24,10,0,72.64,0.05,0.0585,50000
4160,36,2,2,0,2,11,4,1,0,5.28,0.05,0.05863,50000
4161,316,8,8,0,32,62,28,15,0,80.93,0.05,0.05845,50000
4162,71,1,1,0,10,30,10,0,0,22.53,0.05,0.05831,50000
4163,158,2,2,0,13,44,20,0,0,46.49,0.05,0.05817,50000
4164,134,5,5,0,21,48,18,1,0,49.77,0.05,0.05811,50000
4165,90,4,4,0,17,29,13,0,0,29.0,0.05,0.05818,50000
4166,401,8,8,0,51,46,20,32,0,72.78,0.05,0.05806,50000
4167,308,8,8,0,36,63,31,11,0,86.09,0.05,0.05774,50000
4168,38,0,0,0,3,12,5,0,0,3.99,0.05,0.05767,50000
4169,363,8,8,0,120,52,22,16,0,58.79,0.05,0.05815,50000
4170,5,0,0,0,0,3,0,0,1,-12.3,0.05,0.05815,50000
4171,131,5,5,0,20,43,16,2,0,42.63,0.05,0.05804,50000
4172,401,9,9,0,30,47,31,24,0,92.98,0.05,0.05785,50000
4173,401,9,9,0,107,40,26,17,0,73.03,0.05,0.05806,50000
4174,5,0,0,0,1,1,1,0,0,-9.3,0.05,0.05807,50000
4175,64,1,1,0,14,17,8,1,0,10.92,0.05,0.05813,50000
4176,48,1,1,0,5,15,7,0,0,9.29,0.05,0.05808,50000
4177,338,9,9,0,53,50,27,16,0,73.29,0.05,0.05871,50000
4178,12,0,0,0,1,3,2,0,0,-7.04,0.05,0.05875,50000
4179,229,6,6,0,31,61,25,5,0,70.07,0.05,0.05952,50000
4180,180,5,5,0,8,44,19,5,0,50.85,0.05,0.05937,50000
4181,8,0,0,0,2,2,1,0,0,-8.36,0.05,0.05936,50000
4182,221,6,6,0,18,52,22,0,0,59.13,0.05,0.05917,50000
4183,83,2,2,0,7,23,12,0,0,24.94,0.05,0.05932,50000
4184,48,2,2,0,11,15,7,0,0,10.94,0.05,0.05949,50000
4185,363,9,9,0,52,50,25,23,0,82.29,0.05,0.05941,50000
4186,63,2,2,0,6,29,9,0,0,22.64,0.05,0.05918,50000
4187,342,9,9,0,33,57,27,18,0,78.36,0.05,0.05958,50000
4188,21,0,0,0,5,7,3,0,0,-3.17,0.05,0.05959,50000
4189,166,6,6,0,11,50,21,0,0,56.33,0.05,0.05968,50000
4190,346,8,8,0,36,52,28,10,0,73.33,0.05,0.05998,50000
4191,7,0,0,0,0,4,1,0,0,-7.19,0.05,0.05998,50000
4192,136,6,6,0,17,43,17,1,0,44.98,0.05,0.06027,50000
4193,272,6,6,0,19,53,21,9,0,61.11,0.05,0.06018,50000
4194,170,3,3,0,16,52,23,0,0,57.95,0.05,0.06059,50000
4195,168,6,6,0,10,44,20,2,0,53.89,0.05,0.06081,50000
4196,35,0,0,0,11,11,5,0,0,1.35,0.05,0.06086,50000
4197,90,2,2,0,10,26,12,0,0,25.6,0.05,0.06106,50000
4198,314,8,10,0,31,64,29,13,0,94.42,0.05,0.0609,50000
4199,213,9,9,0,27,60,25,4,0,72.59,0.05,0.06131,50000
4200,5,0,0,0,0,2,0,0,1,-12.8,0.05,0.06131,50000
4201,14,0,0,0,2,5,2,0,0,-4.68,0.05,0.06135,50000
4202,169,4,4,0,21,49,18,6,0,52.37,0.05,0.06107,50000
4203,49,3,3,0,5,27,7,0,0,17.72,0.05,0.06093,50000
4204,5,0,0,0,4,3,0,0,1,-12.5,0.05,0.06091,50000
4205,401,9,9,0,119,48,24,12,0,69.38,0.05,0.06148,50000
4206,63,3,3,0,8,25,9,0,0,20.44,0.05,0.0612,50000
4207,82,3,3,0,3,33,11,0,0,28.61,0.05,0.06118,50000
4208,401,9,9,0,61,52,27,25,0,85.63,0.05,0.06101,50000
4209,6,0,0,0,1,2,1,0,0,-7.27,0.05,0.06101,50000
4210,5,0,0,0,3,2,0,0,1,-13.45,0.05,0.06097,50000
4211,144,2,2,0,18,51,19,0,0,49.17,0.05,0.06106,50000
4212,79,3,3,0,10,26,9,2,0,21.22,0.05,0.06101,50000
4213,19,0,0,0,0,6,3,0,0,-1.88,0.05,0.06098,50000
4214,65,2,2,0,4,30,9,0,0,23.85,0.05,0.06088,50000
4215,79,2,2,0,12,24,9,2,0,19.57,0.05,0.06092,50000
4216,21,1,1,0,4,7,3,0,0,-2.22,0.05,0.06093,50000
4217,207,4,4,0,19,58,23,0,0,62.36,0.05,0.06112,50000
4218,7,0,0,0,0,4,1,0,0,-6.34,0.05,0.06112,50000
4219,57,1,1,0,5,18,7,1,0,13.61,0.05,0.06112,50000
4220,401,8,8,0,23,48,24,17,0,75.48,0.05,0.06137,50000
4221,64,3,3,0,5,30,9,0,0,24.12,0.05,0.06131,50000
4222,373,7,7,0,106,65,28,9,0,73.54,0.05,0.061,50000
4223,7,0,0,0,0,1,1,0,0,-8.14,0.05,0.06106,50000
4224,69,0,0,0,6,22,10,0,0,15.97,0.05,0.06135,50000
4225,127,7,7,0,8,39,16,1,0,46.21,0.05,0.06124,50000
4226,401,8,8,0,82,54,25,23,0,80.43,0.05,0.06111,50000
4227,401,8,8,0,33,65,28,26,0,95.23,0.05,0.06138,50000
4228,189,6,6,0,11,48,21,1,0,57.92,0.05,0.06117,50000
4229,29,0,0,0,7,8,4,0,0,0.82,0.05,0.06104,50000
4230,263,6,6,0,48,41,22,9,0,55.79,0.05,0.06117,50000
4231,401,6,6,0,31,42,21,16,0,65.93,0.05,0.06102,50000
4232,21,1,1,0,0,9,3,0,0,1.03,0.05,0.06101,50000
4233,302,6,6,0,24,54,26,16,0,74.36,0.05,0.06071,50000
4234,346,9,9,0,30,60,25,20,0,76.18,0.05,0.06081,50000
4235,96,4,4,0,7,38,13,0,0,38.78,0.05,0.0609,50000
4236,77,2,2,0,12,32,11,0,0,27.21,0.05,0.06108,50000
4237,332,7,7,0,34,44,21,25,0,63.41,0.05,0.06065,50000
4238,401,8,8,0,16,52,25,5,0,76.03,0.05,0.06075,50000
4239,128,2,2,0,16,55,18,0,0,50.44,0.05,0.06075,50000
4240,13,0,0,0,1,5,2,0,0,-3.71,0.05,0.0607,50000
4241,266,8,8,0,17,54,26,9,0,73.43,0.05,0.06042,50000
4242,142,5,5,0,9,46,16,2,0,45.66,0.05,0.05979,50000
4243,141,4,5,0,15,43,19,0,0,49.08,0.05,0.05987,50000
4244,5,0,0,0,1,3,0,0,1,-12.35,0.05,0.05989,50000
4245,256,3,3,0,137,41,18,0,0,32.98,0.05,0.0596,50000
4246,401,6,6,0,18,50,23,31,0,79.58,0.05,0.05927,50000
4247,5,0,0,0,0,0,0,1,0,-10.4,0.05,0.05927,50000
4248,29,0,0,0,5,9,4,0,0,0.97,0.05,0.0592,50000
4249,69,1,1,0,9,29,10,0,0,23.62,0.05,0.0591,50000
4250,274,4,4,0,14,45,20,17,0,55.67,0.05,0.05878,50000
4251,186,7,7,0,12,52,22,2,0,60.88,0.05,0.05849,50000
4252,36,0,0,0,5,16,5,0,0,7.78,0.05,0.05859,50000
4253,401,8,8,0,22,59,27,22,0,88.98,0.05,0.05836,50000
4254,38,0,0,0,7,10,5,0,0,2.69,0.05,0.05802,50000
4255,401,6,6,0,135,58,26,13,0,75.33,0.05,0.05797,50000
4256,5,0,0,0,0,0,0,1,0,-9.5,0.05,0.05797,50000
4257,7,0,0,0,2,2,1,0,0,-9.44,0.05,0.05797,50000
4258,401,8,8,0,21,48,26,30,0,87.13,0.05,0.05752,50000
4259,21,0,0,0,5,4,3,0,0,-5.32,0.05,0.05757,50000
4260,29,1,1,0,3,9,4,0,0,3.27,0.05,0.05759,50000
4261,20,0,0,0,6,6,3,0,0,-3.9,0.05,0.05764,50000
4262,307,9,9,0,27,60,26,13,0,87.26,0.05,0.05731,50000
4263,164,5,5,0,19,53,21,2,0,59.52,0.05,0.05723,50000
4264,5,0,0,0,3,3,0,0,1,-12.45,0.05,0.05723,50000
4265,54,1,1,0,5,21,8,0,0,15.17,0.05,0.05724,50000
4266,401,8,8,0,53,48,24,26,0,78.43,0.05,0.05761,50000
4267,109,3,3,0,14,34,15,0,0,36.62,0.05,0.05774,50000
4268,242,9,9,0,18,58,26,4,0,73.91,0.05,0.05768,50000
4269,7,0,0,0,2,1,1,0,0,-9.94,0.05,0.05768,50000
4270,29,0,0,0,3,10,4,0,0,0.57,0.05,0.05755,50000
4271,401,7,7,0,102,69,30,13,0,90.33,0.05,0.05742,50000
4272,21,1,1,0,2,6,3,0,0,-0.12,0.05,0.0575,50000
4273,401,8,8,0,41,53,25,26,0,83.18,0.05,0.05733,50000
4274,401,8,8,0,41,66,28,26,0,96.58,0.05,0.05704,50000
4275,63,1,1,0,8,18,9,0,0,14.39,0.05,0.05694,50000
4276,401,4,4,0,109,45,22,3,0,57.23,0.05,0.05741,50000
4277,401,4,4,0,74,41,16,36,0,60.23,0.05,0.05731,50000
4278,42,0,0,0,2,14,6,0,0,6.86,0.05,0.05765,50000
4279,138,2,2,0,10,42,17,1,0,41.59,0.05,0.05816,50000
4280,391,7,7,0,56,47,26,24,0,70.13,0.05,0.05895,50000
4281,12,0,0,0,3,3,2,0,0,-6.19,0.05,0.05898,50000
4282,297,4,4,0,86,45,19,12,0,49.76,0.05,0.05938,50000
4283,85,1,1,0,9,33,11,1,0,25.75,0.05,0.05953,50000
4284,7,0,0,0,3,3,1,0,0,-8.44,0.05,0.05953,50000
4285,57,1,1,0,13,23,8,0,0,13.81,0.05,0.05969,50000
4286,287,9,9,0,29,56,27,4,0,83.61,0.05,0.0596,50000
4287,49,0,0,0,0,21,7,0,0,14.17,0.05,0.05991,50000
4288,280,9,9,0,37,58,28,6,0,85.25,0.05,0.0602,50000
4289,401,7,7,0,23,55,24,9,0,75.63,0.05,0.06123,50000
4290,45,0,0,0,4,20,6,0,0,9.95,0.05,0.06136,50000
4291,50,0,0,0,38,3,2,0,0,-7.8,0.05,0.06137,50000
4292,21,1,1,0,2,7,3,0,0,-1.62,0.05,0.06147,50000
4293,365,9,9,0,26,57,29,1,0,83.3,0.05,0.06264,50000
4294,299,7,7,0,27,57,24,15,0,70.82,0.05,0.06291,50000
4295,43,1,1,0,7,14,6,0,0,6.94,0.05,0.06303,50000
4296,39,1,1,0,6,13,5,0,0,4.32,0.05,0.06291,50000
4297,401,8,8,0,63,59,29,22,0,87.88,0.05,0.0633,50000
4298,5,0,0,0,0,1,1,0,0,-8.7,0.05,0.0633,50000
4299,290,9,9,0,28,56,26,5,0,81.9,0.05,0.06358,50000
4300,5,0,0,0,3,2,0,0,1,-13.45,0.05,0.06358,50000
4301,214,9,9,0,14,59,23,2,0,79.52,0.05,0.06364,50000
4302,87,4,4,0,11,27,12,0,0,27.81,0.05,0.06357,50000
4303,40,0,0,0,6,10,5,0,0,0.45,0.05,0.06367,50000
4304,64,1,1,0,5,26,9,0,0,19.37,0.05,0.06359,50000
4305,14,0,0,0,0,6,2,0,0,-4.73,0.05,0.06357,50000
4306,6,0,0,0,2,1,1,0,0,-9.92,0.05,0.06357,50000
4307,401,7,7,0,21,60,27,11,0,83.78,0.05,0.06426,50000
4308,77,2,2,0,13,31,11,0,0,25.31,0.05,0.06431,50000
4309,49,0,0,0,3,17,7,0,0,9.17,0.05,0.06435,50000
4310,37,2,2,0,4,14,5,0,0,9.01,0.05,0.06441,50000
4311,51,1,1,0,6,16,6,1,0,10.13,0.05,0.06441,50000
4312,151,4,4,0,8,51,16,1,0,46.98,0.05,0.06483,50000
4313,291,8,8,0,33,51,24,12,0,68.38,0.05,0.06502,50000
4314,401,9,9,0,41,47,23,25,0,78.38,0.05,0.06478,50000
4315,130,2,2,0,11,32,13,4,0,28.9,0.05,0.06484,50000
4316,6,0,0,0,3,1,1,0,0,-9.97,0.05,0.06484,50000
4317,275,8,8,0,27,41,20,16,0,58.3,0.05,0.06537,50000
4318,58,2,2,0,8,22,7,0,0,14.14,0.05,0.06581,50000
4319,230,8,8,0,30,53,24,4,0,66.0,0.05,0.06628,50000
4320,401,9,9,0,39,56,24,21,0,81.28,0.05,0.06568,50000
4321,21,0,0,0,2,6,3,0,0,-1.57,0.05,0.06568,50000
4322,42,2,2,0,4,16,6,0,0,9.11,0.05,0.06576,50000
4323,122,6,6,0,7,34,14,1,0,38.06,0.05,0.06579,50000
4324,14,0,0,0,0,2,2,0,0,-5.98,0.05,0.06575,50000
4325,155,4,4,0,12,46,20,1,0,53.05,0.05,0.06597,50000
4326,107,3,3,0,7,42,14,0,0,39.41,0.05,0.06602,50000
4327,183,3,3,0,22,63,22,2,0,60.19,0.05,0.06617,50000
4328,149,4,4,0,21,42,19,2,0,46.22,0.05,0.06601,50000
4329,250,7,7,0,22,52,20,11,0,61.25,0.05,0.06554,50000
4330,100,1,1,0,9,44,14,0,0,37.3,0.05,0.06578,50000
4331,62,2,2,0,6,25,9,0,0,17.46,0.05,0.06602,50000
4332,171,5,5,0,14,63,22,1,0,64.58,0.05,0.06591,50000
4333,113,5,5,0,9,39,15,1,0,43.04,0.05,0.06577,50000
4334,52,2,2,0,11,19,7,0,0,12.66,0.05,0.06557,50000
4335,88,1,1,0,7,30,12,0,0,24.64,0.05,0.06548,50000
4336,280,7,7,0,27,59,26,11,0,71.55,0.05,0.06471,50000
4337,67,2,2,0,6,17,9,0,0,16.66,0.05,0.06464,50000
4338,35,1,1,0,9,13,5,0,0,3.25,0.05,0.06472,50000
4339,401,9,9,0,56,69,31,13,0,96.03,0.05,0.06466,50000
4340,37,2,2,0,7,8,5,0,0,3.76,0.05,0.06457,50000
4341,401,9,9,0,44,62,28,20,0,89.38,0.05,0.06441,50000
4342,262,9,9,0,34,56,29,4,0,86.56,0.05,0.06423,50000
4343,299,9,9,0,21,61,30,9,0,92.52,0.05,0.06367,50000
4344,22,1,1,0,3,6,3,0,0,-0.34,0.05,0.06365,50000
4345,85,4,4,0,16,34,12,0,0,30.5,0.05,0.06353,50000
4346,29,0,0,0,7,6,4,0,0,-0.63,0.05,0.06347,50000
4347,273,6,6,0,15,55,23,11,0,65.54,0.05,0.06323,50000
4348,253,8,8,0,29,54,25,7,0,68.29,0.05,0.06307,50000
4349,250,9,9,0,25,56,25,6,0,71.7,0.05,0.06322,50000
4350,127,4,4,0,15,38,16,2,0,41.86,0.05,0.06313,50000
4351,45,1,1,0,7,12,5,0,0,4.8,0.05,0.06306,50000
4352,334,7,7,0,30,55,23,23,0,70.47,0.05,0.06279,50000
4353,401,6,6,0,154,50,19,3,0,53.48,0.05,0.06313,50000
4354,14,0,0,0,1,3,2,0,0,-6.83,0.05,0.06309,50000
4355,102,1,1,0,24,32,13,1,0,26.31,0.05,0.06331,50000
4356,401,6,6,0,23,40,23,3,0,60.08,0.05,0.06308,50000
4357,256,7,7,0,32,45,18,16,0,55.88,0.05,0.06311,50000
4358,110,2,2,0,13,33,15,0,0,32.45,0.05,0.06282,50000
4359,37,0,0,0,6,13,5,0,0,5.06,0.05,0.06268,50000
4360,41,1,1,0,5,14,6,0,0,8.03,0.05,0.06259,50000
4361,350,9,9,0,33,58,31,14,0,91.45,0.05,0.06292,50000
4362,161,6,6,0,11,45,21,1,0,55.13,0.05,0.06298,50000
4363,244,8,8,0,30,56,22,11,0,67.62,0.05,0.06281,50000
4364,5,0,0,0,0,2,1,0,0,-7.2,0.05,0.06277,50000
4365,166,3,3,0,17,52,21,1,0,54.03,0.05,0.06259,50000
4366,401,7,7,0,33,62,24,14,0,79.78,0.05,0.06159,50000
4367,8,0,0,0,1,4,1,0,0,-6.41,0.05,0.06159,50000
4368,325,7,7,0,35,52,19,11,0,55.8,0.05,0.06195,50000
4369,70,0,0,0,6,27,10,0,0,20.1,0.05,0.0622,50000
4370,256,9,9,0,20,56,27,4,0,83.58,0.05,0.06172,50000
4371,79,0,0,0,4,31,11,0,0,23.92,0.05,0.06182,50000
4372,42,1,1,0,6,12,6,0,0,7.86,0.05,0.06164,50000
4373,84,2,2,0,3,39,12,0,0,33.47,0.05,0.06153,50000
4374,12,0,0,0,2,7,2,0,0,-2.24,0.05,0.06164,50000
4375,5,0,0,0,4,3,0,0,1,-12.5,0.05,0.06164,50000
4376,401,8,8,0,21,56,27,3,0,78.98,0.05,0.06185,50000
4377,135,3,3,0,19,43,17,1,0,42.3,0.05,0.06215,50000
4378,278,9,9,0,34,75,33,5,0,91.94,0.05,0.06233,50000
4379,186,3,3,0,19,59,23,2,0,58.98,0.05,0.06245,50000
4380,20,0,0,0,8,7,3,0,0,-3.7,0.05,0.06242,50000
4381,109,4,4,0,12,39,14,1,0,39.27,0.05,0.06232,50000
4382,146,5,5,0,10,47,19,1,0,52.18,0.05,0.06232,50000
4383,36,1,1,0,3,11,5,0,0,5.58,0.05,0.06231,50000
4384,376,9,9,0,31,70,31,17,0,101.28,0.05,0.06231,50000
4385,63,1,1,0,9,24,9,0,0,17.34,0.05,0.06267,50000
4386,8,0,0,0,1,5,1,0,0,-5.41,0.05,0.06263,50000
4387,353,8,8,0,29,59,27,19,0,78.94,0.05,0.0625,50000
4388,356,9,9,0,25,47,21,25,0,74.83,0.05,0.06289,50000
4389,229,9,9,0,11,48,24,6,0,67.27,0.05,0.06295,50000
4390,285,9,9,0,30,59,22,11,0,69.95,0.05,0.06317,50000
4391,35,0,0,0,6,12,5,0,0,3.05,0.05,0.06327,50000
4392,397,9,9,0,26,62,29,24,0,87.16,0.05,0.06323,50000
4393,351,9,9,0,36,54,27,17,0,87.38,0.05,0.06303,50000
4394,73,1,1,0,5,29,9,1,0,23.09,0.05,0.06295,50000
4395,5,0,0,0,3,3,0,0,1,-12.95,0.05,0.06295,50000
4396,26,0,0,0,0,10,4,0,0,2.78,0.05,0.06292,50000
4397,55,4,4,0,9,22,8,0,0,18.9,0.05,0.06275,50000
4398,16,0,0,0,5,7,2,0,0,-5.47,0.05,0.06277,50000
4399,56,2,2,0,5,19,8,0,0,14.08,0.05,0.06281,50000
4400,387,8,8,0,10,58,25,26,0,79.66,0.05,0.06306,50000
4401,7,0,0,0,0,4,1,0,0,-6.69,0.05,0.06306,50000
4402,19,0,0,0,0,11,3,0,0,0.52,0.05,0.06308,50000
4403,326,8,8,0,44,61,27,13,0,78.68,0.05,0.0629,50000
4404,401,7,7,0,36,49,21,33,0,75.48,0.05,0.06285,50000
4405,12,0,0,0,0,5,2,0,0,-3.14,0.05,0.06285,50000
4406,270,8,8,0,10,47,22,14,0,66.0,0.05,0.06241,50000
4407,92,2,2,0,5,28,13,0,0,29.21,0.05,0.06249,50000
4408,344,9,9,0,18,53,24,19,0,83.02,0.05,0.06266,50000
4409,27,0,0,0,7,9,4,0,0,0.21,0.05,0.06251,50000
4410,401,8,8,0,13,48,23,15,0,75.68,0.05,0.06239,50000
4411,333,9,9,0,16,58,26,19,0,78.69,0.05,0.06266,50000
4412,201,9,9,0,11,47,20,6,0,59.13,0.05,0.06289,50000
4413,401,9,9,0,30,57,25,27,0,87.93,0.05,0.0629,50000
4414,75,2,2,0,7,34,10,0,0,27.25,0.05,0.06288,50000
4415,155,6,6,0,20,52,20,0,0,54.5,0.05,0.06251,50000
4416,72,2,2,0,8,27,10,0,0,22.71,0.05,0.0626,50000
4417,20,1,1,0,5,6,3,0,0,-1.05,0.05,0.06246,50000
4418,62,1,1,0,7,24,8,0,0,15.01,0.05,0.06246,50000
4419,151,8,8,0,8,42,17,2,0,51.38,0.05,0.0628,50000
4420,172,5,5,0,21,49,22,1,0,57.26,0.05,0.06295,50000
4421,268,9,9,0,16,45,24,9,0,76.59,0.05,0.06281,50000
4422,383,8,8,0,19,44,25,23,0,69.99,0.05,0.06229,50000
4423,109,2,2,0,14,38,14,1,0,34.57,0.05,0.06185,50000
4424,28,0,0,0,2,9,4,0,0,1.64,0.05,0.06163,50000
4425,401,9,9,0,13,55,26,29,0,89.38,0.05,0.06092,50000
4426,83,4,4,0,4,35,11,1,0,30.79,0.05,0.06079,50000
4427,169,4,4,0,10,45,20,2,0,51.07,0.05,0.06082,50000
4428,84,2,2,0,10,30,10,2,0,24.72,0.05,0.06081,50000
4429,114,4,4,0,12,41,16,0,0,42.97,0.05,0.06057,50000
4430,105,2,2,0,7,34,14,1,0,33.3,0.05,0.06032,50000
4431,330,7,7,0,17,55,26,17,0,75.3,0.05,0.05959,50000
4432,132,4,4,0,9,42,17,1,0,44.41,0.05,0.05939,50000
4433,254,9,9,0,11,55,26,6,0,72.92,0.05,0.05864,50000
4434,92,1,1,0,7,34,13,0,0,30.41,0.05,0.0585,50000
4435,401,8,8,0,30,56,27,26,0,89.83,0.05,0.05783,50000
4436,379,5,5,0,22,51,23,28,0,66.12,0.05,0.05779,50000
4437,176,6,6,0,18,50,24,0,0,60.78,0.05,0.05808,50000
4438,86,0,0,0,12,34,12,0,0,25.78,0.05,0.05811,50000
4439,401,9,9,0,124,60,30,11,0,84.73,0.05,0.05768,50000
4440,401,7,7,0,24,44,23,30,0,73.43,0.05,0.05753,50000
4441,77,4,4,0,8,28,11,0,0,27.96,0.05,0.05751,50000
4442,54,1,1,0,22,9,5,0,0,1.77,0.05,0.05762,50000
4443,401,9,9,0,20,61,28,27,0,96.63,0.05,0.05688,50000
4444,364,9,9,0,41,52,22,23,0,68.32,0.05,0.057,50000
4445,263,9,9,0,22,57,22,12,0,68.99,0.05,0.05692,50000
4446,94,4,4,0,3,32,13,0,0,33.27,0.05,0.05673,50000
4447,7,0,0,0,1,4,1,0,0,-7.89,0.05,0.05669,50000
4448,196,8,8,0,11,58,22,3,0,67.28,0.05,0.05644,50000
4449,50,1,1,0,3,14,7,0,0,8.45,0.05,0.05648,50000
4450,401,8,8,0,17,54,24,28,0,82.88,0.05,0.05641,50000
4451,401,9,9,0,32,58,22,29,0,84.63,0.05,0.05589,50000
4452,150,4,4,0,7,46,19,0,0,49.2,0.05,0.05587,50000
4453,208,5,5,0,27,59,26,2,0,69.14,0.05,0.05585,50000
4454,332,9,9,0,18,44,23,21,0,66.16,0.05,0.05608,50000
4455,401,8,8,0,37,57,24,30,0,85.33,0.05,0.05621,50000
4456,268,7,7,0,19,54,25,9,0,69.94,0.05,0.056,50000
4457,34,0,0,0,5,7,5,0,0,1.42,0.05,0.05611,50000
4458,73,1,1,0,7,25,10,0,0,19.39,0.05,0.05588,50000
4459,156,7,7,0,10,50,19,1,0,56.13,0.05,0.05595,50000
4460,28,1,1,0,2,9,3,1,0,0.94,0.05,0.05596,50000
4461,34,0,0,0,3,15,5,0,0,5.87,0.05,0.05625,50000
4462,401,8,8,0,22,52,25,27,0,84.13,0.05,0.05646,50000
4463,12,0,0,0,3,5,2,0,0,-6.19,0.05,0.05651,50000
4464,33,0,0,0,8,12,5,0,0,2.54,0.05,0.05667,50000
4465,49,1,1,0,6,19,7,0,0,12.17,0.05,0.05668,50000
4466,178,6,6,0,25,53,23,1,0,62.64,0.05,0.05672,50000
4467,38,0,0,0,6,16,5,0,0,5.99,0.05,0.05677,50000
4468,401,9,9,0,44,64,30,10,0,93.03,0.05,0.05771,50000
4469,94,6,6,0,7,29,13,0,0,34.52,0.05,0.05749,50000
4470,78,1,1,0,26,20,8,0,0,12.34,0.05,0.05766,50000
4471,26,0,0,0,4,8,4,0,0,0.48,0.05,0.05765,50000
4472,348,9,9,0,127,53,25,3,0,73.04,0.05,0.05806,50000
4473,44,1,1,0,4,20,6,0,0,12.22,0.05,0.05797,50000
4474,118,4,4,0,1,40,16,0,0,41.29,0.05,0.05824,50000
4475,277,6,6,0,17,44,21,11,0,56.21,0.05,0.05832,50000
4476,48,3,3,0,5,17,7,0,0,15.09,0.05,0.05859,50000
4477,400,9,9,0,42,74,31,19,0,95.4,0.05,0.05859,50000
4478,185,8,8,0,16,42,22,1,0,57.7,0.05,0.05838,50000
4479,284,3,3,0,169,41,17,0,0,31.52,0.05,0.05905,50000
4480,42,0,0,0,5,18,6,0,0,9.21,0.05,0.05899,50000
4481,238,7,7,0,9,45,20,1,0,52.59,0.05,0.05883,50000
4482,7,0,0,0,0,4,1,0,0,-5.34,0.05,0.05883,50000
4483,13,0,0,0,6,3,2,0,0,-7.61,0.05,0.05883,50000
4484,346,8,8,0,28,59,28,3,0,73.03,0.05,0.05872,50000
4485,27,0,0,0,8,10,4,0,0,-1.29,0.05,0.05868,50000
4486,12,0,0,0,1,5,2,0,0,-4.59,0.05,0.05868,50000
4487,272,9,9,0,23,56,24,6,0,79.66,0.05,0.0585,50000
4488,7,0,0,0,1,3,1,0,0,-7.74,0.05,0.0584,50000
4489,116,5,5,0,13,36,15,1,0,38.93,0.05,0.0585,50000
4490,5,0,0,0,3,2,0,0,1,-13.45,0.05,0.0585,50000
4491,116,2,2,0,7,36,16,0,0,37.93,0.05,0.05834,50000
4492,55,3,3,0,4,17,7,1,0,14.8,0.05,0.05844,50000
4493,301,7,7,0,31,56,27,12,0,73.98,0.05,0.05906,50000
4494,362,9,9,0,47,60,27,15,0,86.36,0.05,0.0591,50000
4495,5,0,0,0,3,2,0,0,1,-13.45,0.05,0.05909,50000
4496,283,7,7,0,37,51,22,14,0,63.74,0.05,0.05926,50000
4497,14,0,0,0,1,4,2,0,0,-5.68,0.05,0.05927,50000
4498,401,8,8,0,37,56,28,15,0,85.28,0.05,0.05946,50000
4499,401,8,8,0,50,50,22,31,0,80.23,0.05,0.05964,50000
4500,401,8,8,0,37,58,26,26,0,87.48,0.05,0.05965,50000
4501,7,0,0,0,1,1,1,0,0,-9.79,0.05,0.05975,50000
4502,63,1,1,0,11,29,8,0,0,19.89,0.05,0.05955,50000
4503,265,7,7,0,18,52,21,14,0,62.7,0.05,0.06002,50000
4504,104,1,1,0,12,38,15,0,0,34.27,0.05,0.05939,50000
4505,71,3,3,0,12,25,10,0,0,21.98,0.05,0.05969,50000
4506,380,9,9,0,82,55,26,14,0,70.45,0.05,0.05961,50000
4507,387,8,8,0,44,67,28,17,0,82.56,0.05,0.0596,50000
4508,329,8,8,0,31,61,24,8,0,70.97,0.05,0.05884,50000
4509,232,9,9,0,21,62,28,2,0,87.41,0.05,0.05857,50000
4510,401,7,7,0,43,52,23,28,0,79.28,0.05,0.05814,50000
4511,154,4,4,0,14,49,20,0,0,52.37,0.05,0.05768,50000
4512,264,8,8,0,46,43,21,7,0,55.57,0.05,0.05698,50000
4513,5,0,0,0,0,2,1,0,0,-7.3,0.05,0.05698,50000
4514,401,8,8,0,56,63,26,29,0,90.23,0.05,0.05674,50000
4515,39,1,1,0,7,12,5,0,0,3.92,0.05,0.05688,50000
4516,26,1,1,0,9,7,4,0,0,-0.22,0.05,0.05681,50000
4517,198,7,7,0,11,47,24,0,0,60.14,0.05,0.0565,50000
4518,209,9,9,0,13,62,25,1,0,74.37,0.05,0.05637,50000
4519,65,1,1,0,9,26,9,0,0,17.8,0.05,0.05652,50000
4520,14,0,0,0,0,4,2,0,0,-5.58,0.05,0.05655,50000
4521,34,1,1,0,4,15,5,0,0,7.17,0.05,0.05679,50000
4522,58,1,1,0,28,15,6,0,0,5.74,0.05,0.05674,50000
4523,27,2,2,0,3,10,4,0,0,4.51,0.05,0.05675,50000
4524,389,8,8,0,45,45,24,28,0,70.82,0.05,0.05677,50000
4525,307,9,9,0,35,57,28,11,0,88.36,0.05,0.05595,50000
4526,255,9,9,0,25,59,24,9,0,71.65,0.05,0.0556,50000
4527,215,5,5,0,16,50,19,0,0,51.8,0.05,0.05537,50000
4528,60,1,1,0,11,23,8,0,0,14.3,0.05,0.0553,50000
4529,9,0,0,0,0,2,1,0,0,-7.38,0.05,0.0553,50000
4530,327,7,7,0,33,63,26,11,0,75.31,0.05,0.05497,50000
4531,326,8,8,0,90,51,21,14,0,58.88,0.05,0.05503,50000
4532,401,8,8,0,40,62,28,13,0,84.33,0.05,0.05477,50000
4533,90,3,3,0,12,29,12,0,0,28.2,0.05,0.0547,50000
4534,13,0,0,0,1,2,2,0,0,-7.76,0.05,0.05468,50000
4535,25,0,0,0,6,6,3,0,0,-3.75,0.05,0.05463,50000
4536,14,0,0,0,0,5,2,0,0,-3.08,0.05,0.05459,50000
4537,15,0,0,0,3,5,2,0,0,-4.8,0.05,0.05455,50000
4538,401,9,9,0,44,57,29,23,0,93.93,0.05,0.05364,50000
4539,29,1,1,0,4,8,4,0,0,-0.23,0.05,0.05364,50000
4540,62,2,2,0,5,21,9,0,0,18.41,0.05,0.05364,50000
4541,64,2,2,0,7,19,9,0,0,17.67,0.05,0.0536,50000
4542,401,7,7,0,190,54,23,5,0,62.88,0.05,0.05316,50000
4543,33,2,2,0,7,13,5,0,0,5.84,0.05,0.05319,50000
4544,120,6,6,0,8,36,15,1,0,41.65,0.05,0.05295,50000
4545,166,4,4,0,20,59,20,1,0,56.63,0.05,0.05281,50000
4546,218,5,5,0,90,46,20,0,0,47.39,0.05,0.05225,50000
4547,10,0,0,0,4,4,1,0,0,-8.6,0.05,0.0523,50000
4548,26,0,0,0,5,10,4,0,0,-0.07,0.05,0.0521,50000
4549,33,0,0,0,6,14,5,0,0,5.49,0.05,0.05214,50000
4550,5,0,0,0,1,0,0,1,0,-11.6,0.05,0.05214,50000
4551,270,7,7,0,19,50,26,9,0,69.55,0.05,0.05208,50000
4552,48,1,1,0,7,15,7,0,0,9.79,0.05,0.05209,50000
4553,401,8,8,0,166,63,28,5,0,78.88,0.05,0.05179,50000
4554,99,4,4,0,11,34,14,0,0,34.12,0.05,0.05144,50000
4555,224,8,8,0,18,54,25,5,0,71.02,0.05,0.05118,50000
4556,195,6,6,0,22,60,23,1,0,63.8,0.05,0.05136,50000
4557,26,0,0,0,2,10,4,0,0,2.08,0.05,0.05135,50000
4558,71,2,2,0,7,25,10,0,0,23.28,0.05,0.05121,50000
4559,169,5,5,0,11,58,22,0,0,61.92,0.05,0.05129,50000
4560,132,4,4,0,16,39,16,0,0,41.76,0.05,0.05162,50000
4561,401,8,8,0,57,50,26,16,0,78.88,0.05,0.05224,50000
4562,28,0,0,0,4,14,4,0,0,2.74,0.05,0.05217,50000
4563,78,1,1,0,6,31,10,0,0,25.34,0.05,0.05247,50000
4564,188,6,6,0,18,48,22,4,0,60.34,0.05,0.05289,50000
4565,216,4,4,0,9,36,11,0,0,28.23,0.05,0.05279,50000
4566,134,4,4,0,14,51,18,0,0,50.27,0.05,0.05291,50000
4567,143,5,5,0,28,38,17,0,0,42.89,0.05,0.05339,50000
4568,330,8,10,0,21,59,28,3,0,86.8,0.05,0.0542,50000
4569,7,0,0,0,0,3,1,0,0,-6.29,0.05,0.0542,50000
4570,147,4,4,0,25,47,19,0,0,48.56,0.05,0.05432,50000
4571,7,0,0,0,3,2,1,0,0,-8.94,0.05,0.05428,50000
4572,212,8,8,0,25,45,21,2,0,53.86,0.05,0.0546,50000
4573,31,0,0,0,7,10,4,0,0,-0.92,0.05,0.05456,50000
4574,290,8,10,0,22,53,28,0,0,81.7,0.05,0.05477,50000
4575,68,6,6,0,2,27,10,0,0,29.54,0.05,0.05482,50000
4576,362,8,10,0,56,49,26,4,0,75.16,0.05,0.05454,50000
4577,401,6,6,0,213,60,25,0,0,65.68,0.05,0.05512,50000
4578,401,9,9,0,15,59,24,3,0,76.73,0.05,0.05524,50000
4579,316,8,10,0,19,54,27,2,0,81.88,0.05,0.05617,50000
4580,243,8,8,0,18,43,25,0,0,61.34,0.05,0.0564,50000
4581,27,0,0,0,1,11,4,0,0,3.96,0.05,0.05628,50000
4582,106,1,1,0,10,34,14,0,0,30.98,0.05,0.05648,50000
4583,401,8,8,0,27,61,28,2,0,83.28,0.05,0.05654,50000
4584,73,1,1,0,5,31,10,0,0,22.89,0.05,0.05651,50000
4585,84,2,2,0,3,35,11,0,0,29.67,0.05,0.05663,50000
4586,343,9,9,0,13,54,24,1,0,63.89,0.05,0.05745,50000
4587,401,8,8,0,18,59,23,6,0,75.83,0.05,0.05891,50000
4588,141,2,2,0,55,37,13,0,0,27.78,0.05,0.05912,50000
4589,325,9,9,0,26,60,27,7,0,86.05,0.05,0.05917,50000
4590,401,8,8,0,29,53,25,19,0,81.18,0.05,0.05948,50000
4591,230,6,6,0,58,56,21,1,0,58.6,0.05,0.05986,50000
4592,5,0,0,0,1,2,0,0,1,-13.35,0.05,0.05986,50000
4593,104,3,3,0,4,37,14,0,0,33.77,0.05,0.06004,50000
4594,139,4,4,0,22,46,17,0,0,46.17,0.05,0.06007,50000
4595,401,7,7,0,28,53,24,12,0,73.08,0.05,0.06034,50000
4596,199,7,7,0,13,60,21,3,0,64.67,0.05,0.06092,50000
4597,90,5,5,0,5,32,12,0,0,31.6,0.05,0.06098,50000
4598,401,8,8,0,19,52,24,9,0,75.33,0.05,0.06064,50000
4599,95,4,4,0,8,33,12,0,0,31.75,0.05,0.06049,50000
4600,49,1,1,0,3,20,6,0,0,12.27,0.05,0.06057,50000
4601,401,8,8,0,37,64,27,11,0,83.63,0.05,0.06097,50000
4602,55,3,3,0,3,28,8,0,0,21.25,0.05,0.06093,50000
4603,191,9,9,0,10,52,21,2,0,72.88,0.05,0.06069,50000
4604,35,2,2,0,7,14,5,0,0,6.5,0.05,0.06082,50000
4605,100,0,0,0,26,22,10,0,0,15.15,0.05,0.06072,50000
4606,141,2,2,0,96,18,7,0,0,7.83,0.05,0.06066,50000
4607,401,8,10,0,46,55,24,15,0,79.93,0.05,0.06067,50000
4608,26,0,0,0,12,5,3,0,0,-4.52,0.05,0.06061,50000
4609,398,8,10,0,19,62,25,6,0,83.29,0.05,0.0605,50000
4610,159,6,6,0,6,47,19,2,0,53.72,0.05,0.06023,50000
4611,7,0,0,0,1,2,1,0,0,-9.29,0.05,0.06023,50000
4612,128,3,3,0,34,35,14,0,0,32.94,0.05,0.06013,50000
4613,7,0,0,0,1,4,1,0,0,-6.79,0.05,0.06013,50000
4614,401,7,7,0,19,76,32,4,0,97.63,0.05,0.05991,50000
4615,401,7,7,0,47,67,29,19,0,93.73,0.05,0.05937,50000
4616,401,9,9,0,30,49,22,10,0,70.48,0.05,0.05954,50000
4617,23,0,0,0,6,7,3,0,0,-2.41,0.05,0.05962,50000
4618,48,1,1,0,3,20,7,0,0,11.49,0.05,0.05999,50000
4619,251,4,4,0,144,43,15,0,0,32.58,0.05,0.05966,50000
4620,27,1,1,0,7,9,4,0,0,3.06,0.05,0.05955,50000
4621,337,9,9,0,22,55,26,6,0,81.66,0.05,0.05898,50000
4622,401,6,6,0,31,61,29,2,0,82.33,0.05,0.05874,50000
4623,274,8,8,0,21,57,27,7,0,73.87,0.05,0.05906,50000
4624,5,0,0,0,2,2,0,0,1,-12.9,0.05,0.05906,50000
4625,401,9,9,0,19,53,23,2,0,71.78,0.05,0.05849,50000
4626,401,9,9,0,25,63,28,9,0,89.18,0.05,0.05753,50000
4627,263,9,9,0,27,52,25,6,0,79.79,0.05,0.05751,50000
4628,79,2,2,0,13,31,11,0,0,23.97,0.05,0.05763,50000
4629,45,1,1,0,3,16,6,0,0,9.55,0.05,0.05756,50000
4630,401,8,8,0,98,61,26,13,0,80.28,0.05,0.05842,50000
4631,118,4,4,0,7,40,16,0,0,39.64,0.05,0.05861,50000
4632,21,0,0,0,3,10,3,0,0,-0.07,0.05,0.05862,50000
4633,401,5,5,0,24,57,27,1,0,76.23,0.05,0.05821,50000
4634,12,0,0,0,0,5,2,0,0,-3.64,0.05,0.0582,50000
4635,28,0,0,0,4,10,3,1,0,-0.16,0.05,0.05809,50000
4636,398,8,10,0,68,64,29,3,0,86.79,0.05,0.05801,50000
4637,69,0,0,0,21,29,8,0,0,16.42,0.05,0.05751,50000
4638,60,1,1,0,6,28,8,0,0,20.45,0.05,0.05762,50000
4639,76,4,4,0,13,37,10,0,0,29.18,0.05,0.05752,50000
4640,14,0,0,0,1,7,2,0,0,-3.13,0.05,0.05754,50000
4641,354,9,9,0,15,55,26,4,0,81.22,0.05,0.05729,50000
4642,13,0,0,0,1,5,2,0,0,-4.26,0.05,0.05733,50000
4643,220,7,7,0,30,59,29,0,0,75.8,0.05,0.05759,50000
4644,195,7,7,0,11,54,22,2,0,62.65,0.05,0.0572,50000
4645,51,1,1,0,4,18,7,0,0,11.48,0.05,0.05712,50000
4646,80,2,2,0,3,37,11,0,0,29.75,0.05,0.05718,50000
4647,50,3,3,0,11,19,7,0,0,13.1,0.05,0.05725,50000
4648,7,0,0,0,0,2,1,0,0,-6.84,0.05,0.05718,50000
4649,74,1,1,0,2,32,10,0,0,22.67,0.05,0.0571,50000
4650,288,9,9,0,17,48,26,5,0,77.54,0.05,0.0572,50000
4651,311,8,8,0,26,58,31,8,0,79.93,0.05,0.05765,50000
4652,204,5,5,0,61,45,17,0,0,43.97,0.05,0.05725,50000
4653,401,8,8,0,22,59,24,27,0,86.08,0.05,0.05728,50000
4654,401,9,9,0,32,61,28,14,0,89.48,0.05,0.05735,50000
4655,398,9,9,0,31,55,27,23,0,89.39,0.05,0.05724,50000
4656,174,6,6,0,9,50,20,3,0,57.77,0.05,0.0576,50000
4657,267,9,9,0,50,49,23,9,0,74.51,0.05,0.05776,50000
4658,224,8,10,0,20,60,25,1,0,83.27,0.05,0.05748,50000
4659,401,9,9,0,17,51,24,27,0,84.68,0.05,0.05688,50000
4660,50,2,2,0,3,21,7,0,0,14.2,0.05,0.05697,50000
4661,319,9,9,0,17,70,32,6,0,98.67,0.05,0.05682,50000
4662,5,0,0,0,0,1,1,0,0,-8.7,0.05,0.05682,50000
4663,301,9,9,0,17,63,28,10,0,81.73,0.05,0.05652,50000
4664,216,7,7,0,15,51,23,6,0,63.78,0.05,0.05604,50000
4665,263,8,8,0,16,45,21,12,0,60.64,0.05,0.05635,50000
4666,185,5,5,0,21,52,22,0,0,57.1,0.05,0.05622,50000
4667,5,0,0,0,3,3,0,0,1,-12.95,0.05,0.05637,50000
4668,9,0,0,0,1,3,1,0,0,-8.93,0.05,0.05637,50000
4669,162,3,3,0,11,48,20,1,0,51.96,0.05,0.05636,50000
4670,380,9,9,0,59,59,28,18,0,88.45,0.05,0.0562,50000
4671,35,0,0,0,6,16,5,0,0,6.45,0.05,0.0561,50000
4672,9,0,0,0,3,2,1,0,0,-9.48,0.05,0.05607,50000
4673,40,2,2,0,7,13,5,0,0,7.2,0.05,0.05602,50000
4674,83,2,2,0,11,34,11,0,0,26.99,0.05,0.05618,50000
4675,24,1,1,0,1,10,3,0,0,1.02,0.05,0.05617,50000
4676,267,8,10,0,16,55,25,6,0,80.91,0.05,0.05645,50000
4677,401,8,8,0,39,59,26,25,0,86.68,0.05,0.05579,50000
4678,229,9,9,0,17,59,24,6,0,71.27,0.05,0.05582,50000
4679,158,5,5,0,19,42,21,0,0,50.34,0.05,0.05615,50000
4680,358,7,7,0,37,58,28,17,0,77.24,0.05,0.05621,50000
4681,401,8,8,0,18,52,26,26,0,86.63,0.05,0.05584,50000
4682,302,7,7,0,27,61,25,12,0,72.71,0.05,0.05574,50000
4683,15,0,0,0,1,6,2,0,0,-3.2,0.05,0.05571,50000
4684,393,5,5,0,11,42,22,6,0,51.99,0.05,0.05502,50000
4685,72,1,1,0,14,31,10,0,0,22.31,0.05,0.055,50000
4686,112,5,5,0,6,34,14,2,0,38.16,0.05,0.05477,50000
4687,58,2,2,0,3,25,8,0,0,16.89,0.05,0.0546,50000
4688,257,9,9,0,21,58,29,4,0,88.51,0.05,0.05455,50000
4689,140,3,3,0,13,51,19,0,0,50.35,0.05,0.05427,50000
4690,357,8,8,0,13,54,26,3,0,69.21,0.05,0.05375,50000
4691,127,1,1,0,83,16,7,0,0,4.91,0.05,0.05382,50000
4692,284,9,9,0,21,60,28,9,0,80.22,0.05,0.05346,50000
4693,5,0,0,0,0,1,1,0,0,-8.7,0.05,0.05346,50000
4694,382,9,9,0,26,59,28,15,0,90.41,0.05,0.05276,50000
4695,227,8,8,0,14,49,22,7,0,64.56,0.05,0.05271,50000
4696,16,0,0,0,2,9,2,0,0,-2.32,0.05,0.05277,50000
4697,360,9,9,0,23,61,28,8,0,88.1,0.05,0.05277,50000
4698,28,0,0,0,0,12,4,0,0,3.79,0.05,0.0527,50000
4699,267,8,10,0,13,70,27,7,0,95.31,0.05,0.05306,50000
4700,5,0,0,0,0,1,1,0,0,-7.8,0.05,0.05306,50000
4701,401,9,9,0,74,64,29,16,0,91.78,0.05,0.05322,50000
4702,354,9,9,0,21,64,30,16,0,97.27,0.05,0.05298,50000
4703,162,5,5,0,11,51,21,0,0,56.56,0.05,0.05298,50000
4704,116,5,5,0,13,38,15,0,0,39.48,0.05,0.0533,50000
4705,23,1,1,0,6,6,3,0,0,-1.56,0.05,0.05333,50000
4706,49,2,2,0,6,18,7,0,0,12.92,0.05,0.05335,50000
4707,139,3,3,0,14,48,19,0,0,49.62,0.05,0.05329,50000
4708,137,4,4,0,38,37,15,0,0,35.61,0.05,0.05316,50000
4709,5,0,0,0,3,3,1,0,0,-8.95,0.05,0.05316,50000
4710,5,0,0,0,3,3,0,0,1,-12.95,0.05,0.05318,50000
4711,71,0,0,0,12,22,10,0,0,17.78,0.05,0.05334,50000
4712,240,8,8,0,11,41,22,5,0,58.1,0.05,0.05325,50000
4713,5,0,0,0,0,1,1,0,0,-8.7,0.05,0.05323,50000
4714,12,0,0,0,0,7,2,0,0,-2.64,0.05,0.05323,50000
4715,12,0,0,0,0,3,2,0,0,-5.04,0.05,0.05321,50000
4716,5,0,0,0,0,1,1,0,0,-8.7,0.05,0.05321,50000
4717,27,0,0,0,4,13,4,0,0,1.66,0.05,0.05309,50000
4718,7,0,0,0,0,4,1,0,0,-5.84,0.05,0.05309,50000
4719,261,7,7,0,32,55,28,6,0,72.18,0.05,0.05311,50000
4720,120,5,5,0,8,42,16,0,0,44.55,0.05,0.05308,50000
4721,246,7,7,0,32,65,26,2,0,74.03,0.05,0.05332,50000
4722,310,9,9,0,26,57,25,13,0,79.7,0.05,0.05328,50000
4723,21,1,1,0,5,7,3,0,0,-2.27,0.05,0.05329,50000
4724,26,0,0,0,1,14,4,0,0,2.13,0.05,0.05311,50000
4725,42,1,1,0,3,14,5,0,0,4.96,0.05,0.05311,50000
4726,401,9,9,0,12,59,28,18,0,92.38,0.05,0.05278,50000
4727,20,1,1,0,3,7,3,0,0,-0.15,0.05,0.05278,50000
4728,176,3,3,0,14,41,17,0,0,39.43,0.05,0.05246,50000
4729,187,5,5,0,45,45,19,0,0,45.21,0.05,0.05254,50000
4730,401,6,6,0,23,46,18,4,0,55.83,0.05,0.05266,50000
4731,302,9,9,0,11,48,23,15,0,77.71,0.05,0.05327,50000
4732,138,4,4,0,7,40,17,2,0,42.54,0.05,0.05331,50000
4733,401,8,8,0,12,53,24,1,0,72.13,0.05,0.05328,50000
4734,157,8,8,0,15,48,19,2,0,55.11,0.05,0.05371,50000
4735,166,3,3,0,13,52,20,2,0,53.53,0.05,0.05389,50000
4736,9,0,0,0,0,4,1,0,0,-5.78,0.05,0.05386,50000
4737,6,0,0,0,1,1,1,0,0,-7.87,0.05,0.05386,50000
4738,191,7,7,0,15,52,25,0,0,64.48,0.05,0.05401,50000
4739,86,4,4,0,6,27,12,0,0,28.33,0.05,0.05419,50000
4740,5,0,0,0,3,3,0,0,1,-12.95,0.05,0.05418,50000
4741,62,0,0,0,9,25,9,0,0,17.26,0.05,0.05431,50000
4742,14,0,0,0,0,7,2,0,0,-3.08,0.05,0.05431,50000
4743,233,8,8,0,18,54,27,2,0,71.74,0.05,0.0547,50000
4744,298,9,9,0,22,63,27,10,0,89.84,0.05,0.05464,50000
4745,328,9,9,0,42,59,28,11,0,77.49,0.05,0.05467,50000
4746,62,4,4,0,12,20,8,0,0,17.86,0.05,0.05473,50000
4747,33,0,0,0,2,15,5,0,0,5.84,0.05,0.0546,50000
4748,7,0,0,0,2,3,1,0,0,-8.94,0.05,0.0546,50000
4749,5,0,0,0,0,2,0,0,1,-13.3,0.05,0.05459,50000
4750,5,0,0,0,1,2,0,0,1,-13.35,0.05,0.05459,50000
4751,76,0,0,0,9,27,11,0,0,22.13,0.05,0.05457,50000
4752,62,2,2,0,6,22,8,0,0,16.96,0.05,0.05472,50000
4753,340,9,9,0,31,57,28,14,0,88.5,0.05,0.05551,50000
4754,22,0,0,0,5,10,3,0,0,-0.44,0.05,0.05548,50000
4755,194,4,4,0,21,52,24,0,0,61.42,0.05,0.05599,50000
4756,121,5,5,0,11,41,17,0,0,45.43,0.05,0.05629,50000
4757,401,7,7,0,12,63,24,31,0,88.93,0.05,0.05613,50000
4758,87,4,4,0,6,35,12,0,0,32.76,0.05,0.05642,50000
4759,5,0,0,0,3,3,0,0,1,-12.45,0.05,0.05643,50000
4760,401,8,8,0,24,59,26,15,0,83.18,0.05,0.05573,50000
4761,29,1,1,0,3,10,4,0,0,2.92,0.05,0.05582,50000
4762,37,0,0,0,4,15,5,0,0,6.16,0.05,0.05579,50000
4763,91,4,4,0,11,38,13,0,0,34.23,0.05,0.05574,50000
4764,41,0,0,0,5,16,6,0,0,8.83,0.05,0.05571,50000
4765,9,0,0,0,2,2,1,0,0,-9.38,0.05,0.05572,50000
4766,119,5,5,0,15,40,17,0,0,42.72,0.05,0.05566,50000
4767,131,3,3,0,12,46,18,0,0,45.43,0.05,0.05568,50000
4768,279,8,10,0,17,59,27,3,0,86.02,0.05,0.05554,50000
4769,401,9,9,0,35,54,28,24,0,91.28,0.05,0.05605,50000
4770,138,3,3,0,17,44,19,0,0,47.49,0.05,0.05635,50000
4771,120,5,5,0,17,43,16,1,0,45.6,0.05,0.05688,50000
4772,149,3,3,0,24,36,16,1,0,35.67,0.05,0.05689,50000
4773,292,9,9,0,40,60,31,8,0,82.11,0.05,0.0571,50000
4774,71,0,0,0,2,28,10,0,0,21.28,0.05,0.05685,50000
4775,116,3,3,0,35,34,12,0,0,28.08,0.05,0.05669,50000
4776,91,1,1,0,10,28,13,0,0,25.13,0.05,0.0565,50000
4777,161,2,2,0,24,49,22,0,0,53.18,0.05,0.05672,50000
4778,217,3,3,0,22,39,18,0,0,40.46,0.05,0.05676,50000
4779,88,2,2,0,12,33,12,0,0,27.74,0.05,0.05671,50000
4780,237,5,5,0,58,49,22,2,0,55.01,0.05,0.05627,50000
4781,348,9,9,0,30,58,24,21,0,86.89,0.05,0.05703,50000
4782,217,7,7,0,19,55,27,1,0,71.41,0.05,0.05699,50000
4783,124,5,5,0,11,35,16,1,0,39.52,0.05,0.05677,50000
4784,46,0,0,0,5,13,6,0,0,5.83,0.05,0.0567,50000
4785,304,9,9,0,25,51,23,9,0,76.57,0.05,0.0564,50000
4786,132,5,5,0,14,39,18,0,0,46.61,0.05,0.0565,50000
4787,14,0,0,0,2,7,2,0,0,-2.63,0.05,0.05638,50000
4788,401,7,7,0,24,63,27,7,0,83.18,0.05,0.05603,50000
4789,41,1,1,0,5,15,6,0,0,7.08,0.05,0.0558,50000
4790,12,0,0,0,0,5,2,0,0,-4.14,0.05,0.05587,50000
4791,401,9,9,0,61,60,22,4,0,72.78,0.05,0.05527,50000
4792,56,3,3,0,7,22,8,0,0,17.28,0.05,0.05529,50000
4793,401,8,8,0,115,54,22,6,0,66.93,0.05,0.05541,50000
4794,17,0,0,0,4,5,2,0,0,-4.94,0.05,0.05549,50000
4795,42,0,0,0,8,15,6,0,0,6.46,0.05,0.05541,50000
4796,256,9,9,0,14,57,28,5,0,87.58,0.05,0.05493,50000
4797,235,4,4,0,127,41,15,0,0,31.05,0.05,0.05466,50000
4798,5,0,0,0,1,2,1,0,0,-8.8,0.05,0.05466,50000
4799,21,0,0,0,4,7,3,0,0,-1.52,0.05,0.05471,50000
4800,67,0,0,0,10,22,9,0,0,13.76,0.05,0.05448,50000
4801,7,0,0,0,0,3,1,0,0,-7.74,0.05,0.05446,50000
4802,57,0,0,0,3,21,8,0,0,13.41,0.05,0.0544,50000
4803,401,9,9,0,13,67,31,2,0,93.08,0.05,0.05427,50000
4804,12,0,0,0,0,7,2,0,0,-2.54,0.05,0.05421,50000
4805,7,0,0,0,0,3,1,0,0,-6.84,0.05,0.05419,50000
4806,401,9,9,0,36,57,27,26,0,91.58,0.05,0.05362,50000
4807,113,4,4,0,10,27,15,0,0,34.24,0.05,0.05332,50000
4808,42,1,1,0,2,17,6,0,0,10.36,0.05,0.05327,50000
4809,383,9,9,0,19,70,29,21,0,89.89,0.05,0.05287,50000
4810,34,0,0,0,4,13,4,0,0,3.27,0.05,0.05287,50000
4811,5,0,0,0,4,2,0,0,1,-13.5,0.05,0.05288,50000
4812,20,0,0,0,2,7,3,0,0,-3.25,0.05,0.05282,50000
4813,240,9,9,0,13,60,24,4,0,82.55,0.05,0.05279,50000
4814,371,8,10,0,127,67,26,4,0,82.18,0.05,0.05307,50000
4815,186,5,5,0,11,55,25,0,0,65.18,0.05,0.05305,50000
4816,122,4,4,0,17,46,17,0,0,46.46,0.05,0.0531,50000
4817,368,6,6,0,68,53,21,2,0,51.44,0.05,0.0535,50000
4818,14,0,0,0,1,3,2,0,0,-5.28,0.05,0.05351,50000
4819,111,2,2,0,11,36,15,0,0,34.53,0.05,0.05354,50000
4820,98,4,4,0,5,40,13,0,0,38.04,0.05,0.05345,50000
4821,12,0,0,0,0,6,2,0,0,-4.54,0.05,0.05341,50000
4822,5,0,0,0,0,1,1,0,0,-9.3,0.05,0.05341,50000
4823,401,9,9,0,124,56,23,5,0,70.13,0.05,0.053,50000
4824,375,8,8,0,23,58,27,21,0,80.15,0.05,0.05271,50000
4825,76,1,1,0,3,33,11,0,0,28.48,0.05,0.05287,50000
4826,205,5,5,0,18,53,27,0,0,66.95,0.05,0.05287,50000
4827,5,0,0,0,1,1,1,0,0,-8.75,0.05,0.05279,50000
4828,152,6,6,0,40,37,17,0,0,40.36,0.05,0.05291,50000
4829,142,2,2,0,10,48,20,0,0,51.16,0.05,0.0531,50000
4830,5,0,0,0,2,1,0,0,1,-13.9,0.05,0.0531,50000
4831,27,0,0,0,5,12,4,0,0,1.86,0.05,0.053,50000
4832,401,8,8,0,45,57,28,13,0,85.03,0.05,0.05372,50000
4833,65,4,4,0,4,28,9,0,0,25.75,0.05,0.05376,50000
4834,13,1,1,0,3,3,2,0,0,-4.86,0.05,0.05378,50000
4835,92,3,3,0,8,35,11,1,0,29.21,0.05,0.05385,50000
4836,60,1,1,0,6,25,8,0,0,18.1,0.05,0.05398,50000
4837,117,6,6,0,12,38,15,1,0,41.71,0.05,0.05393,50000
4838,104,2,2,0,13,29,13,1,0,28.17,0.05,0.05368,50000
4839,81,2,2,0,8,26,11,0,0,24.68,0.05,0.05373,50000
4840,247,8,10,0,26,59,30,1,0,90.71,0.05,0.05359,50000
4841,12,0,0,0,5,4,2,0,0,-6.89,0.05,0.05359,50000
4842,58,2,2,0,6,25,8,0,0,18.09,0.05,0.05372,50000
4843,107,6,6,0,4,40,15,0,0,44.26,0.05,0.05354,50000
4844,5,0,0,0,2,2,0,0,1,-12.9,0.05,0.05354,50000
4845,121,7,7,0,7,40,17,0,0,46.88,0.05,0.05326,50000
4846,5,0,0,0,1,2,0,0,1,-13.35,0.05,0.05326,50000
4847,75,2,2,0,7,29,10,0,0,23.7,0.05,0.05333,50000
4848,173,2,2,0,114,23,9,0,0,11.74,0.05,0.05358,50000
4849,401,8,8,0,40,42,19,2,0,56.68,0.05,0.05369,50000
4850,17,1,1,0,7,4,2,0,0,-5.09,0.05,0.05374,50000
4851,5,0,0,0,3,2,0,0,1,-13.45,0.05,0.05371,50000
4852,63,2,2,0,9,26,9,0,0,20.99,0.05,0.05364,50000
4853,22,0,0,0,3,7,3,0,0,-1.19,0.05,0.0536,50000
4854,12,0,0,0,2,3,2,0,0,-7.24,0.05,0.05359,50000
4855,111,2,2,0,5,46,15,0,0,41.23,0.05,0.05381,50000
4856,5,0,0,0,0,3,0,0,1,-12.3,0.05,0.05381,50000
4857,12,0,0,0,5,3,1,1,0,-8.64,0.05,0.05394,50000
4858,5,0,0,0,2,2,0,0,1,-13.4,0.05,0.05394,50000
4859,57,0,0,0,5,21,8,0,0,13.96,0.05,0.05405,50000
4860,271,9,9,0,14,59,28,6,0,88.93,0.05,0.0539,50000
4861,21,0,0,0,0,9,3,0,0,-0.17,0.05,0.05391,50000
4862,151,5,5,0,3,44,18,0,0,48.48,0.05,0.05414,50000
4863,401,8,8,0,18,53,22,4,0,70.23,0.05,0.05432,50000
4864,88,3,3,0,8,30,12,0,0,29.09,0.05,0.0545,50000
4865,195,9,9,0,17,50,23,2,0,74.5,0.05,0.05489,50000
4866,107,2,2,0,36,25,11,0,0,23.21,0.05,0.05513,50000
4867,233,9,9,0,33,57,25,2,0,69.54,0.05,0.05562,50000
4868,401,9,9,0,145,57,27,3,0,75.18,0.05,0.05593,50000
4869,380,8,8,0,74,49,24,16,0,64.0,0.05,0.05622,50000
4870,240,9,9,0,26,58,26,4,0,82.9,0.05,0.05648,50000
4871,341,9,9,0,78,47,24,5,0,60.68,0.05,0.0564,50000
4872,375,9,9,0,51,48,28,9,0,79.1,0.05,0.05646,50000
4873,279,9,9,0,17,52,24,9,0,78.02,0.05,0.05667,50000
4874,12,0,0,0,0,4,2,0,0,-5.39,0.05,0.05666,50000
4875,5,0,0,0,0,2,1,0,0,-8.2,0.05,0.05666,50000
4876,47,1,1,0,0,18,7,0,0,12.76,0.05,0.05674,50000
4877,127,6,6,0,6,47,16,1,0,48.51,0.05,0.05652,50000
4878,42,1,1,0,7,16,6,0,0,7.41,0.05,0.05656,50000
4879,128,4,4,0,20,36,18,0,0,42.59,0.05,0.05646,50000
4880,5,0,0,0,2,1,0,0,1,-13.9,0.05,0.05649,50000
4881,78,2,2,0,10,28,10,0,0,24.64,0.05,0.05641,50000
4882,176,5,5,0,6,46,24,0,0,60.03,0.05,0.0564,50000
4883,82,4,4,0,9,27,10,1,0,24.06,0.05,0.05629,50000
4884,253,8,10,0,15,56,27,2,0,84.89,0.05,0.05669,50000
4885,205,4,4,0,17,63,28,0,0,72.2,0.05,0.05686,50000
4886,303,8,8,0,68,58,28,6,0,71.89,0.05,0.05705,50000
4887,401,7,7,0,44,51,28,1,0,76.23,0.05,0.05716,50000
4888,401,8,8,0,17,44,23,14,0,70.63,0.05,0.05684,50000
4889,401,9,9,0,35,59,30,20,0,94.08,0.05,0.057,50000
4890,53,1,1,0,2,22,7,0,0,13.89,0.05,0.05683,50000
4891,52,1,1,0,5,19,7,0,0,12.31,0.05,0.05685,50000
4892,98,3,3,0,5,30,12,1,0,28.94,0.05,0.05674,50000
4893,12,0,0,0,2,5,2,0,0,-4.24,0.05,0.05673,50000
4894,382,8,8,0,15,57,27,3,0,69.36,0.05,0.05689,50000
4895,155,4,4,0,21,49,20,2,0,53.85,0.05,0.05692,50000
4896,333,9,9,0,12,52,25,17,0,83.64,0.05,0.05703,50000
4897,401,8,10,0,137,58,31,3,0,83.53,0.05,0.05731,50000
4898,401,7,7,0,51,52,28,23,0,82.73,0.05,0.05741,50000
4899,5,0,0,0,2,3,0,0,1,-12.9,0.05,0.05741,50000
4900,5,0,0,0,3,2,0,0,1,-13.45,0.05,0.0574,50000
4901,56,2,2,0,4,25,8,0,0,20.08,0.05,0.05762,50000
4902,74,1,1,0,2,31,10,0,0,25.07,0.05,0.05769,50000
4903,51,1,1,0,10,17,7,0,0,10.38,0.05,0.05759,50000
4904,142,6,6,0,19,47,18,1,0,49.81,0.05,0.05762,50000
4905,39,2,2,0,8,12,5,0,0,5.37,0.05,0.05773,50000
4906,108,4,4,0,9,40,15,0,0,40.49,0.05,0.05756,50000
4907,176,7,7,0,7,53,20,3,0,59.68,0.05,0.05764,50000
4908,23,1,1,0,0,8,3,0,0,-0.46,0.05,0.05763,50000
4909,117,0,0,0,35,38,12,0,0,27.96,0.05,0.05726,50000
4910,12,1,1,0,5,4,2,0,0,-4.89,0.05,0.05727,50000
4911,49,1,1,0,4,19,7,0,0,12.02,0.05,0.0572,50000
4912,14,0,0,0,0,3,2,0,0,-5.18,0.05,0.0572,50000
4913,57,3,3,0,7,20,8,0,0,16.96,0.05,0.05709,50000
4914,401,9,9,0,50,45,24,20,0,76.13,0.05,0.05669,50000
4915,149,6,6,0,11,44,19,1,0,50.37,0.05,0.05646,50000
4916,22,0,0,0,6,10,3,0,0,-1.49,0.05,0.05643,50000
4917,105,2,2,0,21,38,14,1,0,32.95,0.05,0.05652,50000
4918,7,0,0,0,1,2,1,0,0,-8.19,0.05,0.05673,50000
4919,43,0,0,0,5,11,6,0,0,4.34,0.05,0.05664,50000
4920,71,3,3,0,3,34,10,0,0,27.93,0.05,0.05645,50000
4921,40,1,1,0,9,15,6,0,0,7.55,0.05,0.05644,50000
4922,401,9,9,0,25,48,26,19,0,80.33,0.05,0.05657,50000
4923,5,0,0,0,3,1,1,0,0,-9.95,0.05,0.0566,50000
4924,8,0,0,0,0,2,1,0,0,-7.16,0.05,0.0566,50000
4925,62,2,2,0,7,25,9,0,0,18.06,0.05,0.05661,50000
4926,248,9,9,0,33,54,25,6,0,69.94,0.05,0.05625,50000
4927,211,7,7,0,20,52,24,4,0,64.38,0.05,0.05632,50000
4928,191,8,8,0,11,59,23,1,0,68.88,0.05,0.05587,50000
4929,278,9,9,0,26,59,28,4,0,85.59,0.05,0.05618,50000
4930,354,8,10,0,25,60,29,0,0,86.42,0.05,0.05634,50000
4931,286,9,9,0,9,57,25,7,0,82.68,0.05,0.0563,50000
4932,13,1,1,0,3,5,2,0,0,-2.96,0.05,0.05625,50000
4933,401,8,8,0,22,53,26,26,0,86.68,0.05,0.05628,50000
4934,12,0,0,0,1,6,2,0,0,-3.09,0.05,0.05628,50000
4935,60,0,0,0,17,18,7,0,0,10.55,0.05,0.05621,50000
4936,292,9,9,0,23,55,30,5,0,88.96,0.05,0.05629,50000
4937,115,2,2,0,13,43,16,0,0,40.8,0.05,0.05609,50000
4938,22,0,0,0,1,8,3,0,0,-1.24,0.05,0.0561,50000
4939,36,0,0,0,5,18,5,0,0,7.98,0.05,0.05611,50000
4940,98,3,3,0,5,34,13,0,0,32.74,0.05,0.05594,50000
4941,75,4,4,0,4,33,11,0,0,32.05,0.05,0.05611,50000
4942,5,0,0,0,3,3,0,0,1,-12.95,0.05,0.05611,50000
4943,49,0,0,0,3,22,6,0,0,12.27,0.05,0.05606,50000
4944,401,9,9,0,22,55,29,12,0,86.08,0.05,0.05663,50000
4945,373,8,10,0,23,51,25,3,0,75.94,0.05,0.05629,50000
4946,7,0,0,0,1,2,1,0,0,-9.39,0.05,0.05629,50000
4947,29,0,0,0,8,8,4,0,0,-1.93,0.05,0.05613,50000
4948,401,8,8,0,21,57,26,9,0,81.38,0.05,0.05601,50000
4949,401,8,8,0,80,50,23,13,0,68.98,0.05,0.05583,50000
4950,189,8,8,0,21,47,24,1,0,61.87,0.05,0.05616,50000
4951,59,2,2,0,10,18,8,0,0,12.42,0.05,0.05634,50000
4952,21,0,0,0,4,3,3,0,0,-4.22,0.05,0.05623,50000
4953,6,0,0,0,1,1,1,0,0,-9.87,0.05,0.05623,50000
4954,65,0,0,0,8,26,9,0,0,18.3,0.05,0.05634,50000
4955,57,2,2,0,8,21,8,0,0,14.31,0.05,0.05628,50000
4956,29,0,0,0,4,9,4,0,0,1.12,0.05,0.05632,50000
4957,265,9,9,0,17,58,27,2,0,83.25,0.05,0.05653,50000
4958,401,9,9,0,27,52,28,7,0,80.83,0.05,0.05668,50000
4959,119,4,4,0,4,40,13,1,0,37.12,0.05,0.05639,50000
4960,65,2,2,0,0,31,9,0,0,23.5,0.05,0.05664,50000
4961,123,0,0,0,9,24,8,0,0,13.39,0.05,0.05671,50000
4962,128,5,5,0,12,36,16,2,0,41.29,0.05,0.05682,50000
4963,22,1,1,0,5,9,3,0,0,1.41,0.05,0.05672,50000
4964,5,0,0,0,0,1,1,0,0,-9.8,0.05,0.05672,50000
4965,5,0,0,0,3,2,0,0,1,-13.45,0.05,0.05672,50000
4966,140,4,4,0,13,44,18,0,0,47.25,0.05,0.05684,50000
4967,81,3,3,0,6,28,11,0,0,25.78,0.05,0.05682,50000
4968,28,0,0,0,0,12,4,0,0,3.79,0.05,0.05678,50000
4969,401,9,9,0,23,58,26,16,0,85.73,0.05,0.05709,50000
4970,16,0,0,0,1,7,2,0,0,-3.12,0.05,0.05708,50000
4971,274,9,9,0,15,52,23,8,0,75.97,0.05,0.05775,50000
4972,30,1,1,0,3,8,4,0,0,1.9,0.05,0.05763,50000
4973,29,1,1,0,3,12,4,0,0,3.97,0.05,0.05768,50000
4974,401,9,9,0,37,64,29,0,0,86.53,0.05,0.05854,50000
4975,261,9,9,0,5,57,25,8,0,84.43,0.05,0.05881,50000
4976,298,8,8,0,28,52,26,11,0,71.59,0.05,0.05883,50000
4977,221,2,2,0,137,26,11,0,0,14.18,0.05,0.05974,50000
4978,339,8,8,0,72,63,25,8,0,69.67,0.05,0.06029,50000
4979,276,8,10,0,19,69,26,4,0,89.03,0.05,0.06071,50000
4980,102,5,5,0,10,31,14,0,0,35.26,0.05,0.0606,50000
4981,128,5,5,0,11,38,18,0,0,45.84,0.05,0.06052,50000
4982,297,8,8,0,34,49,23,16,0,67.66,0.05,0.06046,50000
4983,86,3,3,0,4,35,12,0,0,34.03,0.05,0.06033,50000
4984,296,9,9,0,26,56,28,9,0,86.83,0.05,0.06053,50000
4985,401,9,9,0,30,63,26,28,0,92.93,0.05,0.06043,50000
4986,314,9,9,0,42,58,25,10,0,80.62,0.05,0.06035,50000
4987,128,5,5,0,9,48,18,0,0,51.69,0.05,0.06045,50000
4988,87,3,3,0,6,34,11,0,0,29.86,0.05,0.06031,50000
4989,54,1,1,0,4,24,8,0,0,18.12,0.05,0.06066,50000
4990,8,0,0,0,0,1,1,0,0,-8.16,0.05,0.06066,50000
4991,352,9,9,0,20,49,24,22,0,70.01,0.05,0.06056,50000
4992,175,0,0,0,164,3,1,0,0,-18.8,0.05,0.06028,50000
4993,64,2,2,0,3,25,9,0,0,21.12,0.05,0.06008,50000
4994,67,1,1,0,8,22,8,1,0,15.06,0.05,0.06009,50000
4995,22,0,0,0,3,9,3,0,0,-0.74,0.05,0.0604,50000
4996,313,9,9,0,22,59,24,5,0,77.99,0.05,0.06078,50000
4997,5,0,0,0,2,3,0,0,1,-12.4,0.05,0.06078,50000
4998,387,9,9,0,35,55,26,23,0,86.96,0.05,0.06104,50000
4999,37,1,1,0,2,16,5,0,0,7.26,0.05,0.06117,50000
5000,343,8,10,0,60,62,26,10,0,84.64,0.05,0.06098,50000
5001,401,8,8,0,65,50,19,28,0,71.18,0.05,0.06075,50000
5002,5,0,0,0,0,2,1,0,0,-7.3,0.05,0.06079,50000
5003,401,9,9,0,14,56,26,27,0,90.28,0.05,0.05994,50000
5004,34,1,1,0,3,12,5,0,0,5.12,0.05,0.05983,50000
5005,36,2,2,0,1,14,5,0,0,8.08,0.05,0.05982,50000
5006,35,1,1,0,2,11,5,0,0,6.2,0.05,0.05992,50000
5007,15,0,0,0,2,4,2,0,0,-6.25,0.05,0.05989,50000
5008,137,3,3,0,63,24,11,0,0,19.06,0.05,0.05977,50000
5009,14,0,0,0,1,7,2,0,0,-2.63,0.05,0.05982,50000
5010,397,9,9,0,23,55,25,12,0,80.46,0.05,0.05894,50000
5011,264,9,9,0,18,61,25,9,0,75.52,0.05,0.05889,50000
5012,64,4,4,0,1,25,9,0,0,24.37,0.05,0.05891,50000
5013,275,9,9,0,13,52,29,4,0,84.95,0.05,0.05945,50000
5014,108,5,5,0,10,36,14,0,0,38.39,0.05,0.05923,50000
5015,12,0,0,0,1,5,2,0,0,-4.69,0.05,0.05923,50000
5016,151,4,4,0,19,55,20,0,0,53.38,0.05,0.05883,50000
5017,401,9,9,0,38,51,27,25,0,87.68,0.05,0.05835,50000
5018,86,2,2,0,24,28,10,0,0,22.28,0.05,0.05825,50000
5019,58,2,2,0,2,26,8,0,0,19.84,0.05,0.0583,50000
5020,21,0,0,0,6,6,3,0,0,-3.57,0.05,0.05839,50000
5021,60,1,1,0,8,19,7,1,0,13.0,0.05,0.05813,50000
5022,32,0,0,0,5,13,4,0,0,2.46,0.05,0.05804,50000
5023,294,8,10,0,18,51,29,9,0,88.77,0.05,0.05785,50000
5024,257,9,9,0,16,62,31,1,0,93.01,0.05,0.05727,50000
5025,30,0,0,0,5,11,4,0,0,0.85,0.05,0.05708,50000
5026,70,1,1,0,32,20,6,0,0,9.5,0.05,0.05702,50000
5027,5,0,0,0,0,2,1,0,0,-6.8,0.05,0.05688,50000
5028,130,3,3,0,11,40,17,0,0,43.45,0.05,0.05646,50000
5029,336,9,9,0,16,67,30,10,0,86.38,0.05,0.05586,50000
5030,289,9,9,0,16,51,27,9,0,83.32,0.05,0.05548,50000
5031,100,2,2,0,15,33,13,0,0,28.25,0.05,0.05548,50000
5032,401,9,9,0,23,54,26,14,0,81.88,0.05,0.05562,50000
5033,36,0,0,0,4,11,5,0,0,2.08,0.05,0.05565,50000
5034,51,1,1,0,4,21,7,0,0,12.08,0.05,0.05579,50000
5035,55,0,0,0,7,18,8,0,0,11.65,0.05,0.0559,50000
5036,145,3,3,0,13,47,19,0,0,47.45,0.05,0.0561,50000
5037,7,0,0,0,3,3,1,0,0,-7.94,0.05,0.05632,50000
5038,90,5,5,0,7,36,12,0,0,33.2,0.05,0.05644,50000
5039,86,1,1,0,9,32,11,1,0,25.28,0.05,0.05629,50000
5040,372,9,9,0,111,55,30,5,0,71.61,0.05,0.05636,50000
5041,396,8,8,0,46,62,28,23,0,80.08,0.05,0.05646,50000
5042,58,1,1,0,8,19,8,0,0,16.34,0.05,0.05643,50000
5043,68,1,1,0,2,26,9,0,0,18.84,0.05,0.05647,50000
5044,240,9,9,0,10,59,25,4,0,82.8,0.05,0.05676,50000
5045,41,1,1,0,7,12,6,0,0,8.73,0.05,0.05666,50000
5046,275,9,9,0,16,51,29,5,0,85.45,0.05,0.05666,50000
5047,5,0,0,0,4,2,0,0,1,-13.0,0.05,0.05666,50000
5048,288,9,9,0,14,54,26,4,0,80.69,0.05,0.05639,50000
5049,48,3,3,0,4,18,7,0,0,14.39,0.05,0.05621,50000
5050,221,9,9,0,8,55,23,2,0,68.28,0.05,0.05594,50000
5051,129,4,4,0,7,48,18,0,0,49.67,0.05,0.05616,50000
5052,79,5,5,0,8,25,10,1,0,26.37,0.05,0.05585,50000
5053,309,9,9,0,26,65,29,8,0,83.02,0.05,0.05577,50000
5054,291,9,9,0,15,54,30,4,0,78.68,0.05,0.05645,50000
5055,71,2,2,0,1,22,10,0,0,21.18,0.05,0.05648,50000
5056,13,0,0,0,6,2,2,0,0,-7.56,0.05,0.0564,50000
5057,321,6,6,0,124,55,25,1,0,56.03,0.05,0.05638,50000
5058,401,9,9,0,40,51,25,28,0,86.18,0.05,0.05705,50000
5059,43,1,1,0,6,19,6,0,0,11.09,0.05,0.05707,50000
5060,116,2,2,0,12,24,12,0,0,23.28,0.05,0.05704,50000
5061,113,5,5,0,6,42,15,0,0,42.84,0.05,0.05729,50000
5062,60,1,1,0,7,22,8,0,0,14.55,0.05,0.05723,50000
5063,34,0,0,0,1,10,5,0,0,3.12,0.05,0.05742,50000
5064,6,0,0,0,4,4,0,0,1,-12.52,0.05,0.05742,50000
5065,8,0,0,0,1,2,1,0,0,-7.41,0.05,0.05743,50000
5066,115,0,0,0,4,8,3,0,0,-2.5,0.05,0.05766,50000
5067,306,9,9,0,7,64,29,3,0,91.63,0.05,0.05795,50000
5068,268,9,9,0,15,53,27,5,0,82.14,0.05,0.05737,50000
5069,7,0,0,0,3,3,1,0,0,-8.44,0.05,0.05737,50000
5070,19,0,0,0,4,7,3,0,0,-0.68,0.05,0.05732,50000
5071,72,3,3,0,10,23,10,0,0,23.01,0.05,0.05759,50000
5072,34,0,0,0,8,10,5,0,0,0.72,0.05,0.05764,50000
5073,20,0,0,0,5,3,2,1,0,-6.8,0.05,0.05762,50000
5074,189,7,7,0,11,50,21,4,0,59.52,0.05,0.05791,50000
5075,84,3,3,0,13,27,12,0,0,25.12,0.05,0.05807,50000
5076,214,6,6,0,18,54,26,2,0,68.42,0.05,0.05814,50000
5077,106,4,4,0,7,40,14,1,0,39.28,0.05,0.0583,50000
5078,339,7,7,0,32,61,30,15,0,80.37,0.05,0.05823,50000
5079,401,8,8,0,10,66,28,15,0,91.48,0.05,0.05889,50000
5080,12,0,0,0,3,5,2,0,0,-5.79,0.05,0.05889,50000
5081,71,2,2,0,14,28,10,0,0,21.08,0.05,0.05903,50000
5082,136,5,5,0,15,38,15,1,0,37.53,0.05,0.05893,50000
5083,174,5,5,0,7,50,22,1,0,58.82,0.05,0.05903,50000
5084,241,8,8,0,10,58,25,6,0,72.03,0.05,0.05923,50000
5085,401,9,9,0,19,57,29,18,0,91.88,0.05,0.05981,50000
5086,56,0,0,0,2,19,8,0,0,13.38,0.05,0.05975,50000
5087,63,2,2,0,2,25,9,0,0,21.94,0.05,0.05979,50000
5088,226,8,8,0,20,55,25,5,0,69.38,0.05,0.05975,50000
5089,64,3,3,0,5,22,9,0,0,20.37,0.05,0.05975,50000
5090,122,3,3,0,15,38,17,0,0,40.26,0.05,0.05926,50000
5091,6,0,0,0,1,1,1,0,0,-8.02,0.05,0.05929,50000
5092,5,0,0,0,2,1,0,0,1,-13.9,0.05,0.05929,50000
5093,401,9,9,0,50,66,30,24,0,98.23,0.05,0.05903,50000
5094,298,9,9,0,29,64,29,7,0,90.79,0.05,0.05872,50000
5095,64,2,2,0,13,23,9,0,0,18.57,0.05,0.05886,50000
5096,13,0,0,0,5,3,2,0,0,-6.11,0.05,0.05891,50000
5097,5,0,0,0,3,2,0,0,1,-13.45,0.05,0.05892,50000
5098,65,3,3,0,7,26,9,0,0,21.5,0.05,0.05911,50000
5099,5,0,0,0,2,2,0,0,1,-13.4,0.05,0.05911,50000
5100,258,8,8,0,25,64,25,7,0,74.14,0.05,0.05898,50000
5101,115,4,4,0,15,40,15,0,0,37.45,0.05,0.05917,50000
5102,44,2,2,0,6,13,6,0,0,9.47,0.05,0.0591,50000
5103,401,8,8,0,26,43,23,30,0,75.73,0.05,0.05855,50000
5104,67,1,1,0,4,25,9,0,0,18.36,0.05,0.05861,50000
5105,105,2,2,0,7,32,14,1,0,32.35,0.05,0.05864,50000
5106,14,0,0,0,0,6,2,0,0,-3.68,0.05,0.05864,50000
5107,56,0,0,0,11,15,7,1,0,6.53,0.05,0.05849,50000
5108,167,5,5,0,21,44,20,1,0,48.46,0.05,0.0586,50000
5109,73,1,1,0,8,33,9,0,0,22.54,0.05,0.05862,50000
5110,248,8,8,0,16,45,28,4,0,70.19,0.05,0.05837,50000
5111,261,8,8,0,26,52,24,7,0,66.33,0.05,0.05862,50000
5112,209,6,6,0,10,50,27,0,0,67.67,0.05,0.05837,50000
5113,33,0,0,0,3,8,4,0,0,-0.16,0.05,0.0584,50000
5114,137,3,3,0,6,44,19,0,0,46.96,0.05,0.05788,50000
5115,207,1,1,0,164,20,7,0,0,1.96,0.05,0.05779,50000
5116,401,9,9,0,10,57,25,5,0,79.08,0.05,0.0585,50000
5117,342,8,10,0,32,55,27,14,0,86.26,0.05,0.05772,50000
5118,48,1,1,0,12,11,6,1,0,6.39,0.05,0.05758,50000
5119,401,8,10,0,23,53,24,28,0,86.48,0.05,0.05705,50000
5120,306,8,8,0,12,59,28,12,0,77.93,0.05,0.05668,50000
5121,28,0,0,0,1,6,4,0,0,-0.86,0.05,0.05672,50000
5122,141,6,6,0,13,44,18,0,0,49.58,0.05,0.05658,50000
5123,22,0,0,0,2,9,3,0,0,-0.49,0.05,0.05659,50000
5124,111,1,1,0,16,41,15,0,0,36.78,0.05,0.05682,50000
5125,119,4,4,0,9,39,16,0,0,41.12,0.05,0.05692,50000
5126,401,9,9,0,16,50,23,28,0,80.53,0.05,0.05671,50000
5127,109,4,4,0,8,35,15,0,0,38.37,0.05,0.05667,50000
5128,113,6,6,0,11,41,16,0,0,44.49,0.05,0.05672,50000
5129,401,9,9,0,38,63,28,27,0,93.38,0.05,0.05685,50000
5130,375,9,9,0,23,57,28,9,0,84.65,0.05,0.05677,50000
5131,12,0,0,0,3,3,2,0,0,-6.09,0.05,0.05677,50000
5132,235,8,8,0,13,52,24,7,0,67.4,0.05,0.05682,50000
5133,111,3,3,0,12,39,15,0,0,39.03,0.05,0.05689,50000
5134,401,7,7,0,16,55,27,10,0,80.33,0.05,0.05623,50000
5135,46,0,0,0,7,18,6,0,0,7.13,0.05,0.05616,50000
5136,203,5,5,0,17,55,24,2,0,63.84,0.05,0.05633,50000
5137,132,6,6,0,12,40,18,0,0,47.41,0.05,0.0564,50000
5138,5,0,0,0,0,1,1,0,0,-8.7,0.05,0.0564,50000
5139,317,9,9,0,33,54,26,15,0,72.06,0.05,0.05641,50000
5140,401,8,8,0,82,48,26,20,0,76.18,0.05,0.05667,50000
5141,401,9,9,0,40,64,25,26,0,91.18,0.05,0.057,50000
5142,12,0,0,0,0,3,2,0,0,-5.54,0.05,0.05714,50000
5143,401,9,9,0,17,50,23,28,0,78.13,0.05,0.05705,50000
5144,273,9,9,0,17,55,23,6,0,75.69,0.05,0.05722,50000
5145,401,9,9,0,42,61,30,24,0,92.18,0.05,0.05746,50000
5146,98,3,3,0,4,34,14,0,0,34.79,0.05,0.05747,50000
5147,285,9,9,0,15,58,27,6,0,85.85,0.05,0.05735,50000
5148,120,5,5,0,13,46,16,0,0,44.65,0.05,0.05739,50000
5149,5,0,0,0,3,2,0,0,1,-13.45,0.05,0.05739,50000
5150,401,8,8,0,29,53,28,22,0,85.83,0.05,0.05774,50000
5151,52,1,1,0,1,12,5,2,0,5.96,0.05,0.05793,50000
5152,21,0,0,0,3,8,3,0,0,-0.97,0.05,0.05787,50000
5153,238,8,8,0,13,50,23,9,0,65.44,0.05,0.05812,50000
5154,40,0,0,0,4,18,6,0,0,8.45,0.05,0.05804,50000
5155,232,7,7,0,45,52,21,2,0,58.21,0.05,0.05788,50000
5156,164,8,8,0,12,51,20,2,0,60.97,0.05,0.05746,50000
5157,15,0,0,0,5,5,2,0,0,-6.6,0.05,0.05748,50000
5158,102,1,1,0,9,38,14,0,0,33.46,0.05,0.05748,50000
5159,204,3,3,0,11,49,21,4,0,55.42,0.05,0.05735,50000
5160,15,0,0,0,2,6,2,0,0,-4.1,0.05,0.05754,50000
5161,13,0,0,0,3,4,2,0,0,-4.86,0.05,0.05756,50000
5162,303,8,8,0,22,63,29,10,0,82.74,0.05,0.05814,50000
5163,393,9,9,0,22,50,24,27,0,73.04,0.05,0.05788,50000
5164,37,1,1,0,0,19,5,0,0,9.86,0.05,0.05784,50000
5165,196,5,5,0,15,51,25,0,0,63.63,0.05,0.05796,50000
5166,8,0,0,0,1,4,1,0,0,-6.76,0.05,0.05796,50000
5167,6,0,0,0,0,1,1,0,0,-7.67,0.05,0.058,50000
5168,138,3,3,0,11,50,19,0,0,49.24,0.05,0.05805,50000
5169,77,2,2,0,7,30,11,0,0,25.51,0.05,0.0578,50000
5170,85,5,5,0,7,24,12,0,0,28.7,0.05,0.05782,50000
5171,135,5,5,0,9,51,19,0,0,53.2,0.05,0.05806,50000
5172,167,7,7,0,13,49,21,1,0,58.71,0.05,0.05793,50000
5173,248,7,7,0,11,57,25,8,0,71.09,0.05,0.05787,50000
5174,401,8,8,0,37,57,26,27,0,87.48,0.05,0.05753,50000
5175,183,5,5,0,16,51,24,1,0,63.19,0.05,0.05729,50000
5176,401,8,8,0,55,50,23,29,0,78.83,0.05,0.05689,50000
5177,124,2,2,0,11,38,13,2,0,33.07,0.05,0.05724,50000
5178,22,0,0,0,4,7,3,0,0,-2.44,0.05,0.05725,50000
5179,7,0,0,0,0,2,1,0,0,-8.74,0.05,0.05716,50000
5180,101,2,2,0,19,35,13,1,0,32.98,0.05,0.0573,50000
5181,19,0,0,0,0,7,3,0,0,-3.48,0.05,0.05735,50000
5182,265,8,10,0,34,70,29,2,0,93.5,0.05,0.05748,50000
5183,58,1,1,0,5,24,8,0,0,16.99,0.05,0.05749,50000
5184,40,0,0,0,7,17,6,0,0,8.25,0.05,0.05758,50000
5185,322,8,8,0,26,59,28,14,0,80.76,0.05,0.0569,50000
5186,25,0,0,0,4,6,3,0,0,-3.8,0.05,0.05683,50000
5187,354,8,8,0,15,56,24,14,0,71.57,0.05,0.0568,50000
5188,245,8,8,0,16,51,24,9,0,67.3,0.05,0.05712,50000
5189,5,0,0,0,1,2,0,0,1,-13.35,0.05,0.05712,50000
5190,307,9,9,0,30,59,28,13,0,80.46,0.05,0.05704,50000
5191,218,7,7,0,51,52,24,0,0,61.29,0.05,0.0567,50000
5192,102,2,2,0,8,44,14,0,0,38.06,0.05,0.05654,50000
5193,56,1,1,0,10,15,7,1,0,10.23,0.05,0.05652,50000
5194,234,6,6,0,18,57,25,1,0,66.72,0.05,0.05642,50000
5195,183,7,7,0,12,52,22,1,0,61.24,0.05,0.05647,50000
5196,7,0,0,0,0,2,1,0,0,-8.84,0.05,0.05649,50000
5197,126,2,2,0,17,39,17,0,0,40.83,0.05,0.05667,50000
5198,246,8,8,0,13,53,20,9,0,61.88,0.05,0.05634,50000
5199,30,0,0,0,0,12,4,0,0,2.95,0.05,0.05628,50000
5200,90,4,4,0,8,40,13,0,0,37.3,0.05,0.05632,50000
5201,42,0,0,0,1,20,6,0,0,10.96,0.05,0.05644,50000
5202,76,3,3,0,3,37,11,0,0,31.23,0.05,0.05627,50000
5203,5,0,0,0,0,1,1,0,0,-8.2,0.05,0.05627,50000
5204,401,8,8,0,90,43,23,19,0,69.28,0.05,0.05668,50000
5205,72,1,1,0,8,24,9,1,0,19.96,0.05,0.05656,50000
5206,302,9,9,0,17,50,27,10,0,73.91,0.05,0.0565,50000
5207,22,0,0,0,1,8,3,0,0,-1.64,0.05,0.0564,50000
5208,112,2,2,0,16,42,15,0,0,36.81,0.05,0.05619,50000
5209,56,2,2,0,6,22,8,0,0,17.68,0.05,0.05621,50000
5210,5,0,0,0,0,3,1,0,0,-6.8,0.05,0.05617,50000
5211,128,3,3,0,4,47,18,0,0,47.59,0.05,0.05605,50000
5212,193,6,6,0,9,53,21,4,0,60.04,0.05,0.05604,50000
5213,57,1,1,0,8,25,8,0,0,15.81,0.05,0.05629,50000
5214,25,0,0,0,13,4,2,0,0,-7.45,0.05,0.05621,50000
5215,14,0,0,0,0,3,2,0,0,-5.83,0.05,0.05623,50000
5216,106,1,1,0,18,30,15,0,0,27.98,0.05,0.05598,50000
5217,12,0,0,0,0,5,2,0,0,-4.54,0.05,0.05599,50000
5218,19,0,0,0,1,11,3,0,0,-0.43,0.05,0.05597,50000
5219,401,9,9,0,25,58,27,16,0,85.58,0.05,0.05609,50000
5220,164,6,6,0,15,55,22,1,0,62.17,0.05,0.05609,50000
5221,109,3,3,0,10,35,14,1,0,34.92,0.05,0.05601,50000
5222,196,6,6,0,17,47,24,2,0,61.03,0.05,0.05612,50000
5223,26,0,0,0,5,9,4,0,0,-1.47,0.05,0.05615,50000
5224,401,7,7,0,53,47,20,34,0,73.58,0.05,0.05607,50000
5225,19,0,0,0,0,7,3,0,0,-0.88,0.05,0.05598,50000
5226,401,8,8,0,42,54,26,17,0,79.48,0.05,0.05582,50000
5227,301,8,10,0,24,54,25,10,0,82.03,0.05,0.05543,50000
5228,8,0,0,0,1,4,1,0,0,-6.41,0.05,0.05542,50000
5229,164,7,7,0,6,38,21,1,0,53.17,0.05,0.05537,50000
5230,370,9,9,0,22,55,27,22,0,90.0,0.05,0.05566,50000
5231,22,0,0,0,5,10,3,0,0,0.16,0.05,0.05573,50000
5232,134,3,3,0,7,37,16,1,0,40.12,0.05,0.05585,50000
5233,282,9,9,0,20,57,24,12,0,73.96,0.05,0.05565,50000
5234,190,7,7,0,13,51,19,6,0,57.95,0.05,0.05559,50000
5235,320,9,9,0,19,57,30,7,0,79.95,0.05,0.0554,50000
5236,401,7,7,0,60,60,30,10,0,86.48,0.05,0.0551,50000
5237,6,0,0,0,1,1,1,0,0,-7.87,0.05,0.05513,50000
5238,118,5,5,0,18,43,16,0,0,43.74,0.05,0.05495,50000
5239,12,1,1,0,3,4,2,0,0,-4.74,0.05,0.05503,50000
5240,5,0,0,0,3,2,0,0,1,-13.45,0.05,0.05503,50000
5241,401,7,7,0,103,51,23,21,0,73.73,0.05,0.05525,50000
5242,347,9,9,0,29,66,30,12,0,95.16,0.05,0.05442,50000
5243,282,7,7,0,34,61,31,3,0,79.61,0.05,0.05418,50000
5244,401,8,8,0,42,64,29,26,0,95.23,0.05,0.05411,50000
5245,5,0,0,0,3,1,1,0,0,-9.45,0.05,0.05418,50000
5246,35,0,0,0,7,14,5,0,0,3.45,0.05,0.05418,50000
5247,401,8,8,0,43,57,25,27,0,84.13,0.05,0.05363,50000
5248,42,2,2,0,2,16,6,0,0,11.66,0.05,0.05363,50000
5249,401,8,8,0,37,54,26,26,0,85.58,0.05,0.05364,50000
5250,7,0,0,0,1,3,1,0,0,-7.29,0.05,0.05363,50000
5251,63,0,0,0,6,25,9,0,0,17.04,0.05,0.05344,50000
5252,162,6,6,0,9,53,21,0,0,60.81,0.05,0.05348,50000
5253,27,0,0,0,7,7,4,0,0,-1.04,0.05,0.05349,50000
5254,65,1,1,0,2,21,9,0,0,15.85,0.05,0.05363,50000
5255,138,5,5,0,5,44,17,0,0,47.04,0.05,0.05308,50000
5256,68,4,4,0,14,25,9,0,0,20.29,0.05,0.05288,50000
5257,204,8,8,0,14,72,27,1,0,81.97,0.05,0.05317,50000
5258,217,5,5,0,28,46,21,8,0,55.26,0.05,0.05308,50000
5259,401,9,9,0,29,64,26,26,0,93.63,0.05,0.05341,50000
5260,401,8,8,0,19,59,26,21,0,86.93,0.05,0.0534,50000
5261,358,9,9,0,25,51,25,20,0,73.69,0.05,0.05297,50000
5262,25,0,0,0,0,6,3,0,0,-1.45,0.05,0.05291,50000
5263,21,0,0,0,4,7,3,0,0,-2.77,0.05,0.0529,50000
5264,5,0,0,0,0,2,1,0,0,-6.3,0.05,0.0529,50000
5265,62,2,2,0,11,26,9,0,0,19.91,0.05,0.05316,50000
5266,35,0,0,0,8,17,5,0,0,6.75,0.05,0.05311,50000
5267,401,9,9,0,42,50,24,23,0,80.83,0.05,0.05288,50000
5268,117,3,3,0,8,39,16,0,0,39.61,0.05,0.05296,50000
5269,5,0,0,0,3,2,0,0,1,-12.95,0.05,0.05296,50000
5270,401,9,9,0,33,66,30,18,0,96.23,0.05,0.05311,50000
5271,401,9,9,0,104,42,19,11,0,56.88,0.05,0.05323,50000
5272,80,2,2,0,7,31,11,0,0,26.65,0.05,0.05335,50000
5273,155,8,8,0,9,45,20,0,0,56.2,0.05,0.05341,50000
5274,51,1,1,0,7,17,7,0,0,11.43,0.05,0.05332,50000
5275,236,8,8,0,12,52,25,5,0,68.53,0.05,0.05319,50000
5276,401,8,8,0,85,54,24,21,0,76.38,0.05,0.05373,50000
5277,5,0,0,0,0,1,1,0,0,-9.3,0.05,0.05373,50000
5278,53,1,1,0,4,19,7,0,0,12.19,0.05,0.05367,50000
5279,401,7,7,0,64,53,25,17,0,76.13,0.05,0.05393,50000
5280,214,9,9,0,12,61,26,1,0,74.97,0.05,0.05385,50000
5281,43,0,0,0,6,16,6,0,0,7.69,0.05,0.05378,50000
5282,166,3,3,0,8,49,21,1,0,54.48,0.05,0.05427,50000
5283,60,0,0,0,6,28,8,0,0,18.25,0.05,0.05435,50000
5284,48,2,2,0,1,17,7,0,0,13.99,0.05,0.05432,50000
5285,221,4,4,0,10,45,20,0,0,48.38,0.05,0.05496,50000
5286,140,3,3,0,8,46,19,0,0,48.6,0.05,0.0555,50000
5287,46,1,1,0,6,18,6,0,0,11.28,0.05,0.05561,50000
5288,401,9,9,0,22,61,26,26,0,91.83,0.05,0.05583,50000
5289,22,0,0,0,1,10,3,0,0,0.26,0.05,0.05585,50000
5290,71,1,1,0,3,28,10,0,0,21.63,0.05,0.05594,50000
5291,13,0,0,0,2,8,2,0,0,-3.26,0.05,0.05604,50000
5292,42,1,1,0,2,15,5,0,0,6.91,0.05,0.05608,50000
5293,120,3,3,0,9,38,16,1,0,40.2,0.05,0.0562,50000
5294,260,8,8,0,36,52,26,1,0,64.5,0.05,0.05624,50000
5295,28,0,0,0,5,12,4,0,0,1.09,0.05,0.05643,50000
5296,343,5,5,0,7,40,16,2,0,41.44,0.05,0.05639,50000
5297,284,9,9,0,14,55,22,13,0,78.42,0.05,0.05668,50000
5298,288,7,7,0,23,56,25,6,0,69.34,0.05,0.05655,50000
5299,401,8,8,0,76,57,24,21,0,78.28,0.05,0.05706,50000
5300,146,3,3,0,17,54,20,0,0,51.53,0.05,0.05688,50000
5301,101,1,1,0,9,37,14,0,0,33.78,0.05,0.05702,50000
5302,36,0,0,0,5,14,5,0,0,2.88,0.05,0.05706,50000
5303,6,0,0,0,3,1,1,0,0,-9.97,0.05,0.05711,50000
5304,5,0,0,0,3,2,0,0,1,-13.45,0.05,0.05711,50000
5305,67,1,1,0,1,26,9,0,0,18.91,0.05,0.05728,50000
5306,97,6,6,0,5,35,13,0,0,35.41,0.05,0.05729,50000
5307,54,0,0,0,3,21,8,0,0,13.62,0.05,0.05713,50000
5308,35,3,3,0,4,10,5,0,0,7.25,0.05,0.05726,50000
5309,196,5,5,0,5,53,21,1,0,56.73,0.05,0.0579,50000
5310,30,0,0,0,1,8,4,0,0,-0.75,0.05,0.0578,50000
5311,57,0,0,0,6,19,8,0,0,10.91,0.05,0.05796,50000
5312,5,0,0,0,0,2,0,0,1,-13.3,0.05,0.05796,50000
5313,152,5,5,0,15,45,20,1,0,50.71,0.05,0.05809,50000
5314,79,2,2,0,6,30,11,0,0,28.07,0.05,0.05801,50000
5315,271,9,9,0,9,60,27,7,0,79.33,0.05,0.05854,50000
5316,41,1,1,0,4,14,5,0,0,6.93,0.05,0.05858,50000
5317,12,0,0,0,0,4,2,0,0,-4.14,0.05,0.0587,50000
5318,49,1,1,0,5,18,6,0,0,10.77,0.05,0.05874,50000
5319,260,9,9,0,9,54,29,4,0,88.0,0.05,0.05865,50000
5320,5,0,0,0,3,2,0,0,1,-13.45,0.05,0.05865,50000
5321,174,5,5,0,8,48,22,1,0,56.97,0.05,0.05912,50000
5322,223,9,9,0,9,58,27,0,0,85.49,0.05,0.05925,50000
5323,199,4,4,0,72,41,17,1,0,38.87,0.05,0.05987,50000
5324,294,8,10,0,24,55,24,8,0,81.12,0.05,0.05988,50000
5325,51,1,1,0,5,17,7,0,0,9.88,0.05,0.05996,50000
5326,12,0,0,0,2,4,2,0,0,-5.14,0.05,0.06001,50000
5327,166,4,4,0,11,53,23,0,0,60.68,0.05,0.05988,50000
5328,208,8,8,0,8,59,24,4,0,69.74,0.05,0.05995,50000
5329,94,2,2,0,11,36,12,0,0,30.02,0.05,0.05982,50000
5330,40,1,1,0,8,13,5,0,0,4.45,0.05,0.05978,50000
5331,97,2,2,0,10,34,14,0,0,32.51,0.05,0.05997,50000
5332,42,0,0,0,4,14,6,0,0,8.06,0.05,0.05993,50000
5333,383,9,9,0,90,61,30,9,0,77.79,0.05,0.05938,50000
5334,5,0,0,0,2,2,0,0,1,-12.9,0.05,0.05938,50000
5335,401,8,8,0,24,49,26,10,0,76.63,0.05,0.05887,50000
5336,37,0,0,0,4,13,5,0,0,3.96,0.05,0.05891,50000
5337,12,0,0,0,1,3,2,0,0,-7.19,0.05,0.05891,50000
5338,14,0,0,0,1,5,2,0,0,-5.73,0.05,0.0589,50000
5339,401,6,6,0,13,61,25,1,0,76.13,0.05,0.05849,50000
5340,401,8,8,0,69,58,27,17,0,81.23,0.05,0.05822,50000
5341,399,9,9,0,19,52,26,23,0,84.62,0.05,0.0582,50000
5342,401,8,8,0,23,51,27,26,0,85.33,0.05,0.05857,50000
5343,37,3,3,0,3,12,4,1,0,5.91,0.05,0.05851,50000
5344,52,0,0,0,7,22,7,0,0,11.66,0.05,0.05852,50000
5345,60,2,2,0,4,21,8,0,0,17.45,0.05,0.05849,50000
5346,123,5,5,0,13,45,16,0,0,43.64,0.05,0.05884,50000
5347,159,4,4,0,16,50,19,0,0,51.57,0.05,0.05913,50000
5348,5,0,0,0,3,2,1,0,0,-9.45,0.05,0.05913,50000
5349,362,9,9,0,32,57,24,11,0,78.66,0.05,0.05952,50000
5350,179,9,9,0,4,50,22,0,0,73.82,0.05,0.05957,50000
5351,80,3,3,0,2,33,10,0,0,28.3,0.05,0.05957,50000
5352,84,3,3,0,3,31,11,0,0,27.27,0.05,0.0597,50000
5353,401,8,8,0,83,58,27,13,0,80.48,0.05,0.05975,50000
5354,282,9,9,0,60,50,25,5,0,64.56,0.05,0.05986,50000
5355,245,8,10,0,44,54,22,2,0,73.15,0.05,0.05994,50000
5356,73,2,2,0,3,29,10,0,0,23.34,0.05,0.05996,50000
5357,120,3,3,0,13,48,17,0,0,47.35,0.05,0.05969,50000
5358,346,8,10,0,57,55,27,5,0,81.93,0.05,0.05963,50000
5359,49,0,0,0,8,16,7,0,0,7.92,0.05,0.05947,50000
5360,401,9,9,0,15,65,27,21,0,94.48,0.05,0.05862,50000
5361,105,2,2,0,15,34,15,0,0,33.8,0.05,0.05849,50000
5362,124,5,5,0,12,41,16,0,0,43.72,0.05,0.0585,50000
5363,155,3,3,0,6,48,21,0,0,55.45,0.05,0.05813,50000
5364,43,1,1,0,3,16,6,0,0,8.24,0.05,0.05805,50000
5365,179,6,6,0,8,59,22,0,0,62.32,0.05,0.05761,50000
5366,12,0,0,0,3,5,2,0,0,-4.04,0.05,0.05759,50000
5367,68,1,1,0,52,5,3,0,0,-5.51,0.05,0.05759,50000
5368,19,0,0,0,0,7,3,0,0,-0.48,0.05,0.05762,50000
5369,250,9,9,0,40,52,25,3,0,67.45,0.05,0.05768,50000
5370,109,5,5,0,16,44,15,0,0,43.52,0.05,0.05749,50000
5371,86,2,2,0,6,29,12,0,0,27.23,0.05,0.05718,50000
5372,14,0,0,0,2,6,2,0,0,-4.18,0.05,0.05729,50000
5373,401,5,5,0,16,57,24,6,0,74.83,0.05,0.05711,50000
5374,92,3,3,0,8,28,12,0,0,28.26,0.05,0.05715,50000
5375,5,0,0,0,0,2,1,0,0,-6.8,0.05,0.05712,50000
5376,51,1,1,0,2,18,7,0,0,11.98,0.05,0.05699,50000
5377,21,1,1,0,7,10,3,0,0,-0.52,0.05,0.05708,50000
5378,5,0,0,0,3,4,0,0,1,-12.45,0.05,0.05707,50000
5379,401,7,7,0,129,57,28,10,0,76.68,0.05,0.05762,50000
5380,94,4,4,0,2,31,13,0,0,32.12,0.05,0.05774,50000
5381,12,0,0,0,3,2,2,0,0,-7.29,0.05,0.05772,50000
5382,96,3,3,0,16,37,13,0,0,31.43,0.05,0.05795,50000
5383,31,0,0,0,5,11,4,0,0,1.78,0.05,0.05786,50000
5384,109,3,3,0,6,33,15,0,0,35.77,0.05,0.05785,50000
5385,248,6,6,0,61,52,27,0,0,64.89,0.05,0.05853,50000
5386,367,9,9,0,12,57,26,12,0,85.66,0.05,0.05851,50000
5387,401,9,9,0,20,48,24,12,0,75.03,0.05,0.05914,50000
5388,173,6,6,0,8,56,23,0,0,63.84,0.05,0.06007,50000
5389,73,1,1,0,4,25,9,0,0,19.19,0.05,0.05996,50000
5390,71,3,3,0,7,25,10,0,0,22.83,0.05,0.0601,50000
5391,369,9,9,0,17,60,28,3,0,86.22,0.05,0.06055,50000
5392,72,1,1,0,8,21,10,0,0,18.71,0.05,0.06049,50000
5393,401,6,6,0,48,61,26,7,0,78.28,0.05,0.06046,50000
5394,97,4,4,0,6,28,13,0,0,29.81,0.05,0.06042,50000
5395,6,0,0,0,2,1,1,0,0,-9.87,0.05,0.06042,50000
5396,43,2,2,0,6,17,6,0,0,9.84,0.05,0.06039,50000
5397,401,3,3,0,51,52,18,0,0,54.58,0.05,0.05968,50000
5398,401,8,8,0,121,65,29,11,0,84.88,0.05,0.05925,50000
5399,22,0,0,0,1,7,3,0,0,-0.24,0.05,0.05927,50000
5400,5,0,0,0,3,3,0,0,1,-12.95,0.05,0.05927,50000
5401,5,0,0,0,1,2,0,0,1,-12.85,0.05,0.05939,50000
5402,162,5,5,0,15,42,20,1,0,51.01,0.05,0.05904,50000
5403,332,9,9,0,25,64,28,4,0,87.96,0.05,0.05896,50000
5404,344,9,9,0,40,50,24,4,0,73.12,0.05,0.05897,50000
5405,186,8,8,0,10,52,23,0,0,63.13,0.05,0.05884,50000
5406,273,9,9,0,16,55,27,6,0,84.14,0.05,0.05887,50000
5407,264,8,8,0,21,59,31,4,0,81.42,0.05,0.05915,50000
5408,7,0,0,0,0,2,1,0,0,-8.24,0.05,0.0591,50000
5409,367,8,8,0,28,54,25,7,0,66.51,0.05,0.05921,50000
5410,59,1,1,0,2,24,8,0,0,15.67,0.05,0.0593,50000
5411,370,8,8,0,11,52,20,5,0,56.5,0.05,0.05994,50000
5412,401,8,10,0,21,43,24,14,0,74.13,0.05,0.05999,50000
5413,205,6,6,0,28,56,24,1,0,62.75,0.05,0.06053,50000
5414,64,2,2,0,7,19,8,1,0,15.07,0.05,0.06047,50000
5415,168,5,5,0,14,53,21,0,0,55.74,0.05,0.06024,50000
5416,13,0,0,0,2,6,2,0,0,-3.46,0.05,0.06024,50000
5417,401,8,8,0,25,60,31,9,0,89.58,0.05,0.06011,50000
5418,91,2,2,0,8,41,12,0,0,32.48,0.05,0.05993,50000
5419,60,1,1,0,7,24,8,0,0,15.45,0.05,0.05988,50000
5420,130,4,4,0,9,47,17,1,0,46.7,0.05,0.05954,50000
5421,87,3,3,0,5,30,12,0,0,28.51,0.05,0.05966,50000
5422,254,9,9,0,15,61,25,5,0,83.82,0.05,0.05932,50000
5423,5,0,0,0,1,1,0,0,1,-13.85,0.05,0.05937,50000
5424,350,9,9,0,15,70,27,5,0,90.45,0.05,0.0592,50000
5425,142,5,5,0,11,38,19,1,0,45.86,0.05,0.05882,50000
5426,198,7,7,0,12,53,22,4,0,63.04,0.05,0.05847,50000
5427,307,9,9,0,12,74,30,2,0,97.41,0.05,0.05798,50000
5428,33,1,1,0,2,17,5,0,0,8.74,0.05,0.05793,50000
5429,5,0,0,0,2,3,0,0,1,-12.9,0.05,0.05793,50000
5430,291,9,9,0,19,53,26,5,0,70.08,0.05,0.05755,50000
5431,14,0,0,0,0,4,2,0,0,-6.63,0.05,0.05759,50000
5432,239,9,9,0,23,57,26,3,0,82.92,0.05,0.05711,50000
5433,323,9,9,0,24,66,31,7,0,96.34,0.05,0.05641,50000
5434,5,0,0,0,3,2,0,0,1,-13.45,0.05,0.05641,50000
5435,111,2,2,0,6,37,15,0,0,36.43,0.05,0.0564,50000
5436,5,0,0,0,3,2,0,0,1,-12.45,0.05,0.05613,50000
5437,401,8,8,0,143,61,26,4,0,73.63,0.05,0.05565,50000
5438,347,8,8,0,41,55,28,2,0,69.91,0.05,0.05514,50000
5439,117,2,2,0,10,38,15,1,0,35.31,0.05,0.0548,50000
5440,171,3,3,0,13,47,22,0,0,54.08,0.05,0.05449,50000
5441,7,0,0,0,1,4,1,0,0,-6.79,0.05,0.05444,50000
5442,117,4,4,0,17,39,15,0,0,40.11,0.05,0.05482,50000
5443,54,1,1,0,8,29,7,0,0,16.82,0.05,0.05465,50000
5444,355,8,8,0,33,64,28,18,0,81.7,0.05,0.05468,50000
5445,401,8,8,0,88,64,25,20,0,84.13,0.05,0.05422,50000
5446,50,1,1,0,1,18,7,0,0,12.0,0.05,0.0543,50000
5447,244,9,9,0,7,51,24,1,0,76.62,0.05,0.05435,50000
5448,401,6,6,0,176,53,23,2,0,59.93,0.05,0.05425,50000
5449,7,0,0,0,2,1,1,0,0,-8.04,0.05,0.05425,50000
5450,167,5,5,0,16,58,21,1,0,59.91,0.05,0.05401,50000
5451,401,8,8,0,20,57,27,4,0,80.18,0.05,0.05398,50000
5452,56,1,1,0,7,18,8,0,0,11.88,0.05,0.05393,50000
5453,306,9,9,0,107,57,27,0,0,65.08,0.05,0.05385,50000
5454,310,8,10,0,15,43,24,1,0,69.75,0.05,0.05355,50000
5455,167,5,5,0,14,47,21,0,0,54.11,0.05,0.05333,50000
5456,46,2,2,0,1,18,6,0,0,11.93,0.05,0.05333,50000
5457,186,5,5,0,21,45,16,2,0,42.93,0.05,0.05312,50000
5458,401,8,8,0,21,53,25,7,0,75.33,0.05,0.05312,50000
5459,147,6,6,0,11,44,19,0,0,50.31,0.05,0.05323,50000
5460,327,9,9,0,19,62,28,5,0,89.06,0.05,0.05339,50000
5461,76,4,4,0,7,29,10,0,0,25.53,0.05,0.0538,50000
5462,63,2,2,0,8,25,9,0,0,20.34,0.05,0.05371,50000
5463,117,4,4,0,11,45,15,1,0,42.96,0.05,0.05331,50000
5464,52,2,2,0,3,19,7,0,0,14.31,0.05,0.05335,50000
5465,290,7,7,0,55,51,24,8,0,62.65,0.05,0.05375,50000
5466,203,4,4,0,20,67,25,2,0,69.69,0.05,0.05379,50000
5467,133,2,2,0,57,38,13,0,0,28.14,0.05,0.05365,50000
5468,35,0,0,0,6,13,5,0,0,1.45,0.05,0.0537,50000
5469,5,0,0,0,0,1,1,0,0,-8.7,0.05,0.0537,50000
5470,178,6,6,0,7,54,20,1,0,57.29,0.05,0.05362,50000
5471,401,7,7,0,58,50,24,23,0,76.53,0.05,0.05405,50000
5472,401,9,9,0,27,61,29,17,0,92.18,0.05,0.05469,50000
5473,100,2,2,0,12,35,13,1,0,32.7,0.05,0.05458,50000
5474,174,4,4,0,23,56,21,0,0,56.92,0.05,0.05446,50000
5475,401,9,9,0,23,59,25,22,0,86.63,0.05,0.05441,50000
5476,35,0,0,0,1,16,5,0,0,6.35,0.05,0.05446,50000
5477,61,2,2,0,8,18,9,0,0,15.98,0.05,0.05444,50000
5478,298,9,9,0,40,54,28,9,0,85.39,0.05,0.05466,50000
5479,85,5,5,0,9,27,12,0,0,30.75,0.05,0.0546,50000
5480,247,8,8,0,13,54,27,5,0,72.01,0.05,0.05434,50000
5481,265,9,9,0,23,61,31,2,0,92.6,0.05,0.05452,50000
5482,383,8,8,0,30,61,32,19,0,88.54,0.05,0.05411,50000
5483,401,8,8,0,9,62,25,24,0,90.68,0.05,0.05407,50000
5484,211,7,7,0,16,47,24,4,0,62.73,0.05,0.05439,50000
5485,106,3,3,0,8,32,14,0,0,32.28,0.05,0.05451,50000
5486,53,0,0,0,2,23,7,0,0,14.69,0.05,0.05441,50000
5487,247,8,8,0,12,47,23,4,0,61.96,0.05,0.0538,50000
5488,75,3,3,0,13,31,10,0,0,26.3,0.05,0.05358,50000
5489,12,0,0,0,3,7,2,0,0,-3.19,0.05,0.05357,50000
5490,247,7,7,0,27,65,27,3,0,76.06,0.05,0.05413,50000
5491,72,4,4,0,5,29,10,0,0,26.56,0.05,0.0539,50000
5492,188,7,7,0,11,59,24,1,0,67.84,0.05,0.05401,50000
5493,137,1,1,0,108,13,5,0,0,-0.84,0.05,0.05404,50000
5494,19,0,0,0,0,7,3,0,0,-1.48,0.05,0.05375,50000
5495,234,9,9,0,4,48,26,3,0,79.12,0.05,0.05397,50000
5496,19,0,0,0,3,7,3,0,0,-3.63,0.05,0.05385,50000
5497,68,1,1,0,3,24,9,0,0,19.69,0.05,0.05371,50000
5498,214,4,4,0,78,58,23,0,0,56.52,0.05,0.05374,50000
5499,38,0,0,0,8,10,5,0,0,0.29,0.05,0.05367,50000
5500,401,7,7,0,11,50,26,5,0,75.08,0.05,0.05382,50000
5501,181,5,5,0,15,44,22,0,0,54.68,0.05,0.05365,50000
5502,279,9,9,0,13,59,25,9,0,74.62,0.05,0.05356,50000
5503,214,7,7,0,19,56,24,3,0,67.47,0.05,0.05415,50000
5504,401,9,9,0,32,53,29,23,0,90.33,0.05,0.05418,50000
5505,219,8,8,0,13,50,23,2,0,63.57,0.05,0.05374,50000
5506,300,8,8,0,17,56,24,3,0,67.65,0.05,0.05369,50000
5507,16,1,1,0,1,8,2,0,0,-2.17,0.05,0.05371,50000
5508,16,0,0,0,0,10,2,0,0,-2.07,0.05,0.05373,50000
5509,68,1,1,0,8,23,10,0,0,21.39,0.05,0.05377,50000
5510,57,1,1,0,4,22,8,0,0,15.41,0.05,0.05368,50000
5511,5,0,0,0,3,1,1,0,0,-9.45,0.05,0.05368,50000
5512,87,1,1,0,11,32,12,0,0,27.06,0.05,0.05308,50000
5513,401,8,8,0,21,54,24,9,0,75.33,0.05,0.05322,50000
5514,14,0,0,0,2,5,2,0,0,-3.78,0.05,0.05322,50000
5515,100,3,3,0,3,36,14,0,0,34.15,0.05,0.05312,50000
5516,5,0,0,0,3,2,0,0,1,-13.45,0.05,0.05312,50000
5517,14,0,0,0,0,5,2,0,0,-3.63,0.05,0.05315,50000
5518,123,4,4,0,9,37,17,0,0,42.49,0.05,0.05304,50000
5519,79,3,3,0,6,33,11,0,0,27.82,0.05,0.05298,50000
5520,88,2,2,0,8,28,12,0,0,25.99,0.05,0.05275,50000
5521,221,6,6,0,14,53,24,1,0,63.93,0.05,0.05224,50000
5522,231,5,5,0,37,57,24,8,0,65.58,0.05,0.0519,50000
5523,393,9,9,0,27,58,27,12,0,86.04,0.05,0.05197,50000
5524,256,9,9,0,18,48,22,10,0,64.98,0.05,0.05213,50000
5525,176,2,2,0,73,33,14,2,0,27.58,0.05,0.05174,50000
5526,5,0,0,0,0,3,0,0,1,-12.8,0.05,0.05174,50000
5527,401,8,8,0,18,48,27,11,0,78.78,0.05,0.05056,50000
5528,5,0,0,0,3,3,0,0,1,-12.95,0.05,0.05056,50000
5529,5,0,0,0,0,1,0,0,1,-13.8,0.05,0.05054,50000
5530,272,9,9,0,6,49,24,4,0,66.21,0.05,0.05076,50000
5531,42,1,1,0,8,18,6,0,0,11.01,0.05,0.05067,50000
5532,36,0,0,0,1,14,5,0,0,4.83,0.05,0.05058,50000
5533,57,0,0,0,9,21,8,0,0,13.61,0.05,0.05051,50000
5534,14,0,0,0,1,3,2,0,0,-5.53,0.05,0.05051,50000
5535,5,0,0,0,3,2,0,0,1,-12.95,0.05,0.05051,50000
5536,230,8,8,0,13,54,28,1,0,72.2,0.05,0.0507,50000
5537,174,4,4,0,17,57,24,0,0,63.07,0.05,0.0508,50000
5538,358,9,9,0,25,68,30,14,0,98.69,0.05,0.05046,50000
5539,96,2,2,0,16,29,13,0,0,27.23,0.05,0.0503,50000
5540,162,8,8,0,52,38,16,1,0,42.06,0.05,0.05058,50000
5541,324,9,9,0,28,50,23,18,0,79.12,0.05,0.05045,50000
5542,210,4,4,0,8,35,13,1,0,32.7,0.05,0.05059,50000
5543,63,3,3,0,7,28,9,0,0,22.64,0.05,0.0504,50000
5544,55,1,1,0,5,20,8,0,0,14.85,0.05,0.05036,50000
5545,110,4,4,0,9,42,15,0,0,40.5,0.05,0.05048,50000
5546,18,0,0,0,0,6,2,0,0,-3.16,0.05,0.05038,50000
5547,401,9,9,0,30,55,27,18,0,86.78,0.05,0.04976,50000
5548,333,9,9,0,56,65,29,6,0,89.84,0.05,0.04975,50000
5549,280,8,8,0,20,61,26,8,0,75.75,0.05,0.0496,50000
5550,112,2,2,0,12,39,15,0,0,35.51,0.05,0.04932,50000
5551,91,2,2,0,12,25,12,0,0,22.88,0.05,0.04958,50000
5552,364,7,7,0,44,56,24,0,0,61.87,0.05,0.04964,50000
5553,129,3,3,0,27,48,16,0,0,42.37,0.05,0.04967,50000
5554,401,9,9,0,35,68,31,20,0,99.73,0.05,0.04877,50000
5555,161,6,6,0,10,47,21,0,0,56.03,0.05,0.04885,50000
5556,66,2,2,0,1,25,9,0,0,22.68,0.05,0.049,50000
5557,19,0,0,0,1,8,3,0,0,-1.28,0.05,0.04907,50000
5558,7,0,0,0,2,2,1,0,0,-7.59,0.05,0.04907,50000
5559,37,0,0,0,4,14,5,0,0,4.61,0.05,0.04912,50000
5560,182,7,7,0,14,55,20,2,0,60.56,0.05,0.04918,50000
5561,383,9,9,0,22,49,23,26,0,72.09,0.05,0.04922,50000
5562,401,8,8,0,95,54,27,1,0,72.48,0.05,0.04947,50000
5563,235,7,7,0,20,49,23,8,0,64.2,0.05,0.04929,50000
5564,322,8,10,0,25,52,26,10,0,81.76,0.05,0.04927,50000
5565,65,3,3,0,10,23,9,0,0,21.1,0.05,0.04944,50000
5566,259,9,9,0,26,59,27,5,0,86.47,0.05,0.05026,50000
5567,33,1,1,0,6,17,4,0,0,6.24,0.05,0.05023,50000
5568,369,9,9,0,56,61,26,21,0,88.57,0.05,0.05074,50000
5569,401,5,5,0,53,37,21,20,0,62.43,0.05,0.05093,50000
5570,135,5,5,0,23,53,18,0,0,53.8,0.05,0.05081,50000
5571,79,1,1,0,8,21,11,0,0,20.82,0.05,0.05093,50000
5572,156,5,5,0,27,42,19,2,0,47.13,0.05,0.05143,50000
5573,401,7,7,0,32,41,26,12,0,72.18,0.05,0.05266,50000
5574,7,0,0,0,1,2,1,0,0,-8.24,0.05,0.05266,50000
5575,56,3,3,0,4,26,8,0,0,21.03,0.05,0.05281,50000
5576,77,2,2,0,13,30,9,1,0,23.46,0.05,0.05304,50000
5577,146,3,3,0,10,46,19,1,0,50.08,0.05,0.05338,50000
5578,401,9,9,0,27,58,25,9,0,80.53,0.05,0.05404,50000
5579,237,6,6,0,22,43,21,3,0,53.01,0.05,0.05444,50000
5580,232,9,9,0,14,50,25,2,0,76.76,0.05,0.05469,50000
5581,228,8,10,0,11,49,26,0,0,78.09,0.05,0.05481,50000
5582,401,8,8,0,20,55,25,14,0,79.68,0.05,0.05558,50000
5583,334,9,9,0,68,54,29,6,0,82.47,0.05,0.05582,50000
5584,213,5,5,0,6,40,14,0,0,38.34,0.05,0.05571,50000
5585,401,7,7,0,33,63,29,2,0,84.33,0.05,0.05635,50000
5586,6,0,0,0,1,1,1,0,0,-7.37,0.05,0.05659,50000
5587,5,0,0,0,2,2,0,0,1,-13.4,0.05,0.05659,50000
5588,188,7,7,0,16,67,26,0,0,76.84,0.05,0.05677,50000
5589,8,0,0,0,1,4,1,0,0,-6.41,0.05,0.05677,50000
5590,401,8,8,0,31,58,26,17,0,84.53,0.05,0.0576,50000
5591,207,7,7,0,22,51,22,0,0,58.86,0.05,0.05765,50000
5592,131,4,4,0,12,44,17,0,0,45.63,0.05,0.05772,50000
5593,13,0,0,0,1,5,2,0,0,-3.76,0.05,0.05782,50000
5594,184,5,5,0,13,55,23,0,0,62.37,0.05,0.05808,50000
5595,367,9,9,0,26,54,29,19,0,92.56,0.05,0.05835,50000
5596,327,8,10,0,29,60,23,9,0,81.81,0.05,0.05864,50000
5597,401,6,6,0,37,59,24,4,0,72.98,0.05,0.05912,50000
5598,401,8,8,0,32,48,26,11,0,77.23,0.05,0.05966,50000
5599,401,8,8,0,71,62,25,11,0,80.08,0.05,0.06001,50000
5600,47,0,0,0,6,18,7,0,0,10.06,0.05,0.05995,50000
5601,401,8,8,0,26,53,24,25,0,81.33,0.05,0.06011,50000
5602,149,6,6,0,13,50,21,0,0,57.02,0.05,0.05982,50000
5603,132,5,5,0,8,44,17,0,0,44.71,0.05,0.05975,50000
5604,374,8,8,0,24,61,30,15,0,82.77,0.05,0.05936,50000
5605,53,1,1,0,6,17,7,0,0,11.69,0.05,0.05945,50000
5606,100,4,4,0,9,35,13,0,0,33.25,0.05,0.05939,50000
5607,15,0,0,0,4,7,2,0,0,-4.0,0.05,0.05936,50000
5608,140,6,6,0,21,46,19,0,0,52.75,0.05,0.05922,50000
5609,7,0,0,0,0,2,1,0,0,-8.74,0.05,0.05922,50000
5610,26,0,0,0,6,9,4,0,0,0.68,0.05,0.05913,50000
5611,256,9,9,0,20,56,28,5,0,87.38,0.05,0.05901,50000
5612,13,0,0,0,1,4,2,0,0,-3.71,0.05,0.05898,50000
5613,178,8,8,0,11,48,22,1,0,60.54,0.05,0.05848,50000
5614,34,0,0,0,4,9,5,0,0,2.22,0.05,0.05855,50000
5615,19,0,0,0,1,8,3,0,0,-0.93,0.05,0.05854,50000
5616,329,9,9,0,30,55,27,17,0,86.72,0.05,0.05802,50000
5617,66,2,2,0,14,25,9,0,0,17.28,0.05,0.05769,50000
5618,20,0,0,0,6,6,3,0,0,-3.45,0.05,0.05778,50000
5619,369,9,9,0,24,66,31,5,0,94.57,0.05,0.05797,50000
5620,7,0,0,0,0,1,1,0,0,-7.84,0.05,0.05786,50000
5621,5,0,0,0,0,1,1,0,0,-7.3,0.05,0.05786,50000
5622,8,0,0,0,1,5,1,0,0,-5.81,0.05,0.05785,50000
5623,5,0,0,0,1,1,1,0,0,-8.25,0.05,0.05785,50000
5624,23,0,0,0,0,8,3,0,0,-1.96,0.05,0.05781,50000
5625,7,0,0,0,0,3,1,0,0,-7.24,0.05,0.05785,50000
5626,273,9,9,0,17,56,26,5,0,82.94,0.05,0.0574,50000
5627,298,9,9,0,28,60,25,14,0,87.14,0.05,0.05769,50000
5628,5,0,0,0,0,2,0,0,1,-13.3,0.05,0.05774,50000
5629,6,0,0,0,1,2,1,0,0,-8.12,0.05,0.05774,50000
5630,5,0,0,0,3,2,0,0,1,-13.45,0.05,0.05774,50000
5631,95,2,2,0,12,29,13,0,0,26.45,0.05,0.05739,50000
5632,69,1,1,0,9,23,9,0,0,16.37,0.05,0.05706,50000
5633,71,2,2,0,4,29,9,0,0,22.88,0.05,0.05684,50000
5634,255,9,9,0,18,53,25,3,0,79.35,0.05,0.05645,50000
5635,188,5,5,0,8,50,24,1,0,60.89,0.05,0.05612,50000
5636,401,8,8,0,37,53,24,11,0,74.98,0.05,0.05704,50000
5637,150,6,6,0,16,46,20,0,0,54.9,0.05,0.05679,50000
5638,5,0,0,0,1,2,0,0,1,-13.35,0.05,0.05679,50000
5639,173,4,4,0,76,34,13,0,0,30.39,0.05,0.05657,50000
5640,267,8,10,0,18,60,30,1,0,90.26,0.05,0.05607,50000
5641,42,1,1,0,0,18,6,0,0,9.91,0.05,0.05607,50000
5642,359,9,9,0,31,60,26,19,0,90.32,0.05,0.05586,50000
5643,41,1,1,0,8,18,6,0,0,8.28,0.05,0.05569,50000
5644,37,1,1,0,6,10,5,0,0,3.46,0.05,0.05557,50000
5645,212,6,6,0,25,58,25,2,0,67.46,0.05,0.05502,50000
5646,96,3,3,0,29,26,10,1,0,22.63,0.05,0.05497,50000
5647,74,2,2,0,6,28,10,0,0,23.87,0.05,0.05483,50000
5648,234,8,8,0,25,50,24,7,0,65.82,0.05,0.05425,50000
5649,22,0,0,0,5,8,3,0,0,-1.09,0.05,0.05423,50000
5650,110,4,4,0,8,42,16,0,0,43.8,0.05,0.05428,50000
5651,263,6,6,0,81,51,23,2,0,55.14,0.05,0.054,50000
5652,5,0,0,0,0,1,1,0,0,-8.7,0.05,0.054,50000
5653,277,5,5,0,32,57,32,4,0,75.56,0.05,0.05375,50000
5654,293,8,8,0,37,75,30,9,0,86.84,0.05,0.05363,50000
5655,381,9,9,0,50,55,25,23,0,74.53,0.05,0.05396,50000
5656,142,6,6,0,14,40,19,0,0,49.71,0.05,0.05347,50000
5657,23,0,0,0,1,10,3,0,0,-0.51,0.05,0.05361,50000
5658,55,0,0,0,5,20,8,0,0,14.45,0.05,0.05366,50000
5659,93,3,3,0,17,41,13,0,0,34.54,0.05,0.05362,50000
5660,14,0,0,0,4,6,2,0,0,-3.93,0.05,0.05363,50000
5661,5,0,0,0,4,2,0,0,1,-13.0,0.05,0.05363,50000
5662,87,2,2,0,3,34,12,0,0,30.21,0.05,0.0534,50000
5663,318,9,9,0,14,50,23,18,0,79.34,0.05,0.05348,50000
5664,7,0,0,0,0,3,1,0,0,-6.84,0.05,0.05348,50000
5665,164,4,4,0,12,54,20,1,0,53.42,0.05,0.0533,50000
5666,5,0,0,0,0,1,1,0,0,-8.7,0.05,0.05333,50000
5667,43,1,1,0,8,14,6,0,0,5.99,0.05,0.05334,50000
5668,188,8,8,0,4,46,21,2,0,58.74,0.05,0.0533,50000
5669,70,2,2,0,28,16,6,0,0,7.95,0.05,0.05317,50000
5670,294,9,9,0,10,63,28,7,0,89.97,0.05,0.05307,50000
5671,5,0,0,0,3,3,1,0,0,-8.95,0.05,0.05307,50000
5672,43,1,1,0,3,14,6,0,0,8.24,0.05,0.05336,50000
5673,21,0,0,0,0,6,2,1,0,-2.77,0.05,0.05338,50000
5674,354,8,8,0,17,47,24,17,0,66.97,0.05,0.05414,50000
5675,224,8,8,0,11,63,28,1,0,78.97,0.05,0.05505,50000
5676,231,7,7,0,5,44,20,9,0,57.28,0.05,0.05507,50000
5677,74,4,4,0,8,24,10,0,0,25.07,0.05,0.05508,50000
5678,25,0,0,0,2,10,3,0,0,-0.15,0.05,0.05518,50000
5679,236,6,6,0,13,60,28,3,0,74.73,0.05,0.05539,50000
5680,155,7,7,0,15,48,20,1,0,56.7,0.05,0.05539,50000
5681,116,4,4,0,8,40,15,0,0,40.68,0.05,0.05537,50000
5682,48,0,0,0,3,19,7,0,0,11.44,0.05,0.05538,50000
5683,308,7,7,0,8,54,22,0,0,59.44,0.05,0.05518,50000
5684,5,0,0,0,3,3,0,0,1,-12.95,0.05,0.05518,50000
5685,54,1,1,0,7,18,7,0,0,11.77,0.05,0.05524,50000
5686,401,0,0,0,228,0,0,0,0,-19.42,0.05,0.05508,50000
5687,24,1,1,0,3,8,3,0,0,-1.73,0.05,0.05487,50000
5688,151,2,2,0,13,45,18,2,0,45.53,0.05,0.05467,50000
5689,401,8,8,0,80,53,23,9,0,70.23,0.05,0.05488,50000
5690,135,5,5,0,5,30,18,0,0,42.65,0.05,0.05488,50000
5691,287,9,9,0,21,67,29,8,0,93.86,0.05,0.05421,50000
5692,272,9,9,0,16,56,26,9,0,84.06,0.05,0.05462,50000
5693,26,1,1,0,8,6,4,0,0,-1.37,0.05,0.05463,50000
5694,143,6,6,0,6,41,19,0,0,50.49,0.05,0.05457,50000
5695,322,9,9,0,24,56,29,10,0,88.01,0.05,0.05481,50000
5696,21,0,0,0,5,7,3,0,0,-3.27,0.05,0.05471,50000
5697,37,2,2,0,4,14,5,0,0,7.91,0.05,0.05484,50000
5698,114,4,4,0,15,35,16,0,0,38.22,0.05,0.05479,50000
5699,204,6,6,0,25,61,27,0,0,70.62,0.05,0.05506,50000
5700,228,7,7,0,14,55,30,0,0,75.54,0.05,0.05503,50000
5701,219,9,9,0,11,47,23,3,0,63.72,0.05,0.05606,50000
5702,5,0,0,0,0,2,1,0,0,-8.2,0.05,0.05606,50000
5703,22,1,1,0,2,8,3,0,0,-0.04,0.05,0.0561,50000
5704,12,0,0,0,3,7,2,0,0,-4.64,0.05,0.05607,50000
5705,73,0,0,0,7,28,10,0,0,21.74,0.05,0.0561,50000
5706,233,7,7,0,7,55,26,4,0,69.84,0.05,0.05629,50000
5707,52,1,1,0,5,17,6,1,0,9.61,0.05,0.05627,50000
5708,199,8,8,0,12,44,24,2,0,61.12,0.05,0.05661,50000
5709,5,0,0,0,1,2,0,0,1,-12.85,0.05,0.05661,50000
5710,198,5,5,0,17,65,24,3,0,69.89,0.05,0.05672,50000
5711,88,1,1,0,14,28,12,0,0,25.94,0.05,0.05696,50000
5712,5,0,0,0,0,1,1,0,0,-8.7,0.05,0.05696,50000
5713,13,0,0,0,6,3,2,0,0,-7.61,0.05,0.05691,50000
5714,401,8,8,0,21,58,29,13,0,89.08,0.05,0.05646,50000
5715,26,0,0,0,2,9,4,0,0,-0.37,0.05,0.05653,50000
5716,350,9,9,0,20,65,30,16,0,87.3,0.05,0.05612,50000
5717,259,7,7,0,12,49,26,5,0,67.72,0.05,0.05627,50000
5718,100,3,3,0,14,27,14,0,0,31.0,0.05,0.0567,50000
5719,371,9,9,0,18,53,28,8,0,84.38,0.05,0.05671,50000
5720,96,3,3,0,18,32,13,0,0,30.88,0.05,0.05662,50000
5721,56,1,1,0,9,25,8,0,0,14.13,0.05,0.05698,50000
5722,262,9,9,0,14,44,20,13,0,59.21,0.05,0.0572,50000
5723,176,7,7,0,17,55,22,2,0,63.33,0.05,0.05717,50000
5724,23,2,2,0,0,10,3,0,0,2.59,0.05,0.05723,50000
5725,45,0,0,0,1,23,6,0,0,12.95,0.05,0.05724,50000
5726,22,0,0,0,6,8,3,0,0,-2.99,0.05,0.05733,50000
5727,5,0,0,0,3,3,0,0,1,-12.45,0.05,0.05733,50000
5728,213,6,6,0,11,57,27,1,0,70.74,0.05,0.05659,50000
5729,135,3,3,0,53,37,13,0,0,31.1,0.05,0.05658,50000
5730,368,8,8,0,30,51,28,10,0,71.44,0.05,0.05572,50000
5731,310,9,9,0,19,57,22,17,0,71.05,0.05,0.05618,50000
5732,225,6,6,0,25,46,25,1,0,61.4,0.05,0.05601,50000
5733,50,0,0,0,3,22,7,0,0,13.1,0.05,0.05596,50000
5734,44,1,1,0,4,15,6,0,0,10.07,0.05,0.05609,50000
5735,46,2,2,0,4,17,6,0,0,9.78,0.05,0.05611,50000
5736,70,0,0,0,2,31,10,0,0,24.05,0.05,0.05585,50000
5737,7,0,0,0,1,1,1,0,0,-8.79,0.05,0.05585,50000
5738,187,5,5,0,13,55,24,1,0,64.21,0.05,0.05538,50000
5739,63,1,1,0,5,20,8,1,0,13.39,0.05,0.05549,50000
5740,354,8,8,0,33,61,26,21,0,79.02,0.05,0.05515,50000
5741,129,3,3,0,7,45,17,0,0,43.37,0.05,0.05541,50000
5742,265,5,5,0,115,49,19,1,0,46.15,0.05,0.05554,50000
5743,220,8,8,0,11,58,23,6,0,68.25,0.05,0.05589,50000
5744,401,9,9,0,49,59,25,25,0,89.03,0.05,0.05619,50000
5745,9,0,0,0,0,2,1,0,0,-6.88,0.05,0.05619,50000
5746,68,3,3,0,8,22,9,0,0,18.34,0.05,0.05602,50000
5747,344,9,9,0,26,57,22,12,0,68.37,0.05,0.0555,50000
5748,96,3,3,0,8,27,14,0,0,29.53,0.05,0.05579,50000
5749,36,0,0,0,4,12,5,0,0,4.03,0.05,0.05602,50000
5750,13,0,0,0,4,5,2,0,0,-5.96,0.05,0.05599,50000
5751,5,0,0,0,4,2,0,0,1,-13.5,0.05,0.05592,50000
5752,7,0,0,0,0,5,1,0,0,-5.84,0.05,0.05592,50000
5753,12,0,0,0,0,5,2,0,0,-4.14,0.05,0.05592,50000
5754,41,2,2,0,6,13,6,0,0,9.28,0.05,0.05591,50000
5755,160,3,3,0,11,32,15,1,0,34.3,0.05,0.05652,50000
5756,401,6,6,0,127,53,23,11,0,67.73,0.05,0.05666,50000
5757,220,6,6,0,19,61,27,0,0,73.95,0.05,0.05663,50000
5758,30,0,0,0,7,9,4,0,0,0.4,0.05,0.05695,50000
5759,34,3,3,0,4,12,5,0,0,7.57,0.05,0.05711,50000
5760,383,9,9,0,67,58,27,13,0,72.44,0.05,0.05626,50000
5761,86,5,5,0,9,34,12,0,0,32.58,0.05,0.05633,50000
5762,211,9,9,0,9,51,22,4,0,64.53,0.05,0.0568,50000
5763,249,9,9,0,12,57,27,6,0,76.17,0.05,0.05663,50000
5764,28,1,1,0,7,9,4,0,0,0.04,0.05,0.05658,50000
5765,302,9,9,0,17,49,25,14,0,70.21,0.05,0.0563,50000
5766,148,3,3,0,18,42,20,0,0,49.04,0.05,0.05663,50000
5767,269,8,8,0,11,55,25,9,0,72.67,0.05,0.05722,50000
5768,249,8,8,0,13,53,25,9,0,70.92,0.05,0.05731,50000
5769,401,8,8,0,27,64,29,21,0,91.23,0.05,0.05713,50000
5770,247,8,8,0,14,55,22,9,0,67.46,0.05,0.05701,50000
5771,34,1,1,0,6,6,5,0,0,0.12,0.05,0.05708,50000
5772,19,0,0,0,2,5,3,0,0,-2.58,0.05,0.05709,50000
5773,237,5,5,0,15,57,29,3,0,72.61,0.05,0.05777,50000
5774,272,9,9,0,22,51,26,10,0,71.16,0.05,0.0575,50000
5775,383,9,9,0,51,53,26,23,0,85.49,0.05,0.0577,50000
5776,48,0,0,0,5,14,7,0,0,7.49,0.05,0.05773,50000
5777,6,0,0,0,2,1,1,0,0,-9.87,0.05,0.05773,50000
5778,401,9,9,0,23,58,26,25,0,90.58,0.05,0.05766,50000
5779,184,5,5,0,12,48,22,2,0,56.62,0.05,0.05753,50000
5780,28,1,1,0,2,10,4,0,0,2.74,0.05,0.05757,50000
5781,120,3,3,0,14,37,17,0,0,40.25,0.05,0.05774,50000
5782,46,0,0,0,34,2,1,1,0,-9.82,0.05,0.05762,50000
5783,354,9,9,0,25,63,28,20,0,95.52,0.05,0.05769,50000
5784,152,6,6,0,7,57,21,0,0,61.96,0.05,0.05743,50000
5785,198,6,6,0,10,53,24,2,0,64.64,0.05,0.05777,50000
5786,27,0,0,0,4,7,4,0,0,-0.59,0.05,0.05785,50000
5787,264,8,8,0,28,51,26,8,0,69.12,0.05,0.05774,50000
5788,71,2,2,0,6,25,10,0,0,21.28,0.05,0.05783,50000
5789,204,3,3,0,56,59,23,1,0,58.82,0.05,0.05793,50000
5790,61,1,1,0,7,21,8,0,0,14.88,0.05,0.05781,50000
5791,12,0,0,0,1,2,2,0,0,-7.69,0.05,0.05782,50000
5792,9,0,0,0,3,3,1,0,0,-8.93,0.05,0.05782,50000
5793,28,0,0,0,3,12,4,0,0,1.99,0.05,0.05775,50000
5794,5,0,0,0,2,1,1,0,0,-8.8,0.05,0.05775,50000
5795,89,1,1,0,9,32,12,0,0,25.77,0.05,0.05808,50000
5796,160,3,3,0,24,46,19,3,0,50.15,0.05,0.05811,50000
5797,230,7,7,0,22,63,28,3,0,75.55,0.05,0.05819,50000
5798,42,1,1,0,4,15,5,1,0,7.51,0.05,0.05816,50000
5799,148,6,6,0,13,54,21,0,0,60.04,0.05,0.05828,50000
5800,19,0,0,0,4,4,3,0,0,-2.98,0.05,0.05829,50000
5801,191,6,6,0,16,54,25,1,0,65.73,0.05,0.05853,50000
5802,65,1,1,0,6,22,9,0,0,17.5,0.05,0.05854,50000
5803,19,0,0,0,3,8,3,0,0,-1.43,0.05,0.05857,50000
5804,401,9,9,0,18,49,22,18,0,72.68,0.05,0.05901,50000
5805,117,1,1,0,13,32,15,1,0,31.96,0.05,0.05908,50000
5806,261,9,9,0,20,51,28,7,0,75.63,0.05,0.05879,50000
5807,63,1,1,0,7,26,9,0,0,19.54,0.05,0.05859,50000
5808,159,3,3,0,16,40,19,3,0,44.17,0.05,0.05843,50000
5809,243,7,7,0,14,60,24,9,0,71.64,0.05,0.05853,50000
5810,42,3,3,0,5,15,6,0,0,9.81,0.05,0.05826,50000
5811,61,0,0,0,3,28,9,0,0,19.33,0.05,0.05809,50000
5812,5,0,0,0,1,3,0,0,1,-12.85,0.05,0.05809,50000
5813,49,1,1,0,3,26,7,0,0,14.77,0.05,0.05802,50000
5814,12,0,0,0,2,3,2,0,0,-5.99,0.05,0.05807,50000
5815,5,0,0,0,1,2,0,0,1,-13.35,0.05,0.05807,50000
5816,7,0,0,0,3,4,1,0,0,-8.49,0.05,0.05807,50000
5817,310,8,8,0,39,64,33,9,0,86.45,0.05,0.05795,50000
5818,401,9,9,0,17,64,29,26,0,99.78,0.05,0.05811,50000
5819,401,9,9,0,42,63,25,29,0,92.78,0.05,0.05858,50000
5820,60,0,0,0,10,15,6,2,0,8.25,0.05,0.05832,50000
5821,7,0,0,0,2,1,1,0,0,-8.09,0.05,0.05832,50000
5822,346,4,4,0,157,57,23,3,0,51.53,0.05,0.05838,50000
5823,23,0,0,0,2,12,3,0,0,-0.16,0.05,0.05837,50000
5824,14,0,0,0,5,3,2,0,0,-6.83,0.05,0.0583,50000
5825,36,0,0,0,3,16,5,0,0,8.03,0.05,0.05828,50000
5826,50,1,1,0,4,18,7,0,0,11.6,0.05,0.05824,50000
5827,214,8,8,0,27,52,22,6,0,62.02,0.05,0.05817,50000
5828,107,3,3,0,8,34,15,0,0,37.56,0.05,0.05818,50000
5829,6,0,0,0,1,1,1,0,0,-7.87,0.05,0.05823,50000
5830,221,7,7,0,19,50,25,5,0,67.38,0.05,0.05855,50000
5831,62,3,3,0,3,24,9,0,0,21.76,0.05,0.05848,50000
5832,371,8,8,0,42,63,31,18,0,86.08,0.05,0.05817,50000
5833,398,9,9,0,26,57,25,28,0,77.94,0.05,0.05764,50000
5834,26,0,0,0,3,11,4,0,0,0.28,0.05,0.05764,50000
5835,106,4,4,0,0,32,14,0,0,35.93,0.05,0.05782,50000
5836,28,0,0,0,3,9,4,0,0,-0.01,0.05,0.05779,50000
5837,5,0,0,0,2,2,0,0,1,-13.4,0.05,0.05779,50000
5838,401,9,9,0,54,67,33,20,0,102.08,0.05,0.05807,50000
5839,88,2,2,0,9,35,12,0,0,30.29,0.05,0.05797,50000
5840,371,9,9,0,23,58,27,23,0,82.98,0.05,0.0584,50000
5841,62,1,1,0,8,22,9,0,0,15.51,0.05,0.05836,50000
5842,368,9,9,0,32,66,32,17,0,100.64,0.05,0.05871,50000
5843,131,6,6,0,14,43,17,0,0,48.73,0.05,0.05878,50000
5844,28,0,0,0,0,8,4,0,0,0.49,0.05,0.05879,50000
5845,41,0,0,0,5,18,6,0,0,8.73,0.05,0.05886,50000
5846,83,2,2,0,5,29,11,1,0,24.54,0.05,0.05909,50000
5847,229,8,8,0,16,58,28,3,0,75.67,0.05,0.05918,50000
5848,325,9,9,0,25,45,22,23,0,65.6,0.05,0.05905,50000
5849,401,9,9,0,40,56,25,30,0,86.03,0.05,0.05881,50000
5850,302,9,9,0,16,52,27,13,0,77.01,0.05,0.05933,50000
5851,401,9,9,0,43,64,28,24,0,94.08,0.05,0.05948,50000
5852,42,1,1,0,4,17,6,0,0,9.21,0.05,0.05956,50000
5853,336,6,6,0,37,59,34,9,0,82.88,0.05,0.05973,50000
5854,65,1,1,0,4,28,9,0,0,19.85,0.05,0.05931,50000
5855,170,4,4,0,19,43,21,1,0,51.25,0.05,0.05921,50000
5856,366,9,9,0,25,66,27,12,0,90.08,0.05,0.05902,50000
5857,216,8,8,0,16,62,25,4,0,73.23,0.05,0.05907,50000
5858,161,7,7,0,18,52,21,0,0,59.73,0.05,0.05931,50000
5859,21,0,0,0,4,9,3,0,0,-2.17,0.05,0.0595,50000
5860,13,0,0,0,4,5,2,0,0,-4.91,0.05,0.0595,50000
5861,64,1,1,0,7,28,9,0,0,21.02,0.05,0.0595,50000
5862,204,7,7,0,18,47,25,1,0,62.47,0.05,0.05981,50000
5863,401,9,9,0,29,62,30,18,0,95.03,0.05,0.05926,50000
5864,401,9,9,0,44,70,31,22,0,101.28,0.05,0.05866,50000
5865,5,0,0,0,1,1,0,0,1,-13.85,0.05,0.05866,50000
5866,317,8,8,0,34,53,27,6,0,69.56,0.05,0.05852,50000
5867,5,0,0,0,1,2,0,0,1,-13.35,0.05,0.05851,50000
5868,225,8,8,0,19,62,26,4,0,75.0,0.05,0.05854,50000
5869,401,9,9,0,33,55,28,26,0,91.33,0.05,0.05854,50000
5870,70,0,0,0,8,27,10,0,0,19.75,0.05,0.05823,50000
5871,197,8,8,0,15,51,24,2,0,66.26,0.05,0.05836,50000
5872,88,5,5,0,4,29,11,0,0,30.24,0.05,0.05797,50000
5873,80,3,3,0,7,32,11,0,0,29.25,0.05,0.05824,50000
5874,134,5,5,0,13,41,18,1,0,46.92,0.05,0.05832,50000
5875,80,1,1,0,5,18,10,1,0,17.35,0.05,0.05854,50000
5876,5,0,0,0,0,1,1,0,0,-8.7,0.05,0.0586,50000
5877,12,0,0,0,1,3,2,0,0,-6.09,0.05,0.0586,50000
5878,401,9,9,0,32,50,27,27,0,86.93,0.05,0.05927,50000
5879,401,8,8,0,27,56,26,28,0,87.48,0.05,0.0593,50000
5880,33,0,0,0,0,13,5,0,0,5.34,0.05,0.05925,50000
5881,401,9,9,0,43,62,30,24,0,98.28,0.05,0.0591,50000
5882,134,6,6,0,8,45,19,0,0,52.32,0.05,0.05961,50000
5883,228,7,7,0,24,59,28,2,0,73.14,0.05,0.05965,50000
5884,269,7,7,0,28,54,27,8,0,72.02,0.05,0.05947,50000
5885,143,5,5,0,11,45,19,0,0,49.99,0.05,0.05935,50000
5886,96,3,3,0,9,34,13,0,0,32.18,0.05,0.05914,50000
5887,401,9,9,0,37,57,30,22,0,94.43,0.05,0.05886,50000
5888,35,1,1,0,4,11,5,0,0,5.0,0.05,0.05889,50000
5889,16,1,1,0,0,4,2,0,0,-3.32,0.05,0.05887,50000
5890,84,4,4,0,3,31,12,0,0,30.92,0.05,0.05891,50000
5891,401,8,8,0,25,49,24,30,0,82.18,0.05,0.05898,50000
5892,6,0,0,0,1,0,0,1,0,-9.62,0.05,0.05893,50000
5893,34,1,1,0,7,12,4,1,0,3.87,0.05,0.05897,50000
5894,344,9,9,0,10,55,26,19,0,88.92,0.05,0.05886,50000
5895,264,6,6,0,28,52,24,12,0,67.57,0.05,0.05958,50000
5896,117,4,4,0,7,42,16,0,0,44.71,0.05,0.05964,50000
5897,22,1,1,0,6,7,3,0,0,-2.49,0.05,0.0597,50000
5898,291,9,9,0,84,47,24,4,0,71.08,0.05,0.05901,50000
5899,356,9,9,0,77,58,29,9,0,86.33,0.05,0.05907,50000
5900,59,2,2,0,7,27,8,0,0,19.77,0.05,0.05901,50000
5901,77,1,1,0,5,37,11,0,0,29.21,0.05,0.05884,50000
5902,41,1,1,0,3,16,6,0,0,9.43,0.05,0.05898,50000
5903,188,2,2,0,5,30,13,0,0,27.69,0.05,0.05928,50000
5904,137,4,4,0,11,44,18,0,0,46.61,0.05,0.05921,50000
5905,168,4,4,0,15,53,23,0,0,59.94,0.05,0.05909,50000
5906,5,0,0,0,4,2,0,0,1,-13.0,0.05,0.05904,50000
5907,20,0,0,0,1,7,3,0,0,-0.8,0.05,0.059,50000
5908,72,4,4,0,7,23,9,0,0,21.51,0.05,0.0589,50000
5909,400,9,9,0,22,56,25,29,0,78.95,0.05,0.05894,50000
5910,61,1,1,0,9,31,9,0,0,19.08,0.05,0.05908,50000
5911,117,3,3,0,9,39,16,0,0,42.61,0.05,0.05913,50000
5912,38,0,0,0,5,11,5,0,0,2.59,0.05,0.05906,50000
5913,114,3,3,0,8,35,14,2,0,35.32,0.05,0.05911,50000
5914,283,9,9,0,16,61,26,12,0,88.64,0.05,0.05939,50000
5915,19,0,0,0,3,6,3,0,0,-2.83,0.05,0.0594,50000
5916,300,3,3,0,172,42,18,0,0,34.1,0.05,0.05961,50000
5917,401,9,9,0,52,51,25,23,0,83.38,0.05,0.05937,50000
5918,178,7,7,0,8,49,24,0,0,63.89,0.05,0.05919,50000
5919,51,2,2,0,6,22,7,0,0,15.88,0.05,0.0592,50000
5920,75,2,2,0,12,28,10,0,0,22.25,0.05,0.05934,50000
5921,79,1,1,0,10,30,11,0,0,24.62,0.05,0.05921,50000
5922,344,8,8,0,28,58,26,16,0,76.42,0.05,0.05961,50000
5923,401,9,9,0,10,60,27,28,0,96.13,0.05,0.05865,50000
5924,372,8,8,0,22,52,26,16,0,72.91,0.05,0.05865,50000
5925,21,0,0,0,4,5,3,0,0,-3.82,0.05,0.05849,50000
5926,147,5,5,0,9,52,21,0,0,55.46,0.05,0.05864,50000
5927,60,5,5,0,1,18,8,0,0,19.45,0.05,0.05874,50000
5928,234,7,7,0,22,60,28,3,0,76.27,0.05,0.05916,50000
5929,33,0,0,0,2,10,5,0,0,4.24,0.05,0.05907,50000
5930,26,1,1,0,0,10,4,0,0,3.93,0.05,0.05904,50000
5931,61,3,3,0,6,23,9,0,0,21.28,0.05,0.05891,50000
5932,401,9,9,0,31,53,25,27,0,84.33,0.05,0.05854,50000
5933,398,8,8,0,38,53,25,27,0,74.24,0.05,0.05866,50000
5934,128,4,4,0,3,43,16,1,0,44.04,0.05,0.05864,50000
5935,401,9,9,0,32,50,24,31,0,85.63,0.05,0.05882,50000
5936,104,4,4,0,6,33,14,0,0,35.22,0.05,0.05871,50000
5937,62,1,1,0,12,24,8,0,0,17.36,0.05,0.05875,50000
5938,6,0,0,0,1,2,1,0,0,-7.52,0.05,0.05875,50000
5939,102,5,5,0,12,32,14,0,0,34.66,0.05,0.05874,50000
5940,35,0,0,0,4,14,5,0,0,4.9,0.05,0.05879,50000
5941,56,0,0,0,3,20,7,0,0,12.03,0.05,0.05873,50000
5942,113,5,5,0,16,34,15,0,0,36.79,0.05,0.05868,50000
5943,245,7,7,0,20,45,24,9,0,63.4,0.05,0.05875,50000
5944,126,3,3,0,10,44,17,0,0,43.38,0.05,0.05874,50000
5945,85,6,6,0,4,27,12,0,0,30.5,0.05,0.05868,50000
5946,401,9,9,0,23,50,28,26,0,88.98,0.05,0.05781,50000
5947,401,9,9,0,21,45,22,32,0,81.73,0.05,0.05746,50000
5948,28,0,0,0,2,11,4,0,0,2.49,0.05,0.05746,50000
5949,210,6,6,0,16,62,25,3,0,71.35,0.05,0.05756,50000
5950,130,2,2,0,11,43,16,2,0,40.75,0.05,0.05773,50000
5951,314,9,9,0,16,62,27,14,0,80.92,0.05,0.05784,50000
5952,255,8,8,0,18,42,20,3,0,54.85,0.05,0.05779,50000
5953,56,4,4,0,7,24,8,0,0,21.28,0.05,0.05779,50000
5954,118,5,5,0,8,47,16,0,0,47.64,0.05,0.05791,50000
5955,64,2,2,0,11,23,9,0,0,19.27,0.05,0.05775,50000
5956,131,4,4,0,4,44,17,1,0,45.88,0.05,0.05802,50000
5957,262,6,6,0,19,59,31,4,0,80.11,0.05,0.05745,50000
5958,284,6,6,0,14,61,30,10,0,80.42,0.05,0.05779,50000
5959,29,0,0,0,5,11,4,0,0,0.27,0.05,0.05778,50000
5960,50,1,1,0,9,19,7,0,0,12.55,0.05,0.05779,50000
5961,282,9,9,0,9,68,29,9,0,97.81,0.05,0.05802,50000
5962,7,0,0,0,0,2,1,0,0,-8.19,0.05,0.05796,50000
5963,272,8,8,0,32,57,27,9,0,75.56,0.05,0.05825,50000
5964,5,0,0,0,3,2,1,0,0,-9.45,0.05,0.05825,50000
5965,92,2,2,0,15,35,13,0,0,32.46,0.05,0.05831,50000
5966,321,9,9,0,17,61,25,11,0,76.38,0.05,0.05853,50000
5967,5,0,0,0,3,2,1,0,0,-9.45,0.05,0.05853,50000
5968,77,2,2,0,8,24,11,0,0,22.31,0.05,0.0586,50000
5969,243,9,9,0,10,56,27,4,0,76.24,0.05,0.05868,50000
5970,188,6,6,0,19,46,23,2,0,58.54,0.05,0.05851,50000
5971,14,0,0,0,0,6,2,0,0,-4.03,0.05,0.05841,50000
5972,34,1,1,0,10,11,5,0,0,3.52,0.05,0.05846,50000
5973,316,7,7,0,26,55,27,15,0,75.33,0.05,0.05861,50000
5974,28,0,0,0,2,9,3,1,0,0.34,0.05,0.05866,50000
5975,236,8,8,0,15,58,24,5,0,69.58,0.05,0.05891,50000
5976,33,0,0,0,2,14,5,0,0,5.74,0.05,0.05881,50000
5977,17,0,0,0,1,5,2,0,0,-4.64,0.05,0.05893,50000
5978,5,0,0,0,0,3,1,0,0,-7.2,0.05,0.05894,50000
5979,152,7,7,0,14,54,21,0,0,58.96,0.05,0.05957,50000
5980,373,8,8,0,30,58,25,18,0,74.04,0.05,0.05967,50000
5981,117,7,7,0,9,40,16,0,0,46.46,0.05,0.05987,50000
5982,75,2,2,0,3,21,10,0,0,18.7,0.05,0.05936,50000
5983,290,9,9,0,28,57,24,11,0,82.25,0.05,0.06002,50000
5984,62,2,2,0,6,26,9,0,0,19.01,0.05,0.06007,50000
5985,19,0,0,0,5,9,3,0,0,-2.23,0.05,0.06012,50000
5986,35,0,0,0,4,10,5,0,0,2.75,0.05,0.06012,50000
5987,280,8,10,0,21,61,27,1,0,84.6,0.05,0.06007,50000
5988,181,2,2,0,98,25,11,0,0,16.23,0.05,0.05989,50000
5989,401,7,7,0,119,58,27,8,0,77.43,0.05,0.06059,50000
5990,332,3,3,0,15,45,19,0,0,43.41,0.05,0.06109,50000
5991,150,4,4,0,14,28,15,2,0,32.15,0.05,0.06132,50000
5992,28,2,2,0,2,8,4,0,0,3.34,0.05,0.06128,50000
5993,5,0,0,0,1,2,0,0,1,-13.35,0.05,0.06129,50000
5994,365,9,9,0,26,46,23,25,0,79.65,0.05,0.0618,50000
5995,401,8,8,0,22,57,27,2,0,79.58,0.05,0.06173,50000
5996,313,8,8,0,17,46,26,12,0,68.89,0.05,0.06165,50000
5997,401,6,6,0,34,46,25,12,0,70.63,0.05,0.06205,50000
5998,21,0,0,0,0,9,3,0,0,-0.47,0.05,0.06205,50000
5999,166,5,5,0,11,57,22,0,0,60.03,0.05,0.06228,50000
6000,243,8,10,0,14,51,22,5,0,73.69,0.05,0.06222,50000
